# base	exp	result	expected
7.5777974401248738	4.2175285292223332	5122.6851230264947	5122.6851230264947
5.1507875357175603	4.0372255523820897	748.15991131173212	748.15991131173212
2.0183103280101693	4.2854200384150563	20.276894453064035	20.276894453064035
7.4794661085146252	1.5673087102292911	23.422055235200393	23.422055235200393
5.295989137814229	3.7565887696540186	524.28990051887843	524.28990051887843
2.7341642044712304	3.9530718438149322	53.308811504578102	53.308811504578102
6.3567449457034737	4.3532227414750322	3138.050576571638	3138.050576571638
2.3089956029964305	2.8017812965923197	10.428745299482927	10.428745299482927
4.0808356376987334	3.3898243100601624	117.57964846049849	117.57964846049849
4.5688715775363553	0.060524053839149924	1.0963123651339337	1.0963123651339337
8.5593326195732704	2.5349988309787213	231.06494614226872	231.06494614226872
6.7105768205030136	4.373459840767949	4128.5829278858791	4128.5829278858791
9.4406054888828272	3.2207626199725317	1381.1570652825662	1381.1570652825662
2.7349412002960967	4.7611922112982423	120.33539399857078	120.33539399857078
2.6216126463305085	1.222811207845713	3.2496028100999133	3.2496028100999133
3.7399108339922083	0.14754445687271578	1.2148495627146791	1.2148495627146791
7.7460186102308173	1.9482062339977659	53.964523479198611	53.964523479198611
3.0907644971737289	4.0200718134556261	93.346958392860856	93.346958392860856
2.0493370958863686	3.5414520519330939	12.692989477938003	12.692989477938003
7.2033774427058308	3.7031638834031364	1498.2937888801121	1498.2937888801121
6.9963495253309835	0.0047921148939098698	1.0093661153751869	1.0093661153751869
5.739662114536312	3.8339121402348972	811.90179516401702	811.90179516401702
7.1409565023407815	0.24744269185363907	1.6265064084736982	1.6265064084736982
4.9114174553928667	3.7070845868687643	365.05832579595653	365.05832579595653
8.7714438052366468	3.460191713178177	1833.1869400803541	1833.1869400803541
1.7503508108088415	1.6948629138107774	2.5826390629466274	2.5826390629466274
1.1928957785884051	0.55709117780608408	1.1032516303326005	1.1032516303326005
5.3817274199703888	3.8740607704688235	678.63315559854402	678.63315559854402
5.5600460428899501	4.0148169478589173	980.28721740602668	980.28721740602668
4.3190619342301755	2.2830560559748809	28.224723108903714	28.224723108903714
6.6971543774130291	4.5937118136953288	6221.5998307403352	6221.5998307403352
9.2706973346561448	1.1739236030452103	13.655766315149357	13.655766315149357
4.459428394358059	0.98155960112240126	4.3381666110717054	4.3381666110717054
2.2215816806147846	4.1585698414977976	27.645173872692421	27.645173872692421
7.3260497814695711	4.0707438730069425	3316.3755575411537	3316.3755575411537
3.8956367611688774	0.81506495351051933	3.029422183521588	3.029422183521588
3.4326832459228078	2.9056198065928869	36.003769775607417	36.003769775607417
1.4117743932343496	3.6289095587776101	3.4953021988296977	3.4953021988296977
5.6885528304850217	3.969173354976967	992.5057028458325	992.5057028458325
0.053866942877510558	4.2724746493683297	3.7984534707570358e-06	3.7984534707570358e-06
5.1401765815211773	4.8196327792814788	2670.8719093171253	2670.8719093171253
4.4755273364074464	0.25214601264349878	1.4591763209397282	1.4591763209397282
6.8845443050280366	0.34204251694434917	1.9345900153754998	1.9345900153754998
9.0782681606575206	2.4464946657980722	220.67302415006873	220.67302415006873
8.0304071562644328	0.72133984846991062	4.4938984913051581	4.4938984913051581
3.5570108644694893	4.9399053358886826	527.60472829006915	527.60472829006915
4.9351611017155959	3.2156558004689453	169.59711365046471	169.59711365046471
0.47551532866427682	3.1342944386649343	0.097305761278653549	0.097305761278653549
1.9649789129888671	3.3703005522119431	9.7432595673640563	9.7432595673640563
5.6254424925371556	4.0741751484335049	1138.334088042812	1138.334088042812
3.3687710993892548	3.7096932472880479	90.522694236474223	90.522694236474223
1.7356191544436101	2.1421542955239086	3.2579794844522207	3.2579794844522207
4.5280294211253898	0.5902522271683327	2.4386635652070749	2.4386635652070749
1.3460012326749844	2.9645763066495108	2.4130432506102397	2.4130432506102397
3.2179831507921088	0.92238259109755871	2.9389109643308426	2.9389109643308426
4.3397805172017518	2.8644813192861909	66.990698594420124	66.990698594420124
4.5313209712721685	3.9742118218929479	405.48655774562206	405.48655774562206
5.5735193564305607	0.0070497812953583591	1.0121853562714711	1.0121853562714711
7.6224910968362884	0.072542547806591307	1.1587494964073859	1.1587494964073859
8.1774357254036669	1.9700581420762109	62.792652036254772	62.792652036254772
2.3608434556691189	4.0657183198291458	32.868971223046692	32.868971223046692
8.4660014618301478	1.878062694215856	55.238017201141446	55.238017201141446
7.9374149863673393	3.0328720120707517	535.31760004815271	535.31760004815271
0.19080292628475931	1.2331178595364913	0.12968106049113026	0.12968106049113026
5.7818395375267055	2.1941989377818736	47.002881560952737	47.002881560952737
4.1596727307337735	0.23264598247394716	1.3932261817912657	1.3932261817912657
4.4129666483312553	4.3659249553422406	652.89841366470318	652.89841366470318
0.72726855105939547	4.2081691196558442	0.26181128475607213	0.26181128475607213
8.6577123613558875	1.1551423493561819	12.101357202041561	12.101357202041561
4.3385214531248399	3.1434272741384284	100.79463991078404	100.79463991078404
4.6793932733436812	2.021787921648678	22.645459123504359	22.645459123504359
8.5155098965436498	4.9493297282020388	40171.612350982963	40171.612350982963
8.717891725153418	3.5605045258906634	2230.1768231380606	2230.1768231380606
6.611198867273659	1.9787369581188698	41.987381339518173	41.987381339518173
8.9883288731755311	1.6231222685355118	35.313238527064485	35.313238527064485
2.5359504121223182	2.5460788611643586	10.689914671657426	10.689914671657426
7.139808736052613	2.5165767562103278	140.72387939396634	140.72387939396634
7.8466869310377731	1.9780896566461117	58.853157262728899	58.853157262728899
0.94851227251236825	2.9958757024041387	0.85353934461915237	0.85353934461915237
6.2357126804787555	1.6446317369790022	20.290600545741373	20.290600545741373
4.6853400982292328	1.095351128478578	5.4287150151445562	5.4287150151445562
0.76705038899905165	0.17811171295396411	0.95386252464921151	0.95386252464921151
7.8501577015892394	0.53420436853047693	3.006408153811015	3.006408153811015
5.9792941259481003	2.7583702789311366	138.76759092416842	138.76759092416842
1.1367194915248886	2.9347242714159965	1.4565557459081502	1.4565557459081502
3.3257742222118964	4.3271395750740869	181.26035569847099	181.26035569847099
2.1409783257872514	3.1351229068086388	10.877024411937912	10.877024411937912
9.6025284841150338	4.0846768571478576	10297.40376289396	10297.40376289396
6.8336536377202641	4.9401513384124094	13283.482616942245	13283.482616942245
0.61022631007714012	4.4782379395426339	0.10949072647871928	0.10949072647871928
2.6562107815583418	3.4569607551794141	29.285924199824102	29.285924199824102
4.3231781196950152	2.3779322989495375	32.501005484421583	32.501005484421583
0.81630461334448023	0.0080577561109542797	0.99836587247406838	0.99836587247406838
0.26894279025585111	0.69318282779720963	0.40239265153070769	0.40239265153070769
2.2076802932433868	1.5128637122881325	3.3138173505984136	3.3138173505984136
0.32074513323236065	1.5867731098932056	0.16458417962690947	0.16458417962690947
5.1057235050264085	1.686776402194414	15.643514611010717	15.643514611010717
2.1634629014750559	2.3162324765348865	5.9742589959125851	5.9742589959125851
9.4675569249743514	1.0917660423106943	11.636527917888039	11.636527917888039
4.9055271436503052	0.88609818688371267	4.0927510776394449	4.0927510776394449
4.7095707812930669	1.5714984814837152	11.417976258744631	11.417976258744631
9.2727196965827758	3.3414929587973679	1705.751730339965	1705.751730339965
9.8662128867990901	1.64305104257884	42.997181304533747	42.997181304533747
7.6000581037662052	4.7728456767704195	15995.697891946418	15995.697891946418
9.3191538689088418	2.4835862099631334	255.58188216696018	255.58188216696018
3.7683745721053064	4.9109888680858136	675.28359255730948	675.28359255730948
8.9523338130502843	4.709098365643289	30392.15689337271	30392.15689337271
3.8617368145279576	1.127599168238461	4.588340647431262	4.588340647431262
6.6514740719989582	0.35357107279682271	1.9541593080175677	1.9541593080175677
4.256783299246254	3.1400558724519616	94.482459573764544	94.482459573764544
4.7778995073965849	0.66886602749602686	2.8465483265227078	2.8465483265227078
1.2735198418269387	0.076803593046199006	1.0187434190313283	1.0187434190313283
1.5265510069425303	4.4203654789574962	6.4874074798137666	6.4874074798137666
8.822739821686655	3.0711000330743321	801.75717470673919	801.75717470673919
4.0562190781422682	0.48632474068251136	1.9758068365218071	1.9758068365218071
3.4404570163453005	0.3939530195833042	1.627052427861706	1.627052427861706
8.2370443296313702	3.651554539048087	2207.9499485965971	2207.9499485965971
9.3240981158269456	2.4951182980312012	262.59336929945908	262.59336929945908
4.6904561723314657	3.9376750701620118	439.56883739359364	439.56883739359364
9.0447453441842214	0.53687830788012025	3.2618835359737379	3.2618835359737379
3.9023806729021309	4.6368089779091566	551.92815244673375	551.92815244673375
8.4708226267700741	1.0170788871851397	8.785642443314309	8.785642443314309
9.2417443366575807	3.930977751029483	6256.8722893861377	6256.8722893861377
8.6427328941400052	3.2504889781389767	1108.0874812016407	1108.0874812016407
1.5526828323227582	1.4711319393542501	1.9103279867620522	1.9103279867620522
7.0050141373302885	4.5240676687208019	6678.6332699732811	6678.6332699732811
3.5331371209463365	2.3445162681729927	19.282848660404802	19.282848660404802
5.902256066749799	0.10975738760057403	1.2151361092831792	1.2151361092831792
5.026935156220576	4.2544904862325108	963.13717558213227	963.13717558213227
0.32823935975736768	4.1635084568840526	0.0096751054755859246	0.0096751054755859246
5.283158231910158	2.6726203847057288	85.51065237163273	85.51065237163273
1.8494175060918181	2.3194698491657699	4.1627425113271794	4.1627425113271794
6.3923756052491409	0.96237979341601787	5.9614664456449642	5.9614664456449642
5.2533315821923212	2.5995311779036125	74.609264680137954	74.609264680137954
0.92063494358419407	0.092221541266758716	0.99240304863577788	0.99240304863577788
0.27064782441093382	3.2566841663694523	0.014174927743931436	0.014174927743931436
7.1114123325333845	3.2687114691297481	609.25330331627299	609.25330331627299
9.1984891191452061	1.8061130324882437	55.027645196791262	55.027645196791262
4.3783349347865244	3.8172801001567143	280.57954860120469	280.57954860120469
8.2048653903345219	1.6316753808005644	31.007581808672686	31.007581808672686
7.1093803878048973	4.5705327762297339	7822.1284150301453	7822.1284150301453
8.1061495799200909	0.91149908238816535	6.735714736760718	6.735714736760718
7.554746535966772	3.2212868933162908	674.52530586733872	674.52530586733872
8.4597243422431756	2.1905213471764227	107.49631545274644	107.49631545274644
7.9514436003846622	3.4743021338221731	1344.0684895433249	1344.0684895433249
5.254018682442636	4.2000264351895966	1061.9004866116677	1061.9004866116677
8.341032051071755	1.6379626743004285	32.279264524271987	32.279264524271987
0.079301319212353782	1.093175824987547	0.062620993907939654	0.062620993907939654
7.6156691110024326	4.8478008522391631	18808.108243423121	18808.108243423121
6.5593597817521676	3.6740333162203429	1002.7119524776734	1002.7119524776734
1.8618425486388723	0.081373747918040085	1.0518801742648125	1.0518801742648125
4.5075352294396636	4.3643825917194254	714.56304778060064	714.56304778060064
6.245385725807032	1.8737890568026707	30.953534511808851	30.953534511808851
7.9366742014140046	1.8995315792342908	51.155441979720031	51.155441979720031
5.2940445734668975	1.6073790694434955	14.568036757598934	14.568036757598934
7.9086309647219197	3.4549956495851735	1267.4654268607276	1267.4654268607276
1.8173774178728355	2.9236958674412712	5.7350689906797472	5.7350689906797472
3.6750864912632157	4.5007376598139075	350.04269201020816	350.04269201020816
8.9783006253894033	3.8758754952986529	4948.3660799326117	4948.3660799326117
4.0620113143805794	3.4068139324383191	118.54077403112956	118.54077403112956
3.2997008920713853	3.8980806460364241	104.96770526952527	104.96770526952527
3.8566763809831861	0.26926080010991416	1.4382826274039648	1.4382826274039648
3.7894701156662429	0.25746354244875025	1.4091683058049844	1.4091683058049844
4.0549450051770304	1.7555401775842032	11.677289293960232	11.677289293960232
5.6455907585063354	0.68588113539514717	3.2778063504859216	3.2778063504859216
3.0025635713277743	1.0858023498108449	3.2996066100282588	3.2996066100282588
5.0191234129697824	0.80735342062860427	3.6783606758795027	3.6783606758795027
8.5770053992084136	3.7174739872105125	2948.8394272493215	2948.8394272493215
4.3764645485389231	4.6125133337045785	906.12956233834711	906.12956233834711
7.4721176706334624	2.2439503826872587	91.193593720161175	91.193593720161175
1.7842213067406789	2.1397667265160134	3.45176807168763	3.45176807168763
2.4981453637734701	2.8976765794584374	14.196049782613795	14.196049782613795
2.1411617389359323	1.1841730042199177	2.4634637798654277	2.4634637798654277
2.6710815470265166	4.9556333959941226	130.16825282402704	130.16825282402704
3.3616802233263252	0.66345680237083626	2.2353597404921475	2.2353597404921475
3.7917401972739331	1.3559101230558868	6.0933072875111112	6.0933072875111112
4.6157724243522162	3.3939816302148671	179.65249445762345	179.65249445762345
1.8991282550013489	2.4288165168557159	4.7485090826813394	4.7485090826813394
0.7523706626723391	0.63109426727222517	0.83563544022932801	0.83563544022932801
5.0462505727616804	0.75403107095667787	3.3889122676587382	3.3889122676587382
6.8441684176219439	2.4916104177715752	120.58512227999208	120.58512227999208
6.7919692005216739	0.83505616392879656	4.951800555375625	4.951800555375625
8.2365745771315684	4.6885356514462337	19656.706183310431	19656.706183310431
5.8611057787118526	0.94861818283889554	5.3520402897395032	5.3520402897395032
7.6308935846447676	2.4433830944842811	143.37380302621509	143.37380302621509
6.7362281663469679	0.2799649490987477	1.7057982485360963	1.7057982485360963
4.3531616001526849	0.42885123854223339	1.8791100928345188	1.8791100928345188
7.4696715886812184	2.1547178233119464	76.158489976728703	76.158489976728703
3.8549046643081541	1.8119269477224931	11.529591217706455	11.529591217706455
9.2653053113365118	1.7292921495948335	46.987566045527728	46.987566045527728
0.99070036417304674	3.2963488327063728	0.96967116214009996	0.96967116214009996
0.40204960943856194	3.9044637875459411	0.028505207203054935	0.028505207203054935
0.55587290607747597	2.56637105681637	0.22157079764171844	0.22157079764171844
8.3368319215246416	3.7670978007153177	2947.8203597059428	2947.8203597059428
6.754991952398238	2.2926551137623536	79.807484578961635	79.807484578961635
1.5316718429705678	4.1320892561267923	5.8226584838606783	5.8226584838606783
4.1253158121353648	1.2596821006193615	5.9604688181270813	5.9604688181270813
4.376818058482483	2.9078185150202813	73.176652547660993	73.176652547660993
6.3325953691729655	1.0430619249766404	6.8564512378738627	6.8564512378738627
5.3189996881920916	2.969254704473792	142.94666837583713	142.94666837583713
4.2569220395689404	1.249729951672633	6.1122306536547857	6.1122306536547857
3.0930831456712475	2.4643785923985364	16.1625747844597	16.1625747844597
5.690043801873931	2.225922566335913	47.954445722807513	47.954445722807513
6.9860517753751372	3.1462968209937285	453.11018928189736	453.11018928189736
4.5108770855617744	3.8528736797156848	331.7301622691981	331.7301622691981
2.562110809801958	1.7880828759698251	5.3778281967102037	5.3778281967102037
8.2596592465524736	4.8051182788590205	25474.841804025837	25474.841804025837
3.0776470719729421	2.0597103551860538	10.129531294155363	10.129531294155363
0.33292416712925654	4.0362460901398913	0.011805059307887868	0.011805059307887868
8.9695826546923314	3.262529512534893	1283.6527025083756	1283.6527025083756
6.8158225137884889	2.2742558438723899	78.638243213444383	78.638243213444383
4.9419533107586266	3.360198631850821	214.60372416640669	214.60372416640669
8.3492588040775253	3.3538126141866242	1233.2025970677439	1233.2025970677439
7.1742832260672866	0.51790266792002293	2.7746613042428767	2.7746613042428767
3.7233672506294662	4.2356357914353877	261.98499902173336	261.98499902173336
1.6111946617763893	2.1795779546876952	2.8281031487391308	2.8281031487391308
0.63731013782719126	3.2415777164090738	0.23216032357989289	0.23216032357989289
7.2435451510585818	0.53665403298379899	2.8939849240962388	2.8939849240962388
5.2754034551145166	3.6206124962730235	412.10505192725719	412.10505192725719
0.53590543384857181	1.1311378222345327	0.49381169593869439	0.49381169593869439
9.9678949954880878	1.0349615379439139	10.802298324644273	10.802298324644273
2.966113604661885	4.2686174679648072	103.65470250575893	103.65470250575893
2.5619299153920938	2.5778224554502054	11.303522901627504	11.303522901627504
7.9871652401404925	0.32961622756508163	1.9835505256248058	1.9835505256248058
7.1499868237592734	0.59579868084313159	3.2284490422553787	3.2284490422553787
7.3493853683596191	0.76638652806236163	4.6119343010516562	4.6119343010516562
7.0093773803787869	4.5514085812581984	7063.7069374825824	7063.7069374825824
8.1322758638496229	2.5797367895482815	222.89875710649747	222.89875710649747
8.2070008951827269	0.96314106925514997	7.594315197824157	7.594315197824157
6.8583000155887568	2.18317486975769	66.927839139497962	66.927839139497962
6.6893012745502025	3.4468225213315966	699.74689391699769	699.74689391699769
4.421702533174539	1.3375779443144717	7.3034205003120523	7.3034205003120523
4.4245963872757406	4.7564165323467584	1180.4406487394187	1180.4406487394187
9.9222205106398036	3.2244503774308515	1634.9928645185075	1634.9928645185075
2.8362558184524795	4.3058908984170854	89.016865248803754	89.016865248803754
2.5952189322365764	4.4509101500306354	69.735073627161213	69.735073627161213
7.5095684237418485	0.1186210540727918	1.2701832218420994	1.2701832218420994
4.4986794942038308	4.1496840669165076	512.97551912631138	512.97551912631138
7.6530590208163556	4.9181893418608	22226.351849207618	22226.351849207618
7.5555128671819158	4.8653500059122043	18752.600948256357	18752.600948256357
0.78366407814261241	2.4779213479183833	0.54659080049979381	0.54659080049979381
6.6178353374396863	0.75861683275280656	4.1938118247953424	4.1938118247953424
6.4394888255470928	1.6893555762513792	23.250784592903738	23.250784592903738
3.2757027056583454	1.9067859211128133	9.6067242832764723	9.6067242832764723
9.7782896937445987	4.8262675790015557	60155.276470805285	60155.276470805285
7.3573225053655031	0.46229699488311377	2.5158338489409999	2.5158338489409999
8.0328841488677263	2.2537219142452609	109.47847448713652	109.47847448713652
7.9788392739295126	3.3894565619122501	1140.4742688771207	1140.4742688771207
2.5309878849629515	0.12216354982898397	1.120127207221127	1.120127207221127
3.3507112406847179	3.7118039531896874	88.962218004924736	88.962218004924736
6.7206066992732065	3.7589820440156139	1288.8833735801622	1288.8833735801622
4.5160579063205173	4.2444442943405365	601.29865473634186	601.29865473634186
0.88488346437342169	3.1554295300787967	0.6798338220622907	0.6798338220622907
1.4238014836110868	1.0574161595626543	1.4529809447340511	1.4529809447340511
5.5374046191654838	0.18659445673499675	1.3762484014024281	1.3762484014024281
3.7120144640200299	1.8164053433784499	10.830338476877536	10.830338476877536
2.8872926910069125	1.5633835652204187	5.2471534682111614	5.2471534682111614
6.2354343341066221	0.97568643369903607	5.9640416203959079	5.9640416203959079
5.7572338611268483	4.3971187809645613	2201.6622187482521	2201.6622187482521
3.2376698679774645	0.1256088999040299	1.1590168530039893	1.1590168530039893
6.8990253233369341	4.7635646452448208	9899.6449430760331	9899.6449430760331
7.754730463728265	0.69711268696906181	4.1699249399823932	4.1699249399823932
0.28222133366614621	1.3139840406416656	0.18970720161531093	0.18970720161531093
6.0894425041480416	2.9729816155205619	215.04759270677181	215.04759270677181
4.3570058028076009	0.35528034038578099	1.6869063745491228	1.6869063745491228
1.4979474486350439	0.79671068198703043	1.379812255485189	1.379812255485189
4.9176060550690694	2.8104696597788519	87.933201194252291	87.933201194252291
3.7595748313106254	0.10299876443817467	1.1461423999094318	1.1461423999094318
6.2737276545207088	4.2855636018804191	2617.2604828995454	2617.2604828995454
2.6470097261740726	3.4191625733657274	27.891374052054111	27.891374052054111
0.59471677108236176	2.0733595132338896	0.34045826117792499	0.34045826117792499
4.0392416833199931	1.7442222345099103	11.416202423345807	11.416202423345807
7.5405480445091833	2.3003205970885858	104.30568727902192	104.30568727902192
9.411393573149029	4.7332689331897946	40603.72936640933	40603.72936640933
4.4968720993446878	4.6924001644890954	1158.0238503154769	1158.0238503154769
5.6370518667720901	1.8777503874045218	25.721023239693256	25.721023239693256
8.6482927172688093	2.6704778148028474	317.72529794787414	317.72529794787414
5.9969538090970964	0.88563317809408504	4.8860875162617265	4.8860875162617265
8.8899268870236838	1.5467883789007009	29.359232072374006	29.359232072374006
0.68590387159933819	1.6409920383683798	0.53865327394002094	0.53865327394002094
7.5485973878452004	1.9908340882708189	55.935313978837286	55.935313978837286
2.7243951663872821	3.7253278225752617	41.833463065601727	41.833463065601727
6.3124185091589062	4.8305087600704102	7334.1999740129577	7334.1999740129577
0.38206138247518173	4.5617555400933938	0.012410622031761289	0.012410622031761289
6.9254727496761861	4.0766443777658452	2668.1695417013157	2668.1695417013157
9.6495852578525305	0.87305910636577233	7.2365945390245043	7.2365945390245043
3.5983735293590842	1.5490385782969494	7.2682528042411052	7.2682528042411052
3.1904992681623412	4.8606367060802205	281.23789951651037	281.23789951651037
9.0955771869992414	2.0334933573946188	89.078925986058735	89.078925986058735
2.0330752649257597	2.2548785243505005	4.9527751448727253	4.9527751448727253
5.8134820091836357	0.70576692152918263	3.4634895155660588	3.4634895155660588
7.0190982542164635	1.6056059884316305	22.845168104148758	22.845168104148758
4.1749425245216276	2.4998325413089604	35.605928815449417	35.605928815449417
4.79562174352181	4.0671711311361589	587.64197000448041	587.64197000448041
2.4622394068167393	3.6268081440925881	26.259100063172237	26.259100063172237
8.0457048174409778	2.9388963879480183	458.52080685562373	458.52080685562373
1.1768602311850895	3.8607424844774645	1.8752128788653024	1.8752128788653024
7.0171646858006129	3.5457192725334568	1000.5798157767986	1000.5798157767986
1.0130237482251117	3.280566372926609	1.0433633038435992	1.0433633038435992
1.0693084407918805	4.5026083059767039	1.3521951911975341	1.3521951911975341
7.2261217433059937	3.5218763469918835	1059.1517041283148	1059.1517041283148
3.8286203352450645	1.1472798285233174	4.6656555373624187	4.6656555373624187
9.694277057026893	3.2620214628710165	1652.0930256536321	1652.0930256536321
5.1501445713986982	3.6771245909459993	414.42762328653305	414.42762328653305
3.3521674294956156	3.039571130756701	39.515259487417453	39.515259487417453
5.378034003954058	0.24935594921932036	1.5211965342799965	1.5211965342799965
3.4403108577758372	3.4791353569236252	73.603078965472747	73.603078965472747
8.750954216815888	2.175754499754226	112.11953838855783	112.11953838855783
1.3673172469389949	3.8956204388567657	3.3829469742881475	3.3829469742881475
9.7818830347188683	0.10686769176490933	1.2759808683504013	1.2759808683504013
6.7338639946900933	0.75690081378831375	4.2355903817675458	4.2355903817675458
5.4590556537471997	4.2463074844715978	1349.0487690085611	1349.0487690085611
8.9702768605681573	1.9986531283961708	80.228447393775809	80.228447393775809
0.18833390067778222	2.2987654659936974	0.021539255038394531	0.021539255038394531
9.9406675279571743	2.8024047891041937	623.96770264037264	623.96770264037264
5.0918842267093325	3.8501920197288513	526.76636780967533	526.76636780967533
9.5447399118363272	3.2616903545177776	1569.2318355677692	1569.2318355677692
1.356224442157814	4.0400663647575596	3.4247455738484209	3.4247455738484209
1.4069319226428481	3.5953248332407695	3.4126354660508267	3.4126354660508267
3.8370348596921717	4.9284389240401074	755.41805437038227	755.41805437038227
6.8515653321627932	2.4941109939682895	121.49335829351007	121.49335829351007
1.7659939541034886	4.888189716279836	16.118704303024177	16.118704303024177
5.5918978220533333	4.8774779995665325	4427.9599474494507	4427.9599474494507
6.0576772865814954	4.1443289217577499	1746.3606364612272	1746.3606364612272
1.8199731851301992	1.1382455355813355	1.9770507291213519	1.9770507291213519
4.3353653211720182	4.6567258207055442	925.66538256956517	925.66538256956517
1.1084399670915119	2.8344927947385221	1.3388636260695685	1.3388636260695685
7.994424627054709	1.433000989044616	19.665046064724613	19.665046064724613
3.5361176324362882	4.0247705817593147	161.32220179867278	161.32220179867278
7.8942393244020037	0.058672743645283437	1.1288796820290137	1.1288796820290137
4.2358856372057794	0.70087274996844695	2.7504776731750917	2.7504776731750917
0.75104053487813971	1.7009545574067695	0.61448184321084798	0.61448184321084798
3.4106635718445188	0.26119524400812627	1.3777644733906349	1.3777644733906349
2.4317902693359037	0.22180857731585732	1.2178722160824262	1.2178722160824262
5.6015469558339683	0.14769858080120196	1.2898049126997291	1.2898049126997291
4.9982354290931834	4.5886843647785707	1609.3455541884841	1609.3455541884841
2.4061030311675768	3.0446624667918494	14.486821012736295	14.486821012736295
8.1250835783792148	0.48053673636026906	2.7365645672097645	2.7365645672097645
4.1466779220254182	0.98092369104186294	4.0356813014167425	4.0356813014167425
4.2830556026139064	1.6936689850101514	11.748479649111616	11.748479649111616
7.2756157655000484	2.9269770739822971	333.1754666576785	333.1754666576785
2.5991629773262881	0.87812429146925342	2.313531324180083	2.313531324180083
1.4749024480935473	3.2125338855549552	3.4846391255814719	3.4846391255814719
1.0433949580616244	0.82862578287559596	1.0358266881791973	1.0358266881791973
9.2896088333263798	0.75053182756414749	5.3273702123609361	5.3273702123609361
0.67160260019950591	2.8165303898420442	0.32587926864600192	0.32587926864600192
5.5164392013427408	0.013255965558893423	1.0228958202165501	1.0228958202165501
2.7701562452664028	2.8152741574297195	17.610464962052113	17.610464962052113
4.7880748731643017	0.097812475881993585	1.1655427971631767	1.1655427971631767
6.1345678782819713	0.45392998602167789	2.2782363103181869	2.2782363103181869
0.33350430990098517	1.3781252773777846	0.22017806692703421	0.22017806692703421
7.9940704138289176	2.9978664613471011	508.60171186070488	508.60171186070488
8.2674119980708518	3.2170805073545177	893.82355691829014	893.82355691829014
2.4393604800440465	0.77559829238651767	1.9969656359032912	1.9969656359032912
0.79693154065225991	2.6699807338095112	0.54550157726183157	0.54550157726183157
1.5964876104263805	1.639477282394177	2.1532046446243656	2.1532046446243656
3.2872793245699001	0.97644286207418252	3.1964021710420196	3.1964021710420196
3.3533665963249244	0.26691823505602741	1.3812124047747432	1.3812124047747432
9.9445510174069529	0.42589228314608513	2.6598909387690148	2.6598909387690148
4.4721997814548251	2.680318048267579	55.411984307392686	55.411984307392686
1.1293024327178947	3.7093665554801198	1.5699745990133349	1.5699745990133349
3.8175412434396132	3.1323823118320737	66.43073986347936	66.43073986347936
8.6142274342854392	2.7964560045408575	412.37405418469319	412.37405418469319
6.2802793663205403	1.7354732676075892	24.258903018340344	24.258903018340344
4.34654193917945	1.6187390372007711	10.789179061678352	10.789179061678352
0.71970133784028367	4.4833029991146391	0.22886033165432412	0.22886033165432412
2.4856220259041755	1.8011520148594375	5.1551191402198535	5.1551191402198535
5.4668347284687657	1.0500031555731124	5.9514812521067189	5.9514812521067189
0.74990164069342991	1.8218026192900152	0.59194657657626193	0.59194657657626193
1.1467565446945103	2.371425921208123	1.383667085741713	1.383667085741713
3.9311174336623305	3.6309810695484708	144.10412261499351	144.10412261499351
6.7965830276602004	0.47225669137361626	2.4720361511473157	2.4720361511473157
9.0050337045267259	4.4662006512223789	18319.898323032827	18319.898323032827
4.6866523022039539	3.4732309078352297	213.82633178597354	213.82633178597354
3.0349523864665384	4.5844396629163491	162.32903681648639	162.32903681648639
5.9053786978963601	4.8238403381370274	5252.6204741529018	5252.6204741529018
9.6895590400777749	4.4783891864224934	26124.815236549312	26124.815236549312
5.5694196976491313	1.6870406579808985	18.122232705671578	18.122232705671578
8.8909556424262384	4.9522639352310724	50054.502968362569	50054.502968362569
2.0685896846167915	0.0087004744625063576	1.0063441275895209	1.0063441275895209
5.6554927395694072	1.8641163086699872	25.275074019048322	25.275074019048322
8.7777730469551489	4.2448399673775929	10104.517585974601	10104.517585974601
5.5010630242569523	1.3258298295002064	9.5875185385386263	9.5875185385386263
2.1004826463365838	3.102726971286196	10.001569525531616	10.001569525531616
3.5344136860566118	3.2313313188693544	59.128263324115409	59.128263324115409
5.1385570072444251	0.76545321023502255	3.500383777204906	3.500383777204906
1.595747173050253	1.880387136088604	2.4079698903391398	2.4079698903391398
1.8460767887322704	1.5355621430288313	2.56355745177523	2.56355745177523
8.2933037206329079	1.7649744202276967	41.83412225338639	41.83412225338639
8.1336883012100394	4.6990502049615301	18944.658573579502	18944.658573579502
0.016017631056657839	1.6474922450784781	0.0011017665921512888	0.0011017665921512888
3.7254767432753253	0.79728041329741994	2.8535934975149511	2.8535934975149511
5.9118293592634341	3.3907082333050216	413.69832845350987	413.69832845350987
5.9516568479528198	0.16961686357361463	1.3532924165812725	1.3532924165812725
4.577506668838403	4.2369520730738861	629.58351860832738	629.58351860832738
1.6151458610887948	2.335230202580064	3.0635316001819444	3.0635316001819444
4.4024730274266313	2.2509285536707981	28.113524210971317	28.113524210971317
2.33944370556239	2.4928090427608534	8.3200746891276918	8.3200746891276918
3.0998549140789704	0.34569798739488433	1.4786170912823311	1.4786170912823311
2.2208019318460814	0.85771968774851104	1.9824776516432849	1.9824776516432849
8.8927506724006058	1.234514648560264	14.845642134150022	14.845642134150022
3.0373614076272504	3.7390243848681557	63.689240364826041	63.689240364826041
4.333024089220733	1.4342221251055112	8.1903015084720021	8.1903015084720021
3.8820129137044019	3.3430721462403881	93.166540247036068	93.166540247036068
5.9189450137010455	0.98121877891256903	5.7245402646706651	5.7245402646706651
9.5820077346895989	4.507619050695884	26548.017415051301	26548.017415051301
3.4149324753393073	0.84099604811646023	2.809132702399582	2.809132702399582
3.0133615010353743	3.1953707993645137	33.942695567418959	33.942695567418959
6.869653457011391	2.0756685901944403	54.600841678891925	54.600841678891925
2.1353958334451479	4.3032388684449066	26.171235079588076	26.171235079588076
4.4235301727883822	0.44560926615536123	1.9398164928029404	1.9398164928029404
9.9414438320534959	2.765309938602373	573.13497767695287	573.13497767695287
4.3364035686216296	4.6398583664254076	904.04809890209776	904.04809890209776
4.593892181947556	3.0309565438330703	101.63451600127395	101.63451600127395
8.6233586693883417	3.0510683883404681	715.83485054504251	715.83485054504251
0.21938906483347645	2.19272784789147	0.035930539161838367	0.035930539161838367
2.9552710516629324	3.774483304277414	59.739519642343787	59.739519642343787
6.2649650278735844	4.4805514768463075	3720.7889676396949	3720.7889676396949
2.5202522193608341	2.1236234904720348	7.1205890313416953	7.1205890313416953
5.4977484923980917	3.5324884285262756	411.80771783531685	411.80771783531685
8.6853996210227606	4.2800775739844727	10425.411185679306	10425.411185679306
6.9153122542624015	3.5320973739245822	925.33083786212865	925.33083786212865
9.6305515359379115	2.5544799022787164	325.62453323667381	325.62453323667381
1.2212396587642214	0.49018605588416364	1.102931626916642	1.102931626916642
2.344999130896618	0.24152462133294622	1.228566225881115	1.228566225881115
8.9591729729044705	1.0201671280696152	9.3642377306962672	9.3642377306962672
4.6725436946473184	1.3297889119414543	7.7689915507609646	7.7689915507609646
7.3438147627721362	2.2567258982387113	89.980407892727953	89.980407892727953
1.0312961355385473	4.3452039952794639	1.143282514268918	1.143282514268918
0.98377361239335948	4.7978122950388311	0.92451158198380323	0.92451158198380323
2.8124182835212475	3.9668256258070094	60.453535591812802	60.453535591812802
6.5706054058210137	0.12169208117715562	1.2574655653098941	1.2574655653098941
6.2081559817204006	2.2042180901078683	55.95804744216646	55.95804744216646
6.5029938761271788	2.3722012396470742	84.892336145171384	84.892336145171384
6.7966751873507603	1.7940371368307442	31.129407718478657	31.129407718478657
9.8760728250382677	2.4877611685395009	298.0493368345044	298.0493368345044
9.4201385219801832	0.79872073378038644	5.9979073469433324	5.9979073469433324
0.67067895715812642	1.021215346407903	0.66501911589429075	0.66501911589429075
5.8305379418700296	4.0274592472810369	1212.9985615863334	1212.9985615863334
5.6284343215652637	3.2754138473713197	286.96566992473117	286.96566992473117
0.52084787935721488	1.3025813045702375	0.42755591092123552	0.42755591092123552
4.0495425617342544	1.1894353970692524	5.2780093906040335	5.2780093906040335
0.070105417932305555	4.0533809859002838	2.0960006465332178e-05	2.0960006465332178e-05
0.013339245542204883	4.6923364572407573	1.59398815990657e-09	1.59398815990657e-09
9.6089737283327246	3.0720505554396347	1044.3196314176964	1044.3196314176964
2.551676878307819	1.7138527226081659	4.9801141389330557	4.9801141389330557
0.16775995587135512	2.7374806193010608	0.0075439579006895911	0.0075439579006895911
3.7689226778881082	3.8388868808405463	162.94189239433999	162.94189239433999
8.2852390708898831	0.61141407067513742	3.6430457514256664	3.6430457514256664
6.2660701551790989	4.5037573590103808	3885.7355045468976	3885.7355045468976
5.4457931302577176	4.1630182945950391	1159.4071936996395	1159.4071936996395
8.9415611260570831	2.7112584997139999	379.77601350357673	379.77601350357673
8.7858502133074108	2.0535590782637163	86.719303253488761	86.719303253488761
5.0117316042960125	3.0762101877001182	142.33431542011249	142.33431542011249
0.06855886592415357	1.6166305032148063	0.013132425702276766	0.013132425702276766
8.831423680843093	3.5085984256358698	2085.652236804046	2085.652236804046
7.5607381070161637	3.4702416289006148	1118.9998881690785	1118.9998881690785
4.4719425770882166	4.5765146572771833	948.43042498790476	948.43042498790476
5.7081062367598054	2.8414649892185868	141.10606058667997	141.10606058667997
9.5873041511228418	0.7600757655325614	5.5739583956619265	5.5739583956619265
7.1880490026118116	0.24989673148549074	1.6370588664231993	1.6370588664231993
2.1227229137065748	3.8271861728475716	17.827134785541841	17.827134785541841
0.51672542170010116	2.5149535813335229	0.19004733258092574	0.19004733258092574
3.7629948199064644	3.5863045220419822	115.88809548745699	115.88809548745699
3.7233105694313458	2.5852447242238346	29.922085911040337	29.922085911040337
1.5038909304823513	3.2876248565462385	3.8249066927630282	3.8249066927630282
8.7075345159361159	0.55118759158909947	3.296541703167712	3.296541703167712
9.3771850500783476	1.952787935539896	79.113650444173402	79.113650444173402
2.7012313144244322	3.6912430928084357	39.174135725163225	39.174135725163225
6.2993774125292745	0.27605690499168672	1.6620788747636623	1.6620788747636623
2.7872255479400971	3.6349156803866993	41.510990675448518	41.510990675448518
4.4305407550273985	4.0800058209884318	434.05748052833417	434.05748052833417
5.1615714237408596	4.9115513942312798	3168.5833634134824	3168.5833634134824
0.51193763945551751	0.802754665128948	0.5842149141022599	0.5842149141022599
8.7175002613661121	2.78723374654678	417.91911075398684	417.91911075398684
5.1925032953635286	1.9920312592167333	26.610492321815848	26.610492321815848
9.6789706544353749	3.5263508090928832	2994.8805288529384	2994.8805288529384
8.342385499041967	0.47971645233273852	2.7666746606346462	2.7666746606346462
7.4520181107732855	4.5872762121260591	10031.394723538555	10031.394723538555
1.0507006566544015	4.3108588564311372	1.2376360562081294	1.2376360562081294
8.9544219804736507	4.4870881684337913	18701.50066797961	18701.50066797961
9.2845213430862312	2.8075891573144087	521.28008347786306	521.28008347786306
2.7216308266659412	0.51876892032552846	1.681031620120224	1.681031620120224
5.4885309993755396	4.9886562042060021	4885.3127078294756	4885.3127078294756
0.97412886809736543	3.4745986195943224	0.91294918857982699	0.91294918857982699
1.251403127315426	4.8201557904986698	2.9476088440502703	2.9476088440502703
8.1865511125965611	2.0218481317334103	70.170004729875629	70.170004729875629
5.8675574952228846	3.5635239887042247	547.5404578889262	547.5404578889262
8.0817416477120858	3.4838227261255912	1450.7294066192724	1450.7294066192724
6.0478518877249403	1.2286890649308992	9.1273516326919601	9.1273516326919601
8.613363590777233	1.5206217272529914	26.42676777316774	26.42676777316774
4.5742258955332362	1.4230599068139815	8.7030507088311726	8.7030507088311726
7.6325298766975305	3.3418566827509122	890.74146306081911	890.74146306081911
7.5944786458568974	1.3968067414714627	16.977959520160436	16.977959520160436
4.7273585587205211	4.388505562398433	913.20279426206957	913.20279426206957
4.1127221182424378	3.813892837223908	219.8991715207365	219.8991715207365
6.9285564605544288	1.2621344505852263	11.508114877348655	11.508114877348655
7.4944269777254044	0.43593093029006763	2.4061657386609365	2.4061657386609365
4.0971098092249765	4.5035961492675511	573.26018366049425	573.26018366049425
8.7700439662451934	0.91826021797042079	7.3438028842525283	7.3438028842525283
6.5241208574766505	2.2219259429131051	64.536819332959155	64.536819332959155
0.79718297598351362	1.8211337845153233	0.66179575411627622	0.66179575411627622
3.2161162630583497	0.4534092122728472	1.6983566054031318	1.6983566054031318
4.3311530304996912	2.1799332800552222	24.420425030450794	24.420425030450794
0.23248726755748206	3.7195531831074535	0.0043983322000790423	0.0043983322000790423
8.3993761949020129	0.49556981068026673	2.8709718034362486	2.8709718034362486
5.3425535723183506	2.6736985016189712	88.263491948212717	88.263491948212717
5.7852614293770159	0.062358827361892265	1.1156746560983977	1.1156746560983977
6.8166282540366794	4.3796946996718047	4474.8698046599038	4474.8698046599038
1.3754297645160469	1.4127586471701437	1.5688451251051552	1.5688451251051552
5.9549790667786198	3.8620060727275236	983.08753450660288	983.08753450660288
3.1975330976748668	1.2594579556519885	4.323080564108321	4.323080564108321
2.5651465277795427	3.0629280514811934	17.909405375872282	17.909405375872282
7.012694174999532	2.3821394104875186	103.51797222474531	103.51797222474531
3.580195656522831	0.7360508917143822	2.5568400805911584	2.5568400805911584
1.8030613885952163	2.1303519722258977	3.5106901600834153	3.5106901600834153
0.52839531748673463	1.5133584620114184	0.38083565212319176	0.38083565212319176
4.702460607845059	1.8113424879899085	16.512435691984731	16.512435691984731
4.1308562121854653	3.7195470240166184	195.60954352123582	195.60954352123582
4.6976409367404637	2.1671840486752263	28.581645298271578	28.581645298271578
7.4521296146632086	0.11282593135525887	1.2543416656375328	1.2543416656375328
3.4407497841488315	0.63620427274631819	2.1949315932791871	2.1949315932791871
7.1405954325728169	1.7016175139650211	28.36151686481108	28.36151686481108
9.3232011325434936	4.0600589374662723	8639.5527560508581	8639.5527560508581
4.9683616162498803	0.13458518498715749	1.2407948494035077	1.2407948494035077
4.9646452765799927	2.0630653768049481	27.268603702310472	27.268603702310472
2.1090902795053035	2.3791957693598063	5.9031777110549752	5.9031777110549752
6.9349789493630301	4.5709936923155219	6988.9520768875436	6988.9520768875436
7.1974396695794685	4.2543160627388694	4433.087213089937	4433.087213089937
6.8150312487345079	2.0063237345040759	47.011740743278452	47.011740743278452
7.5229507621806926	3.1286116803904469	551.9229073441843	551.9229073441843
0.19952243561301158	4.4647735433702742	0.00074924116470836922	0.00074924116470836922
1.5604155152363519	4.1337337889284589	6.2922184461158182	6.2922184461158182
3.5452279098194217	4.2371420070497221	213.26537844690066	213.26537844690066
0.18515771508950768	4.6697874336567038	0.00037981836656491468	0.00037981836656491468
3.7977656190627225	1.0104666562917657	3.8511805589160906	3.8511805589160906
4.9253018506889354	1.9362441281451213	21.913868097315508	21.913868097315508
7.9410989162442958	0.61736056939005179	3.5937743374668676	3.5937743374668676
6.2321194230905661	4.1210490722083577	1882.4913530405415	1882.4913530405415
7.7681630650994782	3.1089024487544874	586.02055188732834	586.02055188732834
0.91474513253672163	2.6724275385167711	0.78809276555256547	0.78809276555256547
8.9001070773455044	2.0718186821743902	92.677599805376573	92.677599805376573
9.092902443860476	3.0416659190818827	824.2383492621484	824.2383492621484
0.14880720194365996	4.2918625807473338	0.00028120024418377287	0.00028120024418377287
8.2177322351641386	1.4436666779522944	20.921699551312113	20.921699551312113
0.75281708466885777	2.0318421548283276	0.5616327959107329	0.5616327959107329
1.1378456441395137	1.8091387458320058	1.2631722137133579	1.2631722137133579
8.9577464737610519	4.3828047492917523	14903.94629261814	14903.94629261814
1.8108270853813335	1.9715948323551369	3.2242516052637185	3.2242516052637185
5.6645290934638579	0.95517457709173859	5.2408644270416378	5.2408644270416378
3.9222114693649104	4.8077430643729988	713.74745765395016	713.74745765395016
1.7111387352396836	4.7198454355012958	12.62031494267182	12.62031494267182
1.4890995815889299	2.7679974444141244	3.0105959622276264	3.0105959622276264
0.78704505212683074	1.5387735627177976	0.69177828160565413	0.69177828160565413
2.6250977570627687	0.6521180351950977	1.8764298259827925	1.8764298259827925
5.1089722668402366	2.9074474218789876	114.66807975267459	114.66807975267459
9.6068274520318226	4.5676608211239946	30767.494091091885	30767.494091091885
2.8860578944222248	4.7303845803079998	150.45958437826673	150.45958437826673
7.8756093649652668	1.3106904633414975	14.953784226838872	14.953784226838872
4.4057510263814379	0.061910300656329083	1.096153737021113	1.096153737021113
9.3617571920775848	0.83796189734753612	6.5156908070501389	6.5156908070501389
3.9940222176142006	1.3309905110249078	6.3164292692637609	6.3164292692637609
5.9583214366009738	1.145947964815621	7.7312850965357942	7.7312850965357942
4.6268840201124544	1.8143650155996314	16.109289467068166	16.109289467068166
6.8830096501056248	0.61603990091493677	3.2817455819355099	3.2817455819355099
4.2581213494115735	1.6682987070664805	11.213046741414948	11.213046741414948
4.811189102862377	4.4977756528785067	1171.1657297491097	1171.1657297491097
2.403646472267682	3.1601322259618856	15.980907289357608	15.980907289357608
2.3187443012245899	3.9819487478773183	28.472012582682552	28.472012582682552
5.8396278603282781	4.8365958602734151	5089.7370926363965	5089.7370926363965
4.0173254831929288	0.021668993181051852	1.030591858201314	1.030591858201314
8.4859195662387741	3.9456512339632162	4616.5974157975961	4616.5974157975961
6.4649748204845094	0.70432536485330477	3.7230835617569875	3.7230835617569875
5.6528217401450114	3.8571496396020901	797.25966634682698	797.25966634682698
8.5460657716631907	1.9726438260411161	68.872032962232794	68.872032962232794
4.5639600193563421	4.1298006513671135	528.38481046967217	528.38481046967217
5.573932294779155	1.9176927137435442	26.971731925583835	26.971731925583835
7.4753318500072918	2.7227363965700597	239.1473080730897	239.1473080730897
6.5733514515981541	2.1978077765006039	62.710217190934642	62.710217190934642
4.906598466725419	4.7129659737090988	1801.4618954329721	1801.4618954329721
4.3356280393600084	4.4903799842642877	725.44688946045721	725.44688946045721
4.7114470725013815	4.3136450186783915	801.21443485266616	801.21443485266616
6.4341620762051939	1.0614449739115464	7.2138941599834912	7.2138941599834912
3.4307708836561583	2.0236537803625962	12.118460994486471	12.118460994486471
2.0639108085333993	1.2380446488536287	2.4524570836403456	2.4524570836403456
5.8293164927000749	4.7359995171803337	4226.3431005966713	4226.3431005966713
3.338023337706018	4.1362202543597446	146.30774941565122	146.30774941565122
1.5357681525634015	1.3303153505645458	1.7695868491596061	1.7695868491596061
7.1158729729443841	3.4595626056071502	887.84420928077566	887.84420928077566
3.2628593140898783	0.96654829424359567	3.1363000698296868	3.1363000698296868
8.1151762658869924	3.0767376148680761	627.58308334511696	627.58308334511696
7.0550363866553258	1.220945358416843	10.863536569846586	10.863536569846586
4.4957598414057198	4.7864432378840718	1332.3091210354805	1332.3091210354805
1.9026609439983775	1.0694561056066725	1.9895953563433704	1.9895953563433704
0.48260542534490963	1.0516956878173664	0.46476699663676274	0.46476699663676274
0.88312777772934503	2.4132811376079983	0.74086595777926234	0.74086595777926234
8.1297278475837924	2.5952566197858919	230.08101387694308	230.08101387694308
1.9885914993214899	2.9277329007703075	7.4827582223277656	7.4827582223277656
6.8695022481254666	3.6250197775794812	1081.1119208072371	1081.1119208072371
0.72044672407272092	1.9101653766344004	0.53455946562520085	0.53455946562520085
4.6070593508840556	1.9808034952753386	20.611623269437175	20.611623269437175
2.4491047405906037	3.6531492853611596	26.369503658230656	26.369503658230656
2.1591542354699418	4.8902236858182864	43.124284628847839	43.124284628847839
0.74505539181206271	0.17477420454533629	0.94986493922653326	0.94986493922653326
7.4610618310198538	1.5824896411609828	24.054590619776349	24.054590619776349
2.7836747308536558	1.9665997689442827	7.4883582624198262	7.4883582624198262
2.5243136035179958	1.4153486447472896	3.7082839850377018	3.7082839850377018
9.0205721738955997	1.020165501692474	9.4296779418397687	9.4296779418397687
0.20428262256602653	2.6029966990428792	0.016015285137711662	0.016015285137711662
9.4670051088072533	1.1068860619466834	12.038049731472611	12.038049731472611
9.4343783181415333	4.7619527240533301	43806.503885096237	43806.503885096237
1.780493376747398	1.4617419835022969	2.3239424360805878	2.3239424360805878
7.2996515394354065	4.4764183031951514	7319.8376857299554	7319.8376857299554
4.3158645251314125	1.3891229672639276	7.6240769664645534	7.6240769664645534
0.73686226803566235	1.3335432302300836	0.66550898431911243	0.66550898431911243
8.0130607512517606	0.64905489219116941	3.860244350346266	3.860244350346266
8.3869622601572775	1.8937995501825813	56.120579144693011	56.120579144693011
1.5343624081212246	0.35323535787327004	1.1632587443676605	1.1632587443676605
3.9841321181179898	4.5284813118784371	523.1185068391552	523.1185068391552
3.9731245255014045	2.5200344343525831	32.346978251633587	32.346978251633587
9.5992079280701343	1.2599587020719909	17.281285234820359	17.281285234820359
2.9703742430486804	0.46715014544399408	1.6629293825479852	1.6629293825479852
9.9609308362417259	0.26724663380475189	1.8483843994477036	1.8483843994477036
5.6271244792474899	0.53287769317920652	2.510793243418691	2.510793243418691
4.5620915051899864	0.56515154315533345	2.3579117533746192	2.3579117533746192
6.6357220009822795	2.5338385522037972	120.92941845047146	120.92941845047146
9.0343099189844338	0.96972442908822631	8.4519071700010446	8.4519071700010446
6.6920591201474426	1.2942641479653183	11.708261428982382	11.708261428982382
3.4360056518461315	4.1097196112378951	159.599343385954	159.599343385954
7.736700270110819	2.1719526096470951	85.094409305227373	85.094409305227373
3.1580896704077106	0.93001207887067239	2.9138740623761006	2.9138740623761006
6.8653140629946838	2.432242423529146	108.3829435761087	108.3829435761087
5.2864667955308384	2.8278284780261376	110.91442189357997	110.91442189357997
6.1641703737840334	3.2712077617626383	383.56947051705123	383.56947051705123
8.2707586623178848	3.7468403461719584	2740.917293722187	2740.917293722187
4.0926603348261414	2.051142364929607	18.0015882475655	18.0015882475655
5.1430699356613694	1.505771957184237	11.774400127512342	11.774400127512342
1.097843349020232	3.2012818108710905	1.3482833319917908	1.3482833319917908
7.6713830493229098	0.54664834786252736	3.0458936044052969	3.0458936044052969
7.0345844040331738	0.18119320894905064	1.4240126672542477	1.4240126672542477
6.4617537295670271	3.2084619975272313	398.0874350286461	398.0874350286461
2.8662166536948881	1.6774214495737576	5.8492468650188787	5.8492468650188787
2.1658472444987273	4.835063473999945	41.954816647913908	41.954816647913908
3.8453213203784014	2.4785134714258161	28.168480344897681	28.168480344897681
7.0512309030240825	2.5810262514733155	154.66572061837775	154.66572061837775
7.4470137448416738	2.9070761378455519	342.70348166982001	342.70348166982001
3.2973446791852847	1.1424086646453937	3.9080079642506713	3.9080079642506713
3.6107334928799668	3.4893972159626641	88.241311991719371	88.241311991719371
6.6826846941436653	3.6675540985647559	1060.6016855476482	1060.6016855476482
6.459057731457496	4.7476711890682912	7021.2883528823422	7021.2883528823422
2.2235301504090343	4.8630027515561967	48.715949818519185	48.715949818519185
8.8234657124381606	2.8710996731068681	518.82919330934192	518.82919330934192
4.1311000669291449	4.4992103950770215	591.3018921478764	591.3018921478764
3.0835913955303642	1.7927119021456142	7.5290120333699093	7.5290120333699093
4.1132695820241709	4.7059850735577138	776.88309782534498	776.88309782534498
2.3744722257425206	4.8390299436646966	65.672025863720094	65.672025863720094
5.6929737634436641	2.5296294401094843	81.41946285432158	81.41946285432158
2.0521599736284601	4.8807972697165978	33.407165939908367	33.407165939908367
6.7090884797972326	3.460375292856694	725.38073646023895	725.38073646023895
5.0329827640744496	0.29757569709952203	1.6175070992921623	1.6175070992921623
4.2483443970738843	3.4980283621598822	157.59062741340693	157.59062741340693
1.8746654771780906	4.9308164191200445	22.168538586286644	22.168538586286644
2.9840168012414399	0.53177791021418142	1.788499503702595	1.788499503702595
0.048983312336192346	1.5571598505513036	0.0091242163023043006	0.0091242163023043006
6.1830768014696558	1.9736854794129024	36.440901407056273	36.440901407056273
3.6038894556633827	1.2572888742372124	5.0121327325372613	5.0121327325372613
3.5435719008139084	4.1109425658873171	181.43514616891963	181.43514616891963
6.8277453686253731	1.053610308065335	7.5683843720837896	7.5683843720837896
8.5267004017721355	1.4575165900459777	22.731534533523178	22.731534533523178
6.6713814789612105	3.3555400772018125	583.02753380086051	583.02753380086051
5.8518860369323731	4.0003872317997331	1173.4931549417756	1173.4931549417756
6.0414976878701552	2.3653445650524914	70.416780720639622	70.416780720639622
7.860380419368612	1.8910768684412655	49.357438494564292	49.357438494564292
3.9442517592233828	0.23477993121735846	1.3801317099328196	1.3801317099328196
0.6681054549134563	4.2026593566268069	0.18360448032415405	0.18360448032415405
9.4307615861646781	3.05557094964708	950.16009472162477	950.16009472162477
2.1865693773955615	0.13887894015535968	1.1147717684016574	1.1147717684016574
7.3874157037471075	3.2401747641596819	651.72983908080323	651.72983908080323
6.8984170865791148	2.208391464948714	71.168387179311807	71.168387179311807
5.1104712729927932	3.2361838219623746	196.20490908953298	196.20490908953298
5.7636437470012893	3.7260736477273482	682.98871280642447	682.98871280642447
0.46136928735526578	0.51831672135465789	0.66968537355510438	0.66968537355510438
6.313951295550301	2.8126913330555685	178.2380107296155	178.2380107296155
6.604967189539277	2.7318278950865538	173.67829694468585	173.67829694468585
4.4295584453821437	2.5214412075697274	42.634368938644585	42.634368938644585
7.144773864040717	4.1636987703841593	3595.4298202706345	3595.4298202706345
2.1333594577655686	0.68590035019841167	1.6815320081657725	1.6815320081657725
3.7233012615544654	1.3432554816060713	5.8465868308646325	5.8465868308646325
1.9936039528387184	2.8294573480850378	7.0439367559547188	7.0439367559547188
8.8659755915118463	4.8541191212262937	39845.334533047324	39845.334533047324
9.8682282592087489	2.1613581612358592	140.8986979877308	140.8986979877308
3.4440029406312456	0.53548880964129575	1.9390611341327193	1.9390611341327193
7.9588953523709698	0.5570324552948861	3.1754424332053444	3.1754424332053444
1.7967356097035587	0.18965406007675298	1.1175422652525699	1.1175422652525699
8.4994743522908855	3.1677930349230077	879.26891321552034	879.26891321552034
5.2590722632805793	1.4485429869758355	11.073065697170692	11.073065697170692
3.6651890956462814	2.2844656832911387	19.438324839576168	19.438324839576168
5.763913530131398	1.6947856486826649	19.46493817819675	19.46493817819675
6.0836442613477457	0.5609284546217308	2.7533396860170369	2.7533396860170369
5.9540338880035959	2.4006379838111633	72.450509213526331	72.450509213526331
8.8491780609634425	1.4194868102453957	22.085957154937937	22.085957154937937
3.0794334415707336	3.0388366934251816	30.505844825620187	30.505844825620187
0.3836162591402219	1.8950809946987002	0.16272381747300149	0.16272381747300149
3.3502160976348119	3.4453299903943693	64.424215312572287	64.424215312572287
5.8712167031240963	4.5180895863625912	2972.9148445127817	2972.9148445127817
0.58261440481274918	4.8621037485747944	0.072320120499847748	0.072320120499847748
0.59773539710004753	0.53434400973753471	0.75958942441879629	0.75958942441879629
1.4251889057522127	0.076964328805131182	1.0276439943525759	1.0276439943525759
7.0413150051813522	1.6219157594808375	23.70407508105469	23.70407508105469
2.1836366048522002	0.16414662205895325	1.1367770870173117	1.1367770870173117
5.5750836280912015	0.18124668560488189	1.3653864555690831	1.3653864555690831
3.0234258987846458	0.15598197299202082	1.188363306143561	1.188363306143561
8.2893769370578259	1.5770441586707709	28.089860266389866	28.089860266389866
5.1883030703649489	3.7197580802948016	456.79493031109411	456.79493031109411
3.8674914437026091	2.7859148386563524	43.304016047108291	43.304016047108291
9.5322040117924516	0.58282333749784732	3.7213174881133568	3.7213174881133568
0.06946803650837606	4.7424188110852468	3.2155814144692312e-06	3.2155814144692312e-06
0.50362209682345271	3.1806054448588745	0.11285292796746738	0.11285292796746738
2.9933304842871493	1.3044979179723672	4.1796775047387662	4.1796775047387662
8.6162769810880615	1.7860371688533605	46.829083936635797	46.829083936635797
5.3869130240417267	4.6712117894073675	2607.6173375546282	2607.6173375546282
3.7124791083653728	2.4971613925776928	26.457145970591153	26.457145970591153
0.063741389264485249	1.0382861306283915	0.057365059866707244	0.057365059866707244
9.7132208388024051	2.1969288448591739	147.62735295553094	147.62735295553094
2.8276099838771485	3.8003714787287275	51.947160944185207	51.947160944185207
7.1157339026619599	4.0852677738930252	3030.719006768325	3030.719006768325
0.53334948183531916	3.0419853932394672	0.14776586445160095	0.14776586445160095
0.17734234571121466	0.81626721396347435	0.24368580416745084	0.24368580416745084
7.8266630135177842	1.1831917520809148	11.409654788271981	11.409654788271981
4.7539655026158005	0.029278816982078903	1.0467028326174823	1.0467028326174823
4.2412605247399142	2.1457144397609254	22.203680829573063	22.203680829573063
5.4195148934717388	4.9248463936548017	4117.5823965624095	4117.5823965624095
7.8018627134491414	3.7845764156060095	2380.0860509340296	2380.0860509340296
3.2470358921660791	1.0313831993893454	3.3692961877528518	3.3692961877528518
1.8497648875772363	2.7183094519006366	5.3223740376923638	5.3223740376923638
4.6650287107918613	1.8147153686845161	16.359883836281064	16.359883836281064
6.2029831831028526	2.0238836826407245	40.191242157859406	40.191242157859406
9.8716787863262212	3.8910924763922425	7400.6079654025907	7400.6079654025907
5.1742666378188478	1.3319876358442881	8.9297187764344592	8.9297187764344592
5.288902934331067	3.5844767612443862	391.64011637675924	391.64011637675924
9.9341440993249357	2.0353865327706737	107.03995065767002	107.03995065767002
0.1451178527234247	0.44425543330554917	0.42421881857490557	0.42421881857490557
2.3381619904069972	0.68037564089491398	1.782269150225952	1.782269150225952
4.7640531357817455	2.8750070290576946	88.958506110280368	88.958506110280368
8.9447764394160476	3.0906341486090594	872.87722526420202	872.87722526420202
0.80755097130611031	0.59045637737191514	0.88143014901868888	0.88143014901868888
2.7647398712052729	2.7825291993282346	16.940097985548878	16.940097985548878
7.0473415223284599	0.76028653050531403	4.4130843363647463	4.4130843363647463
1.118356005282283	0.62261255906640733	1.0721278172221098	1.0721278172221098
6.515588633918826	0.39160923770706646	2.0832997951698635	2.0832997951698635
1.1070022685023153	0.44028303137442204	1.0457739999398161	1.0457739999398161
0.17967965399913116	1.2322890826436765	0.12059439875183595	0.12059439875183595
5.8709299960404691	4.7120503682980539	4189.7261794453907	4189.7261794453907
6.3639574463461246	3.3124260906994039	459.50174926056604	459.50174926056604
6.3592881926081244	0.52606722703136799	2.6463475809763182	2.6463475809763182
4.21570546120501	0.44951381135524388	1.9093599659379836	1.9093599659379836
4.075954535337643	4.3263770826927921	436.59845365534954	436.59845365534954
9.8244502362361565	4.9941417215735626	90308.383327350981	90308.383327350981
4.3740469298853117	1.2149846991481981	6.0070821546199591	6.0070821546199591
8.0443915096770606	3.7197397326243959	2334.5276917049064	2334.5276917049064
1.6298870951429778	1.4419020532848799	2.0226016882620614	2.0226016882620614
6.917780145893877	4.0444834512472214	2495.9256403718819	2495.9256403718819
6.2064705540567591	2.8429292836514133	179.47394658261334	179.47394658261334
8.6973074683615934	2.5342745348904598	240.24758836799919	240.24758836799919
4.579916741438435	4.8599512055763237	1628.304440667345	1628.304440667345
2.0287875516266247	2.9763147012742341	8.2116933732670532	8.2116933732670532
3.7221352498881477	4.5362567521450359	388.38258141315049	388.38258141315049
0.35988178276987309	2.2802483869274535	0.09725999524964965	0.09725999524964965
8.7842650155700603	0.82674763467235257	6.0284578927359149	6.0284578927359149
4.8637500264907079	2.5578365014132038	57.168938564050286	57.168938564050286
2.6958125178333976	0.62939363446929064	1.8666949241016841	1.8666949241016841
2.3381699839707721	4.2599321387911573	37.272375493441182	37.272375493441182
7.7053472860206575	1.2319630288755499	12.373575888362094	12.373575888362094
9.8371382095853406	2.7467758558522251	533.56578694994198	533.56578694994198
8.9006998251602027	0.0073109639838582312	1.0161111238103715	1.0161111238103715
4.423187179762218	1.2517609735913564	6.4314110954547612	6.4314110954547612
0.13413144766077795	3.3497307359582762	0.0011952602438582117	0.0011952602438582117
7.3014156650769744	0.29573260133137513	1.8002698979974272	1.8002698979974272
1.747483395825447	3.6033682081598979	7.4731466711024961	7.4731466711024961
4.4982889232303149	2.1716702900444034	26.194102371985444	26.194102371985444
9.5515157948112765	4.8525413018480741	56995.596833143245	56995.596833143245
9.9484299458520624	4.058651562479171	11208.256147562926	11208.256147562926
5.6063339127431755	2.1301502337902201	39.336766988707808	39.336766988707808
3.7682011563987015	4.0206718934342423	207.22688381444357	207.22688381444357
7.4030320586611733	3.0032541139805327	408.37396641709768	408.37396641709768
8.5991740389352049	3.6054678772944673	2339.6654089727854	2339.6654089727854
6.9462499360105099	4.6485198630729947	8182.6406880554568	8182.6406880554568
4.2914921576890954	3.9109496891283051	297.91977072126588	297.91977072126588
7.8824079408592294	3.9956536789571491	3825.9427023695112	3825.9427023695112
4.173989638161661	4.6064156411784456	721.96728957015523	721.96728957015523
0.11841839275989277	4.170134975043994	0.00013678322576472126	0.00013678322576472126
5.4586440786640855	1.3428233487521744	9.7673027550468419	9.7673027550468419
1.0586980563017507	1.7302408878661448	1.1037271547743821	1.1037271547743821
1.2528364841509296	4.7219877486940289	2.899052766334735	2.899052766334735
0.90181761233705748	4.8115668037369854	0.6082059831478599	0.6082059831478599
0.13313200474874784	1.0842104818427147	0.11234089430355858	0.11234089430355858
2.3390795228558225	3.7522218315381011	24.251502865079328	24.251502865079328
7.9453982719907055	0.34182243118663519	2.030858790888745	2.030858790888745
8.0400362968348418	3.0099340447345853	530.59957978589955	530.59957978589955
4.7816441834588366	1.8197634737068593	17.245264815357309	17.245264815357309
7.3913988922376594	0.24098213429420601	1.6193756324712532	1.6193756324712532
2.5630459906374572	3.9615858232653367	41.622058561941373	41.622058561941373
6.8837074897311243	4.8843912867417778	12366.661319405881	12366.661319405881
6.5454298792725574	1.7996730056223089	29.405048982762324	29.405048982762324
5.641614982295998	1.1706395293033698	7.5791861533928486	7.5791861533928486
7.2764785230777989	4.0044193667194676	2828.0960384862383	2828.0960384862383
9.8725139490680043	0.99802927036932332	9.8280647210010255	9.8280647210010255
4.2083455749752758	1.1111367555383886	4.9371134951949873	4.9371134951949873
7.6803039076365875	0.85714274229953213	5.7397856518169776	5.7397856518169776
1.3378471248311661	4.8409434080064973	4.0919155565271614	4.0919155565271614
2.3957832136578059	1.7800193478968778	4.7361333620224011	4.7361333620224011
4.3033333042443349	2.2015309007446655	24.8508506127678	24.8508506127678
5.1456139758374491	1.5735364635185562	13.166561721304495	13.166561721304495
6.5273592331490153	0.35666368471797338	1.9524831027893204	1.9524831027893204
3.3287524136526576	3.9240612402621258	112.06359963592466	112.06359963592466
3.702946804054589	3.8427948636595795	153.04223849277281	153.04223849277281
2.6170357612656883	4.7711409725106542	98.498308915705564	98.498308915705564
7.1109147542201532	4.3669068140360512	5251.4489766920879	5251.4489766920879
7.6212655428219165	1.3979450438210623	17.101153459229714	17.101153459229714
7.0914240680743337	2.1432962633684145	66.584606812938858	66.584606812938858
9.7428252668608124	3.6962640498619477	4512.7419826893829	4512.7419826893829
0.6435093861984873	0.58593449897838201	0.7723705445407637	0.7723705445407637
4.7683059427555481	1.3990180564830297	8.8929047878352208	8.8929047878352208
7.4964664281486506	3.2430423850197769	687.38022819806986	687.38022819806986
0.56371986284185582	2.6271738029056473	0.22181970425702294	0.22181970425702294
5.364383844127353	4.8469574118560637	3435.1968122798316	3435.1968122798316
6.4174999376333517	1.4425534518999752	14.61061265447605	14.61061265447605
9.677117890598975	2.7877580682717049	559.7852533879236	559.7852533879236
6.9672603056405276	1.8888824021826365	39.124161678312177	39.124161678312177
5.6446420146416543	2.7233178059223824	111.41529194865079	111.41529194865079
3.0283798888965441	4.3282846964218615	121.00836930850866	121.00836930850866
3.8592275805784815	3.4381096920070404	103.86104186715237	103.86104186715237
6.8387258932827866	0.87156814536865901	5.3424170013182293	5.3424170013182293
8.5468152099568435	1.1493851069633505	11.776114002973769	11.776114002973769
3.2463032749745486	1.8715271079317641	9.0589642218470203	9.0589642218470203
2.3481456668152649	3.588535995517554	21.397356958786162	21.397356958786162
6.101712712855667	0.41354361451862565	2.1126062396538408	2.1126062396538408
3.267188194270028	3.4315649883906154	58.132903526058875	58.132903526058875
2.8345036573862936	2.7588257219300356	17.713535255912753	17.713535255912753
5.4457952843250492	3.3973803993864253	316.723488707076	316.723488707076
4.3253047542643914	4.229143479227055	489.56000748012582	489.56000748012582
7.0562395733483818	2.024340442293159	52.215721693943429	52.215721693943429
8.473655036934856	1.6431203143523043	33.491295842886871	33.491295842886871
1.6598012313822283	1.5588070362033013	2.2030531235372384	2.2030531235372384
5.1478612433595607	4.5096107174791236	1618.676232387799	1618.676232387799
1.0171642513331549	2.3043619163333569	1.0399961759789103	1.0399961759789103
7.1021785439663265	2.6246049576279913	171.61947829401038	171.61947829401038
9.4814640334394955	4.9621157046066546	70366.957484533938	70366.957484533938
9.9244474766345405	1.2509570748235448	17.653744816478248	17.653744816478248
3.7269099633762552	4.791975154000669	546.87709956709114	546.87709956709114
2.3167647655279997	2.4533779652481371	7.8558523177921575	7.8558523177921575
3.9432021495376217	3.0642605923383841	66.963283068679729	66.963283068679729
4.5502084947126349	4.8829423691706362	1633.5367141198944	1633.5367141198944
8.1068438029121541	1.0489467229359597	8.9812569783270231	8.9812569783270231
0.5738855890436898	3.8060159585744429	0.12080511307341874	0.12080511307341874
9.1713768117957049	2.8443076975233303	546.33618054126237	546.33618054126237
1.691872558612407	1.8039927607683039	2.58210311103185	2.58210311103185
0.79248378835445865	4.9446513179349791	0.31662316263797757	0.31662316263797757
2.8096807434885762	1.1426247664014428	3.2557164302813626	3.2557164302813626
4.3624070584001728	2.4537651108825882	37.131098614931858	37.131098614931858
1.3321387235279001	3.6196133341008991	2.8237149963647008	2.8237149963647008
8.6400570385496192	1.3341497659331063	17.760427509009233	17.760427509009233
5.9147266460502355	4.4261430093377356	2610.3171658091637	2610.3171658091637
4.7266127939708316	2.1463150851457038	28.041219493574406	28.041219493574406
6.5580281559316358	1.1700396998241371	9.0293639728645658	9.0293639728645658
5.0938391191492514	2.6826521883073911	78.841779561256644	78.841779561256644
4.922811133334454	4.5069024955997214	1317.4595256972168	1317.4595256972168
8.185462400852094	0.30094761576628887	1.8826872416020313	1.8826872416020313
0.058677654988504573	3.0671243623558127	0.00016701395721887096	0.00016701395721887096
9.4626050425336654	2.5102350866683092	281.84889606115479	281.84889606115479
9.0788892264561181	2.3073968108633598	162.39088041789526	162.39088041789526
1.6092401037996447	1.3270401659333977	1.8801572044195924	1.8801572044195924
6.3670643229115287	4.4102040515241061	3511.8510011011526	3511.8510011011526
0.17179119859337555	1.0036022106663152	0.1707045990714447	0.1707045990714447
1.9368448508416329	0.65525292416845282	1.5421255373471296	1.5421255373471296
3.4498859669654571	4.6350628228520945	310.99883107637885	310.99883107637885
4.7208182673428736	1.475971610711164	9.8816706171017348	9.8816706171017348
1.0582951662383533	2.088683922040012	1.1256305036986327	1.1256305036986327
5.1063607770205071	0.82862608348475697	3.8615321518961294	3.8615321518961294
8.3792049752054254	4.5168924682812648	14791.350868125044	14791.350868125044
2.6067669910460243	0.0049896593876402884	1.004792091833226	1.004792091833226
2.9974980074121027	4.1860113325673201	99.018916807946894	99.018916807946894
5.3079830388096525	2.600092825725584	76.715666209430111	76.715666209430111
0.78552239090483045	3.7858776981821691	0.40094348792621215	0.40094348792621215
4.1492313395118412	4.4172128986216048	536.65437261357329	536.65437261357329
1.3880809677637078	3.5800616629599236	3.2348471467400186	3.2348471467400186
9.0610929466855641	3.378938746536261	1714.9622596919887	1714.9622596919887
2.2132688915271026	3.8835661306933438	21.875755203603376	21.875755203603376
9.6388629455247425	3.9811286364133931	8270.5294354683956	8270.5294354683956
1.5829556231917006	3.8688826561471199	5.9118192656227482	5.9118192656227482
9.0657476031957316	1.6393334317709105	37.111094949252468	37.111094949252468
4.2616376568295227	2.7719708714141893	55.611905797720041	55.611905797720041
8.9382561076653477	0.57649886737276357	3.5350548647251223	3.5350548647251223
0.6032143565202388	0.57425258495928566	0.74805802888692019	0.74805802888692019
6.7598518396643401	0.48364689810074962	2.5199767937915523	2.5199767937915523
0.86126847583929966	0.84175513214929776	0.88186588615969153	0.88186588615969153
5.7509969041179296	3.5033931304523334	458.85860016810534	458.85860016810534
7.0004874720651813	2.1758215397422629	68.999877772842211	68.999877772842211
5.1217029054951047	3.8848856410138817	570.1560658153287	570.1560658153287
1.5958487738732776	4.6475846914299659	8.778519469383923	8.778519469383923
5.2071526673548938	2.0145000822015038	27.770991473304516	27.770991473304516
6.3357869606892407	2.8552865280012503	194.70197352744597	194.70197352744597
6.85499096174971	4.4986315988012695	5766.1640815291785	5766.1640815291785
8.5305255434172444	2.4024984558487912	172.45186381917418	172.45186381917418
5.8103512379941087	1.2117140874494399	8.4332465501833571	8.4332465501833571
5.7654764666727054	4.6794334756617015	3633.1030970938996	3633.1030970938996
0.21956860779362297	0.15735438649644631	0.78775866759402946	0.78775866759402946
5.6476677903922354	2.0785534587914003	36.542664173326649	36.542664173326649
0.83827324107991863	2.8677370161102989	0.60296215983110124	0.60296215983110124
1.9100105841673938	0.04175406843439726	1.0273877589917166	1.0273877589917166
0.64648545864270512	0.45058659685673408	0.82156194936551474	0.82156194936551474
1.879712492943562	0.50553554507635723	1.3758242481184049	1.3758242481184049
6.6327495602020834	0.56542951756189119	2.9148070786362346	2.9148070786362346
6.0963572196200815	0.04382688990104696	1.0824483787065855	1.0824483787065855
0.40174366960550834	1.0995911340187039	0.36686465991066469	0.36686465991066469
8.3029495004025939	1.2502491619221177	14.101637075391684	14.101637075391684
0.60795452651414383	2.9553387603430443	0.22975547738319754	0.22975547738319754
0.43804262599018584	2.3744677600283639	0.14086146054517465	0.14086146054517465
1.0262728586753735	2.7314916024106521	1.0734068499362139	1.0734068499362139
8.3938777263395608	4.1758311022566232	7216.25586346818	7216.25586346818
5.0975449716969869	0.97858286565967711	4.9227912380416781	4.9227912380416781
0.47816567754770134	1.5175904048164199	0.32638579838092674	0.32638579838092674
0.56141779515246582	2.5133428308010575	0.23435283062754178	0.23435283062754178
2.0049029591677865	2.5800776515863411	6.0176138923094005	6.0176138923094005
1.034480072297014	0.80065214903704107	1.0275129503800142	1.0275129503800142
6.0160039785966815	2.1173610591143603	44.676244117951263	44.676244117951263
6.8217643182879764	2.8339700493598334	230.80132809444453	230.80132809444453
1.9426773618114666	1.8164745574456469	3.3409693878043245	3.3409693878043245
8.484097930262255	3.8578385549750416	3823.0569461987789	3823.0569461987789
4.3290841817727781	2.4260954948699371	34.991095842553221	34.991095842553221
1.128097861779231	0.012030169010834989	1.0014510830366734	1.0014510830366734
8.0896382388649819	1.1175053154653767	10.342263444869916	10.342263444869916
3.1572076473573292	4.1294830031098329	115.30917240267236	115.30917240267236
3.1994345195045786	0.47606466748827792	1.7395924635163866	1.7395924635163866
9.0242524348101583	0.59127104993444701	3.6720366249850342	3.6720366249850342
4.7643435858137213	0.53066525540399545	2.2897742872048727	2.2897742872048727
8.9361417779030106	4.90939244029751	46727.104220532536	46727.104220532536
6.8852240516159107	3.9718494487113154	2128.5529239965158	2128.5529239965158
4.5843667246050988	0.72421876322212353	3.012388036315873	3.012388036315873
8.1568617513479715	4.4684565954905633	11833.178489133925	11833.178489133925
0.036569335634773277	0.94940725321783603	0.043232756285519577	0.043232756285519577
9.1030767928565481	3.7984661043127477	4399.91097917354	4399.91097917354
0.12372293276002165	4.1911581211614033	0.00015715033489462218	0.00015715033489462218
7.0711859024609938	3.2536676322957119	580.7182226101736	580.7182226101736
2.8213486233090954	0.6624191562980839	1.9878846612542129	1.9878846612542129
5.7300108738452149	3.7511337601361747	698.13994814371063	698.13994814371063
1.7496712346917906	3.2334593042844064	6.1036525004032285	6.1036525004032285
9.230917277066661	4.8760914836327514	50888.803148478299	50888.803148478299
8.7566909933490287	4.2664187072550783	10481.34724732961	10481.34724732961
1.8013304883177264	3.7342588603477527	9.0043406654066427	9.0043406654066427
4.4342036956659312	0.50538701227075511	2.1227176137308859	2.1227176137308859
6.7675532890307268	1.4530582208506999	16.094058868459271	16.094058868459271
4.212338145250949	1.6281857983267569	10.39536753575403	10.39536753575403
5.8114464485063833	4.8511058818490946	5100.6294380422605	5100.6294380422605
7.5197946070259167	3.99499819261358	3165.4925870189313	3165.4925870189313
9.2531618089972145	0.7037639931131825	4.7867441939094277	4.7867441939094277
7.816405411076004	1.3610870503128041	16.423297801166704	16.423297801166704
2.3586493193051643	1.5924260091389333	3.9213792967994028	3.9213792967994028
9.3615612809944313	1.7087006492593406	45.681824864191022	45.681824864191022
9.8382620639112464	4.4054389451449563	23672.347662639357	23672.347662639357
0.86327876251969637	4.8194983724303961	0.49235700708485947	0.49235700708485947
7.1790747610725445	1.1335888141245118	9.3417802822085374	9.3417802822085374
5.1315236732473313	1.5994982896723724	13.678478776616799	13.678478776616799
3.9696218161958181	1.5780461299178115	8.8075223366946016	8.8075223366946016
2.4861077066257802	2.0303738684977386	6.3540898297267496	6.3540898297267496
9.6274405584264819	3.1918316808070051	1377.8472581171686	1377.8472581171686
9.8128327283941239	0.57046727098497407	3.6794782693617183	3.6794782693617183
9.1051352440669202	4.5554305243990969	23440.266922275117	23440.266922275117
9.1706292191501291	0.38831188748000878	2.3643459602131092	2.3643459602131092
8.8913009920133685	1.4425264180563848	23.383393223505688	23.383393223505688
9.2633601253637305	2.3179908500715887	174.16490561220255	174.16490561220255
2.4571499968543256	2.810676205308511	12.513448233939988	12.513448233939988
7.1494605563976439	1.8448151100951375	37.668319458887964	37.668319458887964
5.1076963479829951	2.9982869582133445	132.88072612632675	132.88072612632675
9.9217511211967864	1.5407231597804456	34.313634356062977	34.313634356062977
5.7230052261989082	1.1755660743099794	7.7738693774234147	7.7738693774234147
8.3707199014153684	3.8196661813411508	3346.9243679989186	3346.9243679989186
6.7253394367409438	3.838401624352314	1503.4866041486109	1503.4866041486109
1.5555262364842508	1.0441469751306653	1.5861642044663904	1.5861642044663904
2.4127664977969281	3.4803522171976868	21.443118774836339	21.443118774836339
5.0457287647726501	1.0003235640318198	5.0483719151013302	5.0483719151013302
6.0882340112575246	3.128458920030762	284.60919086979106	284.60919086979106
7.8921158564308369	2.0414293019219141	67.851117145817668	67.851117145817668
6.6230644437888762	3.56140776695102	839.70324499070966	839.70324499070966
4.3970799176995499	1.8362451583191499	15.170763578324665	15.170763578324665
1.1493683957167486	2.242610004013915	1.366427272210514	1.366427272210514
4.7695666179057454	0.40894214082443037	1.8943430182149239	1.8943430182149239
3.0159120195623261	3.6318594092724146	55.103755792676893	55.103755792676893
5.1977473934106291	4.7646578744325216	2574.0346157275362	2574.0346157275362
3.6039986487438753	0.16196148474791289	1.2307721591112764	1.2307721591112764
3.7073491656918818	4.4416717312975909	336.9715378490402	336.9715378490402
3.3625876714211049	2.0413457531525885	11.888387434950932	11.888387434950932
1.4377960557998084	3.7747776256795254	3.937968102443143	3.937968102443143
2.8611811850315845	4.2916381516303774	91.059966669666551	91.059966669666551
3.103916209350146	3.7168722236159706	67.354493445891748	67.354493445891748
2.6250762276841351	1.9677684398780426	6.679965818828288	6.679965818828288
6.6717462861846784	1.3697295823327753	13.458146667882286	13.458146667882286
1.7936220184605189	2.6317986525406711	4.653382057128141	4.653382057128141
8.5011023434830246	4.0252931056677097	5513.2831066018443	5513.2831066018443
7.6623232323509729	0.77267864669330433	4.8231020387251178	4.8231020387251178
2.2607596426916041	2.4964518560064675	7.6626507939824817	7.6626507939824817
6.8996217075129271	2.0951075804180941	57.204369410956389	57.204369410956389
8.3427036550246534	3.9751691214176059	4595.6866639986229	4595.6866639986229
5.4304964313456869	2.0702472680416193	33.212344563258505	33.212344563258505
6.3916259672370712	2.8676335944890514	204.26698489722989	204.26698489722989
0.27771292949504062	0.55052875712606242	0.49395075354308016	0.49395075354308016
9.2554195346936527	3.068498807249656	923.39030248337428	923.39030248337428
5.0485117595522331	0.5553551507364205	2.4575671914990278	2.4575671914990278
0.32973336455679758	1.5945048786163663	0.17049371890163834	0.17049371890163834
2.7397797725858268	2.0904149008352939	8.2225652322560752	8.2225652322560752
2.9550722844030464	4.1394945617285934	88.698061172130508	88.698061172130508
6.6931906403110979	1.3770715793604964	13.707429089945389	13.707429089945389
1.8348824517513342	0.14168484550035254	1.0898062488529319	1.0898062488529319
1.5294395693907101	1.0140220194734419	1.5385791322344504	1.5385791322344504
3.4025118821500966	0.86236727602639507	2.8747932469278221	2.8747932469278221
5.3896933778349831	3.6441196838432006	463.34767293085912	463.34767293085912
5.8215745216287367	4.7181877702400978	4070.0950151241987	4070.0950151241987
4.7347595122462707	0.031171878217269931	1.0496640050525583	1.0496640050525583
7.7525922641993015	2.4747498511778421	158.91273092170937	158.91273092170937
0.10904038012881584	3.1122546868791097	0.00101094316561075	0.00101094316561075
1.2582206073232252	4.5649815722142923	2.8535660251898567	2.8535660251898567
2.596723562300201	3.4929031496600005	28.025211454734205	28.025211454734205
1.1787217608583669	0.15807959601280092	1.0263338898134688	1.0263338898134688
3.0321992055122409	2.5009251332266489	16.026548941664178	16.026548941664178
0.16491352812195725	3.0445182676535993	0.0041392575979734012	0.0041392575979734012
9.8950444834532352	2.1740912107937973	145.92475854141449	145.92475854141449
9.5187201263209893	0.76369586796749922	5.5890294880700653	5.5890294880700653
2.8053906630120751	4.0147523739538311	62.890109990757992	62.890109990757992
5.8614417135932655	3.3953872007659172	405.20284135096597	405.20284135096597
1.351658389536845	3.9197073822295954	3.2580678764329969	3.2580678764329969
1.2772159628829023	4.5723618776233739	3.0611105002523655	3.0611105002523655
6.3875750371959485	0.41909803633479026	2.1752778743055834	2.1752778743055834
6.467906741202234	0.12023126332043782	1.2516391812943088	1.2516391812943088
1.5792836526079912	4.2384872464352625	6.9369852665993657	6.9369852665993657
4.5572131197803118	4.6370436375890476	1133.4897024721729	1133.4897024721729
3.2269490936009393	1.5974446607856501	6.4978135649267461	6.4978135649267461
3.8394695623387354	0.37147471090158357	1.6483217371347649	1.6483217371347649
0.51398255508863522	3.8484125409779879	0.077198723060436999	0.077198723060436999
5.8403118871222723	3.4011442861794876	404.35196561320737	404.35196561320737
6.8385137413611394	1.3296158204652244	12.887786046186937	12.887786046186937
3.1310027353329266	3.1379901593656587	35.929384623442679	35.929384623442679
0.34306996837139753	2.2208564908181878	0.092929084585127553	0.092929084585127553
2.2380634782602424	3.6174131903544966	18.434571013341628	18.434571013341628
7.2614092744050049	1.2780853950141506	12.60254500379823	12.60254500379823
1.3457414842494551	0.7398268398353659	1.2456880057471065	1.2456880057471065
8.3384495501209006	1.4598583626448085	22.113326891406643	22.113326891406643
3.1887241869593455	3.6822397534661717	71.521790107334297	71.521790107334297
9.2236120031347042	0.47327747553301946	2.8619755657745984	2.8619755657745984
6.3091687465296777	3.9412671120783456	1422.0140879464577	1422.0140879464577
1.5840706037303289	0.98000416664371848	1.5695670622425082	1.5695670622425082
1.4263344474865942	4.131914224595806	4.3374000145993126	4.3374000145993126
1.871819278510227	3.0028318683822914	6.5699605728037804	6.5699605728037804
2.6563180036927729	4.2804375918235351	65.479347509077556	65.479347509077556
7.3722124236992768	4.7890322944020056	14287.428725176622	14287.428725176622
5.2491056786610182	2.7825217927309915	100.84470164852557	100.84470164852557
8.7722887689376066	2.3808361477384432	175.95326502423143	175.95326502423143
7.1031805479495533	4.7538496989287884	11160.377684701469	11160.377684701469
5.5329810669005841	0.30186512421399064	1.6759978856068263	1.6759978856068263
4.8768950227450354	0.45999655242538245	2.0727341123864744	2.0727341123864744
3.0282080857374396	3.4214083983738415	44.292770446915675	44.292770446915675
9.906109111324005	2.6878608059449132	475.16990690930419	475.16990690930419
6.8409800103874989	0.93776757346035367	6.0694156729569491	6.0694156729569491
3.1413657437888931	3.081015809213036	34.011827543996297	34.011827543996297
1.3230047219717274	1.4616021666360393	1.5054779437869839	1.5054779437869839
4.1191990263399978	3.4984956835516803	141.55324953687409	141.55324953687409
6.4262888414610755	1.9302174707957609	36.269283358362074	36.269283358362074
3.0032303887846652	3.2240401140775643	34.65492513404547	34.65492513404547
7.063229171337829	2.4319349031064048	116.07020512652244	116.07020512652244
2.6355596647355739	0.62433839468117658	1.831331986706038	1.831331986706038
0.99188574254174378	4.6584085396570005	0.96275749776902553	0.96275749776902553
4.3698588521403874	0.75658912832675795	3.0519026685328119	3.0519026685328119
4.9188108012612561	0.33461982806201274	1.7041590048782727	1.7041590048782727
6.0600491978137931	3.7743458613933911	898.12258607064655	898.12258607064655
8.8692978796680109	2.6235844020860437	306.80852864919166	306.80852864919166
4.3242466563242647	4.0321724910480983	366.52251389156015	366.52251389156015
7.6065906992200096	2.2617066776904697	98.399618808029487	98.399618808029487
8.1621664996131447	1.9836155945865963	64.368221427898732	64.368221427898732
1.61866023514599	0.92362473573135773	1.5602039606882643	1.5602039606882643
8.839913981130918	1.4241141444653462	22.276658099466278	22.276658099466278
8.1277569499862725	3.7462250726534259	2564.2188128767921	2564.2188128767921
6.4041649310649351	4.7651424591452818	6964.8014303804166	6964.8014303804166
4.404538560906718	3.8769074093512796	313.57562433688207	313.57562433688207
3.8171461586001336	3.0321194167047079	58.063268408785518	58.063268408785518
5.0603759681793914	4.2033502178737034	911.85726176669209	911.85726176669209
1.8979256076189013	2.957220247291692	6.6517028804321319	6.6517028804321319
6.5071427530621602	0.16961284253001285	1.3739200036083812	1.3739200036083812
5.089045884311858	4.3961126598113411	1277.7711468252674	1277.7711468252674
6.3362368545552474	0.8877202325458643	5.1499375152811933	5.1499375152811933
5.2742161112037591	3.3428172431429521	259.44299595664677	259.44299595664677
2.6917886013283621	4.0024378727597663	52.627432636853314	52.627432636853314
5.5168019802522892	1.4884734004190951	12.705213281655729	12.705213281655729
1.7154287246278621	4.7958619408196022	13.305126451215163	13.305126451215163
1.780711293152373	0.25282659289287551	1.1570621952343558	1.1570621952343558
3.8603407558449252	0.68191376804818304	2.5120489736074689	2.5120489736074689
7.5259529678996495	2.2383666978553323	91.635988721050339	91.635988721050339
3.0172015786645954	2.5514754477909269	16.737811137348118	16.737811137348118
8.9488746293980128	3.1235560703362983	939.51136444570693	939.51136444570693
4.1401304261828891	0.83965657912917502	3.2967034585944948	3.2967034585944948
7.4110999908852566	1.4860525092029038	19.619653299837825	19.619653299837825
8.1022698982513113	2.8026946639063963	352.00364989969523	352.00364989969523
3.8326102645801181	2.4298615844813427	26.170453905886738	26.170453905886738
4.3556952363069632	4.9535723459441785	1464.2575941874547	1464.2575941874547
7.7483564926975497	3.762087018260865	2214.5417364836635	2214.5417364836635
9.4509209972052783	3.6385943337615583	3542.8653945107039	3542.8653945107039
4.0156128646466804	1.2471888888192182	5.6622961817990287	5.6622961817990287
9.1590803790035995	0.26782352594676029	1.8096998873406029	1.8096998873406029
6.1720374810326142	2.7455891252738507	147.97625917973582	147.97625917973582
0.26688420900875015	2.8008975376401537	0.02472800969031989	0.02472800969031989
9.74823996338867	2.5968127730071275	369.87605506250907	369.87605506250907
0.76471877681390354	0.72256274534933396	0.82380174488368485	0.82380174488368485
9.6489362218348536	1.3316926208906277	20.465577308043745	20.465577308043745
2.1756976245882425	1.9192635330317831	4.4457041891247675	4.4457041891247675
4.9310322066586476	1.9655534298824293	23.014754486023513	23.014754486023513
5.9994900230997752	4.9769120392749722	7457.7291065418431	7457.7291065418431
7.1889328877846372	2.4368078120142718	122.32819667387486	122.32819667387486
6.8472564701268652	1.741709041554971	28.525075855144287	28.525075855144287
7.6730717319313646	2.8475786217684251	331.14602074966939	331.14602074966939
1.3840997325073334	0.26192739205874027	1.0888689279497723	1.0888689279497723
3.6647177888019291	1.0720163340260045	4.0240249791879243	4.0240249791879243
1.2804954170917549	4.5547777099430613	3.083777607806252	3.083777607806252
6.8184748232910959	1.9250398694846047	40.260686697773856	40.260686697773856
0.85665438848181885	0.26427840637895667	0.95993534481138776	0.95993534481138776
4.6605582256209841	4.1546723981707014	598.60542901507552	598.60542901507552
5.5353129868123352	1.7153018704307383	18.824054677456214	18.824054677456214
7.6601834527409789	3.4262318769298119	1070.5536418295044	1070.5536418295044
6.1953428269765638	0.31252382955371311	1.7682321980049871	1.7682321980049871
1.4570703172118959	4.9477065137661578	6.4395213776728424	6.4395213776728424
3.4201788298922193	4.3659283042719519	214.59462257923028	214.59462257923028
7.4267332455811177	4.5614172782991478	9377.1798473099807	9377.1798473099807
7.9431723222146244	4.5128355765398682	11521.920424787882	11521.920424787882
8.7577056177540751	2.4635247980847836	209.70171327656502	209.70171327656502
7.5055468460898975	1.2272057932155664	11.865178574912356	11.865178574912356
9.67145075237584	4.6082678112055433	34786.387651806384	34786.387651806384
8.7559694936375685	2.6472742762996986	312.27540080051688	312.27540080051688
0.34561745413444933	1.95885410317549	0.12478897821766663	0.12478897821766663
7.917583965724444	3.7587292111003916	2385.4292856207708	2385.4292856207708
3.0938857988365913	4.1065345989754416	103.34103165122232	103.34103165122232
5.0477426756687933	2.5816917573690983	65.340170695458994	65.340170695458994
3.6193529929059332	2.0178980871293448	13.404799067616391	13.404799067616391
8.3312810959864887	4.9253731171595225	34264.869962264427	34264.869962264427
5.2261549404180752	1.288663141870299	8.4235476106140545	8.4235476106140545
4.5538744277980516	4.6501128367172146	1152.2485653110896	1152.2485653110896
4.7063879971729161	4.0444497915873567	525.59562367849276	525.59562367849276
1.9956823017082084	2.0789797730203774	4.2061423143570265	4.2061423143570265
9.726635620513699	1.875886963833292	71.33558868980414	71.33558868980414
5.7479922732470721	2.4083733139758272	67.483638296447936	67.483638296447936
4.7841849845782738	4.1169094757379456	629.08285241435487	629.08285241435487
6.1597567949767171	2.1746393282926473	52.121389052501613	52.121389052501613
5.1398066625524921	0.33858053192442128	1.7406551524036469	1.7406551524036469
3.7926235860809228	2.3583231792067054	23.191402420788979	23.191402420788979
3.6471520560181885	3.1419939456947632	58.298268734278047	58.298268734278047
9.0840340083417601	3.3480913047763838	1615.8638135352444	1615.8638135352444
2.3066010037192899	2.7746440021959669	10.165281397429654	10.165281397429654
4.8413214956084714	0.29050394660254947	1.5811924176553744	1.5811924176553744
7.3820443246435019	0.91514448103000046	6.2302728758482679	6.2302728758482679
7.9689670575181806	4.1039071418629378	5003.4577266230781	5003.4577266230781
5.5099715999586163	2.9677634522543221	158.32736514543728	158.32736514543728
9.7692873018249653	1.534698288994657	33.047671959818715	33.047671959818715
7.2494444109337897	3.5721583665673666	1183.4358402145167	1183.4358402145167
9.7224821054349562	0.55020959522345769	3.4953000825929328	3.4953000825929328
4.6619801778585117	1.5749225631661348	11.296571192726629	11.296571192726629
3.7641247792069525	2.0829961827648278	15.816338053613887	15.816338053613887
0.011935113348937312	3.5188775162462016	1.7083945588923991e-07	1.7083945588923991e-07
4.6257324257814707	0.86192253376607098	3.743984727147192	3.743984727147192
2.9949647191864326	3.696712642097614	57.68770473735988	57.68770473735988
0.87274912452469489	0.97974570553806217	0.87515839853846666	0.87515839853846666
8.8360668842532188	2.2231940553911267	126.97475152147912	126.97475152147912
0.1398981212891825	1.4073821448469712	0.06278138536891921	0.06278138536891921
4.2705788422563362	1.9401814554253485	16.720863009141912	16.720863009141912
8.3369922696659877	3.355487471280227	1231.5030694257184	1231.5030694257184
0.13033235570634966	2.6844333767680437	0.0042113051349774062	0.0042113051349774062
6.6956499558040994	0.13884915229297112	1.3021488209851453	1.3021488209851453
5.6766918924206111	1.0250984227965774	5.9295526057965517	5.9295526057965517
3.2850071769447031	3.4106099710773936	57.770208199593476	57.770208199593476
7.5486469690234967	4.6864021477424682	13003.124056934519	13003.124056934519
7.7626298765038682	2.3730603823488798	129.43293870227728	129.43293870227728
6.6614988647599116	4.2057011766722407	2908.6907763858567	2908.6907763858567
9.4846341591115984	1.8167686814425976	59.569012141085906	59.569012141085906
9.3349965233310055	3.5191767052079959	2594.1982089742096	2594.1982089742096
6.7436089845953306	4.3919516643959264	4369.7367140927072	4369.7367140927072
0.42057275451483472	4.0417925613374184	0.030174765032857053	0.030174765032857053
8.6382532736528272	4.3305625592295858	11356.672103020101	11356.672103020101
5.0925143565976319	4.4287141940847965	1351.4529887519304	1351.4529887519304
9.7869570008648026	3.6479148321286692	4109.5887721372637	4109.5887721372637
8.0349563951958363	1.4920644681776585	22.402359424984265	22.402359424984265
0.99288432506682223	4.9755280517775082	0.96509300551440158	0.96509300551440158
9.5373103129526786	3.7341919986123369	4543.2267108044589	4543.2267108044589
0.36446834399023514	2.0286522476405273	0.12905064973766614	0.12905064973766614
7.2947805184901018	3.5006245172841908	1049.7400567921827	1049.7400567921827
8.1975495765256277	2.3217539440581909	132.2359534683369	132.2359534683369
7.3491632975156875	2.7089123513707722	222.10715010741762	222.10715010741762
2.8696149773777142	4.6280981125190452	131.47787604128618	131.47787604128618
4.1212403030610592	0.97093256043190956	3.9550379117520964	3.9550379117520964
9.8929800949691398	0.73922700482861048	5.4421774318993785	5.4421774318993785
7.0096598961364815	3.321630864196587	644.30734205691635	644.30734205691635
1.8375487308085126	1.2754713975934242	2.1728468393810356	2.1728468393810356
1.0111867556055545	1.5713479852961207	1.017634372520527	1.017634372520527
8.4988813550559676	2.2661113474319849	127.65482804470874	127.65482804470874
1.4926583260648285	4.8771673684998085	7.0539767572233352	7.0539767572233352
8.2417184754309663	0.38962634436443905	2.2745980227074276	2.2745980227074276
6.8660664932025757	1.0339227325936176	7.3297882224058819	7.3297882224058819
9.0289955617292463	4.1101698794193178	8469.16199544337	8469.16199544337
9.4530452412235171	1.5528260923153712	32.726024198664163	32.726024198664163
0.019053187418392625	1.1364537538265471	0.011098461176031091	0.011098461176031091
7.6759059050822653	1.9187542487710108	49.928240540597535	49.928240540597535
0.083696445624631674	1.8237898360924143	0.010845360772678206	0.010845360772678206
8.1272380511057261	2.3263283935063686	130.86580842393448	130.86580842393448
4.801356927147479	4.507170757690373	1177.6706740852946	1177.6706740852946
2.7308027161995927	3.8419889988114337	47.448515932698236	47.448515932698236
8.6921446204927939	1.9302625654497594	64.977288351466285	64.977288351466285
9.2108769660959826	1.0221619532942603	9.6754634031465496	9.6754634031465496
4.609328656298886	1.1734546575597617	6.0082600451414834	6.0082600451414834
1.443481156758998	4.999758881236124	6.2663862097810776	6.2663862097810776
3.0108557093470099	4.7835289278532525	194.90688935456546	194.90688935456546
5.2013489965237287	0.70460047672745729	3.1957711461260772	3.1957711461260772
1.2207517814289213	1.0008753921825009	1.2209649576451092	1.2209649576451092
0.80778024695107575	2.5305480111614589	0.58264103025694192	0.58264103025694192
8.7912449050079484	0.053828652644274527	1.1241310917838663	1.1241310917838663
1.2346625541674876	0.78584225782298245	1.180164385301832	1.180164385301832
4.248578519562809	2.4610934085802008	35.169508870127103	35.169508870127103
6.7420112818511999	0.4551761021752781	2.3836646874600573	2.3836646874600573
2.888083850414362	2.7159077640815363	17.822709432088171	17.822709432088171
3.3917978163059153	2.8721928347428669	33.380829125055818	33.380829125055818
7.6456773193421181	0.95659192283340766	6.9995251217624972	6.9995251217624972
0.21000266914873755	2.4496410280578305	0.02186221184213202	0.02186221184213202
7.667560460051571	4.1072331845726309	4300.2474442866778	4300.2474442866778
9.5439100078493055	3.4651789740335257	2482.7163163989521	2482.7163163989521
1.910030505976301	1.5745954917707685	2.7702871980903949	2.7702871980903949
2.7081136354905864	4.5736731894092832	95.252619257600514	95.252619257600514
9.7493347457038428	2.1311332922905759	128.12607136931774	128.12607136931774
8.0107897666665657	1.0156668795534165	8.276240587685912	8.276240587685912
7.1075099117307889	3.4368434645833523	845.70643314261929	845.70643314261929
3.6984889090735757	3.5066817889820214	98.147793627479402	98.147793627479402
0.079210110162952319	4.8436032801047677	4.635858652168576e-06	4.635858652168576e-06
9.2554850496634753	4.7136906964074559	35917.561240963842	35917.561240963842
9.5981102020504974	2.4729760417597619	268.48608606798126	268.48608606798126
2.8856917352396207	3.0412435830741416	25.103377865629419	25.103377865629419
9.6744718395374125	3.5776372728846861	3359.0528719597778	3359.0528719597778
5.8136803877263628	1.0031924914175883	5.8464421415351797	5.8464421415351797
2.1743215788581844	4.0702545918319428	23.604437099891229	23.604437099891229
6.7363463069425968	2.9066482045077531	255.82224809488363	255.82224809488363
0.80653032673736302	0.40858989897153697	0.91589599957907686	0.91589599957907686
2.6150430143329095	4.7129258670046905	92.799750651818897	92.799750651818897
5.706658886964342	1.2662516176762479	9.0733950798283214	9.0733950798283214
0.081957723152030454	3.6317796291045763	0.00011334382770529183	0.00011334382770529183
7.4695919173339833	4.4512785862253681	7714.1429581532357	7714.1429581532357
5.3791217007392742	2.0930512551879525	33.838908841936927	33.838908841936927
6.7866014050951406	4.0213249167320528	2209.7558265945027	2209.7558265945027
0.7408195808284469	3.7646055711875501	0.32323529304340526	0.32323529304340526
9.4477495823347404	3.2681188515215549	1539.8876787154966	1539.8876787154966
9.9680568279767137	2.1510046460791208	140.60987960811605	140.60987960811605
5.0372608848632812	1.2240189263271635	7.236012183260601	7.236012183260601
8.4749729508882758	3.9335455216196085	4475.8377520652757	4475.8377520652757
4.810623560585201	3.4724116666163725	233.82126722888194	233.82126722888194
8.1817933915421861	3.3786834444028075	1214.0208417770955	1214.0208417770955
6.0216061317180767	3.0168246916007218	225.03779071315032	225.03779071315032
1.1097035329055414	0.56006988101366462	1.0600322092383532	1.0600322092383532
5.6591858499256702	1.3585616663945277	10.535682384490539	10.535682384490539
0.8870882173628396	1.571484334378723	0.82838200924440386	0.82838200924440386
2.2936896733311714	0.35052048315858098	1.3377494558008283	1.3377494558008283
2.0617557466791352	3.0720594870723699	9.2332674110322603	9.2332674110322603
2.4864721652994097	2.7214904316010746	11.928256996044462	11.928256996044462
1.2723162086208915	2.1187744986447399	1.6657635150948169	1.6657635150948169
8.5377977802731007	1.4095969127384567	20.550493471950919	20.550493471950919
9.2157066446416334	0.59365362804095512	3.7376267346649312	3.7376267346649312
3.4709794516786308	4.7361065293431617	362.77591648570217	362.77591648570217
6.2306611852799501	3.2863110584131143	408.40054784306858	408.40054784306858
3.2654032416974337	4.874958622453482	320.19955932948398	320.19955932948398
9.9156626910581842	4.8727435337151883	71584.721312249327	71584.721312249327
1.5607584064232405	2.0398634884829527	2.4795815733895696	2.4795815733895696
8.0284173815331954	3.1363745973178507	687.47731427814153	687.47731427814153
5.9019877132639875	3.0512464813320239	225.16757634730683	225.16757634730683
6.3272385396840001	1.0575576641095332	7.0360712090809097	7.0360712090809097
1.9878328617669769	3.7481366130213174	13.133137758212559	13.133137758212559
5.4128368228737953	3.649840205257282	475.20807844847025	475.20807844847025
4.6753013147324136	0.11596853235026093	1.1958503553487299	1.1958503553487299
2.7244084268866353	0.2086799795217244	1.2326296123752278	1.2326296123752278
8.2345403751584971	0.18679183295694093	1.4826339992752471	1.4826339992752471
3.9638423666033242	3.5480730767099504	132.48313840936447	132.48313840936447
3.5406593053322033	1.0164734069285482	3.6151758393878719	3.6151758393878719
3.168790237453071	0.071074197037086284	1.0854269556333866	1.0854269556333866
0.69679270362157775	4.7411958551800257	0.18035301707234297	0.18035301707234297
0.055674562215586962	3.810541614251596	1.66063076247306e-05	1.66063076247306e-05
0.53241135669932005	1.3023625310044948	0.44002236882821838	0.44002236882821838
9.1387120252514791	3.4713713458876678	2165.6517905118826	2165.6517905118826
3.3972833257888024	1.1400508897700012	4.0319695555599244	4.0319695555599244
1.5167317152940063	3.6135090305843285	4.505214437371742	4.505214437371742
7.6459629343849977	3.0592049523436455	504.19684717888799	504.19684717888799
0.91460366753944922	2.2634345379061243	0.81705876679139622	0.81705876679139622
1.860594506181191	0.57008319402785768	1.42470163252903	1.42470163252903
4.0714920721512033	0.33373536160957501	1.5977040497546942	1.5977040497546942
6.9053393117415718	4.889694899194331	12686.993854392374	12686.993854392374
1.2720702758365499	2.8145869194200488	1.9685914211098443	1.9685914211098443
5.3461338289467246	0.96906301524683258	5.0759398748644831	5.0759398748644831
9.8212164640105151	1.4940034708424201	30.359762984133226	30.359762984133226
9.0790722306324447	3.8529364479327919	4912.1645115198653	4912.1645115198653
4.6595608988702084	4.6832382777703865	1349.0214344019716	1349.0214344019716
8.1754497844824154	3.1056266204478575	682.21378134147085	682.21378134147085
3.8816639776346906	2.7789017187473224	43.333419215752784	43.333419215752784
0.23798535686157571	1.365353507192413	0.14085448434640174	0.14085448434640174
0.26721439063884345	0.68151745598081481	0.40681314580295741	0.40681314580295741
0.42668350559210283	4.7025943813018731	0.018219559385514904	0.018219559385514904
5.5947654705577223	1.9255470748639094	27.535262620156363	27.535262620156363
0.04894136107441479	1.9320243751407102	0.0029405067172667927	0.0029405067172667927
6.255566630055883	1.0011562449268947	6.2688421375763292	6.2688421375763292
3.9671769483544645	3.4877775791787329	122.28427347019633	122.28427347019633
2.7754324966206374	1.1945695117529038	3.385238729039425	3.385238729039425
1.0867704400106255	1.4791763410798286	1.1309781227544558	1.1309781227544558
8.68012051439087	4.3331795580252059	11662.740593106215	11662.740593106215
5.7734467971523973	1.7853549558827448	22.878737263979119	22.878737263979119
3.8703877487514573	1.9926335168321809	14.83130169011921	14.83130169011921
8.1767440383870422	1.7590616515720643	40.298157587355348	40.298157587355348
8.9349019330135544	2.7284542724652039	393.55460774972647	393.55460774972647
9.7547791384782414	1.4310968835109903	26.041500032122936	26.041500032122936
8.5730301996910345	0.57581202705863266	3.4459580299966617	3.4459580299966617
9.8904574467868063	4.0133609764248481	9866.4876726211842	9866.4876726211842
0.63835520674438295	3.3037168972536484	0.22697675024139558	0.22697675024139558
4.9658392905830704	1.8610291967010792	19.736160197832877	19.736160197832877
5.9934419775522532	3.7730416405511926	859.41926099416105	859.41926099416105
4.5439580686594319	4.465447526307039	862.45895523167962	862.45895523167962
8.7574137545076312	0.42420560439829735	2.5105051988258262	2.5105051988258262
7.0796466140071033	0.49225798520045372	2.6207463391299259	2.6207463391299259
5.4555330344137554	1.1521631951597735	7.0624712188854533	7.0624712188854533
6.246694831450621	4.409844094453045	3226.2181672609804	3226.2181672609804
4.5443922563600285	1.7573704896241953	14.30304773723018	14.30304773723018
6.3116726266837624	1.7286895397069908	24.16581055794142	24.16581055794142
4.9271673492730352	0.24889309782752525	1.4872455934149331	1.4872455934149331
0.91217255151184229	3.7777342183940799	0.70661282450010443	0.70661282450010443
4.7932197539054409	4.1239390431563132	641.01126709742948	641.01126709742948
8.8133836898649154	4.3334716417445804	12466.627710092596	12466.627710092596
1.5098379971120877	2.2926969793116938	2.5717756186721101	2.5717756186721101
3.9762805929201113	0.12174642604953148	1.1829984759061165	1.1829984759061165
1.2314111099071734	1.9870030268819614	1.5122763791779679	1.5122763791779679
3.7095785009666526	4.1700617234475565	236.65657807668202	236.65657807668202
0.90342653615973723	2.1266914720149717	0.80574512214832317	0.80574512214832317
1.8774478074609147	0.5674384853161486	1.4296605691246518	1.4296605691246518
9.959104958575697	2.5181736828376104	326.35638421061861	326.35638421061861
7.711606942257224	0.22499072615431281	1.5834318343138192	1.5834318343138192
1.324133223611599	4.2793364832632168	3.3249620857026612	3.3249620857026612
9.7554581953905988	2.8777530931092365	702.76568683098105	702.76568683098105
4.8742933986675787	2.3682677282695535	42.575425912633257	42.575425912633257
8.5422056371081663	2.2488010598711781	124.42729300039871	124.42729300039871
6.4965431480228855	0.96650946432464235	6.101901050543499	6.101901050543499
3.3363183507281029	0.40927622138249936	1.6374231972529776	1.6374231972529776
0.74713293148288284	3.8118930540745137	0.32915939501551933	0.32915939501551933
2.6531141232670952	3.3319862206803967	25.81956520937209	25.81956520937209
4.1266011812757482	3.3978822755909475	123.51247900865162	123.51247900865162
5.8678184039794559	1.9791266740761291	33.182772225664145	33.182772225664145
1.9720897111348621	0.0974941058955546	1.068448544378825	1.068448544378825
7.1501292140745853	4.950109036230911	16941.306820051101	16941.306820051101
6.6279862842727644	0.4440345270603091	2.3159106012608852	2.3159106012608852
0.073284464387020798	2.8875231703582456	0.0005280750093131101	0.0005280750093131101
0.76896753545502117	2.1016829312289764	0.57572461959186971	0.57572461959186971
7.5829952235425244	1.9743323426791368	54.58811693021152	54.58811693021152
0.28506685397027642	2.0468246143913258	0.076625185013672589	0.076625185013672589
1.1373467964831796	0.30698090175600873	1.0402986993690189	1.0402986993690189
7.3694327989670452	2.6090096046613436	183.29212303194205	183.29212303194205
3.7577818404073087	3.8280533639418857	158.80665754700584	158.80665754700584
3.6435922875634241	0.78379824303307322	2.7550282113993347	2.7550282113993347
6.4506320801852421	1.681890188327904	22.996519864894577	22.996519864894577
0.76452910259322815	4.3018118001404186	0.31505257066603759	0.31505257066603759
5.7675649671158427	2.181751123199918	45.740007466997071	45.740007466997071
9.6527590144531761	3.0737125735408526	1063.0056805682427	1063.0056805682427
3.5854299402492957	1.8786891731245947	11.010590859055284	11.010590859055284
0.40731342608245302	3.1693740374835002	0.058038774103352314	0.058038774103352314
5.9803347819802308	4.4811011335276865	3024.0258801447721	3024.0258801447721
1.19211767310696	2.2756139479519981	1.4916703887055323	1.4916703887055323
9.5009660771325404	1.3268680487861515	19.83210484760275	19.83210484760275
9.6368284590121362	2.2216713462697637	153.45401631695876	153.45401631695876
9.4243524298797237	3.2850798012399833	1586.6969417674761	1586.6969417674761
6.6748058636943677	1.4300438225605085	15.100223747096798	15.100223747096798
6.7000379968781987	0.27543982055370225	1.6886302845604346	1.6886302845604346
6.0359526054462167	3.5350697987365756	575.42797585950825	575.42797585950825
1.869196224991392	4.250106846395413	14.27454684560008	14.27454684560008
9.9419415722559705	1.0262773510375796	10.560442288811503	10.560442288811503
6.6579352121459916	2.091075804874154	52.68238684929284	52.68238684929284
9.254199723741058	1.0324277594263906	9.9466096027667774	9.9466096027667774
6.515700931997551	4.2582839668052248	2924.6754609451891	2924.6754609451891
5.4616214534770338	2.7158866157453456	100.57310387107577	100.57310387107577
8.0462881947332328	3.0591478914741002	589.31951173362745	589.31951173362745
0.32789822538767877	2.5632499800672486	0.057374401890147475	0.057374401890147475
8.1669103117620541	4.0163644684326361	4604.2244395787829	4604.2244395787829
0.35299289506296355	4.6973249972728448	0.007511207482108425	0.007511207482108425
6.0484196620586488	4.5656455502177229	3704.2470016713719	3704.2470016713719
6.1475931730360989	0.088449741333503903	1.1742505271483115	1.1742505271483115
6.2945032664033143	3.4480988821137699	568.71951162627136	568.71951162627136
1.658216228842893	4.7124059204775186	10.840225301462009	10.840225301462009
8.4407724288032622	1.7741016117822717	44.004403565961915	44.004403565961915
0.13530192125541912	4.5274674608054806	0.0001166828320548626	0.0001166828320548626
7.4989294007792919	4.8026289091788481	15932.970983696308	15932.970983696308
1.1735013709308131	0.93499059064324597	1.161359062970549	1.161359062970549
1.1183809666188373	4.2210058633296574	1.603606075024552	1.603606075024552
1.0948636466293942	2.4215606902270603	1.2454110527339048	1.2454110527339048
2.4838696757764382	0.89776656687064349	2.2632547011004314	2.2632547011004314
0.19713812638796788	2.8361974418604379	0.0099960921207027237	0.0099960921207027237
2.0927771308620016	3.5586085573589452	13.846102561065841	13.846102561065841
4.3125324685542319	1.0649225674899472	4.7417738086051004	4.7417738086051004
1.6831675329755709	1.2919996284275956	1.9595504364057754	1.9595504364057754
2.5587298893203601	4.40495278384721	62.708787404798471	62.708787404798471
5.353581830584881	4.8901890268758335	3657.7083277965785	3657.7083277965785
8.9175899955473277	2.2458163000320441	136.16996523181967	136.16996523181967
2.3116733995676637	2.9232189156146799	11.583418767311532	11.583418767311532
2.6714530346719494	2.0649753457624316	7.6071706042390925	7.6071706042390925
6.0793094480977423	1.7270467555391544	22.581507947442407	22.581507947442407
9.7039431549289787	4.5788419350361256	33043.040783611526	33043.040783611526
6.4349865896384451	4.8463071731919554	8288.3915169220709	8288.3915169220709
2.5895117397551881	0.57355364877055914	1.7258483245059524	1.7258483245059524
3.1616664924312712	4.5966342814536096	198.57806911167984	198.57806911167984
4.725224987852287	2.0194058977161409	23.010855104376496	23.010855104376496
9.3976996214991164	4.1892524845208161	11918.812448790552	11918.812448790552
5.3329577340941547	0.042484983570790502	1.0737056280451791	1.0737056280451791
6.3559826276224918	4.2720705030045538	2699.3122626126501	2699.3122626126501
7.9626747527403916	0.45202074010689952	2.554449642170677	2.554449642170677
0.82987466567442736	2.4173357218024467	0.63712704331139536	0.63712704331139536
0.69347942832766374	4.2249920654326791	0.21299438145285945	0.21299438145285945
3.4541890540154885	3.8157258335432904	113.28727616400404	113.28727616400404
6.2440034905797983	1.9886466190971883	38.185200768284304	38.185200768284304
6.6885417952945891	0.26009122776457427	1.6393114372464042	1.6393114372464042
3.6311307273048361	0.37148200405919451	1.6145276299483311	1.6145276299483311
0.97320319402429178	1.1410384381960588	0.96948204278666583	0.96948204278666583
8.77807255972359	2.4821466089700515	219.61148155338714	219.61148155338714
5.0922495742732208	0.99587884108497626	5.0582046140950094	5.0582046140950094
3.9362494576157432	0.80349086898347255	3.0070693667973698	3.0070693667973698
0.075201383829686344	3.9252166384943719	3.8809937149964937e-05	3.8809937149964937e-05
7.3705096560100349	3.0133128971571854	411.18897699969426	411.18897699969426
8.5267137834175415	4.0233262070250317	5556.9737755321075	5556.9737755321075
8.2167524254110873	4.4212854293471135	11070.077820289511	11070.077820289511
0.34249082623162203	3.9885325391578914	0.013929392238474744	0.013929392238474744
3.3371934329725272	3.1336384459184501	43.660430656008572	43.660430656008572
9.5118629178186076	4.103258435508879	10329.433511159366	10329.433511159366
2.7553982080513779	2.0692812123629687	8.1445154257347561	8.1445154257347561
7.4350098759804348	0.29278111549961339	1.7992635585482706	1.7992635585482706
2.842538889858031	4.4130442798564902	100.51398699980687	100.51398699980687
4.0057401856963297	3.5974330577587472	147.26886728051863	147.26886728051863
7.8525632944876467	4.7235398076130455	16889.709965559501	16889.709965559501
3.9033775150619689	2.673627441792795	38.13218584331721	38.13218584331721
5.2175269120014924	0.69477087041945329	3.1511826207616207	3.1511826207616207
1.3985219979163845	0.030230461392098531	1.0101913610829261	1.0101913610829261
5.8683213420870972	3.6506573204134964	639.11770455924216	639.11770455924216
6.1286415059280488	2.1429639432013898	48.673561984175471	48.673561984175471
0.39146859365990017	1.2356978846739879	0.31383144221004822	0.31383144221004822
2.443704755894808	2.34495405777098	8.1274901814690743	8.1274901814690743
1.4887420817886119	4.1418602818156556	5.1974949539794473	5.1974949539794473
1.046297717227149	3.5948375887785429	1.1766777230290393	1.1766777230290393
3.1961579328242622	3.9310122263954179	96.316290133724181	96.316290133724181
2.8968905415496731	1.8510163698225601	7.1621572585231288	7.1621572585231288
9.7250311511433374	2.3963713746227069	232.99881719028863	232.99881719028863
4.5560288922317307	0.83415873638984406	3.5429551707499107	3.5429551707499107
1.4448432380341312	4.6987436308369581	5.6358137983787762	5.6358137983787762
9.8508879964215055	0.20644239016831034	1.6035977280258258	1.6035977280258258
7.669111664419975	1.8255115792919168	41.22041444896265	41.22041444896265
9.0765989674185885	4.9535858003595283	55610.205593811035	55610.205593811035
5.0852129654917464	3.9144921690933461	581.89097237639737	581.89097237639737
7.007819262713193	0.91451881222391851	5.9333704243940497	5.9333704243940497
1.9909738322366586	1.368120735610959	2.5654159057268715	2.5654159057268715
5.9061419146345449	1.4507676883925702	13.151725757935184	13.151725757935184
9.7048164559245809	0.3133885199718322	2.038498974769956	2.038498974769956
9.5023843455203263	0.59361443308247175	3.8058839367925645	3.8058839367925645
2.5119100644621115	1.9142220161216663	5.8303768692805438	5.8303768692805438
2.0687430656291754	4.9911464282134936	37.647630400980638	37.647630400980638
9.3855034599404235	4.4852066778937836	22997.10697821169	22997.10697821169
6.3682105013635226	4.5363100623595409	4438.8684034119678	4438.8684034119678
7.3764038449128506	1.9257315158801878	46.906806007067232	46.906806007067232
2.155789207104291	3.8479889598001318	19.218227652512258	19.218227652512258
2.2285666224524405	4.6831092973135178	42.642437823531516	42.642437823531516
1.7943729776175679	0.2572245513018398	1.1622848730412494	1.1622848730412494
6.5568497006282183	1.7776534017423804	28.300952434311966	28.300952434311966
3.9772929292977626	2.8176723621097728	48.914919999924997	48.914919999924997
7.1721031456844253	4.1859332920050401	3816.6231700630233	3816.6231700630233
9.5472296836247867	3.8453774614955933	5861.3594657939375	5861.3594657939375
4.5902278322121424	4.2327391122764029	632.95331919255068	632.95331919255068
9.4311840988127322	2.8478951987369379	596.29678224472684	596.29678224472684
5.5338274547051629	1.4091713211536103	11.144238185187934	11.144238185187934
3.9172901058695135	2.5753673492195936	33.663254628282864	33.663254628282864
1.9927940259814014	4.7258227341371795	26.013948580345051	26.013948580345051
8.0785917098908957	0.53974636426005773	3.0883827879967032	3.0883827879967032
4.3721133462218962	4.4326553914679288	691.77401326854647	691.77401326854647
2.68564667862961	1.8274586287440109	6.0823172907219867	6.0823172907219867
9.9334653576976493	0.38678831526249235	2.4303394214231044	2.4303394214231044
5.4427355894537053	0.21399353988354755	1.4370111409378628	1.4370111409378628
6.120421816238137	1.2788521280990652	10.143247195835283	10.143247195835283
7.4708397827464958	1.8484320172318378	41.149447069437535	41.149447069437535
8.9741995832273975	2.0164869133805747	83.50325516432757	83.50325516432757
6.3694118156074477	4.5061297979838475	4201.2250643599018	4201.2250643599018
1.506626814894356	1.086181856485479	1.5607974749517479	1.5607974749517479
6.4200135938033398	1.3709436813251255	12.796355735932877	12.796355735932877
4.7396894951671573	3.312765005037261	173.2210201380345	173.2210201380345
1.1057537365508265	4.5749792310082356	1.5839313134760342	1.5839313134760342
4.2961818855622544	4.3385116116656777	558.00291781656813	558.00291781656813
7.202033307389053	3.9645932854228194	2508.7699162926147	2508.7699162926147
7.4603233868114307	4.224405521315167	4862.7534445450092	4862.7534445450092
4.8963725241280081	1.7793632300064652	16.8864062653353	16.8864062653353
6.3213394695157561	2.3845068498969941	81.196033971882287	81.196033971882287
7.945925866851935	0.11705348770758343	1.274573997459661	1.274573997459661
7.7460630892314795	0.86085464116574983	5.8259872643731478	5.8259872643731478
3.3706435180089085	0.41486472475732505	1.6555009538636285	1.6555009538636285
9.4939710768886947	4.1607549890076818	11665.980452432521	11665.980452432521
7.7120614915303562	1.3209361632761092	14.855783955992065	14.855783955992065
9.3219521878255094	4.5267726623538049	24475.817151797284	24475.817151797284
7.9641100234430775	2.3209407880946373	123.44860931227392	123.44860931227392
2.6646207615176252	2.174154611638067	8.4216499125813247	8.4216499125813247
6.2580963223870931	3.8242426765889665	1111.1902357750055	1111.1902357750055
7.3806640117121134	4.0010565546385992	2973.712183678836	2973.712183678836
7.5669137605721062	0.47575560950436757	2.6190907212102901	2.6190907212102901
1.0651098336469564	0.31813408397430043	1.0202699382020255	1.0202699382020255
2.5480161443283862	1.8930758017179896	5.8745081250718725	5.8745081250718725
2.8073012685908347	0.25203609158247814	1.2971345075534664	1.2971345075534664
8.606968420027048	0.36463320429029505	2.1921861390088333	2.1921861390088333
6.5821035641400281	1.7368497598377655	26.386181913816678	26.386181913816678
2.7365229733486744	1.0117597097283295	2.7691114342579128	2.7691114342579128
8.9731279282489069	2.2394088443847933	136.15415746699477	136.15415746699477
7.9278483845709458	0.90644129309638943	6.5317796505341352	6.5317796505341352
9.9281535824525626	4.9797746938544449	92083.212848522016	92083.212848522016
3.5695172344069266	0.75625675644110912	2.6176685507519677	2.6176685507519677
3.3297901990189254	4.5060941086829036	225.97457754290625	225.97457754290625
9.880265498682439	2.9159302261094351	795.56537317622463	795.56537317622463
4.6713378534304635	2.3282143290354669	36.191182841813792	36.191182841813792
0.33280478508388334	3.4303969218958104	0.022957285972213741	0.022957285972213741
0.61406126025208752	1.4791292999946797	0.48611354174367388	0.48611354174367388
8.1644974129294567	2.9880923278457927	530.79816191404018	530.79816191404018
8.8788906689918896	3.5000266177977628	2085.8387062495754	2085.8387062495754
1.443998371019841	2.3741643205487746	2.392420822957142	2.392420822957142
6.4528057766811795	2.3369055167352961	78.037968496364897	78.037968496364897
8.9611348269844182	0.48571514022744988	2.9011964258328224	2.9011964258328224
5.1105655983868807	3.3333158676179946	229.90628829267425	229.90628829267425
5.1411164075699824	0.16018910256993826	1.2998811704466879	1.2998811704466879
4.790973802833955	3.6701079261729115	314.21634122798542	314.21634122798542
5.069899047591476	4.4854737975944623	1452.9676332989873	1452.9676332989873
9.5612757352183788	4.0542556128761902	9446.302730521902	9446.302730521902
5.6870038191456089	2.8763930858788478	148.36851069035933	148.36851069035933
5.0985231963509081	1.2306754965299738	7.4239405875560847	7.4239405875560847
5.2223550789576798	0.3580022247275797	1.8071648350341625	1.8071648350341625
2.5690555897408016	2.4198497302960797	9.8082222366774818	9.8082222366774818
0.028220871535177931	4.6148440450096251	7.073333544757704e-08	7.073333544757704e-08
2.0418461566765993	4.9081401001081328	33.238116184153505	33.238116184153505
2.5842928294582936	1.0977075892429398	2.8355064414799274	2.8355064414799274
4.4395300548214092	2.1093039658873298	23.196929483226654	23.196929483226654
8.7666055309383584	4.1388481969445552	7984.2901249152001	7984.2901249152001
2.5364699165214404	4.5944411827089855	71.979637225949674	71.979637225949674
8.4895922650163786	1.9576275725393988	65.828578232319245	65.828578232319245
7.3520558963029403	2.210584279761755	82.275337727247589	82.275337727247589
9.6509121976070453	0.31802083450106577	2.0564267896200863	2.0564267896200863
1.1910591256949552	0.24917037839605335	1.0445285964319695	1.0445285964319695
0.57897340798524688	2.7899733728436837	0.21768267305116129	0.21768267305116129
0.58621726818522291	4.4092213768674213	0.094911547196341192	0.094911547196341192
3.3976515945817853	4.2381941695621101	178.33602210150224	178.33602210150224
8.6118520415509181	2.7159448581383216	346.47403445329269	346.47403445329269
6.6756392696180358	1.2217575798622289	10.170221277861952	10.170221277861952
6.7878603038033338	0.57897949981105523	3.0307931429365067	3.0307931429365067
1.4411998390852192	3.4754675065700065	3.5615645247005099	3.5615645247005099
9.8912332640037874	4.8262117923653474	63575.44793082634	63575.44793082634
8.2035653791946181	2.5133099714879554	198.23117632542562	198.23117632542562
9.6890492868443836	1.3980660851589619	23.926889689871732	23.926889689871732
7.4553669099077249	3.6922124647228625	1664.7192336368585	1664.7192336368585
5.0104786781714763	2.5527123358013282	61.177301176414147	61.177301176414147
8.8515774558717037	2.053568921188849	88.058690701538154	88.058690701538154
2.5754169247179464	3.179764591360652	20.248762069889384	20.248762069889384
8.9709382373572595	4.2977336615845143	12446.389095595912	12446.389095595912
6.7862323507846769	1.5877524928469211	20.913204369767957	20.913204369767957
6.8887484844153457	1.8878647771375776	38.220433138004047	38.220433138004047
9.8957939176484508	3.1317055155894025	1310.5641004008457	1310.5641004008457
4.1421560804447299	0.26060799652525102	1.4482853946115881	1.4482853946115881
3.7204522241449705	2.6783016120953347	33.746401460822106	33.746401460822106
7.0444218527604718	1.6036256221101715	22.888985071879652	22.888985071879652
8.9424164295721607	1.1573571975402626	12.623307606495157	12.623307606495157
7.3846625285909884	1.5178380666055502	20.796263903513442	20.796263903513442
8.2031387946496608	2.1620977846827341	94.648614811761618	94.648614811761618
5.3605210863245905	4.8879116559408615	3666.903132241966	3666.903132241966
4.7408735724227471	1.6667993641341508	13.38197788567917	13.38197788567917
3.6008375056523745	3.5108237598306768	89.832753227342081	89.832753227342081
9.8139429510592606	0.01125374359651448	1.026034473455524	1.026034473455524
1.3358021639415041	4.5876146140331526	3.7744744620816428	3.7744744620816428
1.9791043062440736	4.7445131741934228	25.503487694932907	25.503487694932907
1.9772832266034071	4.1615107750465956	17.064510838953588	17.064510838953588
5.6826864682922062	4.6209306635201202	3067.1873751447756	3067.1873751447756
2.1037054462543474	2.7594992111596546	7.7853234962071332	7.7853234962071332
2.2823690891873296	4.6660510988762969	47.016123096476782	47.016123096476782
1.0362967760464521	3.0353023248349613	1.1142921411409488	1.1142921411409488
3.4190502111964256	3.6382413583875666	87.59453153690049	87.59453153690049
2.8452264827323015	4.3250244423915056	92.0590402526514	92.0590402526514
9.1743745947627513	1.786147942578207	52.396705250705175	52.396705250705175
5.6471572212703229	0.34119771056620707	1.8051888129021731	1.8051888129021731
6.4423505604918976	2.2154680610255513	62.00288883608016	62.00288883608016
3.1696886706678513	2.2917410220826309	14.066961936126139	14.066961936126139
4.5552150461086214	2.6608820481972688	56.521602806293913	56.521602806293913
0.33819876197767929	2.9164574279252733	0.042349688612593486	0.042349688612593486
8.7616927810338865	0.86223675498482732	6.4973167057060159	6.4973167057060159
7.9272257992936819	1.3965499604091349	18.016387597687039	18.016387597687039
5.4695184039864966	4.4576004929595143	1947.5213098438769	1947.5213098438769
8.579132867456071	0.34923942996189783	2.1183379116102476	2.1183379116102476
7.0283884979749853	1.0951007206203287	8.4604283592675191	8.4604283592675191
6.7839042682624475	0.54047605217449268	2.8144586442381541	2.8144586442381541
5.7922345919714378	3.0434926090351104	209.75706516623615	209.75706516623615
2.833895031208169	3.0181075376676048	23.192247402236177	23.192247402236177
2.8291436565562571	2.4246671141521499	12.448385422276125	12.448385422276125
2.3538978508349557	2.9332950083824634	12.318639545953859	12.318639545953859
5.1041023587764283	4.7614738309314735	2348.2243090402344	2348.2243090402344
1.2043975658075259	4.7902274965365219	2.4372834968001813	2.4372834968001813
0.36620599628982958	3.9604000895618947	0.018714500405538535	0.018714500405538535
3.3292057153054988	2.5537157784802087	21.572948785875248	21.572948785875248
1.0800406040920802	2.3095763675338072	1.1946272737399306	1.1946272737399306
2.2110160196124458	4.484382857146902	35.097966950534868	35.097966950534868
7.3939387639059024	2.81960100605433	281.76251767620607	281.76251767620607
2.6007594648092751	0.46088892660076602	1.5535136728050811	1.5535136728050811
9.0780110058299819	4.2918165063650768	12927.671871343842	12927.671871343842
3.2796483175736406	3.9419995314101248	107.9918249800796	107.9918249800796
0.64646754669495077	4.7734901515882671	0.12463690923179617	0.12463690923179617
6.5124286122568584	4.3093247384457998	3211.3137283436481	3211.3137283436481
3.4253908155533552	2.2592878097105724	16.145967576066376	16.145967576066376
1.729464699055171	2.6793951489982959	4.3396975188008495	4.3396975188008495
2.4308135351564544	1.2488971418463024	3.0322438789104664	3.0322438789104664
9.3499133296869434	0.6808783513174671	4.5814385730836191	4.5814385730836191
1.4674790049107886	4.5263303321816508	5.6749158740296206	5.6749158740296206
9.6901364555340468	3.7167423107556221	4633.7654265737265	4633.7654265737265
3.5156498473034619	1.8686918895740756	10.478913652654459	10.478913652654459
4.4221696523641558	0.085110840698510798	1.1348816441016969	1.1348816441016969
7.8196593118162347	3.7080238658223101	2050.9817593660614	2050.9817593660614
0.31154277438920375	3.6893799769917592	0.013533006218876688	0.013533006218876688
6.8669749850019226	0.33116914054963575	1.8928269029513736	1.8928269029513736
4.0137975710268137	1.5119503274555999	8.1760941561405467	8.1760941561405467
2.3690851775384645	4.9236911593586701	69.874636328033716	69.874636328033716
4.1733964823052521	4.3401803527665681	493.21578696871654	493.21578696871654
8.7007869398567941	4.3329160132475435	11776.824886484128	11776.824886484128
8.9459589104740314	3.90754292849594	5230.256165629974	5230.256165629974
8.9511509453138878	3.4163755725362637	1786.3878505036803	1786.3878505036803
7.2902575073939859	3.9947121585117351	2795.1777308794603	2795.1777308794603
8.1846920575442041	0.24893761433961659	1.6876431672530121	1.6876431672530121
0.9113001379752077	2.8215797598598051	0.7694519849856587	0.7694519849856587
7.9873808790176257	0.13787565366201102	1.3317404641619954	1.3317404641619954
6.446233246004387	3.6087090254204091	832.81765463881652	832.81765463881652
1.6863283494573609	2.977785492072647	4.7400728399374321	4.7400728399374321
9.8187681036294379	0.62898057750432501	4.2071169692134731	4.2071169692134731
5.8122262701013216	4.074596416231647	1301.3294684488835	1301.3294684488835
3.5768741219202833	4.4710068741899969	298.34492434613855	298.34492434613855
9.8039579112171698	3.4089873578901351	2397.0382776276588	2397.0382776276588
0.98511110045768679	2.2277237992507142	0.96713445029524803	0.96713445029524803
4.0908869222520829	0.31664704713043756	1.5621768471766702	1.5621768471766702
1.1262300991497507	1.2446277166764461	1.1594620991196842	1.1594620991196842
7.6351887613492071	3.2817153228987364	789.15660196525926	789.15660196525926
0.31544467398453357	4.6062251836353312	0.0049195731301880288	0.0049195731301880288
8.274733778297497	4.7704755957654736	23884.887711974938	23884.887711974938
9.3591565201880318	3.2463031173642456	1422.0954947675575	1422.0954947675575
6.3111249572875838	1.0060896408444042	6.3823283285222265	6.3823283285222265
4.5174288044576123	0.1177818818052518	1.1943574741439316	1.1943574741439316
3.5087122023675379	3.2846220551212091	61.745358117695197	61.745358117695197
1.3699510515795952	0.44032232452630266	1.1486673729322798	1.1486673729322798
4.0339309105156627	3.7053138763348814	175.5553432668703	175.5553432668703
8.0382608857806446	3.1320309072657389	683.90482058685302	683.90482058685302
9.1901979861567398	3.2452341746253737	1337.2566969791201	1337.2566969791201
9.449312810384134	1.3988163882112508	23.14226281664261	23.14226281664261
2.2991687674300993	0.59817360647855466	1.6454403389521717	1.6454403389521717
4.940271645258135	1.9501518184134583	22.53821108223217	22.53821108223217
8.7266220561386838	2.5157727797752916	232.78509952589667	232.78509952589667
1.8396149511223705	3.8197020949770817	10.260724128780174	10.260724128780174
0.41570196721610475	0.029047109534026113	0.97482514119212205	0.97482514119212205
9.1630005900172975	2.0068731179878658	85.248673076291425	85.248673076291425
8.8911604445222618	0.03982772865827245	1.0909249126945744	1.0909249126945744
4.0830778189135533	1.3970045259943142	7.1376052016033578	7.1376052016033578
1.5521723449321809	4.7839901489068097	8.1932234325069864	8.1932234325069864
1.2113614588868871	1.5712060834707986	1.3515752349155996	1.3515752349155996
8.2214372996886773	1.98253917596912	65.150800528478584	65.150800528478584
3.8642248121064315	4.5935616442485392	497.40168653238112	497.40168653238112
4.8021068487779059	3.5186866807512986	249.88780689499791	249.88780689499791
6.4582683470482127	3.2400706462556634	421.53472018226881	421.53472018226881
0.43456411582737242	2.2911952386559391	0.14815309581467845	0.14815309581467845
8.5451137052150585	0.080323038233439836	1.188060093044613	1.188060093044613
5.974441192864913	0.84899617578969233	4.5611402976646787	4.5611402976646787
3.4166085870793106	0.12817891854423927	1.1705653362359913	1.1705653362359913
5.3535946718952214	2.2684239756765163	44.965237600285434	44.965237600285434
0.71653117491528717	0.92904461048178355	0.73368044021637024	0.73368044021637024
5.4790920836964174	3.1591055862560093	215.60481872694865	215.60481872694865
0.55176035580042959	3.8286850142464606	0.10262282901827569	0.10262282901827569
3.5574897867764816	4.806278406110124	445.60482122254052	445.60482122254052
7.3443636512549313	2.6045299609575743	180.054337166506	180.054337166506
8.047227138505507	1.7560665478347872	38.938130914693062	38.938130914693062
8.822694828552633	4.608186693796867	22777.556496412413	22777.556496412413
1.5303816075041068	0.38320889250652812	1.1771096030974935	1.1771096030974935
9.8906466019915715	2.3679364915405925	227.31539418120795	227.31539418120795
8.4853962807156122	3.7272769078683248	2893.4646617132466	2893.4646617132466
9.058533384810719	4.265837120925867	12096.314527349858	12096.314527349858
4.3322599880332797	3.7356862212090132	239.09232104465474	239.09232104465474
2.6777131840253423	0.092226223453433509	1.0950931528100709	1.0950931528100709
3.6194043218985579	3.9520509545982168	161.34751718641181	161.34751718641181
1.1669897075373352	3.7745076117770981	1.7912037884281153	1.7912037884281153
0.85093834120825262	3.9442134236295812	0.52905779167161182	0.52905779167161182
8.1297349517329742	2.9193011943649498	453.71912199119589	453.71912199119589
6.0848137142745893	3.0851845008417107	262.75293409604035	262.75293409604035
1.0834789887309091	4.7021876015964752	1.4579159720536148	1.4579159720536148
9.7226242324997543	2.0100596413373624	96.717207783732874	96.717207783732874
9.1471212995498039	0.39223863662987496	2.3826096558318723	2.3826096558318723
1.313451579712076	0.58896971306139922	1.1742006032788039	1.1742006032788039
2.6895531042047933	3.5351600832103713	33.036042929049529	33.036042929049529
5.5098242822579326	2.6678189874154357	94.890199172471227	94.890199172471227
2.7842803200288935	0.94311197525289425	2.6267220268749152	2.6267220268749152
9.652811173854932	4.0670082220402017	10106.368836962338	10106.368836962338
6.377555466809266	3.2973971063725402	450.05394949072576	450.05394949072576
3.1752839533644881	0.17886667180204582	1.2295669413360966	1.2295669413360966
6.228451738866374	0.7954459044910035	4.2843643812041048	4.2843643812041048
5.0825370009671982	0.075621238588286205	1.1308231368614579	1.1308231368614579
4.5451070969765404	3.09237065699759	107.98666913935692	107.98666913935692
4.6745000772847582	2.1790124547019465	28.797930522971452	28.797930522971452
2.4432502887064449	2.2083714659074816	7.1908026502209026	7.1908026502209026
1.8191244028671947	3.1064558216066636	6.4158036556190465	6.4158036556190465
2.5441658342138043	4.3997298609234798	60.854160752971396	60.854160752971396
0.40543696098345677	2.2927483235788797	0.12620218968262367	0.12620218968262367
1.7324398945917343	4.4221362024636583	11.360016457198757	11.360016457198757
1.5160976159822894	1.4250720909129688	1.8094610484888705	1.8094610484888705
8.9226379587660354	0.63815329263567966	4.041665906713547	4.041665906713547
9.2660420461805497	1.272637185333185	17.002218687579951	17.002218687579951
3.7855738484122243	4.753972720771829	560.30234357123561	560.30234357123561
6.1287995836648648	1.3530493668783337	11.62405920504292	11.62405920504292
8.4869168267562021	3.2804133000635058	1113.4832167601369	1113.4832167601369
4.314339909863147	0.55564075942084834	2.2531198633895126	2.2531198633895126
5.7718759182810508	4.2316195394453571	1665.7270354444206	1665.7270354444206
7.9250955397738405	3.474936242017125	1330.4033854262627	1330.4033854262627
3.5660069130905594	0.31132755233106563	1.4856261210125434	1.4856261210125434
1.4378059097832974	2.2789023612837886	2.2876179983814606	2.2876179983814606
3.8527030606104913	2.8166968042230112	44.660534732791604	44.660534732791604
1.2553330981730815	0.74398902036057257	1.1843378158086717	1.1843378158086717
1.4241397087488596	0.93291331682147882	1.3907570224241994	1.3907570224241994
8.0525164586481566	1.215388379412309	12.61998285494273	12.61998285494273
1.733569385146261	1.3646831036652529	2.1187467902509778	2.1187467902509778
2.0071511790538867	3.2332140353521277	9.5127520549006714	9.5127520549006714
2.978630339923773	4.5987431079830934	151.31452297362017	151.31452297362017
8.1192031744952846	1.8672271934418185	49.919263664653023	49.919263664653023
0.6406805600539307	1.3831117456471862	0.54021128445405431	0.54021128445405431
6.5423900565566653	4.3805715831897025	3744.4827861724734	3744.4827861724734
0.097258654077195542	2.9507181275723275	0.0010319568931931916	0.0010319568931931916
1.8243619640302089	1.1591855158182105	2.0075949740197618	2.0075949740197618
0.5141582605421281	2.4758682234627338	0.19262550536497375	0.19262550536497375
7.2361438304720407	1.6272822420630482	25.041525854378687	25.041525854378687
6.0490932769428145	4.5408090860348498	3544.1029764077657	3544.1029764077657
0.099845170546510875	2.4191639702702954	0.0037949677111463803	0.0037949677111463803
1.4328646629771882	4.5720537348650021	5.1781954829371513	5.1781954829371513
4.8050020178863555	0.91926439739237154	4.2330815272064921	4.2330815272064921
0.71899734597918341	3.6331133812208676	0.30162962228904405	0.30162962228904405
7.426748849452288	1.8550085624068124	41.241942690059027	41.241942690059027
0.75324929710635469	3.0832714574763092	0.41741563702295598	0.41741563702295598
3.5933786996949566	2.8430954148685728	37.961905289990227	37.961905289990227
0.77145413307870636	0.95807215663549683	0.77989287764551718	0.77989287764551718
0.7222573577380299	0.59270672550080516	0.82460465680591633	0.82460465680591633
8.4473608256313106	0.90217686683969367	6.8559286478460244	6.8559286478460244
3.7415162627358383	0.82530299484606839	2.9712413555482069	2.9712413555482069
5.9224266677574953	0.7588871934137833	3.8569154909848935	3.8569154909848935
0.170766912259954	4.4234557882825793	0.00040232018063611236	0.00040232018063611236
8.0307525568125353	1.1984282977231111	12.141867412595959	12.141867412595959
4.3694629424628175	3.1635742657165626	106.17975796422692	106.17975796422692
4.9500507939739782	0.91731835282071694	4.3368877830860901	4.3368877830860901
2.9923278278379488	0.81902463703620698	2.4539360392560474	2.4539360392560474
8.1467173976209715	4.5568864609914232	14165.911029164137	14165.911029164137
4.5656188079387325	4.3233570395778527	709.99035403263508	709.99035403263508
6.2533483292515815	4.1111216754401694	1874.6312457038844	1874.6312457038844
0.080037366333631316	0.27361420892398081	0.5011010631890952	0.5011010631890952
2.3202717791804508	1.3170517071069554	3.0299368481427771	3.0299368481427771
7.4273467038448384	3.8112393244591218	2084.2779352835264	2084.2779352835264
2.2256977719419697	0.7299381890778649	1.7932004627118441	1.7932004627118441
9.8855011071456396	2.1579163254334004	140.32140191103133	140.32140191103133
2.7255914365527367	1.7882408260461031	6.0077064254543409	6.0077064254543409
1.388353297760532	2.491785947044685	2.2650588384207806	2.2650588384207806
1.5178990434551984	3.2492901115585084	3.8807058155129415	3.8807058155129415
3.8953380885955093	4.6679415623690756	570.99234351190148	570.99234351190148
1.8514892755039678	1.3347475189429348	2.2754812383209164	2.2754812383209164
6.8585440988665898	1.9745393865824301	44.789157445264962	44.789157445264962
5.7681423853436886	3.9588346454933805	1029.9486522639222	1029.9486522639222
2.3295498080846371	3.4760079607020651	18.907773779685872	18.907773779685872
0.14399506918872854	3.690228845151589	0.00078362830196536317	0.00078362830196536317
5.2838347752813011	3.9940021989355694	771.72187298345273	771.72187298345273
5.8627934189386206	4.4681094041022664	2703.8048915803915	2703.8048915803915
6.2371273561940779	3.376949763833121	483.75236118584769	483.75236118584769
3.4712733332385675	3.1903708884958375	53.010240114290916	53.010240114290916
6.5169839242896135	1.7042071284334372	24.39518429152416	24.39518429152416
1.272298531876292	1.989762289075844	1.6147574609497062	1.6147574609497062
2.6367527688329746	3.9719833388299093	47.041448267238252	47.041448267238252
3.2931198621435893	4.8170289491187628	311.40852427839349	311.40852427839349
1.4675043291200318	3.3479792902379812	3.6116391452133594	3.6116391452133594
9.2079512052460526	0.23081519080958757	1.6693348841498683	1.6693348841498683
3.9143430132018517	4.8201179547069808	718.92851453712683	718.92851453712683
4.6733718738580148	4.0643662787389427	526.77235493344403	526.77235493344403
3.7697863302772512	1.7400438093548953	10.065059984311185	10.065059984311185
7.2971429515898958	4.3820274314212941	6058.4214940238417	6058.4214940238417
2.134822951874122	0.9896037853591424	2.1180575037201819	2.1180575037201819
4.0574387573792485	4.2870080785098477	405.11761151288533	405.11761151288533
3.3794267763350563	4.0943844418629354	146.31428133880678	146.31428133880678
1.925437481470732	3.3793894427028706	9.1524154165455442	9.1524154165455442
0.35384642957984414	3.5359710982871055	0.025387634412800737	0.025387634412800737
6.6433638881341235	4.7426057796325409	7948.0808900520933	7948.0808900520933
9.2917654956331202	0.040517769584438243	1.0945237291164447	1.0945237291164447
7.92064067098541	1.7520644962322867	37.556579561910041	37.556579561910041
7.8906010466293628	2.9863054514050424	477.57846970274443	477.57846970274443
5.7492607617392411	4.7450662041995439	4021.6962101672361	4021.6962101672361
9.4618634580098782	3.6811197799260849	3914.5969086694668	3914.5969086694668
2.168223860799718	4.1954318630648695	25.709991432911821	25.709991432911821
1.1706244201806846	4.2286790995006154	1.9467760239613443	1.9467760239613443
9.0566264424745277	4.6038104827133361	25450.258409971317	25450.258409971317
5.3601337737806105	3.4804291230709938	345.01985918064923	345.01985918064923
4.4342636084204683	0.34506097120979196	1.671832861975413	1.671832861975413
9.7963149499788145	4.8878305156543362	69846.829845735148	69846.829845735148
0.71884544037691511	0.84283146235715034	0.75712555959778682	0.75712555959778682
5.144815999957336	4.8309316195122474	2732.6190271652117	2732.6190271652117
1.5660792963903187	1.2534757048527314	1.7546653514509689	1.7546653514509689
4.1100223911899558	0.18147643498529731	1.29240388502295	1.29240388502295
6.125597971813086	0.54908036176541564	2.705252317849562	2.705252317849562
5.6274224744690882	4.2524707307510123	1551.2052852893189	1551.2052852893189
0.87370398804489224	1.7835985670101839	0.7859908344955604	0.7859908344955604
3.5196903903887988	2.0059295077285983	12.481001267978385	12.481001267978385
2.3236818917568085	1.6178246134461971	3.9120971879389912	3.9120971879389912
9.6896217891662353	4.3300094650605336	18651.677214648811	18651.677214648811
5.1418398369546665	1.4990002767760471	11.640372956950342	11.640372956950342
3.3427121060479403	2.5908692234478545	22.796695711580654	22.796695711580654
6.920440502311016	4.0959730786975648	2761.6280059076366	2761.6280059076366
7.3825634171259242	3.826063807141955	2098.0512495299326	2098.0512495299326
5.1983141075354569	1.4977794185156572	11.808755922424425	11.808755922424425
0.81747308991412526	4.5964039283074083	0.39599772560363811	0.39599772560363811
1.9349272284242613	2.9636021127608529	7.0722877279391678	7.0722877279391678
3.474868385487734	0.61580645643339949	2.1533436031123938	2.1533436031123938
7.4388895482398754	3.3275741971899593	794.342685517409	794.342685517409
4.3604625234929077	3.0142338122328405	84.664366104448803	84.664366104448803
8.1276756880498109	2.1859265687801659	97.525830229857903	97.525830229857903
8.0314471901486844	3.1694216081148041	737.34891602021253	737.34891602021253
6.180167952894279	3.5807997780306238	679.85080909910823	679.85080909910823
1.8687420969771786	2.0748383542359603	3.6594940544547203	3.6594940544547203
5.0876315637656253	1.8654836192382043	20.796649741441804	20.796649741441804
0.56720185336267692	2.8420036056849032	0.19958205430027803	0.19958205430027803
4.0018584194741926	1.1316728858383456	4.8035604285655111	4.8035604285655111
8.9044533266178618	1.4587369316328291	24.278798091671327	24.278798091671327
4.0664261247976441	0.027977578603491073	1.0400262512151677	1.0400262512151677
9.8939980550682289	4.617048041707787	39416.63223590167	39416.63223590167
6.7975801227147414	3.6782181118420185	1152.3404091161663	1152.3404091161663
5.1847065841338713	1.556108737483743	12.94757832629724	12.94757832629724
8.4623564872953274	1.5756807461239193	28.935447927114222	28.935447927114222
3.4944183874086372	0.73058817861219938	2.4944986882636964	2.4944986882636964
4.7376701659173364	0.58607665756023919	2.4884720826163336	2.4884720826163336
3.656798497643071	2.3221161320997736	20.304204805218109	20.304204805218109
0.738153216135643	2.687465167297471	0.44223015732361204	0.44223015732361204
7.1331617610228033	4.1221497444481408	3291.216701461507	3291.216701461507
7.4729642438716679	1.6410555379832634	27.130035869418126	27.130035869418126
6.9871400021763144	0.77346737974453972	4.4981929412448602	4.4981929412448602
9.3306864707969446	1.0691178567068318	10.888096103913735	10.888096103913735
4.0371152065533344	1.3730306725874271	6.7944494062530012	6.7944494062530012
5.8643867989936851	2.1798620287832509	47.27366699899256	47.27366699899256
8.0256257496666787	3.1564550822023656	716.05607380918457	716.05607380918457
7.0933434573058562	2.3550110432019871	100.87033766234818	100.87033766234818
2.553614433468427	4.7627035367439481	86.928083218546533	86.928083218546533
7.2236260479350944	0.54583037177882832	2.9426235091360389	2.9426235091360389
0.29507090847206063	4.045138682150105	0.0071742870823197956	0.0071742870823197956
5.5812339385680554	3.8885065467350599	801.06060476258006	801.06060476258006
1.2410038060761621	3.8509627068433461	2.2967660651623554	2.2967660651623554
4.8683642680803878	4.0181971814460047	578.15022529515466	578.15022529515466
6.4582965960096272	4.2979694667777952	3032.9298709737877	3032.9298709737877
4.2990475434019162	4.6384379579273158	866.67820816208655	866.67820816208655
6.709031163254342	4.5813031664188699	6126.0311567754079	6126.0311567754079
3.0144428599567599	1.4489262956754971	4.9469293110447499	4.9469293110447499
7.439076270582536	4.5378806751809702	9012.583055249328	9012.583055249328
5.4287450428220261	4.1667681267580523	1151.6545652446464	1151.6545652446464
6.7169402006256815	1.3153445615354278	12.246599353423614	12.246599353423614
1.9291972483727018	4.4129752175789907	18.170212763445296	18.170212763445296
7.6185976812115888	4.2833019949468181	5988.76289432467	5988.76289432467
3.6345769441429132	0.69036557123794628	2.4373508784937301	2.4373508784937301
0.22300149220533605	2.9391332278865212	0.012150375783129153	0.012150375783129153
8.0617146021601762	1.957818726401622	59.514196660028219	59.514196660028219
8.561548355185856	1.765782157333136	44.328622574548078	44.328622574548078
9.5932288222679887	1.3085427233384381	19.272714960084365	19.272714960084365
6.9787895030697387	4.7047397367810779	9327.5108233206101	9327.5108233206101
4.3259275667486179	3.757287074634629	245.43264031801152	245.43264031801152
6.3398691061586714	4.0003505516899267	1616.5991141276979	1616.5991141276979
3.2280847590976607	4.3396585338663654	161.67661432181015	161.67661432181015
5.7907657345630827	2.591241973612608	94.718219876392794	94.718219876392794
9.441650226115172	1.2487761509146911	16.505039688912952	16.505039688912952
8.9696175043407873	3.9006677371251222	5205.4047568516935	5205.4047568516935
9.282843381511114	0.57180354764433627	3.5753901721197412	3.5753901721197412
8.0114325829012483	1.8024978506945764	42.553536751658015	42.553536751658015
0.88516102038610556	0.45070012362888628	0.94650504986923256	0.94650504986923256
3.1068400382254628	1.124454848289159	3.5775883406070093	3.5775883406070093
7.732716154848851	2.5258329118903777	175.29857110057031	175.29857110057031
0.029348060598987639	2.1723687269674312	0.00046883219524507263	0.00046883219524507263
1.9561860102095801	0.82132605899728484	1.7351728710339127	1.7351728710339127
8.9360709314229076	2.7103897200369214	378.42340310898589	378.42340310898589
8.9320533738585386	3.9868195867936942	6184.0260022147104	6184.0260022147104
7.4450540838713666	1.6117302314478859	25.422355233250318	25.422355233250318
8.3100873458947468	3.0939900482211073	700.24584316881339	700.24584316881339
9.3541948271608906	0.55047004982101166	3.4238122974480536	3.4238122974480536
0.17453203994868993	2.5351946927306166	0.011967569034117231	0.011967569034117231
2.6804095938610715	3.6430340961239627	36.303745951287077	36.303745951287077
3.6021543492342256	4.0106351536685816	170.67440515497034	170.67440515497034
7.5091674037265115	3.7420106021575794	1890.0519762082115	1890.0519762082115
2.3767526531677081	1.6631102491979233	4.2199064465640586	4.2199064465640586
5.4998936778763703	4.2483738258801793	1397.3390765105316	1397.3390765105316
0.044463080068568799	3.2009683761714229	4.7020722280443632e-05	4.7020722280443632e-05
5.4177654378339639	2.5280684685382826	71.6387014326897	71.6387014326897
9.9452024233911729	1.2069986549741241	15.999938234405041	15.999938234405041
5.0859122694500734	1.1930024695698824	6.9614514668219627	6.9614514668219627
9.1996939464736602	3.9926422364074794	7046.9680355999872	7046.9680355999872
6.9163118444788338	0.22527032267634692	1.5459619998144218	1.5459619998144218
1.718851798265395	3.3434722440185807	6.1166435273623927	6.1166435273623927
3.4474580756451854	2.7344567021916473	29.496312451098785	29.496312451098785
1.6865607439745038	3.2271815467395815	5.4022742211791295	5.4022742211791295
0.52988149318358024	4.1393250572937852	0.072158283656782507	0.072158283656782507
3.260515747150003	1.3902349110571097	5.1711666804316447	5.1711666804316447
9.9913203000957793	1.3362462395064401	21.664183054092227	21.664183054092227
4.9964527190373866	4.579585175063297	1583.3653605061081	1583.3653605061081
9.0810909079423858	4.2104711240295218	10819.631755324041	10819.631755324041
3.9567211350970033	0.087011908837799759	1.1271333423959864	1.1271333423959864
6.4518173564425654	1.8985608645026497	34.45328846653549	34.45328846653549
2.5633135013236235	1.5721957931434756	4.3925463444329127	4.3925463444329127
2.0664867261329718	4.2988411181861963	22.653481111141645	22.653481111141645
8.9910034523848239	2.113611293566513	103.74799399590171	103.74799399590171
1.8772804620191597	2.222787698929058	4.0550597017706336	4.0550597017706336
8.9419731372732585	2.3621786330948997	176.78912887559989	176.78912887559989
5.2405218747045703	3.9941109184950259	746.89868917415117	746.89868917415117
8.1965130745664077	3.1014076735970586	681.61072153751036	681.61072153751036
9.4237092760439065	0.30653777964571016	1.9890047113558864	1.9890047113558864
8.9793412703336006	2.13411176671754	108.22566337058853	108.22566337058853
7.5160446431135064	1.2643585015899361	12.810455826857407	12.810455826857407
6.7552568646111446	1.1016732214714917	8.2034064300037226	8.2034064300037226
2.1756358464071739	4.7544814506929969	40.276094698567867	40.276094698567867
4.3643367395213764	4.3093946065148714	572.34812476771651	572.34812476771651
5.5348675857697867	2.0365392047842326	32.611217901690019	32.611217901690019
8.9274856024685505	0.78795210201617072	5.6121470103890552	5.6121470103890552
7.1596726680426332	2.109895741991707	63.640774100248258	63.640774100248258
6.4544463537437284	0.43919885169283857	2.2682407102088353	2.2682407102088353
9.3976793390440978	3.4641493991834742	2347.9497819413491	2347.9497819413491
3.1608819536509229	3.9466288182373104	93.876685914272258	93.876685914272258
6.9901570594978448	4.7063202119712209	9428.137890305803	9428.137890305803
4.7193290063865829	1.8142042710625341	16.693847311874453	16.693847311874453
4.8161201282224342	4.1017312554997813	631.30742676962677	631.30742676962677
5.6264161650573286	3.4864625926105344	412.71978473944154	412.71978473944154
8.5693302772973272	2.7540422021584461	371.00100357601423	371.00100357601423
2.9510655621166944	4.0371845996309679	78.957139841145249	78.957139841145249
8.7602120981508804	2.8852968031624879	524.12445469683996	524.12445469683996
4.9675136460343925	1.7887832236728352	17.589029918877877	17.589029918877877
1.4698711053258653	3.4000548942567295	3.7047477388900072	3.7047477388900072
0.70110036113269536	3.3816655226210117	0.30094018829705366	0.30094018829705366
4.8055960211097091	3.3179060170771995	182.7987972662003	182.7987972662003
4.8635948132737887	4.8123627802583844	2022.4982713806128	2022.4982713806128
8.1857664204873775	1.5626093270087535	26.714992293685267	26.714992293685267
8.9545955663848726	0.98453449321582931	8.6560967562786573	8.6560967562786573
7.5682804343003625	3.3441067514519922	869.88236094589149	869.88236094589149
7.0071995759909624	0.40748908297735448	2.2108035213275397	2.2108035213275397
2.2864603564047066	3.821056584977188	23.571364761130205	23.571364761130205
2.7704952122240267	2.3912742446296273	11.436052012321809	11.436052012321809
1.7598968876737713	1.1491898621930106	1.9147471345213407	1.9147471345213407
3.3054127073679291	4.2991085173814145	170.68981060062296	170.68981060062296
2.3446620227511956	3.4696556649612793	19.233177192951075	19.233177192951075
0.52441239954185126	2.0692453484868834	0.26298716875599443	0.26298716875599443
8.5932913332690219	1.9376461297820444	64.575920995773643	64.575920995773643
4.2313909527607709	4.8330728557700473	1066.2001077182351	1066.2001077182351
8.6923352951593618	2.9500544797186152	589.527069152737	589.527069152737
7.9207539033084986	2.1020370864721705	77.489089364729523	77.489089364729523
1.4607603258892228	2.7736220109398646	2.8607495594648893	2.8607495594648893
5.0811200317800012	1.2565914625693084	7.7108565427447653	7.7108565427447653
8.6013489242036698	0.41274435630377482	2.430731984205166	2.430731984205166
5.1226720934248178	0.66620927893942405	2.9694306694880623	2.9694306694880623
2.6688615004893195	0.45562658600100603	1.5640314318262267	1.5640314318262267
4.4331840708827732	2.9045328152066729	75.580047213454705	75.580047213454705
4.8728787908057383	4.1292761972541978	691.92136855812919	691.92136855812919
9.3804281020426572	3.1902510550091199	1263.6720033753168	1263.6720033753168
4.2996997480276979	1.2649509244023271	6.3280244340226135	6.3280244340226135
4.9553387209010751	1.462610471208003	10.390143698405499	10.390143698405499
0.28160188410083137	0.1357433015943067	0.84196049218353219	0.84196049218353219
7.3952736570011899	0.87329503896815319	5.7392274311961131	5.7392274311961131
5.5236759359530785	3.6024814154366878	471.91443897217903	471.91443897217903
5.5709410460825639	2.617733217884636	89.668927740512657	89.668927740512657
4.2974040784104792	1.4082980891373924	7.7936889652095473	7.7936889652095473
3.5256993831821015	3.1948654777919225	56.024121071338442	56.024121071338442
5.4479521174881018	0.08893872463713684	1.1627320645423709	1.1627320645423709
2.7338312231371975	2.3896050665180799	11.0588983334556	11.0588983334556
9.3869859663995641	4.3408871705720937	16658.134652604287	16658.134652604287
4.8183133829039422	3.4190363020930543	216.1936544849876	216.1936544849876
7.1663321340169892	2.3309397519194386	98.547501777057491	98.547501777057491
7.6408484234596621	4.7894970596315618	16974.77481269493	16974.77481269493
5.3513240161907056	1.1998339473276229	7.4822555038938621	7.4822555038938621
9.214209773462203	4.2582201874460717	12790.129195309675	12790.129195309675
1.3780391587025862	4.9381932030072111	4.8719237540845484	4.8719237540845484
0.82521636748239102	3.4178923648040431	0.51860635500365015	0.51860635500365015
0.75918483249545254	2.9400343675163421	0.4448541076884085	0.4448541076884085
0.35992661612451621	4.620520827361708	0.0089017906181107168	0.0089017906181107168
6.3016397212663122	4.1733598425082787	2169.7386481141993	2169.7386481141993
9.5062232871681118	3.5183479040114323	2760.4026500254031	2760.4026500254031
8.1170775368051125	4.059255309438587	4914.5701475825053	4914.5701475825053
8.8057462316466779	4.3053836648336858	11683.711279446281	11683.711279446281
8.7542356450873235	3.1266882120168864	883.12593975984441	883.12593975984441
5.1681173310226933	3.6706273907921609	415.31471328583564	415.31471328583564
6.6105827742434791	2.328965189558815	81.341058433054826	81.341058433054826
5.7361273453915684	0.62180121937123878	2.9628528660965152	2.9628528660965152
5.6946492380856206	2.9145498635868079	159.16448934035935	159.16448934035935
9.6265846317840875	0.25435707352867343	1.7789064883219803	1.7789064883219803
5.600283121612156	1.9663079117179869	29.594513817400898	29.594513817400898
8.5286838581761817	4.2825572703755803	9695.1726328883578	9695.1726328883578
0.14184430851482521	2.2741563583657793	0.011778437240185072	0.011778437240185072
9.4889029196458292	0.45247558394646331	2.768001886600103	2.768001886600103
0.064034987141747449	3.4812208474192943	6.9964077860815231e-05	6.9964077860815231e-05
9.9375682831361551	2.7911985272545268	607.5846850843169	607.5846850843169
2.528163190834078	2.405353865146092	9.308695270672354	9.308695270672354
2.1079333885937492	4.0650286466862608	20.724664390593212	20.724664390593212
3.909339949489322	1.1699645333007087	4.9287866788662962	4.9287866788662962
8.9513102015131274	3.1433302876695581	981.96046750958408	981.96046750958408
3.8603052163336162	0.86901207652934587	3.2343073872510706	3.2343073872510706
9.4890991469705384	4.8639962359621665	56652.443424930454	56652.443424930454
7.2051412571330777	4.0623519921268265	3048.2158485343502	3048.2158485343502
8.178310966534422	0.70085052984278096	4.3615492571167689	4.3615492571167689
5.4907292267953007	4.1494120776657413	1172.2757138294937	1172.2757138294937
6.6988218577470349	3.6484647446911471	1031.8727564808642	1031.8727564808642
7.9179541240884843	2.2666778288049403	108.85944631773503	108.85944631773503
9.0845082553249306	4.3632367949387794	15180.848055033139	15180.848055033139
5.5302004140323273	3.1110466502222289	204.50385392411422	204.50385392411422
5.5994761544220042	3.0399351319173684	188.07001693870558	188.07001693870558
3.4059873990562068	0.039108787297523262	1.0490963588887512	1.0490963588887512
8.4507369406434467	2.9163211334421408	504.80338765765384	504.80338765765384
2.3845604833438085	4.0414667149456145	33.518398081962957	33.518398081962957
6.4268565993034867	2.8669142178533269	207.23480759885504	207.23480759885504
7.144729854431092	4.29153512708581	4622.8533077454204	4622.8533077454204
0.31658985431683195	1.8036689224720783	0.12562091419405771	0.12562091419405771
2.8229698086077661	1.265528449563208	3.718617945510855	3.718617945510855
3.1969253361896994	3.8718908192774815	90.005512207720429	90.005512207720429
1.5612615441506512	3.3617152584266603	4.4710557705804295	4.4710557705804295
4.6797507959719074	4.8647424972941362	1821.6334055195423	1821.6334055195423
6.0132669347829957	3.8244576433931248	954.27828605526213	954.27828605526213
0.82636158093126399	0.85807945675130082	0.84903458174202373	0.84903458174202373
2.2843559494238685	1.8098349940665945	4.459675280845012	4.459675280845012
2.4284538819798431	4.3531946920950766	47.57906494160936	47.57906494160936
0.48143937556179078	2.6988424462260379	0.13906883430435363	0.13906883430435363
6.656448015726796	4.7420114943015479	8013.562149981205	8013.562149981205
9.1440081004523641	4.4156359611867133	17539.990100903226	17539.990100903226
3.8442446839396265	4.0079638538140268	220.75036958846113	220.75036958846113
5.7332397388565957	4.5658076304758239	2902.077289999439	2902.077289999439
1.9028122985041609	4.0476066066507812	13.51714249495922	13.51714249495922
6.9501003707239697	1.5018567649583954	18.388656250057231	18.388656250057231
8.3150150634313071	3.1915976395004622	862.64618924481294	862.64618924481294
8.6825546988531315	4.9178293290242872	41315.055713317583	41315.055713317583
4.9240833279759793	3.7888320704779472	419.86014826628048	419.86014826628048
4.7254928082968304	3.4762880985079252	221.09170536412756	221.09170536412756
3.1016749718348908	1.8404378368284355	8.0306815474404161	8.0306815474404161
0.57084207134126819	3.7505381274779168	0.12212480255307705	0.12212480255307705
6.4820967576716768	4.1489954025498985	2332.4047476182805	2332.4047476182805
8.9021327051026038	0.3323621008581123	2.0681205112323511	2.0681205112323511
3.0148420286374296	1.6772104113977542	6.3654265533019725	6.3654265533019725
2.5136349416216044	0.047178920740418309	1.0444456032130429	1.0444456032130429
4.0990945604200313	1.561482389369341	9.051101263727924	9.051101263727924
1.7351221398993788	3.7699520909524136	7.9847776606272189	7.9847776606272189
7.1448456969863416	2.2109035863617086	77.285116104085219	77.285116104085219
7.2885104960327594	4.6320951847765821	9904.3266556816052	9904.3266556816052
9.2141869682169464	3.4446144215900398	2099.8223868474233	2099.8223868474233
9.4458267337458537	1.5795328291632702	34.707517938710062	34.707517938710062
5.0814438536804021	2.5464447735710878	62.770738865799927	62.770738865799927
0.89620508699730361	1.7840881067303132	0.82241423109298983	0.82241423109298983
7.3095474787445003	0.23372413627958966	1.5918863505153822	1.5918863505153822
5.2563181316748597	2.2502791238656403	41.853796170116532	41.853796170116532
7.6358342822962104	2.652990820317036	219.89237780386335	219.89237780386335
3.2432194975573054	2.3111065135270787	15.167735714102269	15.167735714102269
3.7847029780956847	4.3514665674251409	327.55637859277806	327.55637859277806
2.134820208338871	1.0840335671703196	2.2753002292320557	2.2753002292320557
4.8139458649816005	1.5691426869909708	11.774480917375499	11.774480917375499
4.9799877214298487	2.094638377970139	28.869621942133655	28.869621942133655
1.4805892982206268	1.6101796686770307	1.8811799328728103	1.8811799328728103
1.4188707583171709	2.7082024729757181	2.5792412781616894	2.5792412781616894
4.1665713568881051	4.1301183243149096	362.87736383875438	362.87736383875438
0.11091169703248237	1.6177802509259611	0.028509081022848659	0.028509081022848659
7.6546330925124266	0.15710518205876894	1.3767944303151431	1.3767944303151431
8.6521957768474369	1.9984787166570532	74.615154226743314	74.615154226743314
9.847430891905784	2.1489923462150147	136.34631314682858	136.34631314682858
8.4266171801303127	0.15938463668753458	1.404542578310858	1.404542578310858
7.7487065670953346	3.8399379341093609	2597.676078546192	2597.676078546192
8.3096649993273708	3.6376444151427916	2213.6952861424288	2213.6952861424288
5.10663266884292	1.8505174502570525	20.436921182523985	20.436921182523985
3.6512210921026926	4.6364307749640634	405.23361338268853	405.23361338268853
4.8977334370971191	1.961003783402524	22.546705339974341	22.546705339974341
7.9499749234468347	4.0621747134757671	4544.0491283770853	4544.0491283770853
6.5254974873767519	1.068156535596495	7.4154048972059394	7.4154048972059394
8.6250260232872584	1.5633700117746521	29.036199362021829	29.036199362021829
7.9354464851001625	4.0563413214260198	4456.2393406522633	4456.2393406522633
9.4528675205688977	0.71185742671702412	4.9483700941798636	4.9483700941798636
1.7124002504288183	4.0128287036258579	8.6580080174027731	8.6580080174027731
4.7654356821791968	3.9830058079361628	502.21148860783472	502.21148860783472
7.347973794903587	0.42051834171800939	2.313339440697384	2.313339440697384
2.0408157149953428	4.5218795823064841	25.170708014238993	25.170708014238993
6.5306795199200831	4.7297270210105689	7153.698521999916	7153.698521999916
2.5274583486449504	4.7865130488317504	84.615954093238926	84.615954093238926
6.1523120378147711	3.6979440765536746	827.59852552725579	827.59852552725579
5.636309314596252	4.7134296961226099	3465.4631099727067	3465.4631099727067
7.5766969675578952	2.6032746177552997	194.77254856401174	194.77254856401174
5.7034116288891612	0.8704468493935934	4.5517152150651619	4.5517152150651619
1.8871914094915807	0.62465812268674059	1.486930514796591	1.486930514796591
6.5843067843978789	1.6440761785149627	22.166283734866326	22.166283734866326
3.5879586119250844	1.0387637968854531	3.7701221171883987	3.7701221171883987
3.845523765190487	3.3894607477459471	96.091219515652753	96.091219515652753
8.164634613172975	4.6564845336488014	17636.783741611929	17636.783741611929
7.7587219235725646	2.4447418036584403	149.72946272224988	149.72946272224988
2.9186696064759183	0.10955046936851368	1.1245045785102756	1.1245045785102756
6.6519237601928154	2.0999726785685895	53.476967041917156	53.476967041917156
6.4314033034503542	3.7848666739217336	1146.3823059371855	1146.3823059371855
2.5509887285049708	1.3998929909191882	3.7097823791605644	3.7097823791605644
1.1042584208948805	0.26052484185001346	1.0261739661003932	1.0261739661003932
2.3007440206616532	4.4160836626497382	39.631517017441098	39.631517017441098
7.5873482856091634	1.6320913049901344	27.314123547831322	27.314123547831322
5.4116874843409288	0.84009997324762897	4.131167358507331	4.131167358507331
1.819926949510168	1.7450358163027619	2.8431741869325342	2.8431741869325342
7.3139563002317054	4.7398942738643832	12473.571719075775	12473.571719075775
6.8722098008208246	2.8903236490850364	262.71178126032515	262.71178126032515
7.0394976680391066	1.8140803799643399	34.475352362005573	34.475352362005573
3.2850710101851561	4.7029435525720027	268.70816102753895	268.70816102753895
5.1871739519785907	2.4045282202118674	52.368642190929521	52.368642190929521
7.5166686030392151	1.1869066075727477	10.958732843857565	10.958732843857565
8.8264411157512388	1.202390095365343	13.715235581476588	13.715235581476588
5.3262094104448092	1.7968066699618537	20.194501377553038	20.194501377553038
6.0957347334225709	3.5670049532061778	631.23612216699269	631.23612216699269
1.5596675153632238	1.3398201912478087	1.8139620923400479	1.8139620923400479
5.3398765182691577	1.2707207999469698	8.4040581093920323	8.4040581093920323
1.9245039084834397	0.60038372155284747	1.4814956400484347	1.4814956400484347
5.3498676499639544	3.5035204174728891	356.2580653542326	356.2580653542326
7.1307895765649345	2.9295392313999269	315.71857246064258	315.71857246064258
4.9609642065511821	4.060940816716788	667.8097266182267	667.8097266182267
3.1016930403332799	4.5807170253429517	178.59737199699913	178.59737199699913
2.1702271148044403	4.5438818678797963	33.809582642473494	33.809582642473494
9.7690811774617998	3.2472599112164113	1637.9939670972733	1637.9939670972733
0.096154143582704382	4.7268890467531586	1.5581260851543293e-05	1.5581260851543293e-05
0.97697128316359971	0.28552051901621184	0.99337001316048124	0.99337001316048124
2.0507549841523138	3.9820078864616439	17.459954791450738	17.459954791450738
0.65837248019458561	2.6042061003341161	0.33671527113259181	0.33671527113259181
8.8914671771530411	3.2085292686960845	1108.6871760781446	1108.6871760781446
9.7851906600172036	0.32606964234842328	2.1037521595579696	2.1037521595579696
5.4028942707486678	3.9192017305612383	743.55127868407851	743.55127868407851
2.8478756211229346	3.8946801017503536	58.91338328774988	58.91338328774988
0.26665212243813963	4.9650368582890971	0.0014118741568577631	0.0014118741568577631
3.21867104128847	2.5929406706661995	20.719309822037189	20.719309822037189
4.6562964377496483	1.5838783119231357	11.431284977724655	11.431284977724655
6.8145382599861737	1.412344442490955	15.034857493064552	15.034857493064552
3.2045843302001549	0.47038398698500772	1.7294456207901125	1.7294456207901125
9.3450856699369673	3.1286560200164266	1087.9808319664014	1087.9808319664014
6.9981615488953528	3.0441829026065599	373.49581105286194	373.49581105286194
9.893793154648634	1.9322647505350603	83.811671800677757	83.811671800677757
4.3417890130888361	3.078595088336912	91.859436080140313	91.859436080140313
6.8692263221346916	1.6470842679192703	23.903291787895611	23.903291787895611
6.5908297387002444	3.1286793179142509	364.9227428097181	364.9227428097181
6.0472697232749164	4.5940866310983246	3895.3933068349552	3895.3933068349552
1.995633433295033	2.1981923131268317	4.5670445127481081	4.5670445127481081
2.7371725939748104	3.2686565910504357	26.877610907910057	26.877610907910057
3.3289439788252828	1.3100451472642336	4.8333147560733432	4.8333147560733432
9.9694844999021548	3.4327016288389278	2680.0655265119121	2680.0655265119121
5.0511615680806043	3.0246357787386566	134.1227261137827	134.1227261137827
5.2380152118484711	2.3421507790378815	48.350055425672259	48.350055425672259
8.2124404698988673	3.6895710928863643	2365.9759273337495	2365.9759273337495
6.5528516175247722	2.3332431888674461	80.339757370618898	80.339757370618898
9.3192839423677523	1.2584120381242645	16.591385837436089	16.591385837436089
8.662265593813455	2.101096361940515	93.337061507171754	93.337061507171754
7.5201371440255311	4.1835586002861094	4631.714884713163	4631.714884713163
0.9715844610771508	0.11642325794406404	0.99664948354815774	0.99664948354815774
5.9989744600023016	1.439572111233264	13.185541448389033	13.185541448389033
4.2522709301771044	0.93086836047995658	3.8473644887198808	3.8473644887198808
8.5664526995840298	4.2689929762736938	9596.6798750824946	9596.6798750824946
6.7229758888666531	1.6699975218529282	24.100482860388354	24.100482860388354
8.2051019899790418	1.7760795473116728	42.022885318415526	42.022885318415526
6.4537785778843908	1.6153623242867112	20.330268954087831	20.330268954087831
7.6266509466988879	4.1615571285416157	4697.6732674930809	4697.6732674930809
0.58501348668824904	4.387473576932563	0.095158249232340009	0.095158249232340009
4.7250395313643851	1.2000536805072883	6.4464814605580614	6.4464814605580614
5.4692493898613996	1.2613245318503574	8.5264126029480813	8.5264126029480813
4.292835999872473	4.5372973548618392	742.93193455297262	742.93193455297262
8.5683917441387507	0.68814191487609744	4.3849749869541483	4.3849749869541483
9.6536727579649444	4.4158410014509535	22296.969377347446	22296.969377347446
7.5016447322793134	2.2501307088780669	93.15721559792982	93.15721559792982
5.6108770398238406	2.7683799559483546	118.46818056314332	118.46818056314332
3.6064711776510885	2.8579248821148728	39.093075674386	39.093075674386
7.4409655528595442	2.4824866963743251	145.81698913830135	145.81698913830135
9.7091779392973727	4.555723427808954	31428.978259274947	31428.978259274947
8.9256166258077592	1.0820778744876083	10.682295666506608	10.682295666506608
5.8727298233813183	4.2759852929173832	1938.8697030490832	1938.8697030490832
2.726369759835535	0.55011428178774568	1.7362865267758556	1.7362865267758556
5.9761774356957797	3.7738486859389759	851.34333943111517	851.34333943111517
9.3527550947049161	0.4761852862232504	2.8996603723354961	2.8996603723354961
0.32479760942658431	3.8666686345291916	0.012929109850586689	0.012929109850586689
5.307013670450857	3.9357674005476948	712.59342751319605	712.59342751319605
3.2824386207731546	3.862799417561837	98.619768630316727	98.619768630316727
3.0050895142377376	0.98098117767972892	2.942856787166261	2.942856787166261
3.7120914204335991	1.885378838875883	11.856239787516305	11.856239787516305
1.6580535947942323	1.4450923822687827	2.0765395769271402	2.0765395769271402
2.4862458387384305	0.062176525657003157	1.0582628630451572	1.0582628630451572
5.5413829834348984	3.800784104027902	670.39707010952668	670.39707010952668
6.2243360305163451	1.937136161562504	34.535545910411017	34.535545910411017
7.0260679854133654	0.22597597403895769	1.5535908241087641	1.5535908241087641
3.0684537899277737	4.88410519774538	238.87268285502452	238.87268285502452
2.0332308904627725	2.7760921788369624	7.1705866025226639	7.1705866025226639
1.3705378536100474	2.4523101187301481	2.1662035858695869	2.1662035858695869
0.034492669153170404	4.0738157634435366	1.1039982847523697e-06	1.1039982847523697e-06
7.3850407838904069	3.4806236708814491	1052.9546130998724	1052.9546130998724
7.2602176218733705	4.2578005931792005	4631.8222249953533	4631.8222249953533
8.7716825143069368	0.75051061102024541	5.1026258718939674	5.1026258718939674
5.2691520834521928	3.5965904175986925	394.2809616566488	394.2809616566488
7.7088500925098273	4.58231810108893	11600.28078261522	11600.28078261522
8.2245797282096298	4.1299414900124356	6016.8072574077678	6016.8072574077678
5.304486766178119	2.7998843967177804	106.88522248139066	106.88522248139066
2.9854498456992973	2.1872420684868259	10.938590717693952	10.938590717693952
9.0109328220539222	0.51144322314267809	3.0782970015832603	3.0782970015832603
3.1347264074389019	0.33589936443405355	1.4678211612700129	1.4678211612700129
4.9311970353777177	4.5967776190724452	1532.3143928424261	1532.3143928424261
0.70594625011724177	4.0280786366892585	0.24594627898786725	0.24594627898786725
3.4143139837249374	1.9794287157978299	11.366746553702388	11.366746553702388
9.3314772036117191	3.4311404940549926	2128.3159157152277	2128.3159157152277
4.7212480737005063	0.98532031252756047	4.6148955626394006	4.6148955626394006
4.7949595253191193	1.1960881383332238	6.5204684548373626	6.5204684548373626
6.0838860794460476	0.28683505222028316	1.6785358415415315	1.6785358415415315
8.6838098918830013	1.7340060807922584	42.435505583092095	42.435505583092095
0.73466201857139013	0.23975115185042456	0.92874041549322595	0.92874041549322595
4.9050818831446437	4.0088170335518223	587.04919655268225	587.04919655268225
0.78834227623587727	2.5234594135004151	0.54873673220485408	0.54873673220485408
0.67032941295161197	1.8858074688626612	0.47034131964148973	0.47034131964148973
5.647444819672609	1.4413774086135298	12.125578901323689	12.125578901323689
9.5601551271412113	4.0445326535090285	9236.8196263807476	9236.8196263807476
7.1542813638006404	4.4202520320066032	5989.5910218511663	5989.5910218511663
2.5582342251453389	2.5909409205575913	11.401164946761536	11.401164946761536
6.9441465668105131	1.0995908961507612	8.4224115157368313	8.4224115157368313
1.4574469704730206	1.0816149216441922	1.5029494445525358	1.5029494445525358
6.1328057216512661	0.31352023178089194	1.7658227069541195	1.7658227069541195
4.399002529167829	2.7388411153663403	57.815590632601598	57.815590632601598
1.5943653869767354	0.69234327944703233	1.3812119959969704	1.3812119959969704
5.2343256015666935	2.3275342419904361	47.116494880888339	47.116494880888339
8.9445104312386334	3.1554689301313701	1006.0213726973722	1006.0213726973722
2.261815211024131	3.0358322671300959	11.914405130991213	11.914405130991213
1.8672913939950742	4.2202158009111557	13.949979563448075	13.949979563448075
3.6880779129097703	3.1921664472742366	64.464440950783185	64.464440950783185
3.0597650069066216	0.13953154019735681	1.1688769780615895	1.1688769780615895
9.7453746137264119	1.8852070382802757	73.129055363529403	73.129055363529403
6.1421351963228377	4.9122605603913181	7454.699781608173	7454.699781608173
6.6500086629859467	1.5187449520157221	17.768758281807077	17.768758281807077
4.8230978739056996	4.9439137310803316	2389.4897130791073	2389.4897130791073
0.24679429797204372	2.7725558935966261	0.02066403645964766	0.02066403645964766
2.5707643620650824	3.8492128264951391	37.880608980509741	37.880608980509741
7.5201663379582477	2.9000433684396576	347.61426994379758	347.61426994379758
4.7443162052596239	2.9118004640451609	93.08563808460562	93.08563808460562
9.7265751475197355	3.5434227063135069	3167.814244624125	3167.814244624125
9.2724638810184494	4.8346198541469594	47426.478254802816	47426.478254802816
9.7988955676512859	3.2136880436583026	1532.2657325414766	1532.2657325414766
1.8984714431853054	3.829055730031202	11.64192226634613	11.64192226634613
3.1204917507057091	4.7822747616589689	230.94595775278464	230.94595775278464
3.5751373937951052	4.7155985884812868	406.54296241984724	406.54296241984724
5.2268812001291822	1.3211043331136811	8.8894204893771054	8.8894204893771054
7.9812716723117303	2.4702379159237657	169.17363820132843	169.17363820132843
7.6227902676142492	4.0973160609916413	4114.3358531248132	4114.3358531248132
4.2149199565547724	3.2093294619207011	101.19401077476907	101.19401077476907
2.0100856248498595	4.352705563374176	20.883519506701081	20.883519506701081
8.2217546713698511	3.1713297766018744	797.3595624977836	797.3595624977836
2.4554634361913683	0.094897420848327058	1.0889869120493647	1.0889869120493647
7.0562882212452047	4.4326249571630711	5773.2522997328069	5773.2522997328069
2.4658368799697468	2.9988926092816914	14.978177523930377	14.978177523930377
2.0995860401122206	2.8790140419735915	8.4611107196185404	8.4611107196185404
1.0373633491644974	2.7941472274964498	1.1079324435682814	1.1079324435682814
4.314880693508611	3.6077258290391607	195.34095716879938	195.34095716879938
3.9925545638426554	1.8980524261773923	13.842217015507844	13.842217015507844
1.2675455243969096	0.46370380813294204	1.1162066298096081	1.1162066298096081
5.0419524013782011	3.4047308825095439	246.69459415102079	246.69459415102079
1.6135526327577765	3.4097925708976384	5.1109001281510569	5.1109001281510569
2.078102673450561	2.4405692960183631	5.9605773638977499	5.9605773638977499
2.01863139851194	2.5194905442975162	5.869326751285878	5.869326751285878
0.29606588680016538	4.6964499031879745	0.0032915614107318289	0.0032915614107318289
6.5959072001050423	0.56778775003779025	2.9185964232631934	2.9185964232631934
4.1345272536048929	1.5010326813903285	8.4192878891671086	8.4192878891671086
9.7011392798727485	3.7198632382113521	4686.4677471186833	4686.4677471186833
2.8964238565241347	2.1883867676788871	10.250214246149055	10.250214246149055
3.1823950010036182	1.0848653369000918	3.5109163179552985	3.5109163179552985
9.9872367032971017	1.1838882694019679	15.248657769457893	15.248657769457893
7.0318210925154983	4.525424829921346	6813.0521303440537	6813.0521303440537
4.8759183289012489	1.7811015710236988	16.807316380063394	16.807316380063394
5.0481021350434343	0.1463534047100869	1.2673751755851124	1.2673751755851124
4.8230753472421615	4.1259995380047831	659.77324584255837	659.77324584255837
4.752717874780422	0.62393158680673777	2.6446336409755884	2.6446336409755884
6.7194269169982954	0.5149094741123853	2.6668660696357134	2.6668660696357134
0.96900116594233121	1.0182627692773378	0.96844406829262375	0.96844406829262375
3.8801423102360548	0.85039650440947123	3.16777251864045	3.16777251864045
1.7154389208494125	4.9447261528152939	14.418546241523812	14.418546241523812
5.5366155297022255	2.0119404482786853	31.286962670513386	31.286962670513386
7.8630692926087793	4.4671086599542056	10016.298035056243	10016.298035056243
7.6024812771103232	2.5338908283399104	170.70439590489607	170.70439590489607
8.2488470746843987	2.3549464475078614	143.89875418556898	143.89875418556898
5.0219418594708749	4.4243164835456845	1261.4734913170785	1261.4734913170785
3.9185671925095615	1.5350007167562945	8.1367472858424748	8.1367472858424748
8.3936354567300953	2.7264348579429893	330.43783582411015	330.43783582411015
7.1249947143990671	4.325976004505713	4887.9357111502604	4887.9357111502604
6.0984284694405941	3.6480728657871024	732.0356631963798	732.0356631963798
4.1882272231955877	1.5848688035790768	9.6791298217893758	9.6791298217893758
8.5202558297998117	3.523448929977878	1898.4638926685741	1898.4638926685741
9.0007579177713026	2.5017900903262378	244.00905820463933	244.00905820463933
5.6139870537799439	1.0776782144831873	6.4190901034685819	6.4190901034685819
3.3369943949262009	1.0469908572024378	3.5314120913059623	3.5314120913059623
8.8400021042758361	2.929298870966373	592.16379927195055	592.16379927195055
4.7474725326296277	2.083775582569686	25.680055511040489	25.680055511040489
3.5287456595707307	4.0850243420073635	172.6006744329201	172.6006744329201
8.7923597407672656	0.10406013248128983	1.2538446698918024	1.2538446698918024
5.7953993688784733	3.8939373134989079	936.2650341202575	936.2650341202575
1.7689186600345166	1.7979779027820462	2.7885167945672018	2.7885167945672018
8.9228783170882942	1.563050015943185	30.597560998300224	30.597560998300224
2.5875490390570226	4.399511046943406	65.540222228523206	65.540222228523206
5.2098354806603488	1.3712980660132246	9.6156661692522896	9.6156661692522896
9.0530667309836623	3.6812175110727532	3327.9222005783349	3327.9222005783349
2.9897644384199999	1.3761741405770698	4.5139765752143735	4.5139765752143735
1.5783160101801248	3.742817291996976	5.5182806983736254	5.5182806983736254
0.32066000499022829	4.2337258993530362	0.0081045527900243906	0.0081045527900243906
6.6799246233377696	0.063862360487750583	1.1289425937734192	1.1289425937734192
0.22928040246343356	3.4196452189829079	0.006496535989364987	0.006496535989364987
7.4124686511891635	3.4220355599265311	948.5142847055555	948.5142847055555
8.4524045172983158	3.4032964569339179	1428.1988540986447	1428.1988540986447
0.34955808108470388	3.6612973089852829	0.021315160742553602	0.021315160742553602
2.1738813367572183	3.8166344824931695	19.368942637254744	19.368942637254744
1.5007021746365683	4.9993806238053198	7.6096269503503047	7.6096269503503047
5.0984112683250142	4.0534285829021224	737.11746898653587	737.11746898653587
8.651819553479454	3.0475736988212665	717.63568589769295	717.63568589769295
0.99820657082381292	4.2736595400023027	0.99235796317752034	0.99235796317752034
7.7719863177415105	1.2442718345008983	12.825193297154664	12.825193297154664
5.2588522548465075	3.9969974440435414	761.02577004953559	761.02577004953559
1.1133000403798718	1.914275691321319	1.2280856278424448	1.2280856278424448
1.7744007848897771	2.3660603205979491	3.8839300053647454	3.8839300053647454
1.6634441778460598	2.7215515320028234	3.9947103107237254	3.9947103107237254
5.8035192065975565	4.7684885569168394	4381.8128659543963	4381.8128659543963
2.9325253331957151	4.5709645615191725	136.69278247185778	136.69278247185778
7.4554274784798027	4.7376111926400464	13596.768970696754	13596.768970696754
9.1784234509028408	1.8817733229437847	64.820340541924594	64.820340541924594
9.6847754050267518	2.6383425010047548	399.61518183712883	399.61518183712883
5.6124008390869875	3.6611485725471216	553.02482073678993	553.02482073678993
3.6922406677060611	2.9256811607018642	45.67827238663417	45.67827238663417
8.6445171312587341	2.6827720653687774	325.8831367337616	325.8831367337616
6.7658902795128313	2.4887343522110732	116.53549581209977	116.53549581209977
8.758078204121313	4.9382584335517219	45066.963516970653	45066.963516970653
2.3861843171343282	0.71902888396976739	1.8688742330600476	1.8688742330600476
5.6428418488537915	1.1686189449835549	7.554655380135511	7.554655380135511
2.1244950029541871	2.6272848296338998	7.2409237231449364	7.2409237231449364
1.3563157457187822	4.4099689092551682	3.83448487126573	3.83448487126573
7.1905107229594565	4.4565145067985785	6579.0350849547012	6579.0350849547012
0.74270389707873607	0.82759683179121502	0.78178527259981645	0.78178527259981645
4.4569789192792291	0.67591306185087574	2.7459650520576342	2.7459650520576342
9.4391304466739427	4.5706996785101488	28583.889483647534	28583.889483647534
3.6112778902077904	0.18903176157987511	1.2747224190459225	1.2747224190459225
4.293003573140652	0.42550620168814235	1.8588478182854511	1.8588478182854511
4.2987214178976378	3.2063190308719225	107.32177688834174	107.32177688834174
5.3414855249337068	0.43847462401341653	2.0847853489834134	2.0847853489834134
3.7628452457143058	3.8761641356424859	170.13586143824239	170.13586143824239
1.8840490304835686	1.4629120563252609	2.5260136728259566	2.5260136728259566
7.7189678761458307	3.9802902985071609	3409.9138479742242	3409.9138479742242
4.5946982158374885	2.5098914044816638	45.940226411036832	45.940226411036832
2.5490202386125222	0.27425045508097778	1.2925521011440475	1.2925521011440475
6.4429738797351224	4.7858092172253031	7449.6009619768829	7449.6009619768829
6.5435294117795468	0.09346052896060722	1.1919175832087987	1.1919175832087987
7.0376311106852905	4.6951298302157332	9523.0800178531044	9523.0800178531044
3.4703660313217073	3.3838374539947988	67.381724902932532	67.381724902932532
0.25388317059257776	2.3583291224365817	0.039439447218578394	0.039439447218578394
4.6527683941051441	3.7332363671175353	310.97438016296815	310.97438016296815
1.1709996341628466	1.6827129732355004	1.3042515106988986	1.3042515106988986
0.33666125958084203	4.6521907885648242	0.0063155663126569462	0.0063155663126569462
4.920752807854349	0.48487667242045646	2.1654589466433389	2.1654589466433389
9.4226386799017554	1.8394685663793715	61.938368547089254	61.938368547089254
5.2294004548343871	3.7098271242964218	462.734997595751	462.734997595751
5.3097642679146855	2.0998807261017198	33.309761466216081	33.309761466216081
0.69530852664723075	3.9367408952535765	0.23916296419743191	0.23916296419743191
3.2879783212437692	3.7510534749374806	86.901668923354862	86.901668923354862
1.2093797222034328	2.02443769706609	1.4694100530320904	1.4694100530320904
1.469084826015191	3.3242455951985308	3.5917395074323499	3.5917395074323499
7.4696415496464494	0.6207644855813621	3.4842834433384651	3.4842834433384651
0.28096793259344266	4.6797546410294215	0.002629352993373562	0.002629352993373562
5.0142865413962889	2.2796077062462285	39.464097004212611	39.464097004212611
8.3739926174996828	0.68473253981925619	4.2851099052116099	4.2851099052116099
4.755459101818742	3.7928942590817734	370.27071065449303	370.27071065449303
5.7827565561400407	1.9225573423303313	29.190939068434975	29.190939068434975
9.8425658493802555	2.533939072459213	328.45509125172919	328.45509125172919
4.7120494957096142	3.1673088473194193	135.60118785744686	135.60118785744686
2.2225043483726599	0.86150668678203113	1.9897899629316995	1.9897899629316995
9.1624628721214094	2.4723229316006883	239.00384695255437	239.00384695255437
3.9466701534503246	3.735280142651761	168.68994040441908	168.68994040441908
4.8889477648881989	4.9734430571571737	2677.7716038351082	2677.7716038351082
2.1996578341913415	1.2296658581595574	2.6362246371447382	2.6362246371447382
5.2905871976382466	0.68991267013062307	3.1561271515825751	3.1561271515825751
3.5722853803840113	3.7104697490686869	112.63930145104938	112.63930145104938
1.0043617050898386	2.2198877312121326	1.0097082631096883	1.0097082631096883
8.7555549170635842	4.3836718769084797	13510.220967410556	13510.220967410556
9.7239171595777822	0.0035835818790118761	1.0081844855323647	1.0081844855323647
0.52895542412151642	3.9433419263829199	0.081160897716313865	0.081160897716313865
1.2382853590935379	2.3772786929795222	1.6621138288387729	1.6621138288387729
9.707314494024077	2.2764225773280371	176.62601770029215	176.62601770029215
4.5695510195760285	2.137160135232727	25.719078498267137	25.719078498267137
5.0727439277243391	4.5295192963860762	1564.6294624394329	1564.6294624394329
7.3149480203779103	3.1168864271598569	493.91054433006377	493.91054433006377
4.6134060133472552	1.9108303697351099	18.570892980866695	18.570892980866695
4.2614698407314959	3.6003835459150575	184.78017499426471	184.78017499426471
0.61590437112343555	2.2376646025486666	0.33806587267900318	0.33806587267900318
1.7007529610643168	1.9407798750902125	2.8030049758684865	2.8030049758684865
9.4080029624998467	0.94853443512759983	8.3829301905190032	8.3829301905190032
6.0311569203439594	1.8109954245779876	25.900131377731736	25.900131377731736
2.8929554724007644	1.0650100653068024	3.0997995179603328	3.0997995179603328
6.2210697176464436	4.4764230981198612	3578.2932473104411	3578.2932473104411
3.4808715671206651	4.506662112676306	276.18798676983573	276.18798676983573
3.2404019934717958	3.4380987886056475	56.949436013254434	56.949436013254434
8.7535429366108595	4.0549419107317384	6614.5582777826257	6614.5582777826257
1.50721497756789	4.8396248772691628	7.2828461578452508	7.2828461578452508
8.3972210773343452	2.1382979098396113	94.640536707266833	94.640536707266833
3.7197177334631295	2.1934958326010499	17.840674718114425	17.840674718114425
8.6228478941491886	0.20905376974112297	1.568921849697255	1.568921849697255
8.0930488086315933	4.7114146343603061	18988.598790020365	18988.598790020365
1.1693102789207916	3.0596081427692692	1.6137582275414604	1.6137582275414604
4.2332894823597975	2.876236963003115	63.456239875735889	63.456239875735889
3.7479555738995445	4.9254842665252019	670.21702967229533	670.21702967229533
8.199142389884722	2.3935310082106707	153.86260045441821	153.86260045441821
8.1532397407215527	0.53589334078926176	3.0787596934647983	3.0787596934647983
8.2902955511704608	3.2869068165841715	1045.3315033396909	1045.3315033396909
6.5891123800483742	0.53463574107977063	2.74014871876276	2.74014871876276
2.3279192869212402	2.1016656461431942	5.9053258630628669	5.9053258630628669
3.5254984004304606	1.4785227515126556	6.4428495762990705	6.4428495762990705
4.4743904521253883	2.6686563385936397	54.523671492042169	54.523671492042169
2.1300965355659534	4.8525208427046298	39.225128968165784	39.225128968165784
8.0161724080351213	4.5193435918017206	12171.320290368869	12171.320290368869
8.1655775044090912	0.64101377151720362	3.8423433069890649	3.8423433069890649
5.9855524571070839	1.9881975079923664	35.078152836059751	35.078152836059751
5.0336057496522892	4.4934967872541014	1425.2528458249085	1425.2528458249085
6.7475451978303447	3.8088029864194075	1438.9742023459894	1438.9742023459894
5.1422029715189463	2.7194540976816182	85.889019866861645	85.889019866861645
9.7407984649012285	0.87197928208991482	7.2783673776779834	7.2783673776779834
3.0326401788049804	1.7459649525599032	6.9381291191507266	6.9381291191507266
1.9805139056988541	1.9678392210043696	3.8371712668253113	3.8371712668253113
2.2910193075684129	2.0583734989966289	5.5090109585634028	5.5090109585634028
1.2879395087951959	4.2164112110564158	2.9064608278461548	2.9064608278461548
6.574969743804802	4.7347212793285394	7455.8812669941117	7455.8812669941117
1.1015213605288086	3.4833426511674075	1.4004762263983186	1.4004762263983186
6.1378351434841552	4.1281072481674181	1790.652606913085	1790.652606913085
0.60560422424893245	0.63734566381186664	0.72640535519016958	0.72640535519016958
7.4209279393859635	4.9575100080891774	20668.326311337838	20668.326311337838
0.13344442660766975	1.8785369508288972	0.022742832641071246	0.022742832641071246
5.8753127191567174	0.48529725736615675	2.3616124461604699	2.3616124461604699
3.8180997064532534	2.348179293026468	23.242439031430468	23.242439031430468
8.3083337252585814	2.118903466654702	88.789428319173297	88.789428319173297
4.4767014805035341	4.3175554180554974	646.46917867523393	646.46917867523393
9.2773115831030211	3.6615173261813179	3485.2419898580274	3485.2419898580274
9.7884878014949805	3.0996743572223613	1177.3233372822467	1177.3233372822467
2.1070133782366676	0.18605676221577028	1.1487366799063667	1.1487366799063667
8.9550369369238485	4.9377075980517144	50237.76888107277	50237.76888107277
0.91963440055273638	3.4047573946214538	0.75182820084395785	0.75182820084395785
0.51280916597570636	3.0633696807070288	0.12926689819333217	0.12926689819333217
7.9296286500384392	3.2904340503804406	909.77122366213166	909.77122366213166
4.8403922903611081	1.2307494152725871	6.9649234798896531	6.9649234798896531
3.7760701505167527	1.572851051852284	8.0834741846815135	8.0834741846815135
0.030559522694661199	2.6621097514361725	9.2745725621782679e-05	9.2745725621782679e-05
1.115924138238509	4.5755816481149427	1.6517956955058222	1.6517956955058222
8.3810477511021126	1.559179392329368	27.516152378518814	27.516152378518814
6.7652102673226233	1.4786674284373011	16.893121814801063	16.893121814801063
1.9989849258321399	2.976360318029609	7.8580993644413617	7.8580993644413617
9.5690451767281104	1.8779047342317448	69.498878569520912	69.498878569520912
2.0826707544398975	1.1850250613761584	2.3854670278094829	2.3854670278094829
0.068515134239739664	2.8086386245513983	0.00053721116863929166	0.00053721116863929166
4.1808485648629903	2.285662982360924	26.302748135074847	26.302748135074847
2.1400583821873949	2.9372236277627302	9.3440239352429799	9.3440239352429799
7.9851619579598454	4.0596932404114874	4602.5143991896339	4602.5143991896339
3.5880400335825269	2.0239481784846056	13.274017359302288	13.274017359302288
7.4444771554474301	4.3272144029848212	5923.9790499768169	5923.9790499768169
2.238785517304243	0.053066671509383705	1.0436959489194957	1.0436959489194957
8.1880842181911291	3.6683069258519363	2237.8602338850601	2237.8602338850601
2.3066739769600444	2.532513711293463	8.3036219697841336	8.3036219697841336
7.8727970010023007	1.1574522211969198	10.894983159613178	10.894983159613178
8.1774150176464424	0.39135626406702179	2.2759253006248485	2.2759253006248485
4.4562824385512645	3.2049143702328471	120.1993058302962	120.1993058302962
0.71078676569809529	4.9860931778187725	0.18228817611894996	0.18228817611894996
3.052025837483241	0.075416899308112573	1.0877926998017273	1.0877926998017273
1.0471364266867216	2.8997157408972285	1.1428883085910404	1.1428883085910404
7.9401345260917777	3.1470456595730512	678.88992385769893	678.88992385769893
1.8698189622842212	4.451662102799558	16.216599821054682	16.216599821054682
8.7905981817880239	2.2792111892661238	141.7807815572821	141.7807815572821
0.9970015991086858	0.20865270188523355	0.99937363198754037	0.99937363198754037
6.7485559212312021	3.9521502745180404	1893.0665963261142	1893.0665963261142
6.3202745102123403	2.9946637192023635	249.99704353769309	249.99704353769309
6.9855794704967398	1.0101008805701372	7.1240937459359204	7.1240937459359204
7.6885739882894901	1.2775321880934336	13.542427543134854	13.542427543134854
6.7036573349232222	0.23894436530488974	1.5755875854350263	1.5755875854350263
4.452661260581694	4.1271009937399015	475.24639530025638	475.24639530025638
0.085512719358402919	4.7055698515539532	9.4318295101347059e-06	9.4318295101347059e-06
9.366849530800156	1.3994006829751295	22.890151586427372	22.890151586427372
7.503879229043191	3.0713733643979357	487.89863374578215	487.89863374578215
4.6645173787377212	4.2374887836614805	682.43447032022289	682.43447032022289
7.1706017856820079	2.040158245365749	55.650468106408496	55.650468106408496
5.961581966342111	2.0025222505134539	35.700861395974272	35.700861395974272
8.0855716912197959	1.2423341863540545	13.417761680541393	13.417761680541393
2.0589323636604355	4.8129159726956008	32.324586457136725	32.324586457136725
0.72249937284475219	2.2079612523679595	0.48788628891322539	0.48788628891322539
4.9369591644549748	1.8972263544974277	20.684722818957198	20.684722818957198
7.9263396190603306	2.6150428115762474	224.44686305993687	224.44686305993687
1.0447588860237076	1.2208792988472597	1.0549122381769711	1.0549122381769711
4.88472762531923	2.9720552995297247	111.49916614393672	111.49916614393672
3.1612849207807452	4.5267059868845818	183.11997937338575	183.11997937338575
7.4481191417987427	1.956115207857253	50.795313581966646	50.795313581966646
0.59336240067189272	2.1816928944681586	0.32022401990509353	0.32022401990509353
6.3092893051382157	4.6727585770338251	5471.6142444752022	5471.6142444752022
4.002045044829841	0.5986996455876783	2.2939608593245961	2.2939608593245961
8.7882547019588717	0.39282864586509197	2.3485077301603856	2.3485077301603856
9.0245679794863989	3.933646481856921	5732.0474715735281	5732.0474715735281
6.460587779447529	4.6578145851615087	5944.2475388636767	5944.2475388636767
1.9341185291445901	1.8639411735654723	3.41969693161293	3.41969693161293
5.129576465612244	3.9504127020889395	638.43253266996282	638.43253266996282
0.86829381462403843	3.0950289823623258	0.64590951386736462	0.64590951386736462
9.2070398847035921	1.7291442807598343	46.46250558926112	46.46250558926112
0.12729885158873247	0.20532810588484435	0.65493063768808879	0.65493063768808879
9.3863374547864744	3.9720462528358471	7291.2122894249478	7291.2122894249478
9.5275958750338283	0.57177254023760549	3.6287394328087084	3.6287394328087084
3.3088295442767111	1.2794129172959985	4.6225129189288143	4.6225129189288143
0.13262961267366863	4.4191281770127446	0.00013268930460688736	0.00013268930460688736
2.6660449391607717	0.97933125942480648	2.6125542746696988	2.6125542746696988
1.7826227857176082	2.1712430734551575	3.508416132197731	3.508416132197731
2.2203411630984151	1.9927624407586089	4.9015358979338268	4.9015358979338268
3.4839395291075359	3.8319463953563888	119.44982384628283	119.44982384628283
5.9290648039767868	4.9907223081010468	7207.0819112635454	7207.0819112635454
2.6912502377917411	4.7892386815145533	114.59158248494575	114.59158248494575
5.3515666156187613	1.5573636408888625	13.630435203376052	13.630435203376052
4.8364594897269715	0.56291211155067256	2.4284482386227824	2.4284482386227824
5.3905596331319394	3.0256411444855469	163.55412191522095	163.55412191522095
0.14895590389951832	0.83354542770727491	0.2045059954208841	0.2045059954208841
7.3983559822728626	3.1662598014982479	564.81721148623421	564.81721148623421
5.2842461981724922	4.1542122828066148	1007.9176260959168	1007.9176260959168
3.0537273940393357	4.5178962777610856	155.02896574025002	155.02896574025002
7.6368970738601156	3.5245612294585498	1293.8824033606379	1293.8824033606379
8.51972295429883	1.3080325903346015	16.482642570300793	16.482642570300793
3.3958000805759845	1.2937263634446108	4.8628828888899074	4.8628828888899074
2.5426012481556666	0.15734988655209026	1.1581651366947818	1.1581651366947818
1.7079999188906301	3.3284018716007377	5.9403629515932046	5.9403629515932046
9.7541949128079573	3.6899774600125608	4467.8036533401473	4467.8036533401473
6.186484143284213	2.3120379854716955	67.584696782604738	67.584696782604738
5.919248308950813	0.53600494357662332	2.5938131831991988	2.5938131831991988
1.9796395271445053	0.60819209001736796	1.5148908072780525	1.5148908072780525
1.6098066070893542	2.5042250062915601	3.2946393714864626	3.2946393714864626
1.7803851229097174	3.6641163180142766	8.2777494353877312	8.2777494353877312
7.4311441597692998	3.6220480601437539	1428.912249730869	1428.912249730869
3.4993206954645366	4.8089469924697346	413.03703616798566	413.03703616798566
7.6999806414155465	1.4933763074514792	21.079612115321112	21.079612115321112
7.6912686432402486	1.57436230512048	24.824575076586594	24.824575076586594
1.8283565841583014	0.74772547414362511	1.5701806127172446	1.5701806127172446
0.68573011477307899	1.2041944736661208	0.63488726535210827	0.63488726535210827
5.8724857723612995	0.553120994396197	2.6622667881634503	2.6622667881634503
8.6163198496843361	0.23912315247993463	1.6736209372727118	1.6736209372727118
3.6371444675112907	0.37050771409984778	1.6134893759408067	1.6134893759408067
0.28050831646880564	2.0295330178216089	0.075785767838953452	0.075785767838953452
4.2366347321357809	0.51111355847769668	2.0916015063284208	2.0916015063284208
3.7219449075902329	3.3513139614918486	81.814309628565013	81.814309628565013
4.2399158488541628	1.8550039758175254	14.579753084195897	14.579753084195897
7.4872517102352862	2.3432740429486092	111.88633910628242	111.88633910628242
6.068020065158465	4.1473652452513381	1768.4058675159461	1768.4058675159461
2.5333569741431035	0.89411039840320461	2.2958797651799299	2.2958797651799299
3.3992416059540398	2.3930681764540571	18.691038608806107	18.691038608806107
1.4796009792523082	4.1796025556327994	5.1420565333044044	5.1420565333044044
9.6030089185666654	3.0451806715322167	980.86179658005631	980.86179658005631
8.3665093884484243	4.0235800251702436	5151.4658933713117	5151.4658933713117
0.35799064020660859	4.2968303975778568	0.012107716376925955	0.012107716376925955
8.6470817009234207	1.8998789342283531	60.247460507849354	60.247460507849354
5.3643550853852524	0.3339283001449318	1.7522922677620172	1.7522922677620172
2.4740140450162915	3.1410217549510886	17.206191236211154	17.206191236211154
6.0271311888937786	2.2243846459176044	54.358334269255415	54.358334269255415
3.0677829901660374	0.80868370815062063	2.4756380616865599	2.4756380616865599
9.3653698471904772	4.1535742320667071	10846.782367571188	10846.782367571188
2.8072518124532548	1.5873456594609039	5.1472763829844528	5.1472763829844528
5.6025461798791074	4.2408019817349754	1491.950719064429	1491.950719064429
4.5468824086983082	0.57229572925052408	2.3790674469870972	2.3790674469870972
4.1454449534833637	0.20169057266332446	1.3321657981076249	1.3321657981076249
8.2155005630174411	2.4707452400952383	181.89789591107834	181.89789591107834
5.464261876970661	3.502062502345642	382.72023765229306	382.72023765229306
8.9138235848652627	0.74086758192996038	5.0567518732402315	5.0567518732402315
4.4707274250641396	2.3119894371882603	31.890953967878474	31.890953967878474
4.8308387148938419	1.9382526444466928	21.174272280723965	21.174272280723965
5.8225436520716105	0.3831867783644366	1.9641791243388711	1.9641791243388711
2.7282934779836756	3.4118787230633822	30.704888023440216	30.704888023440216
2.4025779876430611	2.611410390069175	9.8651833773165087	9.8651833773165087
2.2933188137334972	0.78566834035539257	1.9195768049662074	1.9195768049662074
7.0433652124280997	4.026974244908784	2594.1140326256154	2594.1140326256154
5.1486306410034919	2.672573926605522	79.808432318840019	79.808432318840019
0.53764718756641783	0.73798141547855134	0.63257507229665932	0.63257507229665932
5.6272406784319786	0.78036181396883064	3.8503654343790119	3.8503654343790119
2.4842287088415631	4.8172544838356472	80.119530056407456	80.119530056407456
8.8530931700873321	4.7784115677758177	33543.615396827321	33543.615396827321
2.5622583617200716	0.40397062237094078	1.4624184413060135	1.4624184413060135
4.211566375111226	3.8909292808840723	268.94661383287138	268.94661383287138
8.9507418565758012	3.5833676616294023	2575.495965610663	2575.495965610663
4.8046034586002042	4.0498710147908836	576.26885991323775	576.26885991323775
5.4558131910768379	2.6286712894030186	86.489102343242962	86.489102343242962
9.7323517574639915	3.2488631153037382	1623.9937425631708	1623.9937425631708
6.1284240368688581	3.0053978864658641	232.43227946054586	232.43227946054586
9.5457015267137386	4.8631208727738713	58200.137479519144	58200.137479519144
6.8898834794389643	2.3879614356103183	100.37316940719336	100.37316940719336
3.6210242671690218	2.2837671098118926	18.890386859093926	18.890386859093926
0.96738609299609157	4.3766636364687885	0.86491881023980088	0.86491881023980088
1.4288527987368691	0.25238819051743555	1.0942511510145945	1.0942511510145945
2.9590946220252774	0.70124868152733932	2.139929788164459	2.139929788164459
9.4225462269573779	3.6773429391132426	3822.5293976967814	3822.5293976967814
3.6391905048214639	1.1457424673546472	4.393058768138328	4.393058768138328
4.6619267028252684	3.4064379924032222	189.42038664866982	189.42038664866982
3.6435143805559402	1.0577437503618428	3.9259502046081751	3.9259502046081751
5.4251741130058848	2.6572138300982151	89.432256677426551	89.432256677426551
8.9110127949994791	3.2442235217352806	1207.190295499463	1207.190295499463
2.0184510987460285	3.9394175147926185	15.907215555135815	15.907215555135815
4.8913495348078619	2.166993227755206	31.187985290510074	31.187985290510074
6.7271880541990665	1.9940464889585288	44.744392939944703	44.744392939944703
1.0909993646337677	0.20501982654523146	1.0180163941727083	1.0180163941727083
8.7001244520173344	4.2362680478959689	9551.7227468124529	9551.7227468124529
5.505190155697953	4.0483101573916684	997.41553002401099	997.41553002401099
5.4395254582030503	4.5787120885488122	2333.0395724686432	2333.0395724686432
0.31703541042152239	0.020432236198970839	0.97680194604415405	0.97680194604415405
1.7646823242877989	3.398327714964358	6.8905473985564205	6.8905473985564205
9.7593616994181378	2.7836305228277869	567.78465103825874	567.78465103825874
0.96709440992649898	2.3049968649547892	0.92577574389822415	0.92577574389822415
5.8353131151125579	0.9742126719608355	5.575828620504204	5.575828620504204
0.51024962046615396	3.1731871000929051	0.1182332976278624	0.1182332976278624
0.38182855010241573	1.6764997359618741	0.19906847077379608	0.19906847077379608
2.7969259938876641	1.0104446028921064	2.8271339153166566	2.8271339153166566
4.8610024498469047	3.9446591252137111	511.56326563159911	511.56326563159911
2.4636949056500885	3.7480289629150274	29.354800841322366	29.354800841322366
9.894510436322058	3.3126872259154934	1983.4900148510808	1983.4900148510808
7.0992239455139163	0.88804249945563107	5.7004801023859306	5.7004801023859306
6.8624011695777813	3.6998178276869225	1243.9679694739036	1243.9679694739036
2.0564216699699345	0.39083121293759743	1.3254825354523594	1.3254825354523594
0.90953946853306111	3.2683169887706347	0.73352643707236942	0.73352643707236942
5.6629495016107949	1.4026273878167648	11.382516791217192	11.382516791217192
0.61632916475251365	2.1200697897009442	0.35841674838456705	0.35841674838456705
7.9056865368703031	1.4320191527665322	19.313753823799072	19.313753823799072
9.5799006514232108	2.7134372629009942	460.10983863067486	460.10983863067486
3.4086426671643277	3.4039678979147721	64.996541320433977	64.996541320433977
4.2361520286195731	2.5363133065328745	38.922099114449878	38.922099114449878
0.45689002349473862	4.1831299410625125	0.037752701329690427	0.037752701329690427
7.0449050801495936	0.28007886285004807	1.7277142159935601	1.7277142159935601
7.4080305098113532	0.55273124388305195	3.0249060436927406	3.0249060436927406
2.6907860301144124	1.3976413151554392	3.9885668968963319	3.9885668968963319
5.1508151485342566	3.71481687370731	441.05103352363011	441.05103352363011
9.2057368405588456	2.9820115857774159	749.60725770290878	749.60725770290878
1.2433677141954242	1.6365082176214441	1.4282788330718683	1.4282788330718683
9.6248349139305063	4.4937274411284625	26248.313776337865	26248.313776337865
8.6623368115736259	4.3991633182105412	13329.375071204782	13329.375071204782
5.7334193232120123	3.7583063272619355	708.51823021798521	708.51823021798521
4.2019609517283882	1.8394911112335424	14.022790147084637	14.022790147084637
6.2572328819812224	3.1435505860711146	318.76314660369832	318.76314660369832
6.1207926061527393	2.1020065685707423	45.068684178471564	45.068684178471564
2.8631531704440887	1.8950699376356825	7.340952835375214	7.340952835375214
3.9946966384760509	1.7716523036804857	11.631083329498843	11.631083329498843
1.5222517010382319	2.0961736634849504	2.4128111337939302	2.4128111337939302
1.4369779148108284	0.62045500944835019	1.2522490163110804	1.2522490163110804
9.8796392983024344	0.83080121206887003	6.705514444951838	6.705514444951838
9.8707811822720988	0.14372804723425006	1.3896844657174592	1.3896844657174592
4.5431596766835733	2.1067299070129244	24.259160088634683	24.259160088634683
9.7379862169099791	1.4942227219826889	29.991146768062144	29.991146768062144
1.4608069513356468	4.396110887404407	5.291372281038881	5.291372281038881
4.1206574885261587	3.5579019404068095	154.16669595924967	154.16669595924967
4.307313822853267	3.9155378705561752	304.27034467583479	304.27034467583479
0.12338981217272951	1.1390564704429309	0.092239260060872838	0.092239260060872838
8.2223754719310449	4.0197117452104019	4764.5886621782511	4764.5886621782511
6.4799351086976369	1.1114032587540168	7.979621148196415	7.979621148196415
8.1795984500182719	3.3109897869757998	1052.0739737634717	1052.0739737634717
4.0093212875764825	3.0016797472420436	64.59896894142274	64.59896894142274
9.5378659423376853	1.7894331208892513	56.579934794865729	56.579934794865729
0.093494434892794367	3.9146821154326981	9.3530536490398161e-05	9.3530536490398161e-05
9.9865436071254816	1.6921615525560574	49.110231471880716	49.110231471880716
4.0332448513075914	3.4331354919164818	120.03123156865789	120.03123156865789
6.3885982796697842	2.8936632450074011	214.07823955399644	214.07823955399644
5.8833699750802264	3.2579712103111595	321.67689743377252	321.67689743377252
6.1683168812295772	4.118711220081817	1796.6701632935187	1796.6701632935187
2.3665582944532222	1.0203867495109735	2.4084866339586433	2.4084866339586433
3.6624443479730533	0.42677153724449157	1.7402090821380647	1.7402090821380647
5.4082422244617669	1.9255948941415144	25.796996801776849	25.796996801776849
7.7797610879970289	3.1575547800475712	650.5411512998628	650.5411512998628
5.8648361400695386	0.8587778021992637	4.5683681861500132	4.5683681861500132
6.4158952725206699	0.73585022709134484	3.9266341806482239	3.9266341806482239
4.7837309855185097	3.8559561786396568	417.97547097502934	417.97547097502934
9.6094384908241572	0.41397111869431152	2.5515765082514004	2.5515765082514004
8.8568142938529668	1.362428334422606	19.525301970795688	19.525301970795688
1.3061476019173002	4.2588232813177438	3.1188215490071904	3.1188215490071904
8.0025070965501968	2.3041175961441764	120.54218972790609	120.54218972790609
3.154093767127129	3.5204315246335711	57.049766256890358	57.049766256890358
5.2360122761211976	2.8218321785588794	106.88067497584144	106.88067497584144
0.81857451589591479	3.7583512854380881	0.47124011047945158	0.47124011047945158
1.0830003473919629	3.0916635243523718	1.2795579720404398	1.2795579720404398
5.3909406180461641	3.4424103042454037	330.13348724483939	330.13348724483939
8.727940546075212	1.6843780815520133	38.446001414569118	38.446001414569118
7.1087871106933944	3.3870410069300441	767.47867421651131	767.47867421651131
2.3205140649959088	4.3835646290862833	40.0462625537319	40.0462625537319
0.75337403666509228	2.0578735722114305	0.55834607202519626	0.55834607202519626
1.7649993577982985	0.80942540745599156	1.5838764784087958	1.5838764784087958
8.0108936319922002	1.1766152644094865	11.568706893598035	11.568706893598035
4.787932747617063	2.3327058262657951	38.599821764699705	38.599821764699705
1.1266438501429874	4.7697686169561857	1.7660798680711363	1.7660798680711363
0.34225789511410176	0.28340201446494395	0.73796342329734965	0.73796342329734965
0.62723837453034847	4.5209253197690433	0.12139701438027561	0.12139701438027561
8.8854876215710803	1.087539699184944	10.757925659669269	10.757925659669269
7.486738799270829	0.3536913550759101	2.0381200588546906	2.0381200588546906
4.1355675700907097	4.5480228439694494	636.81871001189302	636.81871001189302
2.2755813513895617	3.4820476869604766	17.515101046317003	17.515101046317003
0.07138827670623446	3.6554898285347894	6.4482933603215932e-05	6.4482933603215932e-05
8.6487930951671714	2.7156916148715116	350.33394175516895	350.33394175516895
3.4693774392157328	4.0637361397013079	156.83382997961439	156.83382997961439
9.2062775490378801	0.95327396909179996	8.2992002172349881	8.2992002172349881
8.8972664209495704	1.3937407391041341	21.038636438217662	21.038636438217662
8.4244209533175667	3.482006004243468	1670.0752687519557	1670.0752687519557
3.4610226608514543	1.6754617372847169	8.0060152407963994	8.0060152407963994
0.4623291027413905	2.5238304372569695	0.14269006051697439	0.14269006051697439
4.671827028221073	3.2077049950648027	140.4481450847781	140.4481450847781
0.52479609573996555	1.6108879599946766	0.35394535844320368	0.35394535844320368
4.3073238147288553	0.47837392710938764	2.0108901325021558	2.0108901325021558
6.7071755309485139	1.1285909485246348	8.5669294945842829	8.5669294945842829
3.9375177372358916	0.64005879885308492	2.4042377572124125	2.4042377572124125
4.6024604393438899	2.2733840978461513	32.153708408448445	32.153708408448445
7.190640842006367	4.713175848989116	10916.824966122509	10916.824966122509
6.7104514037131384	3.4460717331856836	706.39202321374569	706.39202321374569
4.018805357874256	2.5361882499545718	34.048943729003895	34.048943729003895
4.2746505361412748	4.5758032912393345	770.68536901052812	770.68536901052812
8.601989783909227	1.8240432883886255	50.669765198881521	50.669765198881521
3.1001918673851039	4.7622094552220879	218.82417859509007	218.82417859509007
7.1069009900989419	4.9762256278529069	17304.265184019525	17304.265184019525
1.1143168828079508	0.91012082413975282	1.1035286333693268	1.1035286333693268
4.6779261277440511	0.95607813052530588	4.3714283362740973	4.3714283362740973
2.6544282200868645	1.3432439837873809	3.7110471823645841	3.7110471823645841
7.7231257613870792	4.9740589719586286	26057.651310958921	26057.651310958921
8.166360044736809	0.31456536317723993	1.9359430780390889	1.9359430780390889
4.1079055455918825	1.3270504003580454	6.5208658038002554	6.5208658038002554
0.96009736424241421	0.46283665014170694	0.98132951754481368	0.98132951754481368
5.4361494737181957	2.6060678554226935	82.455428899489092	82.455428899489092
8.5009503444743757	4.9758730071659336	42161.120240420358	42161.120240420358
4.57673777327755	3.4601083000643289	193.01692925027882	193.01692925027882
7.3445157456883035	4.7372095031873229	12654.615106527921	12654.615106527921
3.3197913188772938	1.1128827666274739	3.8013268399322468	3.8013268399322468
7.3479399963618128	0.80090409374148586	4.9398706354983863	4.9398706354983863
2.8912087791724215	4.3364135390198468	99.869111631411471	99.869111631411471
2.2064131299156857	4.3190615535900232	30.507357257974384	30.507357257974384
1.0739805778838554	4.6004693725577228	1.3886670015026119	1.3886670015026119
9.0416930535324127	0.2346597806014164	1.6764606294831264	1.6764606294831264
7.6691195125275406	0.78687277383879528	4.9680064407536086	4.9680064407536086
8.5474392761157212	1.2245901679845597	13.839399087864034	13.839399087864034
0.24260546134445166	1.0346511347999738	0.23098654344213657	0.23098654344213657
9.1615764830788287	2.9076461432083978	626.71339260524576	626.71339260524576
0.52319616280931514	4.9314128723374004	0.040984415067478248	0.040984415067478248
4.1481212432486272	2.0784744977425667	19.239264481018161	19.239264481018161
0.27450159270980234	2.8325745957686705	0.025682450413939371	0.025682450413939371
2.599949916958908	2.9509369969929393	16.770094830610365	16.770094830610365
2.3467244023212324	4.6102179648665045	51.040036893003467	51.040036893003467
1.9026954041823854	4.7429366951812	21.136387299233675	21.136387299233675
6.448364095893341	4.1643426931937864	2348.6879736033266	2348.6879736033266
7.0680280898785366	4.6348347654267661	8636.8849255574278	8636.8849255574278
5.6153982245717815	2.8049749162736703	126.4717926777344	126.4717926777344
3.6729435879329801	3.890024150077485	157.73174548964636	157.73174548964636
7.3312487849652754	3.3137943821533278	736.24414669001249	736.24414669001249
1.1892268090539995	0.73347230023102061	1.1355455666559096	1.1355455666559096
1.8757990413722727	4.9423231849262343	22.396235814823086	22.396235814823086
7.4492107665115803	0.75836431911864577	4.5854008300816194	4.5854008300816194
5.6905457699301607	0.15939964364441761	1.3193841601855616	1.3193841601855616
4.7700487671231571	2.5263336774317793	51.781550313408488	51.781550313408488
8.4763307224533087	1.3614841021045141	18.354404145124384	18.354404145124384
5.2821610387858247	1.4261805584745004	10.736430197353307	10.736430197353307
3.7287670175421868	0.61011179403942228	2.2321259636780333	2.2321259636780333
1.7239378977657447	4.4024617863953983	10.997079898067932	10.997079898067932
6.626230260722962	4.7895909257035001	8580.8574738011193	8580.8574738011193
0.65509406606922405	0.73599111911893333	0.73248903724464143	0.73248903724464143
5.8906741724556646	0.92436890188605725	5.1512968422885237	5.1512968422885237
8.0605533689044542	3.1460577842002486	710.35626677210848	710.35626677210848
9.6574906626455128	3.3736931081377532	2101.9863476367441	2101.9863476367441
9.3806193412920074	3.7018595414839939	3972.5054600917665	3972.5054600917665
2.0224934767512677	4.0351639499308813	17.151603083974422	17.151603083974422
7.8781359123646988	1.2634454421444687	13.570071815431675	13.570071815431675
2.1549665933568112	0.60686773987531961	1.5935082201492579	1.5935082201492579
3.317781002182643	4.8666937233668524	342.61495072062002	342.61495072062002
1.7973428712890829	2.3103673275594452	3.875172051933137	3.875172051933137
6.373290922107735	0.36901600380892752	1.9807200333204513	1.9807200333204513
5.6225385703730124	3.3377207292580646	318.46745827310662	318.46745827310662
0.84183964662127464	0.42403530731665412	0.92959678936734502	0.92959678936734502
1.60729133192136	3.242968231613339	4.6597031323109661	4.6597031323109661
1.7037883770012368	2.6823176578785186	4.17570959597853	4.17570959597853
8.4281553642334703	3.1200096056743214	773.20453847818033	773.20453847818033
3.341651118318901	0.91133463968445227	3.0026444235160032	3.0026444235160032
7.5319959369536935	1.3892493682217362	16.529007265089657	16.529007265089657
0.44165091514033894	1.2027699568154759	0.37420694734105658	0.37420694734105658
9.1886774053089084	4.2195268671631574	11600.372443783586	11600.372443783586
4.7471347657849456	1.4646961716685725	9.7896399162908629	9.7896399162908629
4.0739207518524738	2.8394311457584518	53.96208346368266	53.96208346368266
5.4373822752202869	0.090759965969631956	1.1661219208187221	1.1661219208187221
8.6461104903102228	4.4026824508540718	13320.619189105224	13320.619189105224
1.6194759007304422	3.7270297132415866	6.0303836733880596	6.0303836733880596
3.9066686631363217	1.7248383819816651	10.48988439446407	10.48988439446407
5.5979149006742777	2.2939037426087445	51.987664898216032	51.987664898216032
9.2739058891375432	1.4624283714786181	25.974810769200097	25.974810769200097
9.2675320754999504	1.0340183009061799	9.9967440639608167	9.9967440639608167
9.3305354389851587	0.5640711396956849	3.5244901607893766	3.5244901607893766
7.74338424697254	0.55695725197978707	3.1267737801680031	3.1267737801680031
6.6174768231336865	3.6155872246582499	927.43837381697972	927.43837381697972
4.1054325245450434	4.4829950195852017	561.93356956698062	561.93356956698062
3.3096421937156477	1.4225282868549129	5.4878627209824016	5.4878627209824016
2.5073132656095409	4.7724027732923808	80.386704016892836	80.386704016892836
7.9700747355956008	3.2964717090707403	936.79653987975144	936.79653987975144
7.4484944084590392	2.3399715308948079	109.80331550697558	109.80331550697558
1.7337994895527933	4.3091700286508381	10.712399751298287	10.712399751298287
6.2126968267760461	0.82517477506367853	4.5143453357746068	4.5143453357746068
9.2147428375449749	1.7137558543754747	44.966466733058759	44.966466733058759
0.082792638802304461	1.860520096200543	0.0097029067989628862	0.0097029067989628862
8.5652004759933504	2.9623877839099286	579.60252897850592	579.60252897850592
5.6581425086049686	3.6503089132219357	559.10345854409968	559.10345854409968
1.932145816764864	4.5127157443196788	19.535150246022134	19.535150246022134
2.3421669892148214	3.1863234722955442	15.056431385809987	15.056431385809987
4.7212221504869216	4.8674252255697912	1909.4556045358208	1909.4556045358208
3.6201710118220349	4.3170590660057844	258.26554326489088	258.26554326489088
1.4821385641932978	0.84639318787938023	1.3952085291584526	1.3952085291584526
6.4977424294057968	1.0777229615632216	7.5150660131653382	7.5150660131653382
2.7529419926491498	4.7350260283034764	120.90674471697027	120.90674471697027
5.6538301352080271	3.2348443863058032	271.46368606674065	271.46368606674065
4.489198753298103	0.5486968612440275	2.2795178220705026	2.2795178220705026
2.7935141158357846	2.0484182419912282	8.2016943634522992	8.2016943634522992
6.6277943158725892	2.3005503913112921	77.553396995622379	77.553396995622379
5.3305435254202083	1.6567268529843528	15.997858450820088	15.997858450820088
2.8717054226934042	0.50801696556127007	1.7090030423144802	1.7090030423144802
9.146838605195498	3.1588419785714534	1087.6852480915356	1087.6852480915356
6.3053374302409821	0.059774369830748388	1.1163543310990929	1.1163543310990929
0.49374557786816087	4.2969889686515561	0.048193305296522597	0.048193305296522597
6.6026724793553555	4.7220553141778101	7426.1210640055851	7426.1210640055851
2.538521509366773	2.7981425129802071	13.554230586536873	13.554230586536873
9.3680308737064539	4.0536785647097879	8684.6023992079936	8684.6023992079936
9.4325337144399573	4.5064768116163281	24668.351726189449	24668.351726189449
4.9398614365426639	1.7800393082441837	17.172738399400881	17.172738399400881
1.881961038261474	0.0838254586754303	1.0544339044583952	1.0544339044583952
9.5325118516108311	0.8667159227572413	7.0582104827442427	7.0582104827442427
9.4102622836125356	2.1487465322139974	123.60138505777972	123.60138505777972
3.5251004399308785	0.14895298957593614	1.2064319499537495	1.2064319499537495
7.1051213966408238	3.0930944377832374	430.51776603302483	430.51776603302483
2.6648495369911114	1.2819486011554471	3.5131000086496074	3.5131000086496074
0.60440331779982981	3.7700876792382276	0.1498245605360734	0.1498245605360734
3.591943587899423	4.112869218574728	192.30812656555159	192.30812656555159
6.6010641300305961	0.99060843447502456	6.4850972610348885	6.4850972610348885
6.2868804906192723	3.4395271017436646	557.49313757465677	557.49313757465677
5.3351159102112184	3.1269852698297567	187.83137472456647	187.83137472456647
7.8158510059912922	2.6958266224267042	255.45194088789293	255.45194088789293
8.3105554095930856	4.7752221342614005	24628.488972030129	24628.488972030129
7.6645443354645248	2.9759244076705045	428.71086448721314	428.71086448721314
6.9973998482218294	2.3235497297902756	91.886650491136407	91.886650491136407
5.0961850201336576	3.852706439637295	530.64989927924069	530.64989927924069
1.3366060755018683	2.3915470172701436	2.0014425534425295	2.0014425534425295
3.7747160353769047	1.2340330798405921	5.1510325260942214	5.1510325260942214
1.1471842067380076	1.5901540057666155	1.244015831748768	1.244015831748768
7.4137089814666313	3.1236936029183084	522.06482448980057	522.06482448980057
5.9281028037496784	1.0348239837436708	6.3071292531713476	6.3071292531713476
6.7475741253270485	3.6024666233212392	970.45809281674826	970.45809281674826
3.2355262019168443	0.67585465246119325	2.2113049977926482	2.2113049977926482
7.2679763072305565	1.2398764825836817	11.696241961620036	11.696241961620036
2.7733565802992759	3.5190153751693365	36.219621840100949	36.219621840100949
6.0000021926344811	2.3039997328769459	62.066983472978364	62.066983472978364
0.15576252402391325	3.0184252564391665	0.0036518241074382216	0.0036518241074382216
7.3971489190662219	1.8726180712319986	42.405835989530679	42.405835989530679
4.9140935510399171	2.7622127698701959	81.266928236270658	81.266928236270658
5.5949206074328819	3.338263548797475	313.5690661315524	313.5690661315524
0.28419883721304279	3.5676834699470628	0.011238214047502613	0.011238214047502613
7.9601234544915034	1.1472257697975683	10.803349218162792	10.803349218162792
6.0159209352350542	3.2383677329838174	333.9387669507272	333.9387669507272
3.4386382449575272	1.6332082250409898	7.5167624549886751	7.5167624549886751
5.3005743409671799	2.2677060880363609	43.908794901707758	43.908794901707758
1.2442220822618992	4.8225080780469529	2.868440942908776	2.868440942908776
5.7944420045590324	3.2761083048283361	316.01573425528761	316.01573425528761
3.4961138573386958	2.156994392431935	14.876851280625798	14.876851280625798
6.3740819736526646	4.9852263837143553	10237.73925715181	10237.73925715181
5.5796335976714069	4.8989960645941268	4545.8833949747595	4545.8833949747595
6.4861534641326575	4.731974231252166	6955.0875474748427	6955.0875474748427
1.5965161998128772	4.3128770724341789	7.5207576698521033	7.5207576698521033
7.5560278227013846	2.6790730505749307	225.43044899471028	225.43044899471028
2.9456217635017983	0.13423529332809875	1.1560592940231802	1.1560592940231802
1.8090408354998244	1.3771388559931013	2.2622581118892575	2.2622581118892575
6.0891255196436633	0.26678102774732115	1.6192144454562569	1.6192144454562569
3.2655705488554378	2.4724378309585067	18.65227671468347	18.65227671468347
8.2212353799005182	0.41252575168553074	2.3847074458802928	2.3847074458802928
1.4944790728440824	3.3194559640825489	3.7949960956985542	3.7949960956985542
8.6661465198194154	0.35224543725984464	2.139660843953938	2.139660843953938
2.2663277598907512	0.20953752824575611	1.187007448435168	1.187007448435168
1.5509532048858286	2.2229112196576244	2.6526745855051739	2.6526745855051739
4.7913756336738453	1.2333928013276934	6.9067659117375904	6.9067659117375904
7.70145662548736	0.61724380402689916	3.5255884374111353	3.5255884374111353
7.0643243503758359	1.9723721331401523	47.280629697123366	47.280629697123366
9.4746388670883626	1.9049974942224699	72.501907143914337	72.501907143914337
1.2827857652189989	0.98453949153103504	1.2778562873714348	1.2778562873714348
0.48090857653121821	3.9934868450466987	0.053742871285661423	0.053742871285661423
7.1537594259413106	1.5629707285159546	21.657690648694704	21.657690648694704
9.1080757151538467	0.54562221079082673	3.3379857641850812	3.3379857641850812
6.1543350992364685	4.6354866469569718	4552.3813406164945	4552.3813406164945
2.0853914614785838	0.010223218250611125	1.0075419196975963	1.0075419196975963
0.64367062968188327	0.74160172648379907	0.7212812860341159	0.7212812860341159
7.1322857099733294	0.74847123359400558	4.3512813136102144	4.3512813136102144
3.7056495087865877	4.1593980864651909	232.3449553597095	232.3449553597095
3.2548547552931471	0.55968048113387181	1.9357708244288467	1.9357708244288467
1.9369594041330507	2.0063020992507563	3.7674760421806743	3.7674760421806743
5.5649841596022709	0.39679293894312695	1.9760358735887456	1.9760358735887456
1.4186863743549238	1.6407924589088094	1.7750641620049645	1.7750641620049645
5.8353782263911071	3.996301961150774	1151.9750931013375	1151.9750931013375
8.2465482092236595	1.3314976318963099	16.596414289288802	16.596414289288802
4.4185154077702196	4.5328290538607767	841.2546828376851	841.2546828376851
6.909340948279592	4.8660504609095421	12154.608384623543	12154.608384623543
3.1898765325758327	0.6929284608629096	2.2339798668673723	2.2339798668673723
2.2335656102207047	1.8198896602935266	4.3165736122997371	4.3165736122997371
7.2580708644160108	4.8434786610394305	14769.613588669166	14769.613588669166
2.6839538285201012	1.0354357352319985	2.7795148540155483	2.7795148540155483
3.2585961155209509	1.4180999429392407	5.3398440428192542	5.3398440428192542
4.0646087200212015	1.3514163843745517	6.653312307303537	6.653312307303537
8.1709264331191793	0.44455276741218824	2.5442086873031289	2.5442086873031289
5.674144126203533	3.8470637176629152	794.8821286909415	794.8821286909415
4.1461067961139424	4.5864706285778016	680.44016517042758	680.44016517042758
9.5834291372703877	3.5168431544477965	2830.4480245615382	2830.4480245615382
4.724403081275935	0.59801599338903011	2.5308724462952106	2.5308724462952106
4.2761915068635945	0.35994815047044804	1.6871272992679289	1.6871272992679289
9.7993361315571015	0.61809332673644302	4.0987557397847558	4.0987557397847558
5.9487941529938091	2.9495645620954871	192.41023096398968	192.41023096398968
1.548217050625744	4.3076523872129329	6.572485018907968	6.572485018907968
5.5521879147386546	1.2359881053329522	8.3204888363301084	8.3204888363301084
1.2780318678668532	3.1379435939952911	2.1593437902924335	2.1593437902924335
6.4507581591719454	3.7299453206574973	1046.6557585150929	1046.6557585150929
5.0253165049493944	4.4664997938314634	1354.3978935655725	1354.3978935655725
7.9622281892393767	0.032202079413815234	1.0690922674461811	1.0690922674461811
2.2127428531018687	2.7431612669261356	8.8348913451932436	8.8348913451932436
2.5791476557945914	3.9277602950400099	41.321864078440939	41.321864078440939
1.8629925812750137	3.8935583349650664	11.274123289306242	11.274123289306242
4.2846634858985517	4.1885870763974911	443.44340491673023	443.44340491673023
8.1774803799987055	0.15121654291764602	1.3740519962974227	1.3740519962974227
6.7555883099469662	1.783732928922126	30.192392319371226	30.192392319371226
6.2212160614912895	4.9459349636587895	8442.1978633613908	8442.1978633613908
5.0475225339449405	1.6093112522761266	13.535420907313206	13.535420907313206
6.5604587407765349	3.567997352150126	821.90021281473923	821.90021281473923
3.3951251510964306	1.2978114866830666	4.885969361095019	4.885969361095019
0.2081502413304529	2.770004346264523	0.012939011605851721	0.012939011605851721
0.73121545338035043	2.7570543087319055	0.42185740527258103	0.42185740527258103
9.9068168944927297	2.3699814698236232	229.26905859500789	229.26905859500789
1.8412653610150649	1.456070252058534	2.4323612646757518	2.4323612646757518
4.2238973892099549	0.47832259461479176	1.992016069527097	1.992016069527097
9.7243347013711929	4.6402804138985534	38366.036723846635	38366.036723846635
6.8943918216264386	3.4200379156459499	737.37427247168694	737.37427247168694
0.40954504563281269	1.3938420839620427	0.28814411951794305	0.28814411951794305
2.988696837837697	2.1965613930967822	11.077075243027162	11.077075243027162
7.7645497640629371	2.9803647518653125	449.64646067171714	449.64646067171714
4.1959636977204209	0.61481667938566087	2.415056698770206	2.415056698770206
1.0110713071468849	3.6909778774872777	1.0414764782389008	1.0414764782389008
8.3977115365345814	3.5496325561003705	1907.3561931788738	1907.3561931788738
2.6891964242206461	0.019931284351380439	1.0199125333523364	1.0199125333523364
1.6903804342418454	0.2619524947295569	1.1474165172374824	1.1474165172374824
3.578494036699789	4.2511528846827904	225.87315512277158	225.87315512277158
3.756525027422458	2.0345928310470454	14.772570053796096	14.772570053796096
8.9950682228194889	0.56926512885661429	3.4920581963066986	3.4920581963066986
3.5082587066953286	4.5450118767366554	300.22568825459155	300.22568825459155
6.645646870392369	0.41662268113404738	2.201342806423936	2.201342806423936
8.9323250795837588	2.0301977806927005	85.240513734845223	85.240513734845223
1.5371106198313387	3.4032257688292566	4.3191639148733811	4.3191639148733811
3.1059361753751307	0.86247726120670309	2.657693307166539	2.657693307166539
5.2560474377239794	1.2090021940119029	7.434960166689522	7.434960166689522
8.8273966679095874	1.3258933258239241	17.950361037591957	17.950361037591957
4.3021953325798705	4.2720380567331775	509.50485794323589	509.50485794323589
4.7053451876634957	3.804339896473476	362.04840289713144	362.04840289713144
9.7189896225360162	0.67705031139158578	4.6630404817147557	4.6630404817147557
8.8890627413391776	3.4693866662662853	1958.6113008855466	1958.6113008855466
6.8183158808496467	4.7486140856144017	9095.1717156205923	9095.1717156205923
5.0033497968911309	4.7914303359682027	2241.0922247750727	2241.0922247750727
6.0571503389995671	3.1236260646794967	277.66031823348601	277.66031823348601
2.6514802047472363	1.8779627430901127	6.2415925836534587	6.2415925836534587
1.6741589585905168	0.9217869881393812	1.6080253015374051	1.6080253015374051
3.2094855693087077	1.6895019329536822	7.171725085910329	7.171725085910329
6.8072377144195659	1.1089332376590557	8.3889795486222489	8.3889795486222489
9.2941739527790048	2.6879198404556135	400.38058516539087	400.38058516539087
9.3966502886054766	1.6308465124352618	38.616217190052978	38.616217190052978
3.2582888143932549	2.4459898249071705	17.979072630241028	17.979072630241028
5.7500514596980974	3.3464045801276754	348.47286128750653	348.47286128750653
6.392821515798726	0.076164377662605046	1.1517681742291699	1.1517681742291699
8.0313966822342273	3.5455955662529943	1614.4449115755385	1614.4449115755385
6.0176594740223699	3.0885530614596295	255.44859945508256	255.44859945508256
8.1429696381453596	3.8610302137051051	3285.1860403012629	3285.1860403012629
1.7742497853457662	4.1212915485638453	10.623373026503979	10.623373026503979
3.0392946903527562	2.0627871358416279	9.9050699026372619	9.9050699026372619
6.752114655402969	4.165519940656492	2851.3337916267301	2851.3337916267301
6.010871678583797	0.41850308321368901	2.1183012731694495	2.1183012731694495
5.056907596909145	4.4327649790687662	1318.7329482028904	1318.7329482028904
4.099744883231133	0.18013697608902085	1.2893777241705393	1.2893777241705393
9.2187733427278964	0.057154357918062004	1.1353644031734089	1.1353644031734089
3.5350992683367748	1.7413677594992016	9.0150655570360332	9.0150655570360332
5.0194542100245743	0.69194970813487922	3.0536485961841451	3.0536485961841451
3.0677395585631255	1.9423992058353814	8.8225848083810661	8.8225848083810661
1.2401140688186794	2.6908536453393426	1.7843973922992307	1.7843973922992307
0.88863613423068477	0.45093130591410946	0.94815214587230123	0.94815214587230123
7.8953066618558712	0.873508403884943	6.0793810527121765	6.0793810527121765
4.9664332214147358	0.43464312455529058	2.0069243390593816	2.0069243390593816
5.4027957778658111	1.6565660323255835	16.354264130401244	16.354264130401244
8.2433468725683401	1.6818818858513032	34.735856204058692	34.735856204058692
4.2566065480536039	0.91499173889773622	3.7634652799369914	3.7634652799369914
2.0080811444793594	2.1986800340178094	4.6314726856234971	4.6314726856234971
0.43304842455579351	3.800835015683802	0.041546559129346995	0.041546559129346995
4.8287628540262606	3.1243312016558007	136.93982484888181	136.93982484888181
9.4979700469459836	0.95444217755144756	8.5721954665894042	8.5721954665894042
6.4929456354857651	2.7024541148525802	156.88686877541619	156.88686877541619
4.8627419890494012	4.1110935913752007	666.55042644684784	666.55042644684784
4.0683845575059765	0.27942522698244765	1.4800891667295504	1.4800891667295504
6.8258184391563947	4.5444814935452902	6177.3291601616911	6177.3291601616911
8.1166650554051465	4.2763965904971615	7742.1106400274612	7742.1106400274612
5.3218347894204809	1.7679764831719125	19.215843795569214	19.215843795569214
0.64220823724574583	3.5883273722303217	0.20411647805183294	0.20411647805183294
7.8386097026224908	4.3468194241205298	7710.7324152107458	7710.7324152107458
7.268554346917405	1.4397068133493969	17.387318733739825	17.387318733739825
0.772667063557684	4.099467654658671	0.3473989221672989	0.3473989221672989
0.23569283221912329	4.9323239595541422	0.00080206393369688803	0.00080206393369688803
9.0628560238496032	0.83350831766454747	6.2789699838397555	6.2789699838397555
6.4912953321584457	1.4263085407259888	14.409044042617879	14.409044042617879
1.000046458254332	2.9427127906155799	1.0001367194688751	1.0001367194688751
5.231353494668106	2.073299287950209	30.895984179337191	30.895984179337191
8.4582766921901058	3.2155318167041189	958.7478735902622	958.7478735902622
1.7779965891167102	2.5437087212434326	4.3226639063247578	4.3226639063247578
6.6510001949945652	4.9480569009257582	11794.825061895193	11794.825061895193
0.22422248670995537	3.8826159477182958	0.0030125659968360283	0.0030125659968360283
8.0297669608199591	0.26323166947809346	1.7303998375044078	1.7303998375044078
6.9061488574318206	3.5304236779530824	918.03326137371641	918.03326137371641
3.3625521962698919	2.7645216073411651	28.575110986980487	28.575110986980487
4.253879202604284	0.86626504124636483	3.5050530584272717	3.5050530584272717
8.4093482071037169	3.3482587591389623	1248.3707684777414	1248.3707684777414
7.6657446398772731	0.37976184520281125	2.1673047927322151	2.1673047927322151
0.84264569575400627	0.79480961572001751	0.87277427386132611	0.87277427386132611
2.6217388909145973	1.1538092798231034	3.0406916128871497	3.0406916128871497
5.6498063228923918	2.212397455983103	46.110213773824817	46.110213773824817
7.4383334892590156	0.84482121051961856	5.4480503151057826	5.4480503151057826
1.5413845240430104	0.096666993594988343	1.0427130065890213	1.0427130065890213
4.2532844636373115	4.806297103517104	1051.5656844322625	1051.5656844322625
9.9843550687929721	4.3250416539909189	20994.266225568746	20994.266225568746
0.53431662386360046	1.2068258803245073	0.46935387741958118	0.46935387741958118
7.2672311650284707	4.0369243338864491	3001.1062796176307	3001.1062796176307
4.5378056834437075	0.6137070325294276	2.5299442135006398	2.5299442135006398
6.9592495303944215	4.5621797152037482	6981.0561359198909	6981.0561359198909
6.3177867720654222	1.843963818393568	29.937313706993436	29.937313706993436
2.4661922061149477	2.4972400274312241	9.5276395547582275	9.5276395547582275
6.632494486924239	0.74788611066262334	4.1164300435107526	4.1164300435107526
8.4361688336657199	0.76776340189467285	5.1411519221910131	5.1411519221910131
6.3888857780365367	0.20397636605265365	1.4597809433672639	1.4597809433672639
8.7598443217916468	0.4221656342107224	2.4997097571569018	2.4997097571569018
8.1621902719070665	1.196173138125324	12.321928917550235	12.321928917550235
6.9319281903576924	1.8334262200449694	34.805179016262706	34.805179016262706
7.0560850214494542	3.1489029218745506	469.94284894084171	469.94284894084171
8.2190739803299113	0.34104738084633685	2.0511524987664793	2.0511524987664793
0.33205151903989383	3.9444408136566835	0.012924784773159568	0.012924784773159568
7.8427077871018014	2.5926752995610407	208.47788489306865	208.47788489306865
2.6521082437436192	0.80578044868396903	2.1944290499655073	2.1944290499655073
1.2888117920750375	4.1040169446008923	2.8328239101053341	2.8328239101053341
9.266235361027416	1.7450992982934055	48.679075037658912	48.679075037658912
7.7494284714072235	1.7147858570182422	33.489376351559166	33.489376351559166
6.2730069372120312	2.8805013934856927	198.21205330544856	198.21205330544856
5.993238367523074	4.3790845515351702	2543.581659506071	2543.581659506071
1.6209584746771031	4.0341028043444158	7.0184525331420549	7.0184525331420549
9.1750281236557587	0.095232478675623691	1.2350128862383773	1.2350128862383773
3.7941584560100461	4.2483679734263902	288.59951175531489	288.59951175531489
1.3488874167081768	0.37566399238258186	1.1189925410199477	1.1189925410199477
2.3628735653617419	2.9737458628961311	12.89784321276464	12.89784321276464
4.7022039739591941	4.4543349617083203	987.77019299435233	987.77019299435233
8.6242435715300374	3.4083571890246507	1546.2205600628481	1546.2205600628481
6.2964181362727265	2.8798933806337117	200.12634208176266	200.12634208176266
2.317101844053318	4.0102291940962997	29.074589109745382	29.074589109745382
3.317713956854087	4.2724633301353148	167.98297601816373	167.98297601816373
8.0789711765102403	2.8755246694971861	406.56007777943529	406.56007777943529
7.9593814630573858	1.5862783213572715	26.85624773211255	26.85624773211255
8.9849829812377138	4.1913265331373752	9919.7833402429405	9919.7833402429405
4.9405792121556553	1.718256363165205	15.56281783879834	15.56281783879834
2.0193903746550528	2.0509793565426566	4.2266909828853851	4.2266909828853851
7.5649140268161261	0.033562301755635834	1.0702732843802714	1.0702732843802714
6.2084813467077886	3.4242238861953083	519.22964685457566	519.22964685457566
1.8301225928116498	1.1451909398987434	1.9979744343897206	1.9979744343897206
2.163335618252213	2.4569678242194812	6.6586876215807518	6.6586876215807518
4.7978907957036121	4.1270668871186906	646.75587777788826	646.75587777788826
7.332645266894775	1.9588466875713961	49.53509590437789	49.53509590437789
7.7749207188844842	3.1637857641293583	657.61426829011589	657.61426829011589
1.7763431740779503	0.63261387036519379	1.4383154975859083	1.4383154975859083
6.7527159009320545	1.3701688162980052	13.693849328967794	13.693849328967794
0.33783566346477745	4.1222655295733421	0.011407721303738776	0.011407721303738776
7.6923191943080766	4.6108242602411895	12174.593834712823	12174.593834712823
4.7144127151641584	1.0084092839972036	4.7762895111921022	4.7762895111921022
1.4939405587730663	1.9786950798601863	2.2128525615802133	2.2128525615802133
2.507720357648016	3.6258172526079546	28.035807512662203	28.035807512662203
1.5645284255682113	0.010601709009279741	1.004756436229417	1.004756436229417
7.6278249893700973	1.6974091657648736	31.46263342391434	31.46263342391434
9.30110447914765	4.4102615092031954	18684.889178015339	18684.889178015339
8.9382797703277603	2.6783789048146796	353.03559607798735	353.03559607798735
1.4561955194299157	4.5253614205523114	5.4780764671838647	5.4780764671838647
3.8170939854512187	3.1981989918634737	72.526617826713789	72.526617826713789
6.8620152595148625	3.0130940024411377	331.36568981962182	331.36568981962182
7.9685869759908092	3.997172612827927	4008.452255309262	4008.452255309262
6.1944374488059601	3.1777246062680247	328.67285422225001	328.67285422225001
8.4327978819666622	1.9972468775851493	70.695874182054041	70.695874182054041
8.7783922912931516	1.9606583710103243	70.748052157265292	70.748052157265292
6.1653294049962204	2.8889340772627055	191.48362129223472	191.48362129223472
1.1669209377404051	3.0693583587284556	1.6061059120356254	1.6061059120356254
6.7065113371823113	3.7413800840685187	1236.6253779695596	1236.6253779695596
0.023767011936781483	2.5298032109822044	7.7899610938218493e-05	7.7899610938218493e-05
1.837986736418658	1.7602097891466595	2.9194297727275438	2.9194297727275438
2.5894121679816995	4.2126842240716833	55.040974086195376	55.040974086195376
9.2059070115510497	0.41085388305048964	2.4893760072065327	2.4893760072065327
3.484821709261416	1.8860555059431294	10.533741031737858	10.533741031737858
7.9073183313434567	0.44980366190526722	2.5347599292079415	2.5347599292079415
1.0735876777116995	2.1847231116079135	1.1678079801072536	1.1678079801072536
5.9810961891136483	1.5163767257008618	15.062335128701575	15.062335128701575
9.2619275915083463	4.408945874194421	18286.646397516641	18286.646397516641
8.4435573750259785	1.6097767114971704	31.009810065740201	31.009810065740201
5.1349725875369225	2.4522803877007879	55.263542387640861	55.263542387640861
2.8151706701092327	2.6889443601691116	16.169373994921457	16.169373994921457
3.0104649735002664	4.1167866035102598	93.418374101183176	93.418374101183176
7.8189283804284937	3.9705381700255815	3517.832755829083	3517.832755829083
7.1116341394956315	4.0980104060741809	3100.1270452760923	3100.1270452760923
8.8798241278867138	0.6571066080999064	4.1995501797165602	4.1995501797165602
9.1854068147610803	0.53025990846757942	3.2411002707469629	3.2411002707469629
9.878539576486439	3.2455436777804381	1691.6820726799037	1691.6820726799037
0.73442587063328668	2.1208241451510084	0.51963597627957558	0.51963597627957558
8.3307409535325867	1.8481607200700532	50.300386361221953	50.300386361221953
0.41187930972010955	3.8980688993059909	0.031502630930109764	0.031502630930109764
6.2373994600485725	1.3123812742943544	11.049631200298053	11.049631200298053
2.0748547776726802	3.2659953612031005	10.846269084451881	10.846269084451881
0.35675629043792578	2.321569529088138	0.091369161174362196	0.091369161174362196
9.8068801683546987	1.1104247380162597	12.618868220906764	12.618868220906764
3.2514371288630532	1.6254040746182867	6.7971894996314335	6.7971894996314335
5.062537128586114	1.4709166293195175	10.865930676179369	10.865930676179369
4.0295257706059759	4.1359935366082539	318.65913580953321	318.65913580953321
2.5460647700331798	3.8625783746687885	36.95749707589129	36.95749707589129
6.4383607272012542	1.3863176299689317	13.219635017674637	13.219635017674637
4.3231463408333441	3.8205592058910747	268.60327399881976	268.60327399881976
1.7081911905912273	0.29088291215533685	1.1685327477175698	1.1685327477175698
4.9435525530645954	4.8612455443692717	2365.3464014590077	2365.3464014590077
4.4048904671989684	0.54630889721088005	2.2479543199314893	2.2479543199314893
0.75209044374623457	1.9844666578741972	0.56814878234871058	0.56814878234871058
0.63935483755429856	1.1716974396835105	0.59209084588773409	0.59209084588773409
5.74584837711659	2.4357275307219619	70.726120531835804	70.726120531835804
2.5980139169931378	4.6025795534722871	80.987942604087621	80.987942604087621
4.2491757973347433	1.289275873445731	6.4574059534939225	6.4574059534939225
7.082682554576138	2.8107023005009246	245.27475365918198	245.27475365918198
5.0581822737449142	2.2797349394497699	40.264360192188761	40.264360192188761
4.5734104018195261	1.3455598916311549	7.7337957578145247	7.7337957578145247
4.9023973497597835	4.0064171705589455	583.53176812285767	583.53176812285767
3.5106395717832415	3.4163120664350921	72.980965710010793	72.980965710010793
8.0607509128580439	2.9130245426388295	436.81151613599485	436.81151613599485
5.4148892912166851	0.73739497666519349	3.4749236956595753	3.4749236956595753
5.4993339541839088	1.9511401498038792	27.825869684259374	27.825869684259374
0.1296664009368505	2.5407005573089818	0.005571347206357595	0.005571347206357595
7.0498589836598047	3.9282090576298905	2146.9901286741519	2146.9901286741519
5.7231029774960867	3.9260170142745086	942.91902087662936	942.91902087662936
1.7269753162533044	2.8577679364370407	4.7655024230179146	4.7655024230179146
4.1331598067877575	2.8623173559258852	58.075803855241404	58.075803855241404
7.5110028851126582	1.3831746461608818	16.264591977812803	16.264591977812803
2.5027318223544732	3.3301253724083724	21.221184515917006	21.221184515917006
1.2570374510607478	4.8008359163904082	2.9988482357335253	2.9988482357335253
0.68236950059240198	3.2233994650706648	0.29172852132607685	0.29172852132607685
1.0559222599243197	4.4299235173623464	1.272587668197549	1.272587668197549
9.3569817195815368	1.3488220017698529	20.412176180398223	20.412176180398223
1.2688184345388023	0.98835084993127564	1.2653042412601474	1.2653042412601474
5.9914360666924775	0.85257849416766607	4.6015712289027393	4.6015712289027393
2.7314903396909069	0.077169491800926956	1.0806293047819739	1.0806293047819739
5.4126491718165548	1.4378737698462944	11.338375273371071	11.338375273371071
8.8020008110511068	3.2851390156493263	1267.8889724152943	1267.8889724152943
5.853236009260856	4.8772690765990134	5530.9146221382744	5530.9146221382744
6.3140514924077227	3.6204437743581512	789.71529283576058	789.71529283576058
6.0358024028994475	1.7618781785145816	23.744333510504084	23.744333510504084
3.7484630211048038	2.3246219538750865	21.577037618543891	21.577037618543891
1.0797106501323825	0.24716885425160193	1.0191369512073591	1.0191369512073591
3.3715929914978089	0.67338601491347061	2.266923178864563	2.266923178864563
7.9812825061569157	2.6901487566329916	267.12203071658445	267.12203071658445
3.2441143977928375	1.2391925001700601	4.2987929587710072	4.2987929587710072
3.0056640011332973	1.2218037791363567	3.8366256267559939	3.8366256267559939
1.4046541439762186	1.1886475158793288	1.4976419842985698	1.4976419842985698
2.0391170064763395	2.7174061408113399	6.9323421546737602	6.9323421546737602
2.0005163663641099	1.1160180290909198	2.1681035605431158	2.1681035605431158
5.5046235108513404	3.6336219323281425	491.50068622790729	491.50068622790729
5.9543664869696897	4.5947808410335034	3632.4495698733158	3632.4495698733158
9.9949018782460772	0.88136978847328906	7.606320061296322	7.606320061296322
7.6917969136740769	0.52165523121708546	2.8986851230956918	2.8986851230956918
4.156482296263821	3.0902347362834623	81.65981218512529	81.65981218512529
0.67353628213804706	3.4552748547756975	0.25523490287232786	0.25523490287232786
3.0795661992618633	2.7129637692393569	21.147276085476452	21.147276085476452
5.1571540999706862	3.4720722834046303	297.53591270231016	297.53591270231016
5.4536017017321425	3.8290926763326842	661.95592674064881	661.95592674064881
8.7156936276917065	4.8547540032931309	36722.70664031279	36722.70664031279
4.3251882932199033	2.0360932004647947	19.722660288563326	19.722660288563326
2.2291135221021516	0.67651305894808034	1.7199505878408394	1.7199505878408394
4.3523602166006627	2.1470840518072052	23.517757077843381	23.517757077843381
9.107497347664534	0.015308355720948545	1.034395975052242	1.034395975052242
5.6719979800133995	3.80472430185876	737.49305217200913	737.49305217200913
0.27865656564664748	2.5772894880818442	0.037134953926259012	0.037134953926259012
2.012286834384386	4.5799450920323217	24.597048750714677	24.597048750714677
7.4780148802927702	3.1987576405046929	623.7789044618703	623.7789044618703
4.0875548817057696	0.21366393294152597	1.3509762583798468	1.3509762583798468
6.3879613458577467	1.5128960694393065	16.53596053622698	16.53596053622698
6.9120349901170206	2.9430323064988499	295.79264488401009	295.79264488401009
0.48637044276456809	4.4130079691869382	0.041551207261115948	0.041551207261115948
3.771158489678101	0.14491147319572192	1.212098211256551	1.212098211256551
0.12484633479642711	0.87567355370647637	0.16170378402101485	0.16170378402101485
7.6572096737374862	4.1914484837235069	5076.1695733481329	5076.1695733481329
3.9472152850598667	1.6305923365486554	9.3822549793888115	9.3822549793888115
0.77491942115710089	1.2810048703950838	0.72133514966966628	0.72133514966966628
5.0613739575761958	3.5113941816920446	297.14200808610991	297.14200808610991
7.8945843697396123	3.6102711537296521	1736.2089090472991	1736.2089090472991
0.85707469643104472	4.6459884594975884	0.48843359804189629	0.48843359804189629
5.6521437346301493	1.451677170844389	12.358641272119824	12.358641272119824
9.9189563415242112	0.52389282351938982	3.3269124719689893	3.3269124719689893
1.9547340815855609	4.3532539443694649	18.500293290488418	18.500293290488418
9.5213902733847018	0.061290672005250187	1.1481145034860116	1.1481145034860116
8.801865246546269	0.59562327592973874	3.6526720911342143	3.6526720911342143
8.0045014882951016	2.1360345068042514	85.026286929798374	85.026286929798374
5.5171751581634618	2.1522196198505661	39.476386215377616	39.476386215377616
0.61601755335082375	2.9728211060431073	0.2368633622229914	0.2368633622229914
1.0284654867307488	0.013628648660593705	1.0003826003478491	1.0003826003478491
5.7830979580412256	3.6421503229868875	596.90235007576291	596.90235007576291
0.95481751706549534	0.30199457772287175	0.98613429592798973	0.98613429592798973
2.4078057172363927	0.74110494749848599	1.9178804767952893	1.9178804767952893
8.8645965786964407	0.84241195653844381	6.2852021742834445	6.2852021742834445
0.87890858045408615	0.3736574173797772	0.95291496935164977	0.95291496935164977
9.5792099212826258	4.0080603352937363	8574.8910110169309	8574.8910110169309
0.0088207467887756203	1.6325756970879712	0.00044246810789877916	0.00044246810789877916
6.2884062828430096	1.7929716865140364	27.02468706325033	27.02468706325033
3.4988052693259393	4.7726302558848923	394.39187582651607	394.39187582651607
9.8940639622003488	2.1143235258892372	127.21671414721432	127.21671414721432
1.2458583806189796	3.8465016795106806	2.3292732012380548	2.3292732012380548
3.8557653083057857	3.4154246762588496	100.41915839722753	100.41915839722753
9.9586053183488286	0.034016915566143058	1.0813234834242627	1.0813234834242627
3.2173598391757192	3.2778144894516319	46.077579980896182	46.077579980896182
5.4615162621581428	0.34496429040445287	1.7961670931261	1.7961670931261
8.6627723335599267	4.6627858671642466	23555.555232371429	23555.555232371429
7.277009700542397	0.2212375001867572	1.5513018727916805	1.5513018727916805
6.7137328096776727	4.7523822523537937	8512.3464437085113	8512.3464437085113
5.7381308580464774	4.2795238324719298	1766.7545402420337	1766.7545402420337
6.7839702854018764	4.4539182777799722	5050.8155009331958	5050.8155009331958
3.8795460156918775	0.4455738053917091	1.8295544932647347	1.8295544932647347
1.3251736233703171	2.0150754620681393	1.7635544968529597	1.7635544968529597
3.794795318547072	1.7789807519870451	10.724200805696759	10.724200805696759
2.4006049773650426	3.6575877906848611	24.606868987953717	24.606868987953717
2.6984150895342096	2.6840310172313635	14.358506692857048	14.358506692857048
6.1234847797194529	1.9124586521201381	31.996491800404144	31.996491800404144
4.1759984441234863	1.5006119285250221	8.5412287499037127	8.5412287499037127
0.21602863952070336	0.86491846454688748	0.26570918168784802	0.26570918168784802
6.8677444562595955	2.2961192611263121	83.449749050558438	83.449749050558438
2.0652422303355227	3.4515889588803104	12.222228971030539	12.222228971030539
0.022605322499958027	2.7249880821817394	3.2752449946269148e-05	3.2752449946269148e-05
8.6640360983112092	0.099606760446922654	1.2399474409302775	1.2399474409302775
4.2310609785516506	4.6743069076527286	847.64931957797171	847.64931957797171
3.7144687677074844	4.8735555244142326	598.99509265297092	598.99509265297092
1.0691181801445588	3.5614760201353111	1.2687451259951654	1.2687451259951654
5.6242725018892292	2.6670203178266965	100.10187384673962	100.10187384673962
5.4540920647405784	4.90184734249336	4086.0253332603929	4086.0253332603929
7.1569728490442133	2.4429420396307977	122.47693502781294	122.47693502781294
9.7130984416980386	1.8823462310048935	72.201997924896418	72.201997924896418
8.325155749372378	1.1268821506986617	10.893657835941976	10.893657835941976
5.2732274352661426	0.828953727983335	3.9679666103700719	3.9679666103700719
4.0682258252475103	3.1575739901308482	83.992700142734833	83.992700142734833
3.1353161132320038	4.8943360274738721	268.51442079640111	268.51442079640111
5.6767022250731589	1.2966299190360475	9.5013120715289343	9.5013120715289343
2.6601158036285555	4.2426086635192011	63.487280776436059	63.487280776436059
0.10939484943995041	3.4680066743518738	0.00046476642634130918	0.00046476642634130918
4.0058301466062982	0.060295489590259599	1.087275598108957	1.087275598108957
6.8254821363759399	0.68012769185844602	3.6924717335208563	3.6924717335208563
7.8519779911980514	1.0449897240352812	8.6147749225197021	8.6147749225197021
4.2926314759329571	1.3423127328439819	7.0682670969645542	7.0682670969645542
8.75752440368192	2.8560445758741411	491.45432429178464	491.45432429178464
7.5355171023091403	0.55504624576707218	3.0678795957582756	3.0678795957582756
6.0344095526028152	4.109239499354703	1613.6720680146282	1613.6720680146282
9.5486140624273226	2.2070667599493783	145.4768041362739	145.4768041362739
0.46877842075111081	4.1870790303753056	0.041909780504325513	0.041909780504325513
7.8790052457688473	4.4561443383316153	9881.1139436006688	9881.1139436006688
6.5641634196803267	0.50420097566788435	2.5823948266200989	2.5823948266200989
9.2888713526857991	4.9707893884234373	64794.769737417038	64794.769737417038
6.9828593074508527	4.799188074781978	11237.624310907098	11237.624310907098
7.7855231252346666	0.76107090050738613	4.7679666366367277	4.7679666366367277
5.848027954698285	2.6561883826676636	108.97366663307611	108.97366663307611
3.0564698166743485	0.19904051612503484	1.2490460819474378	1.2490460819474378
0.92796533620650146	3.851136328795568	0.74982576076423124	0.74982576076423124
8.1965311480341452	3.3941287779970879	1261.76417710838	1261.76417710838
0.46888381671320178	2.1677578927419292	0.1936194960864612	0.1936194960864612
1.1097110676993687	0.44302157514682033	1.0471983972717029	1.0471983972717029
5.595966021213588	4.1646964926536469	1302.1849626878447	1302.1849626878447
5.0921630809910035	1.9598486845373251	24.289666410359761	24.289666410359761
6.4462950230940823	2.3242147780251248	76.034496602719585	76.034496602719585
6.4490519373742909	3.4458137810799272	615.70409237613501	615.70409237613501
0.60384948008159389	3.0431124733866426	0.21544746298145065	0.21544746298145065
9.6302082898505148	4.0298368346729818	9202.1921431244355	9202.1921431244355
7.1256585211364349	2.4339802334777083	119.0581712334528	119.0581712334528
2.4369848043195477	0.95175962112709744	2.334483961230156	2.334483961230156
0.74395728466709776	0.23052506071494519	0.93408972540718327	0.93408972540718327
0.29378744976450916	3.4698452464919818	0.014261252333259112	0.014261252333259112
5.8250711480514239	4.4972536939393279	2765.373537789188	2765.373537789188
1.5004936661846635	1.3526364852075048	1.7313336244684525	1.7313336244684525
8.9072168766644637	3.7458378526879308	3610.6021330444437	3610.6021330444437
2.8219880705163751	0.76920888308709356	2.2211149831981518	2.2211149831981518
6.2767878410434577	2.6991896024044113	142.3130181335292	142.3130181335292
3.2715977736607673	1.9350533795159537	9.9103248819603493	9.9103248819603493
8.5339624455992844	1.5420127939653434	27.280123666005146	27.280123666005146
9.4731077353817383	0.93257632763984011	8.1405503663684193	8.1405503663684193
6.5465453325754632	3.8713825408489768	1442.4318556776473	1442.4318556776473
2.3816170870492352	0.050410977573069997	1.0447165694923899	1.0447165694923899
2.8214975670722495	3.4658402330708964	36.415862414941522	36.415862414941522
5.7315300895160242	4.0661773889580886	1211.3305595204397	1211.3305595204397
7.2677993118848727	2.2313176733975699	83.572534613848205	83.572534613848205
1.1280646755916199	0.29016317347663739	1.0355841612230949	1.0355841612230949
9.9528835130647284	2.3296236665701051	211.2736935401426	211.2736935401426
8.1859318371277201	3.8516640404785791	3287.2418690398231	3287.2418690398231
4.5049641499931141	0.28793059218823586	1.5424735813959618	1.5424735813959618
4.3815448770414642	1.7600980329445952	13.468737402484809	13.468737402484809
4.2957182821395401	4.8157501270171306	1118.258469991403	1118.258469991403
1.3283148830630602	0.82103632597209819	1.2625094333576576	1.2625094333576576
2.9131267956074942	4.9249471252957919	193.61786766630493	193.61786766630493
6.4486254639676837	1.748899028553808	26.042118996131407	26.042118996131407
9.7306475245694593	4.8060215804978039	56108.742213148667	56108.742213148667
0.4346555401895873	3.1689028123782199	0.071337415095368797	0.071337415095368797
7.8789559315619435	4.5719080416448818	12547.936950802354	12547.936950802354
8.5257327545888515	2.179932508562938	106.88882987119192	106.88882987119192
8.8198767499600113	0.39021757241210309	2.3384930736370628	2.3384930736370628
9.9852019580881084	4.0373749036347242	10833.736763942154	10833.736763942154
4.8115677153678789	2.9747877193798953	107.06753529989138	107.06753529989138
1.533549545143273	4.5321092295448988	6.9438889288933012	6.9438889288933012
2.6439809338806675	3.205606777011885	22.573251965057498	22.573251965057498
7.5459003349696214	3.8051159505188914	2186.7159496941072	2186.7159496941072
1.820776453114562	2.9405743286223336	5.8251077087574989	5.8251077087574989
5.6547021608003192	0.87929711545069544	4.5876651303418434	4.5876651303418434
2.2116555478136233	3.5797246999515284	17.139324851993514	17.139324851993514
4.6225987849673329	2.5269391184753767	47.877002282428435	47.877002282428435
7.76850573211801	0.840375213898507	5.6003808130864172	5.6003808130864172
2.1854846885166954	4.8073127150207773	42.885680257668206	42.885680257668206
0.16738615953328434	3.1667142490850608	0.0034813013803000471	0.0034813013803000471
9.8248975959664442	1.920395336469523	80.475211321317957	80.475211321317957
4.0393291342970636	3.6917117135822828	173.10871423052006	173.10871423052006
0.39083374216168953	0.60644006212076951	0.56567584469724097	0.56567584469724097
1.8460953428567384	4.3368221549283925	14.278967185131052	14.278967185131052
4.2805641728299051	1.4090532173414194	7.7592283488145526	7.7592283488145526
6.4887362312964383	4.2845441809886422	3018.1159302028032	3018.1159302028032
9.4010337357142095	1.3772523239394763	21.893156021234805	21.893156021234805
6.10380047271933	2.5105212630356539	93.813713861563429	93.813713861563429
5.7571787173757363	0.53308176291175824	2.5424588530375103	2.5424588530375103
9.3806631313975455	2.1565589175348849	124.93350127192905	124.93350127192905
3.0120821019394302	2.9232774778662911	25.110799904335895	25.110799904335895
2.4901450055259406	4.4066107696716834	55.719569856162686	55.719569856162686
0.015535820139282305	4.5848369901933497	5.0999047753417298e-09	5.0999047753417298e-09
4.8695891214977927	4.2886275438726988	887.97040912824332	887.97040912824332
6.1623160815447822	1.4646750821774444	14.345586719591694	14.345586719591694
0.3315445013852838	4.7481597059262741	0.0052900044166677065	0.0052900044166677065
1.004565101284028	2.993272960035732	1.0137268586403991	1.0137268586403991
6.8052724002878096	1.6961860653485306	25.861931377880733	25.861931377880733
7.4513891572549253	4.8718959916534574	17760.252674581374	17760.252674581374
3.5418016337809162	1.6767542082054319	8.3351620081819693	8.3351620081819693
7.0954031998441547	1.4538257561990111	17.26523110906593	17.26523110906593
7.5721454799297234	0.37744918990652909	2.1471405808165165	2.1471405808165165
6.2882922865787538	2.2200250290144172	59.260133406595344	59.260133406595344
9.1496081032631427	0.4036779579215436	2.4439763275951747	2.4439763275951747
4.8795427071088824	2.1638180269219793	30.869326668166828	30.869326668166828
1.6764509635705016	4.539615408157549	10.438742430894564	10.438742430894564
9.2636687127475899	1.6570820584415646	39.998047265667275	39.998047265667275
1.234347768944823	3.8768585116587131	2.2619884930105045	2.2619884930105045
1.1419855079412102	0.081417128515894735	1.0108682586673592	1.0108682586673592
0.63337111014475589	3.162374410623765	0.23592237171432504	0.23592237171432504
7.8095962957783582	4.091813172041288	4492.3067019091377	4492.3067019091377
5.6232192457837007	4.8096685616656831	4047.4300948997738	4047.4300948997738
6.6761932186592272	0.63069729218170312	3.311525799081982	3.311525799081982
4.2392218476253127	0.85670246330412592	3.446653185782325	3.446653185782325
4.6199317741089061	4.7553796543836526	1447.4195338324519	1447.4195338324519
8.5594104265451882	3.5328965529260454	1968.9181777106814	1968.9181777106814
2.3822743778000159	1.0464898159244906	2.4803790711837035	2.4803790711837035
4.8512328199961221	4.6643291533536102	1581.393785273284	1581.393785273284
6.6149806953598027	3.8103567588656539	1338.1556277292595	1338.1556277292595
6.9218132918458508	3.16427131035696	455.70486211677434	455.70486211677434
8.4471665144693819	4.5682076897304791	17116.247939980709	17116.247939980709
6.5201670318196827	1.0168176371137854	6.7290325516499498	6.7290325516499498
2.0666005684890196	0.99943178341615213	2.0657483309005649	2.0657483309005649
8.4198539460344026	1.7126811384748943	38.43719296929951	38.43719296929951
3.151280873622361	4.2685251348524718	134.21614899345647	134.21614899345647
4.8573904227836486	2.5763219419182559	58.667170294521434	58.667170294521434
1.9736537293732601	0.96960441951247212	1.9332856499713935	1.9332856499713935
4.7831242731587871	4.4151906979432827	1002.4359175911372	1002.4359175911372
7.5822378063661322	2.1245233647388062	73.986100045623559	73.986100045623559
5.8528442304562294	2.901179420417221	168.37175902727677	168.37175902727677
7.0944093475384316	1.5132040283596337	19.391432271092157	19.391432271092157
8.8724444822085573	3.0363618883581589	756.14052727571982	756.14052727571982
3.710868328976848	4.6083929409486828	421.08239118155319	421.08239118155319
0.73743940051275436	1.6866249205517738	0.59827925596102705	0.59827925596102705
1.4869850157496329	0.83801440898312762	1.3944257917121696	1.3944257917121696
7.451001110140643	1.0343190745839392	7.9826709351452276	7.9826709351452276
7.4251977801800519	2.1583783531151814	75.738614382260891	75.738614382260891
5.5006351557468793	0.47146939844337743	2.2339939690805926	2.2339939690805926
2.3661645923569239	2.8668160834917495	11.811854322949412	11.811854322949412
3.5212873578236898	3.4519834982518676	77.126645762676105	77.126645762676105
8.2265961003533405	4.594308711097697	16025.220879019815	16025.220879019815
0.97880979367294285	4.0674065051794548	0.91657124821188984	0.91657124821188984
0.020008083275554749	0.87588274168900571	0.032512862231014357	0.032512862231014357
4.8290590396143234	2.8336277728754555	86.658629326430628	86.658629326430628
6.794648021697367	0.86456818902997612	5.2416145973701047	5.2416145973701047
1.2702653984842573	2.7781973194715897	1.9437451967918411	1.9437451967918411
8.1095149140681464	0.7485693726061099	4.7912157162600328	4.7912157162600328
4.7703388910495139	2.7013523285048917	68.077022163633629	68.077022163633629
0.37751741705210162	3.3206432428285475	0.039369389866236407	0.039369389866236407
5.8526644542598589	1.7714130138775683	22.871792324755862	22.871792324755862
5.0644932097698394	3.7765778727351074	457.86246537931385	457.86246537931385
0.013266347814415588	4.8082990931914864	9.4108133450085944e-10	9.4108133450085944e-10
0.53946266368991702	0.90113442976691682	0.57340461266199116	0.57340461266199116
9.0400498566820726	4.8119175589956562	39903.88547517635	39903.88547517635
6.9912716205166063	4.8369235428384325	12163.362443143302	12163.362443143302
2.7397179983843793	1.0768542309113538	2.9603660176463005	2.9603660176463005
7.5210675553326229	3.6536341945873367	1590.7601654359687	1590.7601654359687
7.8402301953766598	2.2388601839383595	100.52571557626617	100.52571557626617
4.5985638116002923	1.448966957238115	9.1225803664348497	9.1225803664348497
2.5855304682068807	0.10775896456712428	1.1077861323221558	1.1077861323221558
4.9043362799524131	1.0982495511846886	5.7336270442539519	5.7336270442539519
1.7169671002238389	2.3756758801073476	3.6117556260295927	3.6117556260295927
8.386887772767329	4.2602974000138971	8606.2552335754226	8606.2552335754226
8.3191421636551244	0.93526571479676468	7.2530040322807539	7.2530040322807539
9.0130243431096861	4.2867205269760102	12395.474657218065	12395.474657218065
2.6392004010498926	0.20663721390754586	1.222058161967903	1.222058161967903
7.8616551170876878	0.69223877365343067	4.1678252817220525	4.1678252817220525
9.4886797677964747	4.4965410932260337	24776.844259433492	24776.844259433492
1.8258685836257764	1.2741759592552588	2.1535659277813051	2.1535659277813051
8.6917902345462377	1.7695891484620869	45.902624198601103	45.902624198601103
9.5992306037289872	2.7552894869971318	508.56409490269942	508.56409490269942
9.9872836228740542	3.1447719037316175	1390.0616130042522	1390.0616130042522
7.282926107162667	4.3884243924291972	6083.6505678605254	6083.6505678605254
7.554079750210704	1.04013928166769	8.1927771652703836	8.1927771652703836
9.2190159702266588	2.7024915382190251	404.62422465153043	404.62422465153043
8.2856944621123603	2.4589972368108031	181.20420149259553	181.20420149259553
4.3365260118503191	1.0994213320708746	5.0175008846382561	5.0175008846382561
2.9895946202441248	0.18022220783453166	1.2181924383201577	1.2181924383201577
4.2896622085364982	0.42962688943928468	1.869416049988194	1.869416049988194
3.2872061461365387	3.5843670086928303	71.202859280985805	71.202859280985805
7.5325953743352265	4.1406415180097529	4276.7452544948519	4276.7452544948519
4.8773553008958137	1.4084241475973827	9.3165585630006724	9.3165585630006724
4.2132208551344537	3.3793188341790441	129.05374608318496	129.05374608318496
1.4147567033339394	3.4604958495233484	3.3222599160263466	3.3222599160263466
5.5912714207572485	1.8531198948679048	24.278772082339561	24.278772082339561
2.0551907199118635	1.7640620016301245	3.563613168271679	3.563613168271679
8.0613613859967987	3.9513464615919465	3815.3430031049229	3815.3430031049229
3.4726979222000058	1.8859231642678438	10.463005004317306	10.463005004317306
8.9041845778636102	1.8275562747212117	54.379693404852233	54.379693404852233
3.5438518586374732	4.4999244689960962	296.89201230825199	296.89201230825199
4.4050175023421385	3.1515215901791165	107.00766441824334	107.00766441824334
3.8465195772643765	1.3139388393597098	5.8714247533292294	5.8714247533292294
9.3106148262791031	1.6765924159458203	42.129060139420041	42.129060139420041
9.635616473712064	0.93425488775499255	8.3022199884446906	8.3022199884446906
9.8308335377447236	4.8619084574766029	66970.475194784231	66970.475194784231
9.4153628598064749	1.2102685390528194	15.087050995868104	15.087050995868104
6.0265565512320309	0.53539258678775403	2.6160334104274297	2.6160334104274297
3.6851900117623995	1.71497593200857	9.3640790201261144	9.3640790201261144
8.7150561662575416	3.7522488884599587	3373.8655879912026	3373.8655879912026
7.7905463422236014	1.120242788977142	9.9717763171597831	9.9717763171597831
3.1157029580444817	3.5354249059376128	55.581509803852498	55.581509803852498
5.5607028413592285	1.3250980948795137	9.7133699353954039	9.7133699353954039
8.7630466103558096	3.0801613164778696	800.81065079219309	800.81065079219309
0.5704156599701844	1.6306076598089916	0.4003537441884556	0.4003537441884556
3.5582317838827411	4.3339040149241201	244.90421677664946	244.90421677664946
6.3952122830108813	2.2201177758103001	61.530852559206757	61.530852559206757
7.9252995073441763	3.9805032517798673	3789.0894035621	3789.0894035621
8.9278523738882658	1.4997208291071273	26.659689054137374	26.659689054137374
5.9639697978153272	3.9276100227185573	1111.7336454745823	1111.7336454745823
0.38891204279253089	0.96253662124898165	0.40291825472378551	0.40291825472378551
7.9792216832693175	0.11639290068776316	1.2734497207554845	1.2734497207554845
5.4706941570482339	4.5013669395527947	2099.9058384800151	2099.9058384800151
6.4567146081397464	4.6524434637933263	5868.5813701550933	5868.5813701550933
0.67796026076957849	1.3882115049795072	0.58300970102600269	0.58300970102600269
5.8686968320491957	3.08857750735958	236.42888341565032	236.42888341565032
0.92592564830781399	3.9436346386190202	0.73822441882492096	0.73822441882492096
3.5304187962491085	0.83741531910332712	2.8757959941022442	2.8757959941022442
1.9021480655430532	3.1684502478317986	7.669582699234188	7.669582699234188
7.5707407037457894	3.0599763986695616	489.93974217990211	489.93974217990211
9.0254020331026066	3.4291672621695484	1889.9688035209906	1889.9688035209906
7.1621067823465641	1.7511312348487822	31.42596608963624	31.42596608963624
0.45251701397241545	0.20166993619591539	0.85222037824243535	0.85222037824243535
8.3530787685500467	1.6226657280498424	31.321953944671314	31.321953944671314
9.18408588218613	4.2941199196055306	13658.147455798073	13658.147455798073
8.4106023525222025	2.5207864345303022	214.43299367505327	214.43299367505327
6.0452643675520745	4.7069301313752892	4765.0472427272198	4765.0472427272198
2.5926039127474469	3.5059501896232064	28.218791529005244	28.218791529005244
4.5837076521370363	0.78284462814726252	3.2932909941610498	3.2932909941610498
1.9462618841790138	4.0450320484768376	14.785241947316608	14.785241947316608
8.8856824163170209	4.1465120496032304	8585.3455522596687	8585.3455522596687
5.3134319340970482	3.1102120646057112	180.33102634898313	180.33102634898313
5.7447896643324832	4.4587615442168369	2428.9708501221985	2428.9708501221985
9.8984941501887533	4.0288138296487643	10255.637988291755	10255.637988291755
7.29101984721233	1.2299374743850966	11.512658929697087	11.512658929697087
2.5112246257332931	3.1061698083521252	17.46274281778231	17.46274281778231
8.1433421592965818	2.9531971635379546	489.53066267185318	489.53066267185318
4.325549878346032	0.50077860728407486	2.082168579398608	2.082168579398608
4.7410699268599892	1.737623583717274	14.942343100353169	14.942343100353169
5.3260145126360081	4.5425530490230228	1993.9817970728193	1993.9817970728193
5.5381617786629196	1.0568332910354696	6.1039863490422235	6.1039863490422235
4.4216170257490539	1.6540416803379354	11.690096249365189	11.690096249365189
2.2833984083183219	4.1806030305465383	31.556419194234433	31.556419194234433
4.8069010911983749	2.8754755347142371	91.345395457388619	91.345395457388619
3.4668789671869584	2.8533545576866768	34.724539415997079	34.724539415997079
3.6011568782963037	3.9685084485868112	161.52693085613757	161.52693085613757
3.9793941082683459	4.5247460256107619	517.62992116348278	517.62992116348278
4.134780159959802	2.2811829832946762	25.482426427484626	25.482426427484626
1.8289091578653782	0.64049974289159384	1.4720887534671945	1.4720887534671945
6.3740521482944059	3.8613601483494957	1276.8456107535071	1276.8456107535071
5.4029771056881106	0.86220447317173921	4.2823243616902147	4.2823243616902147
6.7137102463148732	1.5093801751399971	17.709281635122192	17.709281635122192
7.9101828114806718	1.9216139944494961	53.206879320763427	53.206879320763427
4.2478582387761863	1.9348602876743999	16.42181728375461	16.42181728375461
6.129495991065129	1.376972616819796	12.141220308455013	12.141220308455013
5.8345901881601661	2.4436083241772124	74.443928887514659	74.443928887514659
9.9869831297096336	3.7143239337079326	5154.930341374501	5154.930341374501
5.3089286573571961	4.5132462596817353	1871.2621407027348	1871.2621407027348
8.7981195175326601	1.5602207443457661	29.747922826813006	29.747922826813006
8.2641698022027548	1.739563528529777	39.402731774377003	39.402731774377003
3.3086881518153395	1.4384737928351989	5.5912807772195361	5.5912807772195361
0.48564611761596144	1.9873776674616475	0.23801219893980072	0.23801219893980072
7.990779683735127	3.3156531694695843	983.26956870500226	983.26956870500226
8.7414560706535323	3.269197404403335	1197.3558700148819	1197.3558700148819
0.81101154467818826	3.9890710910406129	0.4336130865402007	0.4336130865402007
0.35827623332747727	3.5811618262174614	0.025326928112464085	0.025326928112464085
8.4784667404265708	4.6225665497009496	19552.783648922032	19552.783648922032
0.36978693241841698	3.9641554915620443	0.019377279503596009	0.019377279503596009
0.9294628572008824	0.15717538796510161	0.98856870620103698	0.98856870620103698
8.6704443287649884	3.4759023936501388	1821.9656629061155	1821.9656629061155
0.0062899704767335942	4.5460231390830526	9.8311796028352117e-11	9.8311796028352117e-11
2.3920646796705651	1.0491002272130654	2.4967252581814674	2.4967252581814674
2.1063046548469493	3.7893596927922473	16.824344317126037	16.824344317126037
5.6438652653266548	4.0169468509011832	1044.8246419730183	1044.8246419730183
9.8308220407237492	4.0813814472143921	11249.616956783508	11249.616956783508
9.9612658129158564	2.7138058505018088	511.95502503341709	511.95502503341709
8.6477435991360903	4.3460167112665005	11797.642870028236	11797.642870028236
0.10244017437301506	0.60814993196292721	0.25015983729824587	0.25015983729824587
1.9098597533630766	2.325869176234959	4.5037333915511857	4.5037333915511857
9.0672999349120378	1.7599015670643023	48.424706900118892	48.424706900118892
9.9340371339243934	0.42102967690746645	2.6291753059804241	2.6291753059804241
9.993456329568378	2.4477926519287587	279.96051963808594	279.96051963808594
8.7882588719969075	0.40666907636815408	2.4202269722926797	2.4202269722926797
8.3823406270791203	1.984539787679116	67.991588260733565	67.991588260733565
7.2881199869455839	3.6791919113725742	1491.8598347444452	1491.8598347444452
3.4101100112640848	1.9107384793666355	10.422719806170644	10.422719806170644
8.3428286676088117	2.4146007535336196	167.72733565869638	167.72733565869638
6.6313952964938565	4.0376305380676767	2076.5247067026298	2076.5247067026298
2.8081446727774488	1.1933952780764581	3.4287963246628519	3.4287963246628519
3.3007211025849093	1.4395254803534487	5.5789263072642861	5.5789263072642861
6.4982718570659355	1.8244937832217281	30.404976507161365	30.404976507161365
1.1464295920009873	2.9265985653446207	1.4917154218767796	1.4917154218767796
0.52033283035122557	3.924905650003903	0.076989338979027169	0.076989338979027169
2.0527216053739927	2.1781496328465262	4.7896258726275613	4.7896258726275613
9.7842744714146015	2.1625685304806948	138.70305848596436	138.70305848596436
0.29282409649107921	4.7643669283510315	0.0028755381581206836	0.0028755381581206836
0.56557815997924121	4.0662300869203563	0.098532179208326728	0.098532179208326728
8.460866927834708	2.7334546068731842	342.80443659763029	342.80443659763029
2.0621225221275812	4.7100493278519791	30.22989489681876	30.22989489681876
1.2990216532740371	2.6547425982301807	2.0027293908743782	2.0027293908743782
2.9382264770782571	1.2908690171153174	4.02009919905937	4.02009919905937
3.3274931847745712	4.0647941462361707	132.52531193907782	132.52531193907782
8.381171647735588	2.1489261049888042	96.408127602324754	96.408127602324754
4.2242160725078897	4.5416052923328385	694.85135920726441	694.85135920726441
4.3759456481638548	3.6197074936651408	209.16683732717911	209.16683732717911
2.9224523227419592	3.7695620930402045	56.97231606923016	56.97231606923016
2.8586823396125367	0.99993545046096644	2.858488526647387	2.858488526647387
6.58953072512187	0.28535938631513891	1.7126468258279501	1.7126468258279501
3.0204411013784958	2.5678984124464073	17.091175927159526	17.091175927159526
4.6466853834656465	3.6655751534126049	278.90980904370696	278.90980904370696
3.6923198452895463	2.0591427593600726	14.728220445697206	14.728220445697206
3.2053938082741187	2.0099402109044524	10.394206846671119	10.394206846671119
2.5955465639111575	0.40114323436482535	1.4661050525220005	1.4661050525220005
2.4094869330145801	4.0360579539808787	34.791224987303032	34.791224987303032
1.9039860627813678	3.4430517433939585	9.1811443095144636	9.1811443095144636
6.7929972178270557	3.7290553119072793	1267.077328987514	1267.077328987514
8.1144166317116415	3.9630445994469139	4012.6126937667846	4012.6126937667846
8.2940769868271058	1.3608917340272233	17.796879560262159	17.796879560262159
5.4527752535183636	3.9751403919595472	847.53641370399009	847.53641370399009
0.79765757469686938	2.2285189199008739	0.60422153319108052	0.60422153319108052
4.0185172927050914	0.43095595198790759	1.8210663514120597	1.8210663514120597
3.7408765853087123	1.7933243069048039	10.654353222560211	10.654353222560211
1.9870450566891544	3.6822543858737919	12.533624122152039	12.533624122152039
8.3494971685498367	0.94403529846599832	7.4144659819089016	7.4144659819089016
2.5099469974785809	3.6494561692533303	28.744731727985165	28.744731727985165
9.2870883826111346	1.1428959142501642	12.769844707618356	12.769844707618356
3.843317269799666	2.6136720580416073	33.746625723474033	33.746625723474033
7.8211845753629303	0.46663766358966829	2.6111667609858435	2.6111667609858435
6.6130194001937115	0.15699432901726731	1.3452348682338522	1.3452348682338522
9.9287911511092268	0.50599959212643963	3.1946932152457119	3.1946932152457119
7.9072425826253125	3.5701924877178248	1607.3939597005992	1607.3939597005992
2.7795700888057775	4.9880275817070538	163.89762556780826	163.89762556780826
2.8919739633865831	4.3602905145634105	102.55137191123843	102.55137191123843
7.9483861706940289	3.4513008350011347	1279.77470832467	1279.77470832467
1.2559135510143067	0.40787259589238067	1.0973949786236221	1.0973949786236221
9.7977988662075663	4.8880861907415323	69939.356309883704	69939.356309883704
4.1219150687697459	2.1714106181344524	21.658709906298402	21.658709906298402
4.4730362353803015	0.31826663378765307	1.6108868673925891	1.6108868673925891
6.5756581181325444	2.4725675040206401	105.29553332627306	105.29553332627306
7.8435599320675999	1.7612042367773304	37.620145569651001	37.620145569651001
4.3892125148936021	3.3817090896712179	148.71837594667579	148.71837594667579
3.9343155831937997	1.8939500163183312	13.386052311644704	13.386052311644704
7.9118874406121611	4.384747725054015	8684.2361629743864	8684.2361629743864
9.5851722843163341	1.4457645508756267	26.251998590539369	26.251998590539369
8.3070056511370574	4.9439238300464332	35128.823346315374	35128.823346315374
8.1387272030159803	4.6579946666091692	17432.805423623828	17432.805423623828
6.381657048296244	4.603341215588447	5074.3845801051639	5074.3845801051639
7.6634298721345875	0.72163470198160273	4.3474086321222334	4.3474086321222334
8.4053845477397608	3.8393597862107454	3545.7590547408076	3545.7590547408076
9.0615470878530093	1.5129249562479172	28.065664279119481	28.065664279119481
0.21619925139868654	4.7750885826137708	0.00066660691901994514	0.00066660691901994514
0.10390286163730501	3.4474195245828083	0.0004072888059807747	0.0004072888059807747
6.3581445156216922	3.2774999757646861	429.45271203162326	429.45271203162326
8.2269348303433318	4.8618072581039575	28165.082564815126	28165.082564815126
0.462031941501378	1.6637905471856116	0.2767479702218576	0.2767479702218576
1.9242183743119821	0.89459943879495341	1.7959481268819388	1.7959481268819388
9.7375513680275319	4.0459234111134297	9981.4131343350164	9981.4131343350164
6.1270046944822525	3.6838606434555974	794.53440684936504	794.53440684936504
6.2886578128318043	4.1141933319414363	1929.3981172860556	1929.3981172860556
1.3025501805230313	1.2453865144781262	1.3898357437977589	1.3898357437977589
4.6841646861207149	4.5631013296298928	1148.583256342815	1148.583256342815
6.5066996705168858	4.9150103468131903	9946.643633094609	9946.643633094609
7.5413787743868674	3.6771201583118125	1684.5808386000886	1684.5808386000886
7.2765287679402864	1.163882175947379	10.073450863899819	10.073450863899819
9.3488230831657191	0.46702263518175036	2.8403081818363947	2.8403081818363947
0.39267820668251863	0.29268640857302869	0.760641626430407	0.760641626430407
4.1023496805466593	2.7513543892653942	48.603791054507937	48.603791054507937
0.10251410854578427	0.017142775573343622	0.9617054693339947	0.9617054693339947
7.7387343645055227	0.50347634642735983	2.8017171874067714	2.8017171874067714
4.1200613669576374	4.6288965577044063	701.98131053535064	701.98131053535064
1.8794128234160612	1.5360326032294191	2.6357669699962609	2.6357669699962609
7.5974987387581336	2.5785536335811292	186.57629734432575	186.57629734432575
9.857065425663885	0.51240377355632427	3.229981540109311	3.229981540109311
4.0918832761498285	1.878937546150685	14.117751874767764	14.117751874767764
2.7839299018625079	4.8749676212082775	147.12781801268605	147.12781801268605
1.6040636369790233	3.8866971581810312	6.2752955579499439	6.2752955579499439
9.3442104821053178	3.5716389256683136	2927.0340457717007	2927.0340457717007
2.9024729500154853	2.9351864443562192	22.819750494768108	22.819750494768108
8.3245831356790632	2.557851130615576	226.02175774579908	226.02175774579908
8.3112152830035999	2.9277117944660427	492.62074522453128	492.62074522453128
4.7277446724247909	2.6688388869966495	63.174653354748955	63.174653354748955
2.1906940694875452	2.907634483782136	9.7788366179616961	9.7788366179616961
7.1581008751909927	4.6689842827908432	9795.7470095013323	9795.7470095013323
7.4929983345294904	2.6008518279742407	188.2997354737561	188.2997354737561
1.6988311351950092	3.0245315385794709	4.9670276142966694	4.9670276142966694
5.3280176621208186	4.9293235710351571	3814.8477779094346	3814.8477779094346
1.4572026879178215	4.3841261734458108	5.2106529997888105	5.2106529997888105
1.8202693086469199	1.3062012084880008	2.1867014650000804	2.1867014650000804
1.0622436155585628	3.7941223298980367	1.2574697760875924	1.2574697760875924
1.8063894140963166	3.793505418810029	9.4235678055577523	9.4235678055577523
1.3890186423973518	1.4543122892621256	1.6126573734308987	1.6126573734308987
1.7528399308936065	3.5631550860969012	7.3873974807175546	7.3873974807175546
4.9975738683381934	4.501830729246679	1398.6071311854228	1398.6071311854228
0.56833656802876897	0.96280015714370448	0.58040912748335682	0.58040912748335682
4.8879645153955824	2.0838525042550824	27.292366910523139	27.292366910523139
2.2345004108539293	2.2194257959196126	5.9563481359094341	5.9563481359094341
9.5747454384572279	2.4481510612705617	252.31768118309537	252.31768118309537
7.2240552147781099	1.4678701913508774	18.221289742901565	18.221289742901565
7.4601363443030504	1.1384624675831068	9.8534753737672158	9.8534753737672158
0.82303044694264993	0.15535588435871772	0.97019573829349948	0.97019573829349948
3.628664151235788	1.0991079621074842	4.1230835583042795	4.1230835583042795
5.788363057762739	0.40194746268824222	2.0253839034678198	2.0253839034678198
5.0283356950578417	2.7960283899409837	91.453884090621116	91.453884090621116
1.4324241970413567	1.9175125061546754	1.9919082858559345	1.9919082858559345
4.6582895351149869	4.6232387377173172	1228.4869321816468	1228.4869321816468
3.3417113080445948	0.66303364601522141	2.2254048433958316	2.2254048433958316
4.5365326784379763	3.9252476332796773	378.27226328865453	378.27226328865453
8.7369463542725097	2.0483381100914828	84.766233378608021	84.766233378608021
9.0554481392470993	2.9265612270118471	631.61953077784165	631.61953077784165
5.8748808365573471	1.15726944531005	7.7613830515202196	7.7613830515202196
9.958075865991173	1.9113400596773564	80.882150012781295	80.882150012781295
8.3335123541989358	3.1103412605498852	731.28991164430045	731.28991164430045
5.2792688479193073	0.69274991725515678	3.166379212411794	3.166379212411794
1.3283126822852114	0.31813469435797281	1.0945260676532971	1.0945260676532971
6.651201673406173	4.6510378067369604	6719.5401412812034	6719.5401412812034
6.1761492011178598	3.6020416206981287	705.01498848661527	705.01498848661527
0.69663096845098804	2.7338627642773092	0.37221265756134903	0.37221265756134903
8.6504384116580297	3.005711897423557	655.33991569362274	655.33991569362274
7.3458923159929999	2.1542065499091616	73.390333075180465	73.390333075180465
2.6032155548768126	2.9718039848791	17.171754147202599	17.171754147202599
5.8674262133471462	1.7648943110825186	22.710613300362969	22.710613300362969
4.100702338103118	1.8670227533341652	13.93863640766712	13.93863640766712
6.2994125133434862	4.5396827992522946	4251.7594238955808	4251.7594238955808
1.9953623532845497	0.51860426472927901	1.4308449384518147	1.4308449384518147
7.6472815051487828	3.3329942500287051	880.4891500744144	880.4891500744144
4.9469179592294337	0.066348555422892808	1.1119060796352755	1.1119060796352755
3.4984066791874242	3.2038863340595465	55.27116272707368	55.27116272707368
6.2719078324637376	1.8816053687821246	31.65129587392568	31.65129587392568
8.3832935718134607	3.708328459457968	2656.5923554502788	2656.5923554502788
5.4176114558887987	3.7036262506235222	522.09560081290397	522.09560081290397
6.9506677581030658	2.6227670075796139	161.59927264221793	161.59927264221793
9.7196303363067109	4.2088858692728115	14351.756838751562	14351.756838751562
2.8749686756493622	2.4330420057597064	13.057909048796727	13.057909048796727
8.7847210296499032	4.7031415264393859	27446.452956049754	27446.452956049754
7.7490980166591585	0.95302918212151888	7.038535416106801	7.038535416106801
8.8804537315944856	1.8194967372548292	53.1709808208008	53.1709808208008
0.30628021317664411	2.2354289725400389	0.070999516561153359	0.070999516561153359
1.3760955196875138	1.4974759200373675	1.6129574514849458	1.6129574514849458
2.1298382959384523	0.74663913849012187	1.7585569860777093	1.7585569860777093
5.006123578922236	0.4789493780732117	2.1628472071794422	2.1628472071794422
7.8038098946711374	3.078003416115767	557.85716175884568	557.85716175884568
8.6928293398082257	0.36015741718614813	2.1789429292074636	2.1789429292074636
4.9290939076690581	2.9708005902944485	114.30701576765328	114.30701576765328
6.4837090543554963	3.8210812121162041	1264.8633055322969	1264.8633055322969
5.8307219037843332	4.2615656776500055	1833.0570963995376	1833.0570963995376
6.24432824519472	3.54906295354089	665.62391157758486	665.62391157758486
8.403855190929125	4.0888845131922258	6026.7901279282833	6026.7901279282833
2.018206089458638	0.17336937178535847	1.1294621438632944	1.1294621438632944
4.8307142135430539	3.5932860263939022	286.9778706311514	286.9778706311514
0.66511724178597786	2.775946225560161	0.32238508700567503	0.32238508700567503
2.083379589855042	3.1614108170994171	10.18023689981748	10.18023689981748
7.5949663442290118	4.7857262950636406	16366.496861506317	16366.496861506317
7.397763290130106	0.33613817159475468	1.9594664404340314	1.9594664404340314
6.0143878037511591	2.9766261610672018	208.62271267418708	208.62271267418708
3.5406979611487888	0.17697860233395121	1.2507686367593502	1.2507686367593502
6.5712773705867669	0.81461180689869672	4.6351861494340092	4.6351861494340092
6.5176589297002643	0.98827746732718114	6.3760015546521664	6.3760015546521664
8.2632979162339861	3.0304335463989722	601.68954161197371	601.68954161197371
8.3241267560839045	3.1980356069048756	877.5581107565888	877.5581107565888
4.9820367685164211	4.6546927786216932	1762.8485119616405	1762.8485119616405
9.276497130627968	1.3942080709863651	22.322076946984176	22.322076946984176
6.4699825156183373	3.1620623092825726	366.54403069185088	366.54403069185088
3.1491380724143525	2.3986148061257744	15.666428243805667	15.666428243805667
8.7109048405354965	4.034726413713285	6207.2338017342263	6207.2338017342263
5.6094378478099172	4.8146440159970787	4034.4099000832321	4034.4099000832321
7.0207698353116488	1.4190794121781967	15.888655660613685	15.888655660613685
8.4477051348519154	2.7629790583416716	363.54631690489322	363.54631690489322
1.4902312084280314	2.9875439286394929	3.2930847108134462	3.2930847108134462
0.022134543231707233	1.8908552999474872	0.00074262216164766451	0.00074262216164766451
7.6475037653343421	0.32362180791675105	1.9316402329585098	1.9316402329585098
9.2174101800295034	0.65352375482907021	4.269675206760736	4.269675206760736
0.52492022870923172	2.2114840192453857	0.24043120154917258	0.24043120154917258
1.0134005151394809	3.3175887128547248	1.0451518192291773	1.0451518192291773
7.2929914080660021	3.6160889157213623	1319.3005515980437	1319.3005515980437
3.2533405942421845	0.83827912509195757	2.6882840296525052	2.6882840296525052
9.0837717776370734	2.8861146578695225	582.99679532414359	582.99679532414359
5.6505323226507009	1.8375697894015988	24.09998062332145	24.09998062332145
3.3456839369381037	3.2599244468870308	51.260304796020449	51.260304796020449
8.9623501679804622	1.729327634100728	44.365923418782415	44.365923418782415
6.0940742730116302	2.8477861208901816	171.88951122902466	171.88951122902466
5.658888383140086	4.2027000889579922	1457.1463684775517	1457.1463684775517
9.2947346097485237	4.6422523666410624	31246.435161492482	31246.435161492482
4.2437736043742245	0.97641382853428582	4.1015304113249904	4.1015304113249904
1.6247125775998472	0.15150868555951405	1.0763028168873003	1.0763028168873003
5.3892054169082373	0.85935741986309999	4.2524695362101657	4.2524695362101657
6.672165101212201	4.5669232177671377	5812.5019924378785	5812.5019924378785
6.8673796874684054	3.3051721108492815	583.09386589676387	583.09386589676387
7.8828639513583685	3.9249411897827229	3306.9839597334203	3306.9839597334203
8.6491114564415597	4.0964115627913635	6890.0259983426522	6890.0259983426522
3.8387091331050032	0.13506980462815507	1.199239105043832	1.199239105043832
7.3927963764809128	4.3006253202914531	5450.3059836451166	5450.3059836451166
3.3361720061331814	4.9371483809158887	383.13793844232436	383.13793844232436
6.2522558791869987	3.3685115939589974	480.24074054473516	480.24074054473516
9.7940573940314248	2.9398420570920885	818.98068590675825	818.98068590675825
6.6135891496300232	2.568064039356651	127.91907224888499	127.91907224888499
6.9261161964495539	0.62403598928180526	3.3457683390822468	3.3457683390822468
0.50592936972324531	2.0073944798609253	0.25467814705157976	0.25467814705157976
3.5245930996341963	2.0344372456705466	12.973552088692754	12.973552088692754
7.2640385419994393	0.14775902884871206	1.340438353337553	1.340438353337553
5.1440693868805267	3.092629895751156	158.41953364848999	158.41953364848999
9.10553622778151	1.49442759843467	27.140175665042882	27.140175665042882
9.0539969225256982	0.22682059297071433	1.6482803980620757	1.6482803980620757
6.5218016013730553	0.94476519232606315	5.8801194192435613	5.8801194192435613
2.9871306566068565	4.9638030803457784	228.59585755443652	228.59585755443652
3.1653022837071374	3.0494364186840861	33.572548367287943	33.572548367287943
7.5056290948512681	0.76785247552834268	4.7007607846772403	4.7007607846772403
2.6874336585338265	4.0546803302920074	55.058875675718284	55.058875675718284
5.4006565984411017	4.5527675212668015	2161.020691771615	2161.020691771615
8.7160646766491894	0.84691066640126134	6.2570181397967106	6.2570181397967106
1.3886494619948344	3.0766297591365035	2.746026535507343	2.746026535507343
3.8290131171872521	4.2313935662955915	293.27156933317832	293.27156933317832
8.8907282323437578	2.5937176255543792	289.25141467940568	289.25141467940568
0.40013762783571771	1.1996516105568791	0.33326511667470632	0.33326511667470632
5.1969301792366185	4.7530440423252998	2523.3439605989888	2523.3439605989888
0.66798667636875964	0.011216362257318979	0.99548456842163924	0.99548456842163924
4.2980130794967417	3.1135516141046029	93.69399811022528	93.69399811022528
5.2922040332538289	2.4360695124294338	57.920060820773003	57.920060820773003
5.6694832560850452	4.5364420723412575	2620.6337659956398	2620.6337659956398
7.5194573182665225	1.0598673782731061	8.4847976031507741	8.4847976031507741
1.8874865047115081	1.4485323931014173	2.5097282600067419	2.5097282600067419
1.6205933530607348	3.7540724271194481	6.125359492157334	6.125359492157334
1.7222222600302042	3.9531855776266625	8.5763878642585958	8.5763878642585958
7.6030865641393319	1.9005415779459081	47.245233687216867	47.245233687216867
2.359229790969128	2.5382442948698261	8.8344993698408363	8.8344993698408363
8.8138041301297605	1.4131173086347115	21.658419080072264	21.658419080072264
5.4838003261567092	1.871476217152569	24.164271063611388	24.164271063611388
3.3281303439592831	4.7438109089724971	300.06794700074903	300.06794700074903
9.7885256582384201	3.5510845686066714	3297.0145027289236	3297.0145027289236
1.1881879276839171	3.8452855190642938	1.9406835614044644	1.9406835614044644
7.5542351082965116	0.19223065332030884	1.4750785000110773	1.4750785000110773
6.7042774455748519	0.9550691199958472	6.1549319686182375	6.1549319686182375
8.9930100975837828	3.4324058434793994	1880.1364725223789	1880.1364725223789
6.3986660414483971	4.4430270894405259	3814.8479842122852	3814.8479842122852
3.3521869259602646	1.1900530655829962	4.218601163401611	4.218601163401611
2.7025745351504611	4.7852770317830196	116.45974009189325	116.45974009189325
6.1657922819429487	0.39234921427734981	2.0415100404739439	2.0415100404739439
6.7938566215015861	4.110857478457679	2634.5826790026754	2634.5826790026754
1.4727653313962199	0.67915249125427568	1.3007334864344604	1.3007334864344604
8.1259557218166378	1.283452209845485	14.715681362063899	14.715681362063899
3.5226384819288059	4.896618608766806	476.21644983492945	476.21644983492945
0.64864013898833095	2.834001646315282	0.29323683041171555	0.29323683041171555
2.1888452848132376	0.49758308825131298	1.4766761575840526	1.4766761575840526
1.7418236182676998	2.2925712397708966	3.5687755958987153	3.5687755958987153
6.0987286555532556	1.9948270559221624	36.848229311132002	36.848229311132002
4.7428490123147879	1.158399189811705	6.0690871864604903	6.0690871864604903
3.2317837938869509	1.5552653621156918	6.1989475439121779	6.1989475439121779
8.9234745665392907	4.70237437991433	29496.241650016305	29496.241650016305
3.0947063818656844	0.80295701205354664	2.477115906210047	2.477115906210047
3.7283381198271988	2.0076717413816638	14.041551593334132	14.041551593334132
7.2860818601759849	4.5247931691809287	7991.1111082639072	7991.1111082639072
6.8970196727846069	1.9352810908551685	41.980313199619957	41.980313199619957
5.3543866721260365	0.95046327600889169	4.927332141328125	4.927332141328125
9.3728909716175117	0.34579661852438015	2.1680564833471947	2.1680564833471947
2.0356067954019692	2.9942949744408027	8.4007985293153489	8.4007985293153489
7.0381203581969931	4.4656932040265582	6088.0972130709479	6088.0972130709479
6.9120812492563957	1.4033056464149429	15.073975956447677	15.073975956447677
7.2018310892456503	1.8126474685670801	35.82958342238323	35.82958342238323
3.0403598193843817	4.8429044679391904	218.15218363860146	218.15218363860146
0.20346489516633037	0.44611188926976386	0.49148349675164354	0.49148349675164354
1.5964532240582781	3.4569489374833164	5.0384923529301888	5.0384923529301888
4.2957571062101776	3.4117373050362483	144.46585715904584	144.46585715904584
6.5129808819515214	3.2152764267872174	413.54904126523678	413.54904126523678
2.8308979503407583	3.4756437270593645	37.215817163131824	37.215817163131824
9.8263184931353358	4.2005363216927529	14742.588854992237	14742.588854992237
8.6806241991240505	4.2109624309979941	8957.8299100674758	8957.8299100674758
3.2951345141950563	4.034156653780455	122.79520435031783	122.79520435031783
8.8416916343810819	0.93736625308891264	7.7134791120014405	7.7134791120014405
3.3952628982748005	4.7272726129597178	323.28333773323163	323.28333773323163
6.6190514298853547	1.8181652491102369	31.070076271820952	31.070076271820952
8.7821903053483261	1.7022547154014935	40.388003974189715	40.388003974189715
7.4724526287441844	0.67437253266563668	3.8818573370744276	3.8818573370744276
1.7345726839092912	1.5769492557916398	2.3833863037810565	2.3833863037810565
6.7104856495735685	1.7385469520714349	27.374775315041369	27.374775315041369
2.5816246470206434	0.022719029156709151	1.0217809731672822	1.0217809731672822
0.12031825525703101	2.824907620598049	0.0025236058073089991	0.0025236058073089991
8.9967000660444345	2.5878037546071013	294.42873711251121	294.42873711251121
3.7924924321441211	2.1905412916198181	18.542082544216282	18.542082544216282
7.3196729487439205	4.0596641426300319	3232.5545438814565	3232.5545438814565
6.754819844400302	2.543679779497992	128.90559654768046	128.90559654768046
0.82887111004374392	2.3979598822176995	0.63758061266355825	0.63758061266355825
1.0914414643288481	2.1132153457466654	1.2031038914810983	1.2031038914810983
1.2410993994977173	4.8110343727424638	2.8268750380016869	2.8268750380016869
0.48570646923269539	4.9279613339788781	0.028474928786842619	0.028474928786842619
0.69091390624420534	3.3825386579532712	0.28631575671872039	0.28631575671872039
0.29658119674578726	1.8974426999567702	0.099637484001234414	0.099637484001234414
0.23233450386975912	0.64628317864670926	0.38934083371451195	0.38934083371451195
6.4377710154043664	3.4398555678725429	605.24805072900585	605.24805072900585
9.7571307386582191	2.9395701481736545	809.43463479924469	809.43463479924469
5.6073491631415582	0.19043495170729802	1.3886398285021158	1.3886398285021158
5.2299823267415633	3.5717272446611918	368.37217276728688	368.37217276728688
8.0585674886570757	3.0399070731048976	568.77387526488155	568.77387526488155
0.9860415086025508	2.863716633530073	0.96054468988163466	0.96054468988163466
8.6248388145008139	0.67390959301604103	4.2718064500202182	4.2718064500202182
3.3231365497620629	2.5783657599267897	22.117803110367163	22.117803110367163
5.6099188991510909	3.7221723225212964	613.40238947959404	613.40238947959404
9.2076126390063724	0.14926066775857078	1.3928656591502098	1.3928656591502098
1.2037472358898513	4.4466072258460425	2.2809137314593659	2.2809137314593659
0.23411268283352193	1.4453109175297558	0.12263741398044284	0.12263741398044284
1.24571993411723	3.6320016077203423	2.2210948109857602	2.2210948109857602
4.0703190046715463	0.43937450296441977	1.8529137162067386	1.8529137162067386
4.3027820975296347	2.993686854692625	78.930909527204605	78.930909527204605
5.4139983158487013	0.44707916216256705	2.1278483106431927	2.1278483106431927
0.4217665924641486	2.6276541740765955	0.10347116542336601	0.10347116542336601
8.4282609176544536	1.1117422882181738	10.695031082080984	10.695031082080984
1.3625150567402702	3.1802683359281518	2.6744926895711392	2.6744926895711392
0.010072707227125976	2.1020854951287524	6.3451605314540191e-05	6.3451605314540191e-05
4.8243630643463407	0.76957117140235631	3.3570337613632319	3.3570337613632319
8.6381792828079629	2.6097219501215458	277.84437255786298	277.84437255786298
6.0411097070282862	1.9097778538317223	31.028402618071517	31.028402618071517
2.7454724421989543	0.74615331304269072	2.1245922550630674	2.1245922550630674
9.7180680452150234	0.38286434292117344	2.3884114424391867	2.3884114424391867
1.9362020129995527	2.1745689749939658	4.2072083377583898	4.2072083377583898
3.3437442374792776	0.81133549488180168	2.6627407323262302	2.6627407323262302
6.8355034640829508	4.7465230199389739	9167.6374766404297	9167.6374766404297
6.3246023749069717	2.7004034799891796	145.58375379377767	145.58375379377767
7.3541578045109901	2.7606799244323366	246.72894640284571	246.72894640284571
8.4790066234365007	2.6627724314507457	296.46361844137385	296.46361844137385
8.6873694166368249	2.9948954066364895	648.4436263157861	648.4436263157861
2.8353878951918317	0.76408904926961374	2.2173601604708675	2.2173601604708675
3.8071749237029917	1.0092714596129717	3.8546581344963964	3.8546581344963964
8.3711462114606476	1.1665325207065667	11.925006583386342	11.925006583386342
4.5496988834547505	1.104706202707229	5.331845046592143	5.331845046592143
2.3109914476694442	0.92999206598847417	2.1793629739268461	2.1793629739268461
1.7072350660249596	0.68445982040965148	1.4421002288065567	1.4421002288065567
2.2289552344234349	1.2053577412095602	2.6277657787500592	2.6277657787500592
4.5334031928552996	4.7460372308467864	1304.4108005131604	1304.4108005131604
1.2751654619554162	3.3891225571975281	2.2791764369468015	2.2791764369468015
1.6348602331659348	2.6187619553594139	3.6228883667126519	3.6228883667126519
2.8810218299248009	1.1548414870507056	3.3939342145105957	3.3939342145105957
3.492978501361812	2.1128117174239263	14.049817696600005	14.049817696600005
2.4651658689156704	0.87103138730791452	2.1943721981346114	2.1943721981346114
0.2708960839915221	4.982005047513141	0.0014935519152122292	0.0014935519152122292
6.5008919114607746	0.38487098396109914	2.0553685046720167	2.0553685046720167
9.240427688267518	4.7330372082192467	37209.729434593566	37209.729434593566
7.4257590336437076	1.7478216427916724	33.258273988589934	33.258273988589934
9.4484023721013415	3.7295032764600213	4341.1248259229033	4341.1248259229033
0.82458530805569286	1.0985046243734806	0.80906685730622085	0.80906685730622085
3.0016586606883795	3.5145853734541292	47.613165640033621	47.613165640033621
3.0075692577021189	3.498522084057365	47.102934770384444	47.102934770384444
2.4492679832323354	0.48074186739140351	1.5382468696408809	1.5382468696408809
7.1951243129607958	0.99267580957201984	7.0918769249177567	7.0918769249177567
0.24393554042779306	1.2291980685059944	0.1765386136088897	0.1765386136088897
2.1464698171838621	4.8998634661071252	42.209106568045534	42.209106568045534
1.6021869523155372	1.5979700569930326	2.1238583534070927	2.1238583534070927
1.7619790362287788	1.0908363563672319	1.8550112488732495	1.8550112488732495
7.1884286478075854	0.93100468142481363	6.273793687286398	6.273793687286398
1.2166243053116039	4.3953065998922378	2.3674939371313162	2.3674939371313162
2.3273563710894618	4.5459334487733152	46.530131183801949	46.530131183801949
8.9431938389673036	1.9746794135417725	75.664634083948556	75.664634083948556
4.297556389118256	0.96967778347900102	4.1116950955248459	4.1116950955248459
7.5740442863619748	2.3595061779783801	118.78988758330333	118.78988758330333
9.3962696841638902	2.2215230068914917	145.02503136717809	145.02503136717809
0.080072173762232315	0.34513511958482423	0.41836273871228136	0.41836273871228136
4.8163635573811527	4.2779182644799825	832.9466753173798	832.9466753173798
4.2032736318172459	2.7928465236367073	55.15496810805007	55.15496810805007
6.2516673905547631	2.3969134373301189	80.897142714693473	80.897142714693473
9.2302580189888097	0.87676549318149333	7.0188536911540167	7.0188536911540167
5.2419639450294468	2.4090014291296531	54.108082716452088	54.108082716452088
7.1404713655248297	2.2036554281100056	76.088649773735696	76.088649773735696
1.494464351092968	3.3648775787826644	3.8647601653605186	3.8647601653605186
8.8090480695407987	2.1077605494701759	98.103392476718156	98.103392476718156
7.4155683444565321	1.0355295661043145	7.9626989481432711	7.9626989481432711
7.818651873178311	1.4288920979711448	18.88813511642763	18.88813511642763
5.193216248338997	0.69691429347473977	3.1520845499285515	3.1520845499285515
9.2082988138968531	4.2352743208019321	12121.720616137722	12121.720616137722
9.6876780741692734	2.6280271174928371	390.67184330543057	390.67184330543057
8.2653034984017015	0.87062206694095601	6.2890602739161148	6.2890602739161148
4.0670896754414212	2.3811090557842327	28.233911598875103	28.233911598875103
4.9802629137011225	2.3092886329177245	40.752733267590614	40.752733267590614
7.6671697524457203	0.11682983374662768	1.268679052499315	1.268679052499315
6.2174858226691203	4.8570980379686599	7155.9105916603967	7155.9105916603967
4.3807847613084503	0.7790368053650687	3.1607675274898424	3.1607675274898424
3.3694910930319337	4.3070768166712359	187.18024891940578	187.18024891940578
3.2138617907188243	4.2347730721657548	140.32825285017131	140.32825285017131
9.5315902764769245	0.04164308323337397	1.0984377877806994	1.0984377877806994
4.8914553835233896	4.4090996235837947	1095.9765249471131	1095.9765249471131
8.435657211413961	0.76110819600469237	5.0684679335845519	5.0684679335845519
2.47783070981201	1.5068737061454485	3.924787786736442	3.924787786736442
0.032004441889347313	4.9767784746216641	3.6371615272786871e-08	3.6371615272786871e-08
7.2950070931885405	0.092269005226824699	1.2012420446669547	1.2012420446669547
9.1844996893935651	3.0153309361246539	801.55080354338406	801.55080354338406
5.9969664498977213	2.4272940550457194	77.315896223119097	77.315896223119097
4.0442050080291079	3.7451585274399468	187.36410540270236	187.36410540270236
8.0208670438785408	0.4904980110791079	2.7766347701312166	2.7766347701312166
5.3736567536688487	2.6673832295401927	88.697165901011573	88.697165901011573
4.9750580614309978	4.0553193621071433	669.48221380077223	669.48221380077223
6.1607115739935931	4.065541572986521	1622.8454319342907	1622.8454319342907
8.8057748172566956	0.63980909835899635	4.0222669508444309	4.0222669508444309
2.2614713833459499	3.2512257671618521	14.1972903681289	14.1972903681289
3.8021759343033428	1.9893355478522885	14.252094443706092	14.252094443706092
8.6206265843776801	4.7458204623905118	27535.903993156528	27535.903993156528
3.0738271611381132	2.8789161288267904	25.350598470228999	25.350598470228999
8.7548192325199423	2.499246927994458	226.41665931784382	226.41665931784382
2.428722610483983	1.6913888818168354	4.4856349026138949	4.4856349026138949
4.2830317923291972	4.4249535810472667	624.41045892848297	624.41045892848297
1.3175542343455728	3.1842502061086746	2.4064280113197727	2.4064280113197727
0.39073361168879894	1.4637804205326033	0.25269873297968171	0.25269873297968171
9.1577457335472374	1.7500937121712807	48.219216370989763	48.219216370989763
1.5229485722843319	3.4249171936255203	4.2235905840040795	4.2235905840040795
0.86747752908557174	2.9567673186687964	0.65681636258394593	0.65681636258394593
7.6210151979561145	0.60477621095951239	3.4152332967104098	3.4152332967104098
1.8199401274826315	2.9351854370456132	5.7985020492203434	5.7985020492203434
7.1618334691288563	2.7739812648301116	235.40797020085625	235.40797020085625
8.4097874966268886	0.92960379456539499	7.2390848246734487	7.2390848246734487
3.591592192156118	2.7781732861498925	34.888601536951612	34.888601536951612
9.4635699974098149	3.2036858482784081	1339.5952119658293	1339.5952119658293
9.5682435015850391	4.2834797689073678	15899.188826856103	15899.188826856103
2.246333242572268	2.2777369694485476	6.3177981006721575	6.3177981006721575
4.870319845746824	2.4563243507204784	48.849957342457763	48.849957342457763
2.2458281882281956	0.73454106902683436	1.8117592649836949	1.8117592649836949
7.1607264233684909	4.8911149564802363	15194.743377843823	15194.743377843823
5.712946631989972	0.30355730395139352	1.6972680336159998	1.6972680336159998
9.9972556154096086	4.1485396462842683	14061.936290661311	14061.936290661311
6.7542772002248306	1.7238137868512782	26.917796860882394	26.917796860882394
6.1579913928601107	1.826471218502415	27.662266045985728	27.662266045985728
6.1156532151973861	4.291229537819544	2370.3189688524258	2370.3189688524258
9.9143984822357076	2.0694925167451523	115.28314022569232	115.28314022569232
2.6126338815178629	0.86460732526758577	2.2940832477629227	2.2940832477629227
1.223001817456298	0.063765695960274843	1.0129193089636399	1.0129193089636399
0.19214736223647641	4.3327323142401291	0.00078737157594087163	0.00078737157594087163
3.2970003657619791	4.9349252297073782	360.47778184346106	360.47778184346106
0.98978942050857277	3.300157225383284	0.96669742981809581	0.96669742981809581
9.64250715042823	0.64739921384017241	4.3367442624306278	4.3367442624306278
7.5386354911458442	2.3016892059809431	104.53343968035642	104.53343968035642
5.8076084011595395	1.1951518806425074	8.186397708601536	8.186397708601536
3.930759744889011	2.2371490013434396	21.376298619641737	21.376298619641737
3.5200890333528463	1.1637719899382921	4.3257740077847853	4.3257740077847853
6.061415537983013	2.1210515461166524	45.696182001902848	45.696182001902848
7.9301322883265986	4.1698271174927024	5621.3927893450264	5621.3927893450264
1.9206990357638429	0.57866443825992475	1.4589077361360152	1.4589077361360152
6.8885210199726004	3.1033030198393696	398.98715063980899	398.98715063980899
2.9533513046997966	4.458826619645639	125.04131479751338	125.04131479751338
4.1764312905403269	4.0075734172464719	307.55513431736631	307.55513431736631
8.4408273639373235	3.8757991322261653	3894.7738790876301	3894.7738790876301
3.7272283151447052	3.4119934463089567	89.035925233245578	89.035925233245578
3.4212533605330679	1.5931024870860364	7.0959709623565796	7.0959709623565796
5.4205255310151372	4.7309263868527687	2969.5852774837963	2969.5852774837963
3.5692536663781613	2.5284774238413443	24.956260886605257	24.956260886605257
9.7086341019020246	4.7499481083994972	48859.600323381113	48859.600323381113
7.8462875154350575	0.57308765940188422	3.256274608518861	3.256274608518861
7.7157643441334773	1.1805225989771722	11.157603139926543	11.157603139926543
3.080310439285868	0.15178584054160993	1.1862103935654342	1.1862103935654342
2.8682990173985266	2.7165817344666019	17.505485169078849	17.505485169078849
0.64883902088603185	2.2809003713044733	0.37282336581795417	0.37282336581795417
5.4299000996682514	2.691181100615581	94.941898357476163	94.941898357476163
5.2142715414315868	2.6799164270040836	83.563962956805938	83.563962956805938
7.7452106670039145	3.3707618675689504	992.47443178481569	992.47443178481569
9.8899662890944597	1.4592982730846256	28.332576460473884	28.332576460473884
0.69232992039570107	0.052733671600745213	0.98079698807667592	0.98079698807667592
1.6199240685783498	0.86598024488046876	1.5185120247903796	1.5185120247903796
9.8147092980077844	4.6570081201166662	41608.426815901112	41608.426815901112
3.9447569181009379	3.2428372970901043	85.663671703600201	85.663671703600201
7.8969216330004137	3.191370958529312	731.34256304544726	731.34256304544726
4.1200713815881223	2.2118656724243895	22.913249656497783	22.913249656497783
9.3873448187656248	0.66661945531623035	4.4495483688986388	4.4495483688986388
5.7859565907748323	2.8269754465132597	142.96044439596332	142.96044439596332
0.034302643225359315	4.5208425303062612	2.3902683412721931e-07	2.3902683412721931e-07
7.0717267967370763	1.78367148649005	32.754755751526645	32.754755751526645
1.2309508274999883	3.8484888222042111	2.2247967581952639	2.2247967581952639
6.2723906030994421	3.9663024615540938	1454.9928181860739	1454.9928181860739
6.9126140402488856	0.37641332678148903	2.0703918760548032	2.0703918760548032
1.2413365418936215	2.1088282597361294	1.577600065175768	1.577600065175768
8.2475599275472806	0.40501774631130999	2.3503258692264684	2.3503258692264684
5.3967143983943524	0.99731777936058319	5.3723673681319095	5.3723673681319095
3.8667621665740315	2.3460361595302284	23.874725170595667	23.874725170595667
8.9544853189137577	3.2722032610218306	1303.9785577699449	1303.9785577699449
3.9265437915777741	1.3558330635067974	6.3882073172410783	6.3882073172410783
7.4979856961968236	0.94462387762487254	6.7064635409177962	6.7064635409177962
8.7789722617219024	1.1103487751450873	11.157105275188478	11.157105275188478
9.1109441105445406	4.0662078402396009	7975.9817081573192	7975.9817081573192
8.2144631068330796	4.3232453721211055	8993.9448917294903	8993.9448917294903
6.767698426497482	3.9755649257299916	2002.0370230451535	2002.0370230451535
9.4718752467397689	3.4468138553490686	2320.5612081761692	2320.5612081761692
6.7967206942145726	0.2948618851106779	1.7595976647545022	1.7595976647545022
4.6959362119576049	4.1797524858586339	642.14408893707684	642.14408893707684
1.983146684462689	4.5737741033991046	22.910462606087762	22.910462606087762
3.956027591690285	4.500416823479771	487.43404071833112	487.43404071833112
6.2816168153171867	2.288726359513134	67.075997925017631	67.075997925017631
1.1744705349395121	4.2570404292690416	1.9829910438876612	1.9829910438876612
9.8771700795764428	1.7483540185268744	54.823882061372544	54.823882061372544
6.23773704652052	1.3900134654112857	12.737914308677302	12.737914308677302
1.6125512740239465	2.2360343847820321	2.9107666774497973	2.9107666774497973
2.3861233780020963	0.069516419746331465	1.0623212229955215	1.0623212229955215
9.1778180243310263	0.095081538213367844	1.2346354625109441	1.2346354625109441
2.9822546494730169	0.9018087218568599	2.6788510794190814	2.6788510794190814
9.5499340675951583	0.60786077495114044	3.9418835137046924	3.9418835137046924
7.4294965000736388	3.2681950492615242	702.20697959454958	702.20697959454958
5.0069392246094075	1.8900116722122131	20.999059789586997	20.999059789586997
9.8029198942114544	3.5817969810373622	3554.9538849789978	3554.9538849789978
4.0584999155771477	1.810473988440261	12.630774682591257	12.630774682591257
0.14458957901957187	0.869708697649762	0.18602179819313042	0.18602179819313042
7.8533059798239178	2.7032304165249847	262.74423334836735	262.74423334836735
4.0637864366996777	0.19756836949057469	1.319184319439344	1.319184319439344
0.57957614514106237	4.1371871517095915	0.1046993082758703	0.1046993082758703
5.1339506056710116	3.2400203837936505	200.39087619794486	200.39087619794486
2.4727522333244649	3.3373327964087074	20.519866008005415	20.519866008005415
3.4466689066529046	3.1632605315954496	50.111204029650573	50.111204029650573
3.6390623327857927	3.3110629707717774	72.023055607340922	72.023055607340922
3.9305485251401624	2.6158289717223	35.89118556265646	35.89118556265646
1.5621042649792904	0.37165350325335272	1.1803016299214919	1.1803016299214919
9.5117211838015407	3.9944670457256675	8083.9530494051432	8083.9530494051432
5.7971457063410883	0.83694758606499087	4.3528158653882523	4.3528158653882523
2.547039476980371	1.8892333764136591	5.8491956928581867	5.8491956928581867
0.2309097338237861	4.5537057602662303	0.0012627089668701787	0.0012627089668701787
5.2591840920016324	4.2011849457181754	1068.3447399771555	1068.3447399771555
3.1658498577905809	3.702922603772119	71.33076767324728	71.33076767324728
5.9335851005873952	2.5569900598496016	94.921442792333849	94.921442792333849
8.4880056342185313	1.1916527490384379	12.788329483463936	12.788329483463936
4.9562780425370727	2.7223905418868313	78.070183309651213	78.070183309651213
2.7192002345577873	1.4793639573135251	4.3923469405216737	4.3923469405216737
7.6956361034856222	1.5599870291704092	24.128479850433628	24.128479850433628
3.7657536865835741	0.87849184635885691	3.205392434723815	3.205392434723815
7.6970899677184228	4.7806504854320595	17267.024807938087	17267.024807938087
5.3040047625215632	4.880047713132396	3436.3835488536843	3436.3835488536843
4.981950862706106	0.7212246759077533	3.1840632404133777	3.1840632404133777
3.2024085520775998	1.3855269660489011	5.015932109155222	5.015932109155222
4.7680131143709996	1.4372556997458943	9.4393992140340313	9.4393992140340313
5.2031200180103365	4.6208147135133126	2040.433793455572	2040.433793455572
5.2212766533925699	3.8583001324075941	588.02793315775159	588.02793315775159
3.1529143648014095	1.4944941406946595	5.5631711829332602	5.5631711829332602
8.0910267426866334	2.3273957131380252	129.80271349316158	129.80271349316158
9.2682242218334352	0.049579345864309177	1.1167168147825031	1.1167168147825031
6.1102471029727754	4.5617478069470865	3853.0255374197077	3853.0255374197077
1.9725988987382326	1.1042548329824358	2.1173760954844001	2.1173760954844001
1.4747832795968563	2.3319656584743425	2.4743912998731474	2.4743912998731474
8.8038076880427489	2.7784340306771722	421.40996013591132	421.40996013591132
2.5393384228907774	3.2334591179625405	20.353891857990646	20.353891857990646
6.1670396801484273	4.7042762965226901	5208.8193240722221	5208.8193240722221
4.06721404418004	1.8843739684202754	14.065120574669079	14.065120574669079
6.8841631515799229	2.7916084353043074	218.24904400607235	218.24904400607235
5.4797520742533736	0.057507715353459422	1.1027687536481841	1.1027687536481841
9.063068081369309	3.3339725463099339	1554.2804250636452	1554.2804250636452
6.4024945239649442	2.5535025137064387	114.55518451724934	114.55518451724934
1.7418806891735712	1.7668557150511901	2.6659054680850214	2.6659054680850214
6.618722230003903	4.5010823904751938	4947.3438641791818	4947.3438641791818
2.5459519707947682	2.4264370806768665	9.6553937725105445	9.6553937725105445
5.4138893504292316	0.32451204789974941	1.7299463292314348	1.7299463292314348
6.6508442027026691	0.35217735432987457	1.9489404318968557	1.9489404318968557
0.68233585013699494	4.0068708548252179	0.21619825536509588	0.21619825536509588
9.6530989252957369	1.5591580769778153	34.296604644089541	34.296604644089541
9.8476032324569793	1.7160165157945495	50.649086405996272	50.649086405996272
3.3371167604980725	0.89491164852919691	2.9401613505949515	2.9401613505949515
4.9691702085939795	0.99585206082684452	4.936233893739022	4.936233893739022
3.1595829092866263	3.9371871997599914	92.711985065217661	92.711985065217661
2.6872373203116711	0.53872448819805929	1.7032471353050889	1.7032471353050889
2.8677507667703988	0.14860696355843656	1.1694827999048332	1.1694827999048332
8.9822639093947778	0.67918031775796606	4.4414101226558458	4.4414101226558458
9.8652914471397875	3.1861444825449587	1470.2048011146308	1470.2048011146308
3.5588438078225288	0.43566778819338026	1.7385514247174332	1.7385514247174332
9.954076930085721	4.6569780122738891	44429.219097334651	44429.219097334651
8.6287642680455647	1.3169761620616516	17.085276085484271	17.085276085484271
0.35439152667172841	1.7387403231021672	0.16469048135282197	0.16469048135282197
5.2912054178869603	3.1823740536463085	200.73423917785655	200.73423917785655
1.1611465665899561	2.0008384799167591	1.3484302638714469	1.3484302638714469
2.0985511840530537	1.8798970902322851	4.0287995116766462	4.0287995116766462
6.4774671717447587	3.4749355626205696	660.05611193788047	660.05611193788047
4.6531105177199965	2.506438446118306	47.169106428441552	47.169106428441552
2.7702282817222135	3.1865543596500583	25.709870133280184	25.709870133280184
5.3031002577007627	4.0433988600152677	850.28226350167245	850.28226350167245
3.6490475911908908	3.4821971393616327	90.702643055839545	90.702643055839545
1.2065355463451493	4.2552902805707093	2.2231915652556049	2.2231915652556049
7.338932237271937	3.698284100074372	1589.8505748378666	1589.8505748378666
8.4141227197553548	2.5668344825205169	236.77976872489685	236.77976872489685
3.4526012914077664	2.6110367627462887	25.416755367384781	25.416755367384781
6.8297251944195612	4.89245395834224	12085.91074985569	12085.91074985569
2.9235977676331797	0.078426926942943259	1.087778541478192	1.087778541478192
5.7615427168108004	4.9816115466731841	6147.6452526326084	6147.6452526326084
4.7282544539252092	0.12792548663384662	1.2198640519926516	1.2198640519926516
5.5835801486420866	3.6974160432482668	577.62662262270658	577.62662262270658
7.9731123262689065	1.1954565698612156	11.963464790059152	11.963464790059152
1.936402631022959	3.4282628951382055	9.6359954473144303	9.6359954473144303
2.7335541277261206	4.4069830138971069	84.072015306735551	84.072015306735551
6.9129796009684839	4.589650909847462	7141.1884681727834	7141.1884681727834
7.0637293819945306	4.15671378583846	3382.1397708719319	3382.1397708719319
1.3068028474599556	3.2324533475270223	2.3748907535894772	2.3748907535894772
1.6529162254569987	2.6845112074741562	3.8538679841581023	3.8538679841581023
0.63833151962566781	0.9159628284879755	0.66287195938933741	0.66287195938933741
1.901870316864076	1.1808241639899051	2.1363064572636956	2.1363064572636956
6.4097737611444563	2.7492212922715225	165.26813757617677	165.26813757617677
9.9579846680843715	1.7040851790286036	50.230694130678948	50.230694130678948
4.8132249436513526	2.3361090640587259	39.286676970964542	39.286676970964542
0.23844445609306095	2.2202782958500946	0.041459721335735014	0.041459721335735014
1.3113592823521572	3.9607828200950395	2.9259713272111276	2.9259713272111276
4.3074674499627479	4.033652030858172	361.6020431890193	361.6020431890193
6.605600349213347	2.6621585729447976	152.31284982325701	152.31284982325701
7.496629642929074	3.8371313011361678	2274.9713266547033	2274.9713266547033
1.0596143025828497	0.19077200187584814	1.0111078877787789	1.0111078877787789
8.0364397957570421	0.7434747730992386	4.7086024657349546	4.7086024657349546
8.2461074523507776	4.8429014706130449	27371.813953910405	27371.813953910405
4.1407561881806485	3.9073408151827662	257.7155003376991	257.7155003376991
0.48245417228987464	3.7626453250146956	0.064410615415042685	0.064410615415042685
3.1209141706911199	0.98262049619064573	3.0597888118064165	3.0597888118064165
4.5532759417292166	0.022877579275378517	1.0352872340343275	1.0352872340343275
6.01947142753483	1.1362525606644667	7.6873238923392933	7.6873238923392933
0.56230035377431242	2.3589866752220559	0.25714535584567144	0.25714535584567144
5.3042951044340612	1.0284089816398494	5.5617775205142239	5.5617775205142239
9.355891341982673	1.0954837686063152	11.582652873311323	11.582652873311323
6.0440070946773918	1.0835567396345565	7.0244112887012697	7.0244112887012697
9.6436176082984417	1.8599966897178675	67.714723125704708	67.714723125704708
8.1196015220724327	3.0712244770231245	621.42008127253621	621.42008127253621
2.7133222687753014	3.9371432580914814	50.904600378520755	50.904600378520755
7.9885292716820944	4.2769265436550707	7240.7631849723839	7240.7631849723839
7.4999053942764871	1.6968610959065245	30.538529329417074	30.538529329417074
2.96355907828957	4.206053364268568	96.487962244086063	96.487962244086063
9.2947047961266946	4.231586745744325	12507.569815029416	12507.569815029416
2.3443140658751918	3.027905366328183	13.193888398319089	13.193888398319089
4.131588014299993	4.8510889614255506	974.6269601510694	974.6269601510694
8.6382276499599566	4.3448413813845868	11711.608571654908	11711.608571654908
0.74559333245462611	4.8335529023521557	0.24195341021316943	0.24195341021316943
4.769912662165364	0.63587019107261877	2.7005023213326611	2.7005023213326611
2.5703200633632202	0.63004527717166858	1.8126355906198455	1.8126355906198455
9.3221546551182737	3.3631662143774137	1822.4032307495218	1822.4032307495218
6.3057440352177405	1.1895667497496372	8.9400460522378644	8.9400460522378644
9.1935435193340567	2.312104128288814	168.91681125231577	168.91681125231577
0.063386312954169438	4.0281477297600174	1.4936913119485622e-05	1.4936913119485622e-05
5.9371735771804293	2.1819886174323626	48.746361003329419	48.746361003329419
3.4404162017410127	1.1813445282076405	4.3044974012247437	4.3044974012247437
5.4225280099047266	0.83996314685666651	4.1371613400314224	4.1371613400314224
8.8196171362992875	4.5726032911654144	21045.854276923539	21045.854276923539
1.5333265098839193	0.24362430139158733	1.1097498897077502	1.1097498897077502
7.6559464323279967	4.0118845398218621	3519.6660921666062	3519.6660921666062
0.58373175871826632	4.6846670607556771	0.080313259474082715	0.080313259474082715
9.6870335201461248	2.4263439173881292	247.08026309566364	247.08026309566364
7.5374756629064112	3.7278866015675045	1862.939557218258	1862.939557218258
7.0891805114972559	1.5537438255719422	20.970478359250659	20.970478359250659
7.0004833744299555	2.5268263998971148	136.61293246329947	136.61293246329947
7.6243597554053579	2.6088593348728151	200.23708944872772	200.23708944872772
7.5894131447579412	0.065223043106063749	1.1413263842707373	1.1413263842707373
4.532570463204431	2.8750257512744075	77.09168251901086	77.09168251901086
6.8226857248890704	2.9661930535207883	297.627197998376	297.627197998376
6.6456002557602609	1.1596058650482959	8.9911552971293336	8.9911552971293336
8.4384257773381943	0.36412131562719507	2.1740600331067119	2.1740600331067119
7.4029886211589266	1.3097977688870353	13.764088489932691	13.764088489932691
4.3109599295549179	2.1302522651924285	22.48032943827722	22.48032943827722
0.19814560109079538	2.6245163182724696	0.014286445157555047	0.014286445157555047
7.4043163346808951	3.8086796804892584	2049.2253424756145	2049.2253424756145
7.4309596708959402	3.218321052413919	635.77310659573163	635.77310659573163
5.3357067953184103	1.2119539817831573	7.6089229643238321	7.6089229643238321
9.1332043391210167	2.7247145899062488	414.40403790205357	414.40403790205357
4.2777612656809589	1.2100499551117956	5.8050177279952004	5.8050177279952004
3.4913824688361172	3.6035661592715935	90.51637480199345	90.51637480199345
3.8972251958767945	4.0139114267465557	235.09330337096574	235.09330337096574
2.2158004305570351	2.7257352520617131	8.7463137562435342	8.7463137562435342
3.903131121262005	1.9386985367132339	14.014312303645301	14.014312303645301
3.9593864259828404	0.14414084810533978	1.2193898926474265	1.2193898926474265
9.0466260311201232	0.86523884194929512	6.7234068281344959	6.7234068281344959
6.201670846376766	2.4611553621276925	89.225104834966714	89.225104834966714
6.7299180050925775	0.78987885976526484	4.5084516377076955	4.5084516377076955
1.9943946010488807	0.31533147086753421	1.2431967666790522	1.2431967666790522
3.777125096348914	2.1741138701009288	17.981028810822711	17.981028810822711
2.7501453306702821	4.2377499876074456	72.757769643613315	72.757769643613315
8.4942963012513442	3.8796679224067399	4024.4431184211239	4024.4431184211239
5.960592874403118	4.9157076085205693	6472.8611914523299	6472.8611914523299
2.6792894044698805	1.7872206799148016	5.8205701548437974	5.8205701548437974
4.0092016832408071	2.6266886724282545	38.374732868249616	38.374732868249616
7.9390853796712593	3.7019811012944537	2142.5614409759551	2142.5614409759551
2.239760491317373	0.73856133901879462	1.8140336860906014	1.8140336860906014
5.6719529126090249	2.1280861842217602	40.179818288392667	40.179818288392667
8.7736692938783261	4.8340258549194708	36254.556697285036	36254.556697285036
0.60857274024440478	0.5021725596871589	0.77926945507899625	0.77926945507899625
7.9271589583267907	3.5289511497127761	1489.1620891572104	1489.1620891572104
7.3786245907214703	4.0726510347656912	3427.3698470612881	3427.3698470612881
1.7782307503669657	1.2289781060351173	2.028756486705527	2.028756486705527
3.0556051480254602	1.4172141205650359	4.8695255459482532	4.8695255459482532
7.8837347666107043	2.8560666042880967	364.02091083879066	364.02091083879066
3.1637035863587322	3.1093065244895985	35.913854885221319	35.913854885221319
7.2967671419831763	4.1671904353025733	3952.1107841544399	3952.1107841544399
2.7018873181661132	3.6855826868184245	38.989285802211171	38.989285802211171
0.037936164624601296	3.5539506295091527	8.9130432108821932e-06	8.9130432108821932e-06
3.6496356473724734	1.3306694956559348	5.5997452718995362	5.5997452718995362
4.9445595913598908	3.5267258850832146	280.54196109743799	280.54196109743799
9.1231604842397687	3.1434854239975518	1042.8042708939283	1042.8042708939283
1.1367013954328355	4.4242091358832072	1.7627522631041501	1.7627522631041501
0.31299699118772778	2.3762501449338029	0.063281569011775729	0.063281569011775729
5.0696990498157195	3.8617664152981517	527.80864991871306	527.80864991871306
8.4974686848182479	0.71482158222906433	4.6161109931096798	4.6161109931096798
2.5003134705591199	2.9135745915343589	14.440643553485302	14.440643553485302
5.6314383052624333	4.9192886853248172	4926.212932340618	4926.212932340618
3.92378748384027	2.0558008899473155	16.616526674884984	16.616526674884984
0.74970700646164179	1.3972859953117964	0.6686329001970458	0.6686329001970458
0.82711683727620378	0.087487790025195744	0.98353112198739978	0.98353112198739978
9.5900070663598296	3.1281799333439206	1178.4367187779599	1178.4367187779599
3.2968301556816288	3.5339681699474355	67.754290424257761	67.754290424257761
5.9730690790354437	2.0418096621763411	38.445687513557544	38.445687513557544
6.6476443492799699	4.3564600965425813	3836.3598852405507	3836.3598852405507
6.42779039453767	1.5443266479827378	17.697471689209873	17.697471689209873
7.2506847805247574	1.6320043455780608	25.359594644088109	25.359594644088109
0.19114161847070066	1.1212341822184118	0.15639791231146183	0.15639791231146183
4.4507501653200237	0.74128179844425934	3.0246264173563291	3.0246264173563291
3.0851182907651054	3.5081180666375111	52.050309140184673	52.050309140184673
4.376124630627837	1.6289293512462724	11.073624682180732	11.073624682180732
4.1451803723651457	1.1097991509661749	4.8456180422645136	4.8456180422645136
9.0082544039200627	4.4450410014791668	17515.268466447913	17515.268466447913
2.7298458767150562	1.641918698603368	5.201197530280286	5.201197530280286
2.7308120945524688	3.9031923752992261	50.458100335722584	50.458100335722584
4.4190188836311517	2.5336874928614468	43.157278850139676	43.157278850139676
2.3996383341061418	3.2883600229278671	17.785096358828767	17.785096358828767
5.1160117201371458	1.0387965773080003	5.4504912610213569	5.4504912610213569
8.1864350300506796	1.4979141021007654	23.32048652425188	23.32048652425188
1.4650979311837928	4.7345422398252124	6.099618665655397	6.099618665655397
5.2941200597965734	1.9237207037438111	24.681814918293934	24.681814918293934
5.0209165357817795	3.9309682300310875	568.53305119843799	568.53305119843799
4.3063142922796773	4.8495303165255548	1188.8167858833381	1188.8167858833381
7.4759950044646732	1.0758329726777891	8.7080701731460373	8.7080701731460373
2.0151667068807901	4.1342292636300355	18.11721159133446	18.11721159133446
7.2101719878057224	2.0005064419217762	52.038617257402862	52.038617257402862
5.8446547171829284	4.2823503780874255	1921.0120638505146	1921.0120638505146
7.2114701947913753	2.7739211649872568	239.93323779774693	239.93323779774693
2.8022277147604084	2.3588971480034195	11.366180556070585	11.366180556070585
7.4693030837126253	0.88616346555345138	5.9411279297761652	5.9411279297761652
5.622147423877669	4.2333257810087792	1494.7908863387588	1494.7908863387588
8.8032834152961819	0.96195548557068355	8.1041250840026731	8.1041250840026731
3.1944559823060321	1.9210543119733505	9.3105182436270368	9.3105182436270368
3.3943684925865765	2.6347012779472441	25.025996688385092	25.025996688385092
8.7565873291652903	2.3186147642761989	153.0775748218783	153.0775748218783
2.7713101446127202	4.6205000877399041	111.02651017374107	111.02651017374107
5.2841765596186221	4.6739077982526309	2394.0286031991745	2394.0286031991745
8.0115891531429995	4.7650581214965708	20242.865405859084	20242.865405859084
4.0410937800834628	4.1753486727067184	340.67832120067305	340.67832120067305
8.7100502244447551	0.70869912299618676	4.6365165766072813	4.6365165766072813
8.0315474643221147	1.1783830987694615	11.646625764798415	11.646625764798415
3.4081126847653378	3.5020078654044302	73.260187577056286	73.260187577056286
8.4808257033677883	2.0094111260712499	73.386119518320484	73.386119518320484
0.61378608311953442	0.76618606832392544	0.68798917833950612	0.68798917833950612
9.4697391458463649	4.7999802165225702	48573.920952299399	48573.920952299399
1.5393605399159582	1.0061185320119657	1.5434287919602934	1.5434287919602934
6.2673883937816104	0.16054291415325805	1.3426617197467743	1.3426617197467743
4.1010199412031225	2.7562174109951929	48.89486750351864	48.89486750351864
8.4962278985021022	4.1029552342935309	6494.9125668342112	6494.9125668342112
9.9485854822644288	4.239610557316392	16987.109781818617	16987.109781818617
1.6138712397936397	4.3974548786198771	8.2052918033320452	8.2052918033320452
7.9948182788619002	4.9625515503395192	30215.807249621652	30215.807249621652
8.6865285528537797	2.7243275553047526	361.18084792658846	361.18084792658846
8.4115200100354706	3.4624564096002945	1593.4468414160417	1593.4468414160417
4.9892119675025501	4.9335071654236051	2778.0857940771225	2778.0857940771225
6.5173211350145728	2.37901554494705	86.433697826324547	86.433697826324547
6.3161281198851471	0.015171795413674211	1.0283578740312984	1.0283578740312984
8.1676128169665283	1.7199000763500838	37.043541855503349	37.043541855503349
1.1463229761344522	3.6403556748969685	1.6439876997236065	1.6439876997236065
3.7572455237721547	4.5674241462457852	422.35066380473216	422.35066380473216
6.2734499064017957	3.4469360416812944	560.98813058791973	560.98813058791973
2.0145116575060755	0.31693457859874397	1.2485384533565878	1.2485384533565878
5.8375772952793969	1.63986308342045	18.051638440375818	18.051638440375818
3.2327924332923641	1.1220579516423519	3.7305756048663952	3.7305756048663952
0.47361794249142952	4.8731415516450438	0.026200852101937792	0.026200852101937792
5.9502211579585591	0.66313901989358626	3.2630454729550236	3.2630454729550236
3.2502259594958098	2.8882793733083165	30.098812456614212	30.098812456614212
0.98128263761570145	3.348033354561446	0.93869914501151364	0.93869914501151364
8.8754814966777253	0.29840868294461009	1.9184421286977225	1.9184421286977225
7.1145939731330294	0.21313609676490652	1.5192314786769783	1.5192314786769783
8.4374408556336942	4.2936906582779324	9481.1803684626393	9481.1803684626393
7.6267294669415318	3.3529327422732047	908.70122804943753	908.70122804943753
5.5309505021278387	1.4943474928348135	12.882524491247869	12.882524491247869
1.6495578543921088	1.7466273459766943	2.3969562679323841	2.3969562679323841
9.887850070390968	0.5319046049458368	3.3829787392289399	3.3829787392289399
7.2880512500282082	1.2224320115726068	11.336625779330339	11.336625779330339
3.2015666541854992	4.3873525331145311	164.89354497875328	164.89354497875328
2.1148275194617216	1.5365166211224981	3.1607516392380099	3.1607516392380099
3.2801981967921048	3.6880348688139648	79.920373392010703	79.920373392010703
2.4386616679430992	0.087178433098851496	1.0808147568302402	1.0808147568302402
6.6127215571366538	1.5429147986455933	18.440674705392286	18.440674705392286
5.7906452984721204	0.71039820576982105	3.4820889924336162	3.4820889924336162
8.4432121260102466	3.4526606644729729	1580.9447512639103	1580.9447512639103
3.0687244903356654	1.8808243168957191	8.2391471293393952	8.2391471293393952
1.0067093425198301	0.64177056511917563	1.0043006996658257	1.0043006996658257
0.062283892543320396	1.5638443937953754	0.013019409003641449	0.013019409003641449
1.5808355627508717	1.3255390024321176	1.834983123486986	1.834983123486986
9.8206233244057746	4.7057866319213932	46643.882874826653	46643.882874826653
3.8399630201056394	3.6532815322386138	136.36759816837895	136.36759816837895
0.99720653580592666	4.4730034443682829	0.98756529789359437	0.98756529789359437
2.8343331468751112	1.5283123919540744	4.9145788891210991	4.9145788891210991
2.7838657885311084	1.8554507081876734	6.6837930104452195	6.6837930104452195
1.0494781646731401	3.7964364208744366	1.2012245698988309	1.2012245698988309
5.5931578128672328	3.6037437887897124	494.72577093155877	494.72577093155877
0.23509354354410344	4.2367109310608262	0.0021683461320280177	0.0021683461320280177
8.8571938443084317	0.12215235165777021	1.305312366064254	1.305312366064254
0.30883796323551249	2.8106579049377918	0.036796583844738315	0.036796583844738315
5.8905584871983896	0.42383808469250861	2.1204187906916387	2.1204187906916387
4.1163519606345078	1.9611603195761527	16.038270471332357	16.038270471332357
7.571844398236264	1.6435875571097265	27.864095019484981	27.864095019484981
3.0750258115169045	4.3610328413468684	134.12955638309302	134.12955638309302
4.167621373617826	2.3038192446314603	26.798500576803502	26.798500576803502
3.2809998600631731	4.8650070241092038	323.8723296333572	323.8723296333572
1.0816912437353943	1.0124590944648166	1.0827500451972762	1.0827500451972762
6.982431391209083	2.855049817187465	256.85091017376811	256.85091017376811
9.491484182946289	2.0157416829477786	93.336850164155976	93.336850164155976
9.9994300513681686	3.2031253271674363	1596.0483346744181	1596.0483346744181
2.4596357242816747	1.6329350788596897	4.3477706642027201	4.3477706642027201
0.73939421214195056	2.3227982501422781	0.49593585812781876	0.49593585812781876
4.4787792656896936	1.0427693116664494	4.7753950992846903	4.7753950992846903
0.98966180266625581	1.8071051786392887	0.98139578432892804	0.98139578432892804
6.8805004017010019	1.1412248219732728	9.0346797613725975	9.0346797613725975
2.1082029100868067	0.34965679519564541	1.2979506333013333	1.2979506333013333
4.7237171395714377	4.1747318430327764	653.06198019304861	653.06198019304861
3.6189108199545501	1.4707430219650073	6.6301678124196641	6.6301678124196641
1.3737289345471826	4.3226635540951559	3.9454798044116224	3.9454798044116224
1.054428169929567	4.5377932965996921	1.2718807317301561	1.2718807317301561
1.8366209058725824	2.0193879708090483	3.4131694502259418	3.4131694502259418
4.0339924138045111	1.1707347540232358	5.1186461332436606	5.1186461332436606
1.6263521578878013	2.7224051181937723	3.7584751360601261	3.7584751360601261
4.1946854434510348	1.2405412240149791	5.9222164263680499	5.9222164263680499
9.9376788495211361	4.8019023751380168	61498.568588361144	61498.568588361144
5.570500054253344	0.98704486810981107	5.4479238100668361	5.4479238100668361
7.4869097325017488	2.7061833087857261	232.28603176545587	232.28603176545587
1.4750713566725029	3.7151145102895287	4.237988137098867	4.237988137098867
8.0846891760918798	4.5850569480164118	14510.689428998852	14510.689428998852
3.3956978781238001	0.69809275523932857	2.3476736128674394	2.3476736128674394
5.2164921488862106	0.069425831498003535	1.1215137510281663	1.1215137510281663
6.1901426595353701	0.89826691486430077	5.1423129999689721	5.1423129999689721
2.1797957064321287	4.9288871409440853	46.56002978723307	46.56002978723307
1.1121526042301719	1.5198427245001249	1.1753375243092081	1.1753375243092081
4.6913446367645237	2.2222042224034513	31.028428459572108	31.028428459572108
3.1858418434450937	4.7686473590491332	251.01450024796003	251.01450024796003
9.3170264452704501	0.62379244453623317	4.0237211329456377	4.0237211329456377
3.0320950790304169	2.8673213185932016	24.060876568035383	24.060876568035383
7.376511410831271	1.3627404618303562	15.228449864205263	15.228449864205263
0.47490468997746943	4.553250909196044	0.033690547079537156	0.033690547079537156
6.9262175775195303	4.0284641471936951	2431.6917777374833	2431.6917777374833
2.6861855370780607	3.5894699601663236	34.7033023472449	34.7033023472449
1.7742250443206096	4.8575649293349894	16.202273313897948	16.202273313897948
2.5436084731161168	0.78771689862896388	2.0863156879472635	2.0863156879472635
7.4925662910724755	2.2776599561355066	98.199907922313102	98.199907922313102
5.7902423020389735	2.148870499652344	43.544822056615466	43.544822056615466
2.8823056003582455	0.66384023135306403	2.0192678234068437	2.0192678234068437
9.6325510405699504	2.9267814611401293	757.17428261415284	757.17428261415284
8.2804500178991773	1.1480545129266968	11.323377053210613	11.323377053210613
7.8032830163855706	4.9682225122442807	27103.942047104531	27103.942047104531
5.0745840901928094	4.0312644164743707	697.67915534183987	697.67915534183987
0.79407088445633423	0.060487373403491668	0.98614948082860709	0.98614948082860709
3.1630468305496526	3.5451485625301089	59.285532721657667	59.285532721657667
2.7910404850628607	2.8744264428509974	19.112696744428305	19.112696744428305
0.70091670624975022	4.5421284610538528	0.19906596565607404	0.19906596565607404
3.8013649725899468	1.2664470114406603	5.4257869103815981	5.4257869103815981
1.0397925803893466	2.0799598284694647	1.0845472678082828	1.0845472678082828
1.2671274608609993	2.0917937797559278	1.6408877398163972	1.6408877398163972
2.243471466655889	1.1676850984986948	2.5690035087862308	2.5690035087862308
1.2878249949247522	0.30127692865438566	1.0791885634912841	1.0791885634912841
3.4353315331512153	4.3642636393667358	218.32753752004456	218.32753752004456
4.6616068862569868	0.2307403452994902	1.4264552309483243	1.4264552309483243
6.3802307683458324	0.62602596164906954	3.1904245112252561	3.1904245112252561
1.7931283468690418	1.6273844533298645	2.586563893277511	2.586563893277511
9.0851760542719635	4.9544668356754649	55979.728528538384	55979.728528538384
4.0888019898728798	0.083831092424386272	1.1253063445311777	1.1253063445311777
5.6723732703644689	1.8468028508905361	24.663515761993548	24.663515761993548
0.74771319444316875	4.5021191014405275	0.27010966964810007	0.27010966964810007
4.0186534055640593	2.9175573594841806	57.868158011517863	57.868158011517863
1.8478177842880132	1.5837184428762332	2.6443138651522311	2.6443138651522311
4.5409963250237375	2.1402603085433118	25.496145212432619	25.496145212432619
1.6299112647106453	2.917903032466278	4.1598135572378228	4.1598135572378228
6.4498660682333595	2.5405704400610492	113.95163724863174	113.95163724863174
7.0753525829072021	4.1504206656954006	3363.6594512062943	3363.6594512062943
7.025598180720662	3.2583947712392365	573.88974119031718	573.88974119031718
6.6671911208757741	1.8400927108608807	32.819452603611943	32.819452603611943
8.0233043806603579	4.6972857640142323	17701.323259129978	17701.323259129978
0.60405051188660053	0.27890808031100794	0.8688395105978749	0.8688395105978749
1.3111339803543307	2.9681905370519095	2.2345955466583183	2.2345955466583183
7.7075922065714177	4.2429390934318114	5796.1837860745336	5796.1837860745336
2.7747165804306921	4.4647832418911353	95.252220505124839	95.252220505124839
8.3808442635475462	1.4509740547915972	21.860827639061405	21.860827639061405
4.4634952826137493	4.4041530582372639	726.5549917921677	726.5549917921677
4.3500361796851381	1.1773237579274438	5.6456353529902259	5.6456353529902259
3.9181658686059269	2.4325126896761344	27.712868353463112	27.712868353463112
2.7927672669746051	3.8166280234460186	50.39050486386656	50.39050486386656
9.0553178543541364	2.4246698662508472	209.01409041843303	209.01409041843303
4.3708278456315055	1.3515314803081713	7.3407765971885235	7.3407765971885235
9.0394290996450284	2.2845501457211697	152.88049039835226	152.88049039835226
2.4887379095754145	0.3059154776557178	1.3217099360669398	1.3217099360669398
8.1805033868816697	1.562982448768536	26.709094493259819	26.709094493259819
8.0106561130544005	2.5759172152766792	212.70327946645514	212.70327946645514
9.3973866078350081	3.2960819829319767	1611.0579117283273	1611.0579117283273
8.1802450751088109	4.4116650755410651	10637.002817791732	10637.002817791732
8.9504951091356126	0.75857974451549182	5.2729287047696083	5.2729287047696083
0.76329854982842227	0.22907512323142226	0.94000077954979699	0.94000077954979699
9.1939971557973053	0.37299382772960155	2.2876057587673913	2.2876057587673913
5.0697556721633985	1.7314402535383644	16.620455489256212	16.620455489256212
6.5474995705844554	0.64766188512908207	3.377077154620757	3.377077154620757
9.6944027883544557	0.61384187319369887	4.0324401983052454	4.0324401983052454
1.9247672950760353	2.3707368177971975	4.7226519668988569	4.7226519668988569
4.9946874316035466	2.3371841716815211	42.908425441639878	42.908425441639878
3.7834542211626516	2.740814831663327	38.360594276547708	38.360594276547708
0.95667745012666794	1.9994646283384376	0.91525344496078798	0.91525344496078798
5.2075839745137884	4.7744108568045505	2639.4658324890497	2639.4658324890497
4.0345398765121461	1.843805314545842	13.090800952195794	13.090800952195794
1.4053985349326579	1.7649562731716797	1.8233063667045497	1.8233063667045497
5.5574590016393035	2.4691726209714879	69.060240393190412	69.060240393190412
1.1862857516398184	2.3085214538392886	1.4834319323449752	1.4834319323449752
9.6670736965690125	1.9365178420052607	80.917303926429909	80.917303926429909
2.3689787589578599	4.9018697287896993	68.556722129321841	68.556722129321841
6.7862400371295859	1.5780952211527692	20.530054073161025	20.530054073161025
5.3663146495237877	3.0132858508172635	158.02389749771186	158.02389749771186
2.9847525977296185	0.71529804435035071	2.1862559579755785	2.1862559579755785
4.9757593050760311	3.2627418271273214	187.78988415796005	187.78988415796005
7.8329132133455435	0.63118471472123583	3.6663230766300159	3.6663230766300159
4.4362554962927909	0.99599470674629154	4.4098626124166884	4.4098626124166884
4.408718288124148	2.288965710685781	29.840690850693193	29.840690850693193
7.3410818117621632	4.9167732665282982	18061.172398339368	18061.172398339368
9.1442182682678474	3.9631010551968564	6443.488250477194	6443.488250477194
2.6559483814319851	1.8544347064877802	6.1191007729477356	6.1191007729477356
2.554248539014448	3.1032226127496836	18.358120988359371	18.358120988359371
8.3260921664333747	0.54840807603237773	3.1972558840620033	3.1972558840620033
0.28160474450265738	4.5041265832043154	0.0033197757451296386	0.0033197757451296386
7.2724340175407933	2.3552556014182486	107.02276106679298	107.02276106679298
8.084323521324535	2.7016149806513186	283.20686486145161	283.20686486145161
9.1126991270892468	1.0081749009918513	9.2788050659428158	9.2788050659428158
9.6810178304905286	2.8568497297181015	655.58377926618471	655.58377926618471
8.1810600613016078	2.3284625294871009	133.48820894507458	133.48820894507458
1.2838300246316816	0.75391935780815533	1.207274217583129	1.207274217583129
4.1500196882726428	0.24346150807728917	1.41407167571726	1.41407167571726
0.55911417412260989	3.5210979658972521	0.12909949158610137	0.12909949158610137
2.1678151779323866	4.9634537696687344	46.540486279040678	46.540486279040678
6.8148176881711517	1.7296100966764663	27.640816768608765	27.640816768608765
4.7101349161189363	3.6248103340667521	275.18086527610126	275.18086527610126
6.0058399180407198	0.2988887768018515	1.7088618582084691	1.7088618582084691
1.0519859570754695	4.6110309674043055	1.2632477295241893	1.2632477295241893
1.0228098837216755	2.3931721104280785	1.0554579124562589	1.0554579124562589
5.9364015516175623	1.2621732300413964	9.4693542551001642	9.4693542551001642
9.6997947152001593	0.2751713159538311	1.8686533659870572	1.8686533659870572
8.7026568214378202	2.0414485949304604	82.842074390192693	82.842074390192693
2.2338142288082374	0.55791542500466917	1.5658088194010744	1.5658088194010744
0.057494914970989699	0.49526873007761896	0.24304307202149125	0.24304307202149125
2.028785620825821	4.8066041315659795	29.975234337628653	29.975234337628653
1.4728136074153046	2.6650701554037202	2.8062454323826405	2.8062454323826405
5.9687272391160775	1.6521571588320172	19.137207210410953	19.137207210410953
7.4825394185041318	2.7057993593871665	231.74013763098401	231.74013763098401
7.7529339626283047	1.185133424748247	11.327549984826854	11.327549984826854
4.7184619622521211	4.8025527680234559	1721.7189372936359	1721.7189372936359
4.8230792513978811	0.56995932047381603	2.4516987726850057	2.4516987726850057
5.3822569323075644	2.8381199362618883	118.73115964161153	118.73115964161153
2.4187410827095905	2.1264303459377407	6.5414812458926006	6.5414812458926006
3.7165201996436896	1.0722036126443626	4.0860381050496279	4.0860381050496279
2.9278846634585936	2.2449982173535785	11.153542315168263	11.153542315168263
5.4167929955319503	0.91218719337782039	4.6699289579457073	4.6699289579457073
5.0065243627511444	4.8387757752238931	2426.0484299975528	2426.0484299975528
0.56855754248061208	2.406937013464721	0.25689608598491515	0.25689608598491515
7.7046221467386413	3.8131834504669806	2406.2766257060534	2406.2766257060534
7.3220605705724644	3.1913638126735795	574.59187387197221	574.59187387197221
2.3066561603667353	1.592690234127812	3.7854652072013097	3.7854652072013097
0.18371546307186556	3.22000011283966	0.0042711921430867734	0.0042711921430867734
9.2645430798058683	0.80107502446701617	5.9497478884693695	5.9497478884693695
0.32416474007716634	1.5410272187109688	0.17622874225288113	0.17622874225288113
8.6554515130300658	0.17182550063023017	1.448939582400913	1.448939582400913
7.151996106618089	3.917566284257477	2224.7205314050648	2224.7205314050648
9.2380409410131641	4.1109580795916481	9320.9122610926534	9320.9122610926534
1.3478790908525673	3.4001897214564796	2.7595469095574403	2.7595469095574403
1.4331024624669495	2.0941744070231798	2.1245737001929004	2.1245737001929004
9.3536690299058503	2.2597964058291082	156.39455581882902	156.39455581882902
3.7259405808992554	2.2870307707429438	20.250424765205338	20.250424765205338
0.36395584965206368	4.4337043276065389	0.011319304396368605	0.011319304396368605
3.7265162885220748	4.3840551381880095	319.61264796352924	319.61264796352924
8.7657435378102946	2.9775814989952485	641.5497939999749	641.5497939999749
1.0320654739038755	1.9148546077353004	1.0623005105098262	1.0623005105098262
8.6296642134466808	4.8036732451114386	31347.928113483929	31347.928113483929
0.98322013804624031	3.9157890891715508	0.93588383507445017	0.93588383507445017
6.9249764799862845	1.033738830995977	7.3921885164305401	7.3921885164305401
8.7832082602461288	2.5842842559067289	274.57946685484615	274.57946685484615
1.4962705067383686	4.0521356912556383	5.1187596235608277	5.1187596235608277
3.3110511850916442	3.4126887979085829	59.495180091203004	59.495180091203004
7.6581546841866146	4.412121930069393	7959.0912091327418	7959.0912091327418
8.9449737753597223	2.6313439284676097	319.1036800080546	319.1036800080546
4.0976301194389189	1.9439573077032386	15.514490655988194	15.514490655988194
6.3909789131038739	3.9620303724480244	1554.8283289168789	1554.8283289168789
0.86318939774185865	3.496948104009832	0.59781435389327242	0.59781435389327242
0.93310004315609441	3.7911688089065496	0.7691176288564584	0.7691176288564584
9.9534940098995168	0.83888618411201499	6.8736578249240425	6.8736578249240425
6.9021876756008353	1.4114310825372183	15.281711497754864	15.281711497754864
5.9486199683960557	1.5726286022092137	16.514639765367306	16.514639765367306
4.6049212967356077	4.6020661972534675	1127.6972547412859	1127.6972547412859
7.2908008614002275	4.8732261558933114	16013.96399733521	16013.96399733521
6.422286660754521	0.32659598043635252	1.8356429262704714	1.8356429262704714
1.1512852989304312	4.0351824577537334	1.765567814253225	1.765567814253225
5.5421723461261863	3.5680796301284001	450.30788920923936	450.30788920923936
9.0723478721566462	2.6801256120396681	368.81543029135781	368.81543029135781
6.1418468164251561	2.4321769916798299	82.657571791361391	82.657571791361391
6.8085614163817931	3.4230175085172143	710.49836134663838	710.49836134663838
9.1150788629230082	0.53911847656245104	3.291732846897804	3.291732846897804
9.9761796134504017	4.3438085706535592	21842.860541490329	21842.860541490329
7.2350468704574276	1.357015235562637	14.66476151144586	14.66476151144586
3.076665177178584	0.86060916418353461	2.630548564296443	2.630548564296443
6.143404654098072	4.7027414409699064	5101.3397939897759	5101.3397939897759
0.30345804711902896	3.3568881648701665	0.018258416788191775	0.018258416788191775
7.3760225554627397	3.9148619840282848	2496.9180048400335	2496.9180048400335
5.3458667534472113	2.0690337984954494	32.084414344073302	32.084414344073302
5.2376464817544495	4.3778071872255531	1406.8232806871958	1406.8232806871958
9.1207459465999658	4.9900099545306027	61739.207058198772	61739.207058198772
7.1088694095267293	1.8665171483053018	38.895585010805497	38.895585010805497
8.6710016146159461	4.9260970744616142	41784.987084782544	41784.987084782544
8.1836390946137705	3.8452231109410646	3239.5363636275238	3239.5363636275238
7.8514624473995429	0.88299151138482213	6.1692695454321473	6.1692695454321473
6.522922232569746	4.47633322272703	4422.9770052840413	4422.9770052840413
5.809162930941941	1.8496835094876927	25.904084405375237	25.904084405375237
3.0459775691099904	3.8017512270390945	69.025343794162353	69.025343794162353
1.9869769166494546	0.75259094130814663	1.6765527272317682	1.6765527272317682
7.6041019839372659	2.4064634925046393	131.88933714714622	131.88933714714622
4.3881507184552202	0.52175346198610328	2.1632794007173053	2.1632794007173053
4.4492275310091705	4.7961771275607941	1286.1388199935	1286.1388199935
8.7345868838565472	2.9384979085382961	583.22849351233231	583.22849351233231
3.9449352235959063	4.2424093536665701	337.78872319772864	337.78872319772864
8.484683760632203	2.0549001368444473	80.956839423975737	80.956839423975737
1.8410847650636286	1.1227892832824309	1.9843670370694899	1.9843670370694899
7.1290832970770115	1.6285907908687538	24.504328751430169	24.504328751430169
4.0677804498349452	2.390681581686612	28.627258734849562	28.627258734849562
1.6556958067321887	2.0261868536730496	2.7777650503614435	2.7777650503614435
8.4336039779051983	0.034332237270949216	1.0759500374961861	1.0759500374961861
9.1988703041068316	2.6754311809469122	378.79594395127253	378.79594395127253
3.1448083384062739	3.5639838802965027	59.349579297371847	59.349579297371847
5.9896498369960653	3.0862929635102732	250.77750348576711	250.77750348576711
0.14422402803625811	0.68635270800551074	0.26473002076676833	0.26473002076676833
7.9106778602021297	4.8172429741529541	21228.222602124366	21228.222602124366
7.6623195339261478	2.4319798541487216	141.49670726419149	141.49670726419149
3.698066924495488	0.91684410569479025	3.3169911802391132	3.3169911802391132
2.805373337419161	3.7680245867788846	48.757321637003322	48.757321637003322
3.0774102343458667	1.9531818691475356	8.9849333499414321	8.9849333499414321
9.2624581164348214	0.098552829268679573	1.2452989094513891	1.2452989094513891
6.2085402313011908	0.51662022124524609	2.5684694871915568	2.5684694871915568
6.5190304768321328	3.9518131509816885	1650.0577024525519	1650.0577024525519
7.0836449215179433	0.09242160542987217	1.1983456312987526	1.1983456312987526
0.35044751687170111	3.4675043490245576	0.026361992207070854	0.026361992207070854
3.4762681405218703	2.8173580809006369	33.458759776704468	33.458759776704468
4.9881853318406941	0.050356655928579561	1.0842915028719462	1.0842915028719462
4.9519089916045482	2.6909627601616455	74.064030083726365	74.064030083726365
6.4220190679967439	3.23862579862997	412.80604708802429	412.80604708802429
8.373449291452804	3.5894815090520189	2054.6992346162738	2054.6992346162738
1.6845339539908024	0.26580437362496878	1.1486806709653816	1.1486806709653816
9.0105233949584385	3.8460201587264145	4698.8092833882829	4698.8092833882829
0.06541638654550623	3.5975208136014789	5.4879193120594556e-05	5.4879193120594556e-05
9.2382642735203149	4.4408254715648425	19409.679406241583	19409.679406241583
7.1290243623334426	3.74039935140397	1551.2194033830308	1551.2194033830308
0.30047910958246488	3.780993635362135	0.010607648734987887	0.010607648734987887
1.2617333882566053	1.3689818209813143	1.3747470704680531	1.3747470704680531
9.0498488127846723	4.8517389167693317	43789.89871267636	43789.89871267636
9.7547614239499527	3.238787369355256	1599.0513063985802	1599.0513063985802
0.19728587378521883	0.85293881401950367	0.25047247629122221	0.25047247629122221
4.4459770402283851	2.1788464285484119	25.811964166452665	25.811964166452665
8.7367402954667366	4.7487449812120577	29527.614584033232	29527.614584033232
3.2198354210775246	3.623268207430292	69.185901558088119	69.185901558088119
7.0156370101594545	4.5599793419842118	7211.8808966255483	7211.8808966255483
7.8559288426465814	4.2249544231125018	6055.762169717942	6055.762169717942
2.3480310153369239	2.9782562322171238	12.707232898533636	12.707232898533636
9.5490106039530325	4.3432091571520619	18036.995237077947	18036.995237077947
9.2573171351367414	1.8013734202497416	55.080851542850745	55.080851542850745
0.34345410460592096	1.7047143080973106	0.16172931636305585	0.16172931636305585
5.1581609298135822	4.3676695292609162	1294.0236398557095	1294.0236398557095
4.1473553924119289	3.5022552282766553	145.74464207394107	145.74464207394107
4.1607692770863602	3.1053814609759502	83.708647319925831	83.708647319925831
4.618491051976096	0.40986785644757656	1.8722215260458508	1.8722215260458508
4.1320680867741375	3.5972029036483977	164.61879139142494	164.61879139142494
0.18271334917321067	1.0387728697227807	0.17105941937233832	0.17105941937233832
1.2418989133698901	2.3292653572342088	1.6563489469413362	1.6563489469413362
0.67726113833044166	2.1114304610144972	0.43919096061432333	0.43919096061432333
9.92591951541322	1.8392267330019179	68.122002976828497	68.122002976828497
7.8067285643531577	0.61521232231175127	3.5404460014809693	3.5404460014809693
3.9371497681349314	1.20026522084436	5.1805536701099628	5.1805536701099628
6.2618760790769512	2.6375587762090054	126.2859000098226	126.2859000098226
1.847575053826527	4.4542977720046215	15.400155081163208	15.400155081163208
1.4156567319183662	2.7761341821316474	2.6246992591677554	2.6246992591677554
1.8607167139124983	0.68385668194943527	1.5290533792773604	1.5290533792773604
8.9522460650743909	0.14508295820964973	1.3743872327104145	1.3743872327104145
1.3457080003133877	4.6791256584543053	4.0121499647587875	4.0121499647587875
0.81059669843557591	0.31157911132470206	0.93666758318577492	0.93666758318577492
4.7745615769841905	3.902394863129548	446.1353105385362	446.1353105385362
9.5196735833424455	2.480561126442546	267.62817510815745	267.62817510815745
5.1957777220190957	4.7132760635009596	2360.7971412717002	2360.7971412717002
3.0813327955990633	1.3236952687937	4.4354836309640469	4.4354836309640469
1.6556338102610122	3.7259809570642362	6.5442029983755088	6.5442029983755088
2.4928347035412681	3.6491903961300096	28.029157547093639	28.029157547093639
4.0471723754883007	0.91057851824544533	3.5715710760725479	3.5715710760725479
9.6743668534209029	3.7862919085930069	5393.301424270232	5393.301424270232
9.5937652537744018	1.9309557002222215	78.736739457959629	78.736739457959629
3.9893687464447454	1.3400125326183618	6.3858561821780366	6.3858561821780366
6.880607197483533	1.2925935958768249	12.097927921561199	12.097927921561199
8.497678651529089	0.85500818414463087	6.2310231567219763	6.2310231567219763
2.932941871174628	2.3991761333322446	13.217316748338849	13.217316748338849
5.0173696719828254	0.57209213093314282	2.5161519521928986	2.5161519521928986
8.9973385478753602	0.028690498518290038	1.0650598374268123	1.0650598374268123
6.5478097117657814	0.67515747067304466	3.5562586883038145	3.5562586883038145
6.7889656452639393	3.6075135900432858	1001.7118949263913	1001.7118949263913
7.0029684926698463	0.14128116706463287	1.3165048149305074	1.3165048149305074
0.10258573914087689	0.98246107580576747	0.10676562880580788	0.10676562880580788
4.85915309835418	4.4587444761358572	1151.3257171001767	1151.3257171001767
0.31061565738594632	0.97655451369033097	0.31924816842206866	0.31924816842206866
7.4537190428135549	4.9839720431894934	22278.335302065159	22278.335302065159
9.2509700695022197	0.60510120509910936	3.8427407423334916	3.8427407423334916
4.0571160850329715	2.5053400095097462	33.4034613967561	33.4034613967561
3.7764559581754282	4.7578656169518538	556.78835052710747	556.78835052710747
0.0546017399265607	3.9502165111628345	1.0272879531061052e-05	1.0272879531061052e-05
3.7782529893691272	4.6303841083870481	471.06325934826964	471.06325934826964
6.4156592127367631	2.0425442739433333	44.547780231972851	44.547780231972851
5.8152264667267257	2.7587768685982206	128.60822375433003	128.60822375433003
6.2913312381072384	1.5506400931925237	17.320571763879009	17.320571763879009
8.1931146994647417	2.7711676498171762	339.87593473853207	339.87593473853207
8.5816250503201204	3.2532279594672571	1089.2172596226897	1089.2172596226897
0.45239927357986648	3.3350138069190667	0.070984050367001839	0.070984050367001839
2.492867420168893	2.9312504044648353	14.54871501773029	14.54871501773029
4.9964129374996187	0.52960407008244847	2.3442951664406944	2.3442951664406944
9.666681632143284	2.0500310499922132	104.67652451481027	104.67652451481027
3.1100982346726127	1.1000068617121315	3.4838135076042103	3.4838135076042103
0.9134707557936067	1.1851922516650475	0.89828800735045011	0.89828800735045011
2.7283540653197509	1.4492805872071848	4.2829446773380759	4.2829446773380759
3.2450641771752968	4.19918512229681	140.19135532611895	140.19135532611895
8.6890169903328722	4.0032116059641147	5739.8188934276877	5739.8188934276877
2.4664962620050339	0.655951013392996	1.8079465052638015	1.8079465052638015
5.154743108489761	0.38565593917100488	1.8822047702612605	1.8822047702612605
2.674149046344513	4.8748513021950037	120.91114237498563	120.91114237498563
7.4877634581153512	3.9267728341929309	2712.5773941032321	2712.5773941032321
8.853417613374484	0.90782181904759895	7.241157365385634	7.241157365385634
9.482870578337689	3.5117397243602371	2696.238998471601	2696.238998471601
1.2511411223956701	4.7559297429400509	2.9025647724913926	2.9025647724913926
9.0670186571602702	3.3933855293801281	1774.3782731937572	1774.3782731937572
0.73427333577111464	1.1333911632775577	0.70463525408636496	0.70463525408636496
9.6801545633310955	3.9184366684041425	7296.5459662614476	7296.5459662614476
6.3663542315818686	3.059328176559577	287.98228557048935	287.98228557048935
7.1111106188328161	4.6596957529467069	9327.5856415701764	9327.5856415701764
2.3494439167424499	2.8709619500423718	11.615198513198102	11.615198513198102
7.148346286858227	1.6736345395150609	26.892301229819825	26.892301229819825
0.12323567302786148	2.7682242088866187	0.0030405671869173354	0.0030405671869173354
2.6505524063878161	0.68590758077435765	1.9515048855517276	1.9515048855517276
3.992738507139852	0.18441201264375706	1.2908672152372902	1.2908672152372902
8.6138050479914892	4.5044081341840387	16311.734270115274	16311.734270115274
7.1159872385382217	0.96298637012600619	6.6174526698589702	6.6174526698589702
8.2063699412652173	4.5210037219413959	13579.396980419457	13579.396980419457
8.3202666827148821	0.9921395816125782	8.1828498620898635	8.1828498620898635
0.80388300074771502	4.2052415627644191	0.39931259727822654	0.39931259727822654
0.37209175923095483	0.05177592079517173	0.95010151605507231	0.95010151605507231
8.7069085604948739	2.088160524861828	91.745943064474417	91.745943064474417
2.8662221354710544	4.6528770849894849	134.21668304663828	134.21668304663828
6.0687438129117677	4.6330183005746388	4247.2819535425042	4247.2819535425042
3.4449623378929144	1.1747226817992067	4.276050159774841	4.276050159774841
8.2289414411270716	4.1099935069832556	5781.7296539587587	5781.7296539587587
9.6981627259882721	4.7320650475257304	46674.399488439631	46674.399488439631
3.7791212424798797	3.0393071065223172	56.86801095999008	56.86801095999008
8.6969338214085106	1.1724845872107448	12.629680108117803	12.629680108117803
8.2386364721304908	4.7735491005636703	23544.010087798724	23544.010087798724
4.0306287223298938	0.415424824302843	1.7843781111865251	1.7843781111865251
4.3550007463311102	0.28499700286578561	1.5209317690798243	1.5209317690798243
7.4256490236073507	3.6943935413634819	1647.5386480311465	1647.5386480311465
2.529056576557231	1.3351606963440086	3.4515519258770802	3.4515519258770802
3.5443627521610201	1.6214949511999759	7.7816798309169446	7.7816798309169446
0.87257913794559727	2.3994707051940938	0.72104590175826366	0.72104590175826366
2.9357658073791648	4.6573297730156513	150.77621570664039	150.77621570664039
2.2425206645572144	4.0541875638911424	26.421128837294734	26.421128837294734
7.7626161912375107	1.0242267127353413	8.1577442287480775	8.1577442287480775
5.800875108404508	0.20645100818097728	1.4375534655916946	1.4375534655916946
0.73214720788396748	3.1842190926647684	0.37055414319094432	0.37055414319094432
5.1083009592351303	3.7520322275533657	454.43959530308064	454.43959530308064
6.9369933006199176	3.6764987163331524	1237.5567208558771	1237.5567208558771
8.8886707762048474	3.6830969284581405	3123.6184578111806	3123.6184578111806
4.8317599151278472	1.2469184195904841	7.1289169861645743	7.1289169861645743
2.8124084552276782	2.3139563894534927	10.943287808305952	10.943287808305952
3.4932188242119802	1.0073798724903706	3.5256137307074087	3.5256137307074087
4.9349943123082358	2.1667196005073226	31.780284984074612	31.780284984074612
1.7274815370960952	1.2762865952184701	2.0091277787465476	2.0091277787465476
1.1491380565892602	2.9619774943583903	1.5094583018002421	1.5094583018002421
3.2590450792991827	2.7248880125840582	25.010005791499776	25.010005791499776
6.5380162409805953	1.43993940091664	14.934573260655082	14.934573260655082
7.5065679933404725	4.1310208992266118	4134.9171611508045	4134.9171611508045
6.2427825925937785	3.4262387452726943	531.07473699018612	531.07473699018612
9.56058651956495	3.8282440137796785	5669.3602672477473	5669.3602672477473
0.14807486073458578	0.66211883793345438	0.2823319736308833	0.2823319736308833
8.0335640711862748	4.6037655992359818	14654.989978255331	14654.989978255331
5.8657006399179332	3.1682001849739629	271.76356593684591	271.76356593684591
2.2934360654238906	1.4229092278173785	3.2579151055931916	3.2579151055931916
8.3227091178971317	1.5779869686425851	28.324726805767252	28.324726805767252
1.825481963201405	2.0469529719803163	3.4278952723425471	3.4278952723425471
9.0040472781165537	0.47994978366671165	2.871323990981816	2.871323990981816
5.0051147430856382	4.7203913606027914	2002.2024267232603	2002.2024267232603
9.2774861018275505	0.87070517368950795	6.9557918631383009	6.9557918631383009
7.7203584759546295	3.8874440290142638	2822.545606340695	2822.545606340695
9.926448689466925	0.241883900755098	1.7422416720929448	1.7422416720929448
2.1021974704286333	2.5385678706840387	6.5936911842872119	6.5936911842872119
9.991483667299013	4.4338821640192165	27054.62703599337	27054.62703599337
3.6862809966413703	2.8497989692620824	41.177800473605501	41.177800473605501
4.2434072481534555	3.1486870929005857	94.727749045308926	94.727749045308926
6.8325873995408903	3.8759230088110863	1717.0698513701968	1717.0698513701968
6.3807604575786403	3.6849678163541872	924.54710079931726	924.54710079931726
1.357268719161782	2.1079328929032255	1.903928733010364	1.903928733010364
0.43354997861081268	1.2535666788686359	0.35075542489684891	0.35075542489684891
9.9755850872441485	4.9280627645641744	83720.347310981044	83720.347310981044
9.295523466283699	4.038744438299064	8139.741872897368	8139.741872897368
2.298837781612491	0.72162182629750116	1.8233594766389543	1.8233594766389543
9.6679733265983394	3.4320854385268569	2408.5486768650758	2408.5486768650758
5.5179490647774232	1.5822756802904736	14.917525700691156	14.917525700691156
4.4883292812347184	0.11819253530560646	1.1941848170232274	1.1941848170232274
5.5460814931949978	3.7312135039473842	596.99615026257277	596.99615026257277
7.8392062385919932	2.5086500841836763	175.15226368879971	175.15226368879971
1.8468435065527862	1.8786933963737544	3.1662154474742179	3.1662154474742179
7.7887313356477339	4.0886960346499563	4415.0584513037829	4415.0584513037829
8.1347529024353022	1.902554657400348	53.948566900913718	53.948566900913718
8.7334726697591663	2.7167698676334369	360.56900191334734	360.56900191334734
7.4024567734880167	4.0419143705307956	3265.4486805325855	3265.4486805325855
2.8769281523380501	1.7442798386541258	6.3168509577222967	6.3168509577222967
5.564239653025119	3.9918486088757836	945.25114713664527	945.25114713664527
0.46845309600484508	3.0889073356675429	0.096098839308709258	0.096098839308709258
1.6262239132485701	0.54746216972525974	1.305008224649117	1.305008224649117
6.757366212752661	0.42451626858434721	2.2503705171954214	2.2503705171954214
6.1476882847133938	0.11879268870492279	1.2407754728564899	1.2407754728564899
2.8850562045343082	4.404033243195391	106.30036067952945	106.30036067952945
2.4811423987898289	2.477966846440129	9.5045991215658248	9.5045991215658248
6.1510879076840643	1.5648699771076713	17.163552963097924	17.163552963097924
2.2201758530611557	4.4200603338375455	33.966679699349498	33.966679699349498
8.5903137054883096	1.2999431545013993	16.37414518631417	16.37414518631417
2.1536010410350563	3.9925228437569658	21.38798551325786	21.38798551325786
7.4163725331249672	0.57310702194582275	3.1529194829579654	3.1529194829579654
9.6205223069782129	4.8078832458067842	53346.302226553235	53346.302226553235
3.3503360305544181	1.5254231752930389	6.3238559036725279	6.3238559036725279
7.3366900708713256	2.4377266804753481	128.78131762974269	128.78131762974269
9.7163504195424562	0.85206520008954889	6.9409207455655642	6.9409207455655642
6.5899405467106922	0.17051946746965507	1.3792253686273772	1.3792253686273772
5.6472462018539007	1.1370338576719772	7.159188679655335	7.159188679655335
7.9633129397335978	3.4458516981039566	1273.6073059802641	1273.6073059802641
5.8662789371633295	3.2009353731933037	288.05762543661558	288.05762543661558
2.6951168899414935	0.70264155225532865	2.0069738656900356	2.0069738656900356
1.0590082846666351	2.6435929123984465	1.1636537283744055	1.1636537283744055
5.734406691666484	2.9246479287334406	165.31482150624049	165.31482150624049
7.9658695746256303	3.9770600668551892	3839.3573530781641	3839.3573530781641
3.2256044840623814	1.7841400993906118	8.0804116063900082	8.0804116063900082
1.3344680779859091	3.0832677867120055	2.4342137084762179	2.4342137084762179
4.6057311533848031	2.870088619158337	80.117191369450993	80.117191369450993
7.6384012842323434	4.101350827483448	4183.1449389389227	4183.1449389389227
2.4370771260473809	1.5910688856509847	4.1260611857057627	4.1260611857057627
9.9798998755414061	0.86061232635469886	7.2420298359875739	7.2420298359875739
9.6764485514172414	0.57398139893580291	3.6794477826612741	3.6794477826612741
4.3623035689939673	0.46533976866781207	1.9846560011127761	1.9846560011127761
3.6485849490287077	2.788377490349387	36.933051988833327	36.933051988833327
3.9143546407475966	2.7519948478700385	42.756065621784074	42.756065621784074
0.23390543577111328	3.1868384564671821	0.0097551378322978631	0.0097551378322978631
1.4588285795924059	4.6301054216269648	5.7458862854712516	5.7458862854712516
3.0550066804569695	4.7840758130722358	209.09081917135057	209.09081917135057
0.68669470621688	2.6693070070674501	0.3666673155430743	0.3666673155430743
3.6597744847739517	4.7729420656335417	489.02926551865249	489.02926551865249
1.9443868116683158	0.15498979390393725	1.1085578610526579	1.1085578610526579
0.22199001965866305	1.1940893982328371	0.16575387962055221	0.16575387962055221
1.2523159169568623	4.6541950176313698	2.849571436684208	2.849571436684208
6.3669028625746291	0.43229573441121932	2.2260491137581848	2.2260491137581848
0.94462687335078122	1.4951042449559639	0.91835704993914513	0.91835704993914513
8.4464651049845614	2.3817404265794453	161.10139134691767	161.10139134691767
3.2639800158682819	2.6762463133478103	23.709086927017726	23.709086927017726
2.4220757159985116	0.40062375032882236	1.4253276935072794	1.4253276935072794
9.3106247385228045	1.8800282447738343	66.32962708930404	66.32962708930404
5.8936722012918974	3.2953102054539918	345.66927043872977	345.66927043872977
9.5997002129252724	3.008960301786356	902.76421883672833	902.76421883672833
0.12728530486665643	1.5126367290301876	0.044244034895510667	0.044244034895510667
6.9464753544225788	2.0632415855823587	54.546076850724788	54.546076850724788
6.7549509526803426	2.6623325914686582	161.70752183766186	161.70752183766186
3.7406066561899367	0.35050530387257256	1.5878856526080505	1.5878856526080505
4.3867665391706332	0.88550658413405492	3.7035925543986776	3.7035925543986776
8.676801731341147	2.2639460605781641	133.16671507071266	133.16671507071266
4.4399434264076403	2.9716089955217138	83.898194230761504	83.898194230761504
3.0237160651472283	3.7688277968061574	64.72563294185484	64.72563294185484
2.0636263777581347	0.050914333880976811	1.0375743605349397	1.0375743605349397
5.7185888852526467	0.39433159578394428	1.9889457193143885	1.9889457193143885
5.4556729199489071	3.8859690224228283	730.07884951255494	730.07884951255494
5.3747297164314709	0.47224711494357136	2.2126300745248706	2.2126300745248706
9.8479081646662827	2.1720779449074041	143.75421000653486	143.75421000653486
7.2829555988903971	4.6620419431170026	10474.04629862854	10474.04629862854
9.8994868762356099	1.209577121707921	16.005539772959551	16.005539772959551
2.477586952789395	3.2422166593964477	18.946416539958605	18.946416539958605
4.666776777930937	2.4325704843826603	42.406367841576817	42.406367841576817
5.7734420669482356	2.4911306305504413	78.855789467883042	78.855789467883042
7.3168764303351228	2.0297162211286599	56.798378230043397	56.798378230043397
8.6383866169016805	0.92172222899877809	7.2967720261253515	7.2967720261253515
4.0308590910166711	1.8161545966399084	12.57464300008677	12.57464300008677
6.6309724620992867	0.58399976171489909	3.0185675793656719	3.0185675793656719
9.7939317208208543	4.2793667666841859	17404.788934254586	17404.788934254586
8.8145262370410169	3.6073591252845887	2568.4560989849169	2568.4560989849169
8.9578147975865736	4.2792090723755143	11876.043398755841	11876.043398755841
7.8908426453128726	0.50834686101323678	2.8579186049856942	2.8579186049856942
5.615362631379055	1.894725292861744	26.29451022916102	26.29451022916102
6.1707508221790555	3.6912418850746649	826.66350474236071	826.66350474236071
2.993712082551748	0.049898257915978891	1.0562386395720587	1.0562386395720587
9.5072183935001675	0.29794778897309215	1.9561802460466768	1.9561802460466768
6.929887314843187	2.9392118539660377	295.85051716385584	295.85051716385584
1.8461201704528065	3.0362699306150542	6.4333493072462273	6.4333493072462273
6.9594186561450089	1.7045184247488852	27.301162483068961	27.301162483068961
0.41897750468294698	4.354432584253443	0.022638878000795917	0.022638878000795917
4.9948496775434714	0.46077859664375409	2.0982835773180342	2.0982835773180342
3.579816747566007	0.7098867424806774	2.4727398957105184	2.4727398957105184
2.9298775101364525	2.3672390298373047	12.739262086722011	12.739262086722011
1.6784241714869919	4.5158308567875389	10.366165800855519	10.366165800855519
1.7003924709690326	3.3393883735222034	5.8869890622734786	5.8869890622734786
0.042650822528673984	0.66120716580568595	0.12419330555200744	0.12419330555200744
0.073242487817101479	3.1666136733107626	0.00025418110912820351	0.00025418110912820351
8.4686600140647919	0.52270154050440987	3.0547113029850412	3.0547113029850412
9.0387315650092699	3.6662502166339945	3201.3214742113801	3201.3214742113801
2.7982110770397788	1.362717073452391	4.064167964731678	4.064167964731678
0.54292082564238264	1.6459371997414671	0.36592572254648942	0.36592572254648942
0.39045150957336949	3.2598599564101893	0.046619323248845428	0.046619323248845428
3.0638934808850617	1.1929803714570681	3.8029002550587099	3.8029002550587099
5.5178610092989437	4.978019331812618	4926.6211483513744	4926.6211483513744
2.0004218764103125	1.9904215202321272	3.975199265526788	3.975199265526788
6.7939831002845628	1.4109688455229572	14.931439944238324	14.931439944238324
2.9353520176213928	4.4996160164414087	127.14265753993817	127.14265753993817
0.83080990420076239	0.83592350373086011	0.85646486190413373	0.85646486190413373
1.144872023071543	1.3290805480992838	1.196996029118313	1.196996029118313
0.13579004551756779	3.7884255457526894	0.00051872207355566178	0.00051872207355566178
9.6371021051116887	1.6254248854752886	39.74944439838859	39.74944439838859
5.1407631353317038	1.7993226318778048	19.026900257868899	19.026900257868899
1.5729163046682502	1.1039728294981053	1.6487608009309378	1.6487608009309378
5.0311471866412729	2.0737041074019928	28.513451253950009	28.513451253950009
3.5861550567976783	2.899065837949943	40.54209348134124	40.54209348134124
6.450216974057243	0.79226953332598116	4.379263442050374	4.379263442050374
3.3925992862194514	2.0332866126631193	11.987393583246684	11.987393583246684
9.3451188641527132	0.63607024458810524	4.1434311815930593	4.1434311815930593
9.8921522169386229	4.3309764284502386	20444.709930017565	20444.709930017565
4.030120210752389	4.9456491906573614	985.57681686229409	985.57681686229409
1.8995202452578621	2.0516087762055255	3.7296521210142872	3.7296521210142872
3.26487741636205	0.55069291783887542	1.9185929815352332	1.9185929815352332
7.4261968368906324	2.8452653969837156	300.30438039175311	300.30438039175311
1.8478361181293288	0.84394140702703357	1.6789908469894692	1.6789908469894692
9.3896397709712094	0.361424234458951	2.246667978055497	2.246667978055497
8.5283914101491671	3.6584975013007623	2544.3394249188054	2544.3394249188054
9.4557824992713222	2.117364786770036	116.38780402901936	116.38780402901936
1.4050001243809562	1.1822534015159112	1.4948268227723409	1.4948268227723409
8.466875901744519	1.639384650601297	33.181435064902971	33.181435064902971
2.0099614527673921	0.5901589329600585	1.5098331146564277	1.5098331146564277
5.0912402133149293	4.3735334777639059	1234.0041668109225	1234.0041668109225
4.5767764950192085	1.5569149617249329	10.676656903843398	10.676656903843398
2.974382850542014	0.030190749477045212	1.0334565122011823	1.0334565122011823
4.2370120581809392	1.8038996064196298	13.525481850881562	13.525481850881562
1.2334223842459342	0.48762799254377537	1.1077166323799621	1.1077166323799621
0.044650091440789831	0.27765949807619988	0.42180366807687247	0.42180366807687247
7.8420141530397105	4.806033615781911	19890.66106404021	19890.66106404021
1.7892595617905012	2.6635433001105691	4.7098426689200137	4.7098426689200137
4.7015914937704633	3.7922593639878976	354.26397106129861	354.26397106129861
0.33710620651245193	0.35503345659446872	0.67973776058172852	0.67973776058172852
0.9765777932209021	4.2668827633177884	0.90381659693759286	0.90381659693759286
9.8207115395948641	0.51826143264715208	3.2673031327320587	3.2673031327320587
4.2688069441167418	4.8621943285922464	1160.5737928761457	1160.5737928761457
7.8012960855897804	4.7260552635401121	16459.984334105637	16459.984334105637
8.92001088471768	3.5285549991879401	2256.4022697930827	2256.4022697930827
8.542734126194599	4.1600479326380055	7507.3682058743552	7507.3682058743552
2.6707296374680838	1.9107531040536243	6.5340801156655965	6.5340801156655965
5.4949325095107193	0.21209102708487135	1.4352890695679044	1.4352890695679044
2.5496252056803588	1.5476337841155643	4.256734098210174	4.256734098210174
8.2025149943580491	2.7366595439499002	317.07490456472294	317.07490456472294
2.2516630898544694	4.335320060485425	33.745440323661768	33.745440323661768
2.4224338658892668	2.3763566347415255	8.1869025645296656	8.1869025645296656
4.5822827241196524	3.9226351422751202	391.90699929688344	391.90699929688344
8.7664560727393379	1.5799339391361291	30.874485743325284	30.874485743325284
5.2719128409505034	0.39968590776834445	1.9433925074570653	1.9433925074570653
8.9776825136466663	0.39197538061289527	2.3638336839235556	2.3638336839235556
8.4425250166753756	4.0185300819196437	5285.1465407962878	5285.1465407962878
3.3515160155623609	3.6754766350247707	85.214229682867369	85.214229682867369
7.7804394651540694	4.3152032571277825	6996.2273775305302	6996.2273775305302
7.6358304502451944	3.8416780266834554	2464.0502388830128	2464.0502388830128
6.7083688989511607	2.3578260731655716	88.923995115381558	88.923995115381558
1.6638523357583446	0.81300320850688501	1.5127495282687862	1.5127495282687862
8.121169225685346	1.8008068810975444	43.455761273715758	43.455761273715758
9.4489487860625783	3.7500324987194702	4546.9460920767942	4546.9460920767942
5.9085496949694116	3.3305138619547487	371.04604520678902	371.04604520678902
3.2156460886335001	0.46480941255492009	1.7210086564828708	1.7210086564828708
2.1351337142811539	1.1046791295623262	2.3115804279628582	2.3115804279628582
8.321101161629084	0.1325234760576223	1.3241755310874714	1.3241755310874714
4.2672573292467728	3.4570677046720184	150.82286270078899	150.82286270078899
4.0475101736554597	2.3140642109844221	25.413934264313699	25.413934264313699
5.3771879293804048	2.2392177087310752	43.238654864277684	43.238654864277684
4.293015706854268	3.8581851186551508	276.25794320802726	276.25794320802726
2.7483410092633642	2.7048059822525676	15.402841087512661	15.402841087512661
2.3044100571113555	4.6882429130383745	50.091984150179641	50.091984150179641
1.2361159071101908	1.9789136607040603	1.5211680638421503	1.5211680638421503
9.022114424433143	3.002011081645128	737.64294907822716	737.64294907822716
5.7774434631582743	1.8753451054028552	26.823616084838122	26.823616084838122
2.7726220686056569	4.731395881501169	124.59227583060013	124.59227583060013
3.8755738713987058	4.4280793996174728	402.90124283454634	402.90124283454634
0.2942809467469486	2.1475432098643839	0.072300907877901791	0.072300907877901791
0.86304393097509868	3.8466077711302038	0.56747099333042161	0.56747099333042161
2.3185081787628965	0.40181150044400515	1.4019903633608179	1.4019903633608179
8.8283044420149608	3.5297041067307529	2181.0568955515369	2181.0568955515369
5.6485012460383022	0.14490016904815009	1.2851542358101102	1.2851542358101102
8.9685764538876747	0.73347528266906981	4.9980333449693495	4.9980333449693495
3.3620638349940291	3.074402980287477	41.590957399874966	41.590957399874966
5.7660651245538155	0.47178361932095564	2.2854435815052763	2.2854435815052763
0.82822918248394506	2.5884947825282421	0.61395009459994687	0.61395009459994687
1.3376540890788358	2.4079259369024473	2.0147750527451933	2.0147750527451933
9.1321156031465502	4.2031436361291563	10899.826106723933	10899.826106723933
5.5348187189897722	2.2740223958722914	48.959139543897031	48.959139543897031
1.4915968573740384	1.3567643698616418	1.7202996986747863	1.7202996986747863
9.9034456067241567	3.4616565673398183	2799.434151528525	2799.434151528525
5.9685717830223535	2.3940616745825452	72.024730241497494	72.024730241497494
9.4307134485102555	3.5156688280505537	2667.9389817731362	2667.9389817731362
8.3164920617015934	2.6109058350662897	252.27672059149745	252.27672059149745
0.21578953639066001	0.29576692439556085	0.6353722080414651	0.6353722080414651
8.9460778103785525	4.2750476734392757	11702.402651725275	11702.402651725275
5.24354465756221	0.45234024451315114	2.1159984020049083	2.1159984020049083
9.4889063694604374	1.9852377873332394	87.097652497965413	87.097652497965413
1.8796715341243508	4.4127562035772065	16.197831956067557	16.197831956067557
1.0578968216729432	3.6217572843469821	1.2261052288956904	1.2261052288956904
6.7549579696683821	2.2400497555358041	72.176532991251236	72.176532991251236
0.68639550890437784	1.9722784741635404	0.4760792713729623	0.4760792713729623
5.6015197593362593	1.928456084255556	27.73799159906449	27.73799159906449
3.2092281520690724	4.250372623397964	142.03364031368494	142.03364031368494
6.8881546385496639	4.6016086907398668	7188.2228907538401	7188.2228907538401
1.94441504746797	1.1935700750776552	2.211514934792961	2.211514934792961
9.6669244659439197	4.1418207530727642	12047.24196175621	12047.24196175621
6.7794993678884143	4.3703936131211201	4292.0106377066231	4292.0106377066231
8.9070904698639186	3.5038489334551599	2126.8212572338684	2126.8212572338684
3.5876831959184941	4.8275242167587749	476.84632304342244	476.84632304342244
2.2649975876276196	4.9670004451516583	58.025867435722972	58.025867435722972
3.5221800499325218	0.7673946967203511	2.627969289615443	2.627969289615443
7.113461972518702	2.4526179419968934	122.97849769898943	122.97849769898943
2.119365231613048	3.9102363879532449	18.860005293605717	18.860005293605717
1.5395758890180127	3.3008061673079321	4.1550352275151274	4.1550352275151274
4.2266116707781629	4.6275689320340616	788.53820668531125	788.53820668531125
6.7139555455836533	1.2542039852586984	10.894308818948051	10.894308818948051
5.4895041251551291	0.54627263974478535	2.5350510377390583	2.5350510377390583
7.2542987210657763	0.79657135790683076	4.8475876953114936	4.8475876953114936
9.4722380949341893	3.947303000682933	7150.7945684988372	7150.7945684988372
8.3961460718494152	4.8158920144173081	28201.319146488244	28201.319146488244
6.9876380075729845	4.033375573422604	2543.909193417418	2543.909193417418
7.2556329429520332	3.7644524978555665	1737.6859829350699	1737.6859829350699
3.362216310323646	2.5682640121866598	22.517164799616847	22.517164799616847
4.2980237186029093	2.1839782511897359	24.157128163252754	24.157128163252754
8.0232463098435964	0.7900993368588658	5.1823463429271071	5.1823463429271071
7.4318075219932851	4.7933896691180546	14979.425349822221	14979.425349822221
0.62684684271697944	0.70437801557767088	0.71965604801649086	0.71965604801649086
6.5069111618291107	4.8473019904947874	8763.4207228740815	8763.4207228740815
1.7633430896351614	0.94396452951892262	1.7081783791477856	1.7081783791477856
9.1179588965584486	1.6036769482699791	34.623080226474727	34.623080226474727
6.6943420409765162	0.047812019279702377	1.0951629979644493	1.0951629979644493
3.8548231328819176	2.8987806804922265	49.968739857414036	49.968739857414036
4.7907096998961105	1.5831512914191739	11.944718219513591	11.944718219513591
6.4283104379706106	2.9852779537663308	258.46020590950394	258.46020590950394
2.7413699500242297	4.2699654947334507	74.149246862599909	74.149246862599909
3.3939143115205255	3.5099162469451608	72.89800062490572	72.89800062490572
5.2093907732809299	4.4659525344714419	1589.045876586719	1589.045876586719
0.13595222839636725	1.3609405016719691	0.066159217187497746	0.066159217187497746
1.0011637660526302	4.0235321869937684	1.0046906946709693	1.0046906946709693
2.8606115721542884	3.9750404133660839	65.229273189901164	65.229273189901164
9.8194825400764838	4.5457671121666534	32344.745662824695	32344.745662824695
6.783198416303863	1.594451998801937	21.168127059502822	21.168127059502822
7.6100426235508412	0.79238393633229154	4.9934070628086253	4.9934070628086253
6.4257456760048424	3.9940900148052414	1686.2397178574072	1686.2397178574072
5.7274390890040374	2.3916194436038269	64.976007086284824	64.976007086284824
6.3013197800791758	3.8463372147205339	1188.182646614805	1188.182646614805
3.146743602864428	4.5903291146602756	192.90677766096934	192.90677766096934
0.8490344654871913	3.1880846929759961	0.59348247806575372	0.59348247806575372
0.71275506403953526	2.2731087311662121	0.46314538223667984	0.46314538223667984
5.5732232026381743	3.1055564161311509	207.52748886336869	207.52748886336869
5.7203977769867258	4.8999817167393989	5144.8731907365345	5144.8731907365345
7.0355871119073008	1.1384703094328659	9.2177788738567834	9.2177788738567834
0.9591804233428679	2.4822231517163953	0.90172170041394251	0.90172170041394251
9.2980348556364021	0.81234004503623947	6.1187530631810851	6.1187530631810851
2.580810417734936	1.3888446601900295	3.7313437918528867	3.7313437918528867
8.1876805381888005	1.578063330686946	27.607413137909774	27.607413137909774
8.2232492786386029	2.0426093363517399	73.973523522414766	73.973523522414766
0.9441923825273123	2.9776732330020801	0.84282672018052363	0.84282672018052363
8.4455396477600004	0.74417614487126671	4.8929864156684149	4.8929864156684149
5.4808185343041416	4.4079679892908494	1806.3710912769445	1806.3710912769445
7.435068207286637	4.1330412324250645	3990.7695732043376	3990.7695732043376
1.2189105692690487	4.0239311029447293	2.2179143584133829	2.2179143584133829
5.521940614787427	4.4923510309394672	2156.4359143285051	2156.4359143285051
1.9673574891958405	4.8711370622715071	27.01131647180852	27.01131647180852
4.2847603440240229	4.1790030371434366	437.34373822361607	437.34373822361607
5.1863651663988852	0.60868385881399911	2.7234889979037442	2.7234889979037442
5.8145405070127119	2.9509479895463753	180.32053354586549	180.32053354586549
1.9865957477897702	0.47316038600539123	1.3837371690287539	1.3837371690287539
8.0590518110223872	0.18078442736645314	1.4582837102569097	1.4582837102569097
9.8747421217163875	4.9848958838580746	90700.019772510102	90700.019772510102
0.19134630347906173	3.5147824759004767	0.0029905687521599297	0.0029905687521599297
5.2422259641703963	2.3531682386743022	49.333460459825062	49.333460459825062
0.76831726707302372	1.2959190423243001	0.71067309765508335	0.71067309765508335
1.1196785294931813	3.1266276997024618	1.4239561949174133	1.4239561949174133
7.6305555195399632	0.65358703999272416	3.7742204723030666	3.7742204723030666
5.5477269852004341	3.7413687274402747	608.14745203175528	608.14745203175528
6.6827697088110085	3.7084556014751824	1146.342875922863	1146.342875922863
0.017987875382899393	3.5245938637534353	7.0715197447076984e-07	7.0715197447076984e-07
2.4834338711691935	2.69449801618812	11.600279337264649	11.600279337264649
4.8135842150692847	2.6529326590886675	64.646225028878547	64.646225028878547
5.9414421399625885	2.7193809910980771	127.20578028945272	127.20578028945272
3.2779514523970379	3.1930208229391956	44.292436770930749	44.292436770930749
8.5549031146250094	1.110870757550517	10.853516961747927	10.853516961747927
0.77016495235076432	0.93782186089096653	0.78277286569866178	0.78277286569866178
2.0738266914890331	4.9648604856671401	37.387899683098247	37.387899683098247
9.8785653785611842	1.7874154088779397	59.969601847526647	59.969601847526647
8.4889263334754279	3.7386516084576549	2969.3191773042936	2969.3191773042936
4.4614664579334331	3.4202722061377959	166.49082066767309	166.49082066767309
5.7107789864499932	3.8986150429829336	891.38205220357634	891.38205220357634
1.4761871849482988	0.61077049786815341	1.26854709735462	1.26854709735462
5.4887185394132949	1.3080030267069354	9.2732134167388338	9.2732134167388338
2.6946397077943125	2.4743234047421465	11.619781741135364	11.619781741135364
0.7323646154341662	0.84064181616856892	0.76963384248858757	0.76963384248858757
4.7664331719527588	0.24068119295958451	1.4562247989504977	1.4562247989504977
8.5901954986050626	3.458747498350963	1700.1244178500369	1700.1244178500369
5.0544113825615886	3.0317887467683127	135.95042383607955	135.95042383607955
8.9762629044712625	4.7293830170739888	32177.624137514238	32177.624137514238
0.086949550650160232	3.5698502842618938	0.00016343430445200075	0.00016343430445200075
4.8254215464363126	4.0327741859551853	570.87805412305784	570.87805412305784
9.9978823457487209	2.4887177008332824	307.95608709331924	307.95608709331924
6.6915162394721754	3.1832939406413079	424.50934410976566	424.50934410976566
1.3422796596609987	3.1009097784364856	2.4913207032882796	2.4913207032882796
3.8112032994224023	2.1228188744895511	17.119442854391892	17.119442854391892
8.6658939750843071	1.6001213244909698	31.667601684078186	31.667601684078186
9.8733211285059177	3.3590509085095714	2190.0434224353171	2190.0434224353171
4.78278927181589	1.2516957360680445	7.091761441569445	7.091761441569445
5.9611122458033963	3.5159982635703524	532.16883640344236	532.16883640344236
1.0190771205179576	0.65204006733200881	1.012398111269224	1.012398111269224
5.1443375938798539	3.9208832362620423	615.23319476412712	615.23319476412712
6.206932572427827	2.41602166892315	82.339472302242825	82.339472302242825
3.3323978347957395	3.0255894728924071	38.163447770655786	38.163447770655786
9.5588224616254749	3.3418087439641986	1889.4003055147089	1889.4003055147089
6.3757073466846403	3.404764482848992	548.56694375176073	548.56694375176073
5.238021685775732	3.209682949972656	203.37566951011843	203.37566951011843
9.1222543940015051	0.54267946509064713	3.3191565535009731	3.3191565535009731
0.3233723787302672	2.4723381699741189	0.061350741739279173	0.061350741739279173
9.023478571931177	0.16044236985743082	1.4232541776863681	1.4232541776863681
5.7375014059209475	0.02101248748902676	1.0373914240930195	1.0373914240930195
5.0594207957130983	1.1186793365765535	6.132859529928063	6.132859529928063
4.430663278232708	1.2660327363518984	6.5834053360840246	6.5834053360840246
7.1350476021872256	4.2507057305424762	4241.6905980636566	4241.6905980636566
1.1731523306587124	4.4977529374280865	2.050874055727848	2.050874055727848
9.9795709614640202	4.9125519819551986	80944.808566503329	80944.808566503329
7.7349140965860066	0.95670586549419001	7.0793043404842466	7.0793043404842466
5.4324222854507189	1.1488244164808157	6.9884120550887232	6.9884120550887232
3.5445941684109843	4.4228339509727315	269.5513163048704	269.5513163048704
2.7055826550863999	4.7962726400714928	118.36973562772819	118.36973562772819
6.9887486187951362	2.8963315803529106	279.0363002345357	279.0363002345357
4.2303656273289443	2.1384088545094184	21.850031015361921	21.850031015361921
2.8301197053348393	4.1141374686278773	72.241553686650121	72.241553686650121
3.3975277819982157	4.2180574969606992	173.97071352504074	173.97071352504074
5.1119122234074679	1.7368562212391989	17.010123455219496	17.010123455219496
1.502339678665553	4.2059430109869593	5.5395783993460856	5.5395783993460856
8.3515669725776185	2.372650916444397	153.82736979671583	153.82736979671583
8.9711187977863549	2.2936106085076329	153.27068127729896	153.27068127729896
4.4740172842075241	2.7271456515265218	59.504154307834135	59.504154307834135
7.9849796091739025	0.48111190136991766	2.7170314719919548	2.7170314719919548
6.3624216019987534	1.7781288871942416	26.849999506094299	26.849999506094299
3.2279829449588031	0.91103558533306206	2.9084021856983746	2.9084021856983746
1.5959352548513703	0.66624813832298024	1.3653957437998827	1.3653957437998827
3.1586432295962168	1.8974724244352918	8.8672421159483594	8.8672421159483594
7.9499651962068416	2.2310983493616949	102.04773567146998	102.04773567146998
3.8358954086649399	0.82196930520821754	3.0193993176718981	3.0193993176718981
6.1051207029300532	4.9190411776805689	7325.9237134780533	7325.9237134780533
4.8483190818503523	4.1912584694604771	747.29125416627085	747.29125416627085
8.2527778656965101	0.905288410252862	6.7575224587320841	6.7575224587320841
6.0100319032513418	3.5852327274267748	620.08969338651866	620.08969338651866
8.1950379420780841	3.2812412027090305	994.44571119119496	994.44571119119496
6.4079490211350398	2.1375798970453248	53.018375860892654	53.018375860892654
3.3861761940155244	0.073308749117713318	1.0935341361187945	1.0935341361187945
5.0954069259520276	3.2663933970800803	204.13825663273252	204.13825663273252
9.5947063310042999	2.0130685392617842	94.819376005615439	94.819376005615439
6.3760238808980017	2.4719351199006292	97.453006069058404	97.453006069058404
9.9649544893783872	1.1928856473823131	15.526260839998665	15.526260839998665
2.7660732247433462	1.5045787922158875	4.6218804852044757	4.6218804852044757
7.4325555549064806	0.71611931107559146	4.2057055336210007	4.2057055336210007
5.3392046922529364	0.73062182805553788	3.4002454031658869	3.4002454031658869
4.6403489968493616	0.43603916554290306	1.9527299482405354	1.9527299482405354
9.4531583603795362	2.6716139038725748	403.98468307646465	403.98468307646465
3.5990775663896564	2.2195900811808249	17.159968461242986	17.159968461242986
1.9657434123779609	0.94777386038388867	1.8975667234680396	1.8975667234680396
7.6392393353942198	1.3356251643929504	15.11555010149527	15.11555010149527
3.3674932921577683	4.0959976962977702	144.49312687817346	144.49312687817346
3.8442632357726509	4.8346216122192907	671.97039676103236	671.97039676103236
1.2215756071281869	0.58702505319766618	1.1246682222990187	1.1246682222990187
7.3168651374699101	4.8374856365378447	15176.09428883454	15176.09428883454
0.86725245529158346	3.2769668040777633	0.62705405623011234	0.62705405623011234
2.9028688517356427	4.4406501962532881	113.56765355077435	113.56765355077435
5.6068299723286117	2.0472138585414048	34.102373711545972	34.102373711545972
3.536269111859796	2.5907856355488592	26.373228857820489	26.373228857820489
2.9594449043733171	4.6328177202588794	152.41623824116215	152.41623824116215
5.6249835586594426	2.8209872770890327	130.64191064132956	130.64191064132956
0.23326820969393508	0.68641106236630223	0.36820447359593095	0.36820447359593095
5.1595490883240611	1.8835292018583361	21.989990325779615	21.989990325779615
8.8275398867555683	4.3623919553408408	13369.754986768563	13369.754986768563
3.4875272478078316	1.7095975284659239	8.4622677832163582	8.4622677832163582
9.3960653512057277	1.8644986393019722	65.171324384700128	65.171324384700128
7.8562263962206718	1.7010088308580733	33.324750214951393	33.324750214951393
9.6351624940846907	1.6764171738188784	44.602396776327559	44.602396776327559
5.9342584261787623	1.2580144142537775	9.3952025632878282	9.3952025632878282
5.0492350496666489	2.381859432769688	47.313437324778192	47.313437324778192
5.1405304973605856	2.2966242095989515	42.94553805812388	42.94553805812388
2.6953886172477217	3.8634082512154082	46.096317391459891	46.096317391459891
6.1085441003103638	3.5282777390479021	592.93425227895216	592.93425227895216
2.9572341290905166	1.8952739488956791	7.8065189538633462	7.8065189538633462
9.1344440646644411	1.5112534834730642	28.303112748585999	28.303112748585999
2.7388660484708405	3.0336706540583211	21.254244495268001	21.254244495268001
5.3474681292796848	3.3392658908590307	270.0725618146289	270.0725618146289
4.3899429291029417	1.4448977182547145	8.4778818831861109	8.4778818831861109
8.1009737808659494	1.331350193497167	16.202469492006426	16.202469492006426
8.666680254029048	4.2407528436785835	9488.5930054159726	9488.5930054159726
9.47818244881468	3.1497687833301056	1192.4992580935884	1192.4992580935884
4.8985344788014711	0.44201881669843179	2.0184696866264633	2.0184696866264633
7.8866979598812268	1.0562030979897641	8.8573437152174126	8.8573437152174126
8.35498671553432	1.7658635353717118	42.464929333719837	42.464929333719837
2.7293153585975487	1.0111933887066749	2.7601624154076911	2.7601624154076911
7.8057059518491183	1.3728189766994485	16.792694428197169	16.792694428197169
6.1414507483163696	0.54261759324775127	2.6775013494498157	2.6775013494498157
3.7557347519726836	2.2857096163399637	20.586650352894562	20.586650352894562
7.6928737749764222	3.6521656428687947	1722.4331108205326	1722.4331108205326
5.8062704817342281	4.9052850337240654	5586.4229485342521	5586.4229485342521
4.8851344760093749	3.2325576475594602	168.59049027539518	168.59049027539518
4.1303175388851434	0.17844397607987533	1.2880079229061694	1.2880079229061694
8.9999820696182304	1.763349115199724	48.157192367267641	48.157192367267641
9.5665803642036558	1.6615725978693854	42.618533149875702	42.618533149875702
6.1896540982199291	3.1157266594679554	292.8303216062551	292.8303216062551
0.7500689564543781	3.7103817387630276	0.3440152868137521	0.3440152868137521
5.2809188861958187	0.35776744480427253	1.8136852874376774	1.8136852874376774
6.8720878819154629	3.9963020950398889	2214.416681619447	2214.416681619447
5.8127408688263662	1.2677034424211941	9.3112583686132719	9.3112583686132719
9.9192552259888327	1.0517238928608319	11.169168462017685	11.169168462017685
6.4928487264311912	2.9746742046972656	261.05395910497026	261.05395910497026
7.8225095231250474	1.2378204427645205	12.758571908789296	12.758571908789296
2.4938803176015392	4.5455638636633182	63.682986283277586	63.682986283277586
4.8098501607929647	3.4984933970145486	243.46285681091069	243.46285681091069
2.9583095142455349	4.0391224957503358	79.910315011630004	79.910315011630004
2.4376722521978285	1.6583924250664517	4.3828532460334992	4.3828532460334992
3.5483833455107874	3.3795512970900177	72.253085594807558	72.253085594807558
9.0039407564610556	2.3663157820530993	181.33807135630215	181.33807135630215
5.1541750235598158	3.8704183344514194	570.62905089595938	570.62905089595938
7.7020911478798553	3.86197837943504	2654.9934385738247	2654.9934385738247
2.9157725502098062	4.2629417959026865	95.767407287971139	95.767407287971139
3.5461682534531147	4.9763964315012457	544.27753028499933	544.27753028499933
2.6623379548809467	0.89614320503004763	2.4048982832954389	2.4048982832954389
7.1800662605767505	3.6035363024251552	1216.4379389604333	1216.4379389604333
7.6740873237213156	2.4697803673681014	153.39869288935708	153.39869288935708
0.77019790556748025	0.034506853109763147	0.9910304607830378	0.9910304607830378
4.534554858987871	2.5231336175436629	45.344505763008499	45.344505763008499
8.3402341840276328	0.090479041735811658	1.2115666907735736	1.2115666907735736
6.3795083235584897	4.8202512015962649	7573.1491186882758	7573.1491186882758
6.9243421775864142	4.0294838963015485	2433.8382803114423	2433.8382803114423
1.7012604191037846	0.073217664984254804	1.0396723616712824	1.0396723616712824
9.9216127332893329	0.57891558051858982	3.7751742681694682	3.7751742681694682
3.8705705121968768	3.9868028530831934	220.46668994829122	220.46668994829122
9.620702502695643	1.1541596893866191	13.638846386073258	13.638846386073258
3.5902749385792236	3.6648513438854371	108.25813100940583	108.25813100940583
5.6243696593738175	0.34275411863338345	1.8075524315054854	1.8075524315054854
4.9808192095949684	1.8335355654312735	18.990035508370067	18.990035508370067
6.9153961494168588	4.7708406016231901	10153.910844525532	10153.910844525532
8.1215684225207667	2.4027723572384634	153.34076472176125	153.34076472176125
1.3070615528373752	4.2641084091305261	3.132556569611304	3.132556569611304
1.2293370454035413	3.9839624695732514	2.2763853149399078	2.2763853149399078
5.8951177926579659	1.672699639189668	19.444756345597796	19.444756345597796
5.8270702168477504	4.4334802308873797	2475.1900890491097	2475.1900890491097
0.14901570503806941	3.2166225797230008	0.0021907837848886844	0.0021907837848886844
0.99070187928485487	2.8071863235916261	0.9741171917450504	0.9741171917450504
0.56190027628761996	3.6869633668611703	0.11939958283593276	0.11939958283593276
9.7245033822522959	2.140951256413731	130.30948220589462	130.30948220589462
5.6147369816408697	0.9945228006564637	5.5619257935292552	5.5619257935292552
7.3490242904264127	3.3445767676194955	789.17200845605441	789.17200845605441
4.7957817709396293	2.5409719798217765	53.708706059312732	53.708706059312732
2.5986388666855484	1.5325215612478496	4.3212269873176421	4.3212269873176421
8.1132593772535042	1.7313434608071074	37.508477991025366	37.508477991025366
9.6243846419553911	4.0962789391304621	10670.136913752111	10670.136913752111
3.4407659536266451	4.9320832341832173	443.43276544880314	443.43276544880314
0.24574437379789149	4.2457934687110761	0.0025829689194218253	0.0025829689194218253
1.3042596366277956	2.2140669439632781	1.8006269211312496	1.8006269211312496
0.99889805912852703	2.6086081450934788	0.99712801518247229	0.99712801518247229
4.4516948651725317	2.0731241107582838	22.104139846293602	22.104139846293602
1.5592190106877708	1.2911697904693997	1.774499361138095	1.774499361138095
4.9643693062523733	1.9180972184019525	21.613990670399623	21.613990670399623
4.3126961099102523	1.0902739094827245	4.9209632072211216	4.9209632072211216
3.654942208173813	3.5191794444013755	95.692419520031748	95.692419520031748
2.2102547872856233	0.81208681891102197	1.9042198328261737	1.9042198328261737
1.8874441495235239	1.9690591699966717	3.4931114720523082	3.4931114720523082
0.36823426962394096	2.8584217082999901	0.057517500471028181	0.057517500471028181
8.1346582986757401	4.5423267886033241	13647.674519772385	13647.674519772385
0.45772432409081254	1.0923721158546511	0.42584667895669859	0.42584667895669859
8.1057450782037037	3.4300679527100026	1309.8499368351493	1309.8499368351493
3.483785157651262	2.7656615636957009	31.559537095326217	31.559537095326217
8.9732137661777767	4.2935704572684239	12346.658612113435	12346.658612113435
3.0392059023407985	0.79665758083332805	2.4243455006129762	2.4243455006129762
9.6624605328062092	2.3761354084429427	219.13000207268678	219.13000207268678
8.3780006585414366	4.2012484857964569	7556.8737442927086	7556.8737442927086
6.6107703319107456	3.4056445840940119	621.56566707338573	621.56566707338573
6.0597086617014586	3.2615916298629548	356.48237389974821	356.48237389974821
2.2169424237659108	4.2531417187308049	29.548981997846749	29.548981997846749
3.5467761096315629	2.8594156300444551	37.342491316836352	37.342491316836352
0.63610028029910015	4.4529630261266204	0.13338491092720761	0.13338491092720761
6.2638611429278068	2.4061481529759328	82.66472006922794	82.66472006922794
8.5104035788949854	0.15776223005701223	1.4018805503316838	1.4018805503316838
1.848047132039834	3.2335012812289659	7.2847888244932317	7.2847888244932317
9.4808096090042042	3.4181579040809087	2182.7897788932792	2182.7897788932792
3.8614743044704909	2.8467141550202624	46.80782866929394	46.80782866929394
0.83084969732481162	3.6860979771662912	0.50507040878170317	0.50507040878170317
7.7270600255633699	3.1343240345701195	607.18987291133317	607.18987291133317
7.0683353735435714	2.4675380568699965	124.65863974740384	124.65863974740384
3.7685001585073414	4.9889577253860837	748.99768977577128	748.99768977577128
1.2721408068846987	4.627092052700184	3.0457476544072852	3.0457476544072852
0.65473394417447495	2.3540354633325258	0.36898622282918131	0.36898622282918131
4.1546087856763343	4.6341794515618782	735.15623101126766	735.15623101126766
6.8683142870770242	3.3147442965717793	594.21593541848495	594.21593541848495
1.0841614461212377	0.23536095713021993	1.0192007811343278	1.0192007811343278
5.6785288214301257	4.1416030516944682	1329.6747857039188	1329.6747857039188
1.3047261994573431	2.9908882387647306	2.2156724866544888	2.2156724866544888
3.03886116113285	4.4076135332431683	134.15377962041589	134.15377962041589
6.1993974550428002	2.9231761301690011	207.09856453779142	207.09856453779142
3.4923066403249932	3.3213761567187476	63.662028874283045	63.662028874283045
2.8347652482381864	4.1556378381956591	75.944649727853431	75.944649727853431
8.547972900030981	1.0723871588381437	9.9843101077542755	9.9843101077542755
5.3885210285386878	2.6011576974577673	79.922255873403643	79.922255873403643
9.4917835452244717	4.857702651323665	55932.615064578444	55932.615064578444
8.068693488900351	3.8061720670164689	2827.8025278606433	2827.8025278606433
9.7565638633851322	2.2026774553849031	151.04347194018126	151.04347194018126
0.51764526923448306	3.6716586209579067	0.089130028006185053	0.089130028006185053
6.086731661362677	0.16506290704598547	1.3473261190271466	1.3473261190271466
6.5350242632709055	2.9417118998441865	250.16261176555128	250.16261176555128
4.8449536437166039	4.6390329562134234	1510.36238106868	1510.36238106868
1.0833239107653989	4.2569924381242448	1.4059372677412847	1.4059372677412847
6.6819578409474492	4.6664963878362204	7069.8513402381013	7069.8513402381013
4.278534385691013	0.35551037915140504	1.6766095450190772	1.6766095450190772
3.2003868646447531	1.861786453133544	8.7212579522144988	8.7212579522144988
1.5619766780206625	3.8548562019962098	5.5794002991889107	5.5794002991889107
3.7884378600131274	4.1875861278035442	264.4549956902647	264.4549956902647
4.7078992640858495	4.8769013843572786	1911.2245516730331	1911.2245516730331
7.9739548431534271	3.1657574873716943	715.28726772846551	715.28726772846551
3.9913774888055835	2.7863965631887906	47.311477832466942	47.311477832466942
2.0737791827763625	1.6082939705420698	3.2318205330323178	3.2318205330323178
9.1467365221487178	4.444822437760374	18735.161329385104	18735.161329385104
2.580107379060006	3.9454080764942043	42.080319160328315	42.080319160328315
9.0643274450395932	0.86599364074077156	6.746002990828103	6.746002990828103
2.2689836287630079	0.57151739954753999	1.5972165988654703	1.5972165988654703
3.7317265493853196	1.2669093008269199	5.3034424499550683	5.3034424499550683
1.6132657172270057	0.99452474132244917	1.6090467458263475	1.6090467458263475
8.5173558819553126	0.17050690411430589	1.4408653258698414	1.4408653258698414
4.3112351832557714	3.5061397820968692	167.88129788416427	167.88129788416427
6.289358476352148	3.5437327162226868	676.15684118686386	676.15684118686386
6.28654505629369	0.53034128263232905	2.6511290062910402	2.6511290062910402
5.4366659516277629	3.2219783715450308	234.00540654304837	234.00540654304837
0.82752999099306679	3.1140322143777821	0.55459496805333719	0.55459496805333719
0.26510779987901689	4.385254599787884	0.0029618352003463154	0.0029618352003463154
6.8259173912226654	2.7232914325789443	186.92336089515263	186.92336089515263
6.8827041944384462	4.0676354961771555	2556.8112700207612	2556.8112700207612
6.735929171687002	1.6847740277061984	24.869245679183109	24.869245679183109
0.89843210210289914	1.42980116519974	0.85801162604665038	0.85801162604665038
9.9803924639820032	0.19085993398518047	1.5513052016524911	1.5513052016524911
0.046321819700072882	0.73942123260581005	0.10314627593732081	0.10314627593732081
7.06133363252619	3.3710573267766826	727.18654669431294	727.18654669431294
2.6238082746286429	1.37212586712065	3.7568821110146793	3.7568821110146793
3.462411788820015	2.3897802405183963	19.453448603971037	19.453448603971037
5.1351962044775821	1.045200183414863	5.5293534281532617	5.5293534281532617
1.1130087267806705	3.7286207626021857	1.4906494760234945	1.4906494760234945
1.1847458573161136	3.3055738219942987	1.7513523511707421	1.7513523511707421
0.2651507413807635	3.8857479816763667	0.0057522597520867766	0.0057522597520867766
5.6685921278327775	0.58989279525752691	2.7827205637871355	2.7827205637871355
1.1525531754619236	1.1032959431648224	1.1695809874294705	1.1695809874294705
3.6673309927789961	0.13625178852760705	1.1936959260458715	1.1936959260458715
0.87859914770622216	0.55788918993136494	0.93033954715302425	0.93033954715302425
0.25148226831076503	3.322979332017014	0.01018353070631826	0.01018353070631826
7.7715946182214948	0.55097303763297401	3.0949032442491129	3.0949032442491129
3.8832610427451026	2.8576768688504446	48.276241900872598	48.276241900872598
7.3943453142636137	3.6778457202882593	1569.2030608851348	1569.2030608851348
4.5245298510447975	0.16519054020719334	1.2832005398473965	1.2832005398473965
1.0264504138894128	0.39456618429700763	1.0103540372854805	1.0103540372854805
5.2620190067027428	1.8148612685485668	20.36064735718027	20.36064735718027
7.6436321404680188	3.9890265389324879	3338.1531366981085	3338.1531366981085
9.9086569460121545	1.6235348198744168	41.406135311813642	41.406135311813642
5.688164045891984	0.73644881707957588	3.5974794308661902	3.5974794308661902
8.7498367398716113	2.728558159729749	371.79337719123788	371.79337719123788
7.1558217530684107	1.059359469128341	8.0425107314545556	8.0425107314545556
0.75213911456910354	3.9645329618606167	0.32328089172651353	0.32328089172651353
8.0369225391121031	2.5838067428032314	218.06053989900633	218.06053989900633
3.8374552215752948	2.5391808504804518	30.4082632301768	30.4082632301768
9.7952813396351051	0.22014059939157932	1.6525821500393687	1.6525821500393687
3.7282235917832636	0.98759013798712325	3.6678341515546458	3.6678341515546458
3.3094217399159098	4.6087219210489829	248.53809670461169	248.53809670461169
6.9759905672792772	1.1465926823479005	9.2741119521952982	9.2741119521952982
9.1994284543689382	3.9451353082944896	6341.1341786573021	6341.1341786573021
2.8036187983563576	1.5205872798289084	4.7950789319585017	4.7950789319585017
8.3148206850108792	0.093816126069037317	1.2198236085990908	1.2198236085990908
9.3591009706623183	1.1399071698708332	12.797252867280491	12.797252867280491
3.1684471888570425	1.2422139099182565	4.1894639259820998	4.1894639259820998
0.047478992734075853	3.5058619514605862	2.290851590305488e-05	2.290851590305488e-05
8.4168601173909181	1.921925007401051	59.988655880541423	59.988655880541423
6.8642899703479445	1.956646349352305	43.343279480900627	43.343279480900627
9.2217148859786473	1.1014099441867911	11.551893873790462	11.551893873790462
1.2480079389451382	2.6181692655082589	1.7861309806292116	1.7861309806292116
2.0080777143652471	0.62915921722179857	1.5505906207568236	1.5505906207568236
0.64406556827038952	1.3282999157438202	0.55744476914458341	0.55744476914458341
7.0692881917876695	0.97809313182970281	6.7728042802236272	6.7728042802236272
3.1757657847748271	1.3082631763048125	4.534713640889616	4.534713640889616
8.9794333269861788	0.096485975376320116	1.2358767234628194	1.2358767234628194
1.6359714838849237	0.51563531186190081	1.2889329168498971	1.2889329168498971
8.4396749563374271	2.4568876458593478	188.74620098269176	188.74620098269176
4.3190000152786139	2.1369436378079887	22.791772367460499	22.791772367460499
8.5482124519848313	3.2894901822913196	1162.5045851901866	1162.5045851901866
2.0332384692146328	4.6389734147826021	26.895363240348413	26.895363240348413
6.3041125127588185	0.5694519309072672	2.8532997972409273	2.8532997972409273
8.1764896538716609	4.7286309927836516	20662.938655954873	20662.938655954873
1.5711385822643744	3.3221648213252846	4.4859754063810788	4.4859754063810788
6.9169390033055942	1.6538995232954825	24.4981491683161	24.4981491683161
2.8362528496953572	2.9881265972485664	22.535085629713489	22.535085629713489
0.63943657789990727	1.3180530133039239	0.55466501972004367	0.55466501972004367
7.6702688455588008	3.2083777247685594	689.93245658732167	689.93245658732167
7.6558496344058868	2.7810996624606057	287.3913765442361	287.3913765442361
3.1863497917142443	3.5256952709530203	59.492105178706431	59.492105178706431
7.333741505516401	2.0077028801611001	54.615598321002885	54.615598321002885
9.4988144131782608	1.1853083082667601	14.41583044420466	14.41583044420466
2.8819083492763156	4.7830679363100552	158.00886709081666	158.00886709081666
3.766138531697595	0.83613844825457484	3.0306028755941341	3.0306028755941341
2.3320246186819507	0.21157396453687094	1.1961971308290347	1.1961971308290347
1.9214174437681011	3.5398738458175267	10.092183564004172	10.092183564004172
5.9212737981875643	0.30399179546134308	1.7171485450838733	1.7171485450838733
4.5138219951601464	0.49533965525765777	2.1097053856458272	2.1097053856458272
6.7457224390827042	1.9794681013111248	43.755777654031107	43.755777654031107
1.4260946055555912	3.0985068520959382	3.0035141251416557	3.0035141251416557
4.1447647459466772	3.6114820557103871	169.85946632203664	169.85946632203664
3.3361735064544225	1.8772760405538165	9.6002405424732657	9.6002405424732657
7.6190952095614737	4.8638317588494893	19472.861197403887	19472.861197403887
7.2675885264771516	1.6543229352149458	26.608339926769588	26.608339926769588
9.0400508860406532	4.7178120248261664	32436.534807063865	32436.534807063865
2.831389292968074	0.11894777839974505	1.1317860756794413	1.1317860756794413
3.1575237199335704	4.5130768329782622	179.30387287958177	179.30387287958177
0.11415614798200531	3.7982104369139229	0.00026313827684716303	0.00026313827684716303
2.7765372642027693	3.1806143584912636	25.74030099339253	25.74030099339253
9.1691133698296348	1.4960273956138048	27.521244456855698	27.521244456855698
0.95863500575572957	0.79585426164460904	0.96693813279421181	0.96693813279421181
7.425087754028298	1.7901678169399453	36.199449488294526	36.199449488294526
8.0081280881949208	1.2195051221170692	12.643307361789251	12.643307361789251
8.8377647275425115	0.26527114671720464	1.7825320333148253	1.7825320333148253
0.65418750502871992	2.4440811872468564	0.35445517696591655	0.35445517696591655
2.3610851500359762	3.4094283061703869	18.711018146280182	18.711018146280182
4.2819892943412246	1.4399625644003571	8.1198122064104172	8.1198122064104172
9.3803945239045685	3.1847385366425627	1248.1593015960034	1248.1593015960034
8.616821444926769	4.3900201218440431	12770.048960603912	12770.048960603912
8.2935494964147622	0.45738070895071253	2.6315653186243799	2.6315653186243799
4.6612475795143045	1.7976101515444174	15.911322876832243	15.911322876832243
2.7862539568866107	3.5160850823082783	36.705457238895228	36.705457238895228
6.1321230675097782	1.8297677210299756	27.614992683870142	27.614992683870142
7.3291760481205603	1.0157746123011828	7.5631212564265695	7.5631212564265695
5.695450868958809	2.5880799921531694	90.233371460382372	90.233371460382372
5.6381412605437724	0.11552796687587309	1.2211730447955922	1.2211730447955922
6.7529862088420964	4.7443796571776256	8618.7304249256522	8618.7304249256522
0.16232890861883298	1.3893574680595167	0.07997561777273994	0.07997561777273994
6.8925183464979201	1.7201910696019138	27.680264102353103	27.680264102353103
1.0236025376380962	0.77381469526043312	1.018215703105062	1.018215703105062
6.0093276892154233	0.20560238727936916	1.4458673860468498	1.4458673860468498
8.4962078762136795	2.252972850092358	124.02778532749045	124.02778532749045
8.8650304405041318	4.9741909157348694	51753.81834187037	51753.81834187037
7.3276611424034108	0.021824809757121776	1.0444260725780845	1.0444260725780845
5.6082989429878634	0.83182696702493253	4.1966035969831212	4.1966035969831212
4.4073863111185663	0.6186170260824454	2.5032337625536116	2.5032337625536116
6.3762538528530568	1.7590378059442504	26.017244957159193	26.017244957159193
4.3696401428170439	4.6029221047208182	886.99575861291578	886.99575861291578
5.6742457572740834	1.7450607091365726	20.683092593654351	20.683092593654351
1.073675209265748	4.151456092001764	1.3432832358730011	1.3432832358730011
8.7827553915188421	4.8192533755562277	35285.46600359524	35285.46600359524
3.2739231248367853	3.9681693524354875	110.63153719489189	110.63153719489189
0.94122595654061647	1.4337998773354914	0.91681626713565911	0.91681626713565911
2.8761911783659788	4.7241430894754286	147.06885206531982	147.06885206531982
3.4808204688034587	1.0317502483082512	3.6214304606007728	3.6214304606007728
4.9039547707667079	2.1886775074929319	32.462614629110796	32.462614629110796
0.9640910137149874	0.4992060409924971	0.9819098734675048	0.9819098734675048
5.455396090883796	1.4416563466342365	11.541182131968078	11.541182131968078
0.43690236964434753	0.51166666226368662	0.65463117925356695	0.65463117925356695
5.4726025103411367	2.4106202479076289	60.187343479166323	60.187343479166323
4.9548877251462278	0.32525443679791255	1.6829175253599356	1.6829175253599356
8.408996448655671	4.0019027214162897	5020.3755612078385	5020.3755612078385
4.1943380646782655	4.7673544387005649	929.94502486075453	929.94502486075453
8.4733746736416542	2.5884881721780042	252.50096447746506	252.50096447746506
4.5319032524210678	2.8539426744473766	74.642692383836746	74.642692383836746
6.973583977693548	0.6161563783227707	3.3090308484957371	3.3090308484957371
7.4391393669150858	4.6231668162601141	10695.345119743681	10695.345119743681
5.053280929552856	2.3537546679446395	45.293853949324053	45.293853949324053
2.5452108967311817	4.0134648172757084	42.496982307262115	42.496982307262115
1.2655093241738169	1.8987884659230154	1.5637966045480651	1.5637966045480651
6.7705360846604634	3.2502865726193626	500.91376862784841	500.91376862784841
2.4830829615628796	1.8915447983140254	5.5865489218022049	5.5865489218022049
5.8594145630787429	4.2081953391615583	1703.258541705839	1703.258541705839
0.3301625318728727	4.0622988891060006	0.011089920195453422	0.011089920195453422
8.9582848089331133	3.2689749287077237	1296.579684838073	1296.579684838073
6.3575933844719437	2.5262117293194155	106.97629740924108	106.97629740924108
1.6032484576788162	3.7431353657294046	5.8525597981697368	5.8525597981697368
5.0122168901466821	1.8059716535887569	18.37528467287181	18.37528467287181
7.0384053292553874	2.0977633240716784	59.951554562605715	59.951554562605715
7.956351866368216	2.6338693004603031	235.70180265105338	235.70180265105338
2.1556456910630115	2.1166894683303785	5.082527390694656	5.082527390694656
3.0994516174739117	0.40372446305463688	1.5788603443927602	1.5788603443927602
8.0123696206261368	0.56671021051343207	3.2521500319027052	3.2521500319027052
5.9068223298614289	4.0740520906997606	1388.4684044904088	1388.4684044904088
5.112071926523452	3.4686300128714276	286.98597119586088	286.98597119586088
3.8396299578018507	1.6167153197030406	8.802977220587918	8.802977220587918
0.86675746026111	1.2360396400344338	0.83799023420784791	0.83799023420784791
7.7269790520678674	3.663709405699346	1792.2955148744973	1792.2955148744973
5.0759864741663652	0.61143938475496884	2.7001195520281525	2.7001195520281525
9.5649161045644355	0.74485723394199554	5.3761015060163118	5.3761015060163118
3.8398786561970102	3.116078957121839	66.188031891335186	66.188031891335186
7.9636976075104577	3.0351495373239006	543.27290992351288	543.27290992351288
3.1942939949531728	4.4092770422841605	167.46675353889751	167.46675353889751
3.7367484800335382	2.7149467842772856	35.833595090521833	35.833595090521833
5.4394178000913023	2.5130448056038892	70.546615577286715	70.546615577286715
5.048776032261256	1.911036525562714	22.070609757198451	22.070609757198451
5.6534958556540396	2.1735056268422119	43.168345361614065	43.168345361614065
5.3162670460105499	3.5893844209056756	402.23670777965282	402.23670777965282
9.0820492529862857	1.0540042851811651	10.23127803647632	10.23127803647632
8.7603690947159372	2.9388893422747597	588.80169170433555	588.80169170433555
3.2296245631409488	1.8079143453804767	8.3272820772699259	8.3272820772699259
9.7613262713354914	4.8100900823884665	57494.540323145731	57494.540323145731
6.2688849458903952	4.8176253246678087	6927.3028407055499	6927.3028407055499
9.9976463386884866	0.40452885142432676	2.5379759147128529	2.5379759147128529
4.6090634958922445	1.7908986119392005	15.433451000048674	15.433451000048674
3.91986437038029	0.301389839382041	1.5094052756130443	1.5094052756130443
8.0832779453048769	2.6483522989314423	253.28616876739036	253.28616876739036
0.076218079649164605	1.9953470012340975	0.0058791939487921824	0.0058791939487921824
3.8384764427756886	1.8620253065295964	12.238230169778257	12.238230169778257
1.162753749963239	4.6763553773175452	2.0241560286989673	2.0241560286989673
9.1086068027201943	0.11610364971469862	1.2923967990368326	1.2923967990368326
2.915544309814337	4.3711268323074073	107.48516182796588	107.48516182796588
1.25297099765898	1.9205383459039402	1.5420536434121064	1.5420536434121064
5.8557391703311668	0.15340719803329445	1.3114524884954264	1.3114524884954264
5.2623225839092509	2.6606362046874703	82.945127486869936	82.945127486869936
8.2887707184726978	2.3208008296841993	135.40435962354465	135.40435962354465
2.6538437808513589	1.0028925572523393	2.6613465979390192	2.6613465979390192
8.1045466827757551	0.63698849496068399	3.7918377409908843	3.7918377409908843
7.0961245382421083	0.47505517339935599	2.5367755162232859	2.5367755162232859
6.9220315850131628	3.8651108101365055	1768.4626017843334	1768.4626017843334
5.2345970775185968	2.0432407022890229	29.434152366844376	29.434152366844376
7.0752223044588289	3.1579498940096413	482.43257770818275	482.43257770818275
4.8336399435360997	0.69183524101780591	2.9744390427412464	2.9744390427412464
1.5415254019325706	2.225822814904765	2.6202632400161248	2.6202632400161248
6.0220604289824422	3.3441576200354368	405.12640343332112	405.12640343332112
1.0706490942749445	2.328098053344863	1.1722533469214929	1.1722533469214929
1.5012095174958275	1.5499013988553825	1.8770101964218051	1.8770101964218051
6.8425838447936496	0.039652806826631956	1.0792419609758488	1.0792419609758488
3.2952489008567278	2.0310945255347326	11.268858777093691	11.268858777093691
7.9240135323560743	1.6408354620039503	29.85528192283526	29.85528192283526
7.7593785166369464	3.6274439632665008	1689.6523427803534	1689.6523427803534
3.6882254504251759	3.2747354956567127	71.808731823081317	71.808731823081317
2.979656949286436	2.7968426734244889	21.19182932932085	21.19182932932085
1.6371345821150805	2.1082720555790906	2.8271452452773689	2.8271452452773689
6.5214775048430056	3.0923924324864389	329.82032065097263	329.82032065097263
6.4208076230053095	4.2711706876747995	2814.1890891980315	2814.1890891980315
0.34952205885464466	4.7919360375060451	0.0064917148542006937	0.0064917148542006937
8.071102364971857	2.5436697635357799	202.7391783054951	202.7391783054951
4.3848333527912651	4.1749280611146684	478.74911016798785	478.74911016798785
3.9241592654064532	0.72706004120752565	2.7020255158332702	2.7020255158332702
2.6453738864353009	2.7317764218596263	14.260678691770186	14.260678691770186
0.99771402856299385	1.033933591176136	0.99763654908181243	0.99763654908181243
5.0345305574637145	3.261807780620452	194.8297469716702	194.8297469716702
5.4491187084822235	1.8270377052427691	22.146028625836394	22.146028625836394
3.4769968509972724	2.8955400287283122	36.904447403923712	36.904447403923712
2.8474161423463009	4.4454903679477731	104.77490815783528	104.77490815783528
0.05159730861685901	0.4926179292232335	0.23217582780496385	0.23217582780496385
7.1997755314554777	1.8172082358243602	36.13491759171184	36.13491759171184
1.7902952363190425	4.4880107922023189	13.649872227988306	13.649872227988306
5.1467381421293812	2.6105917159766157	72.031048146102435	72.031048146102435
1.5695347225318876	4.2642151941145272	6.8361150878333747	6.8361150878333747
2.1870671679553384	1.2635488416045002	2.6880193416061831	2.6880193416061831
6.2011704903360538	4.5972960544928938	4397.8061685013754	4397.8061685013754
1.9864265517823223	0.83775642264887229	1.7771012036703486	1.7771012036703486
2.3615823535333562	2.8578639495921525	11.656379300386412	11.656379300386412
6.919019169206396	4.8897483660859562	12811.688968947372	12811.688968947372
1.1480596903019373	3.3318467481153871	1.5841358404257433	1.5841358404257433
3.3835441989301258	2.9280670066337682	35.484301441924089	35.484301441924089
8.0410950149721288	3.8005730060387126	2758.7763080933869	2758.7763080933869
6.6650171596925967	3.512410829866357	782.57957537444304	782.57957537444304
9.7856907569054421	0.82214351026624533	6.5224140160370352	6.5224140160370352
4.0211627273887851	1.3805650454340226	6.8288372262820536	6.8288372262820536
5.64752112713348	3.0226246697898529	187.31999120764095	187.31999120764095
7.2281326826657635	0.70485327705002288	4.0316922420712258	4.0316922420712258
6.4945210221254417	4.0261764193935523	1868.3493359213692	1868.3493359213692
1.0739057025389356	0.91572296214052173	1.0674718059194834	1.0674718059194834
2.8334594934671071	1.4145409086663663	4.3633586546619378	4.3633586546619378
8.9458932423303033	2.2466793263371923	137.40208350841266	137.40208350841266
7.5226518556249697	3.9735930528746488	3036.2782722948527	3036.2782722948527
7.8353062481283029	4.4203502559621084	8954.4839337208323	8954.4839337208323
4.028821239934639	3.2609393143686778	94.069476242206704	94.069476242206704
0.22556577515707318	3.3803801217299356	0.0065135477160055159	0.0065135477160055159
0.82982460464463126	4.7241385304297738	0.41426676666271833	0.41426676666271833
8.087234008011734	4.2631007968563424	7413.8354940205863	7413.8354940205863
5.4997964609190344	4.5712640267210656	2422.8127952841455	2422.8127952841455
6.9318092425333351	3.5036414948515642	883.13083436932948	883.13083436932948
7.0285603413864912	1.7168657630635105	28.441722168431902	28.441722168431902
7.9462816598050301	4.0565018720697337	4482.4635602769104	4482.4635602769104
4.115514297392517	0.93360738734413729	3.7465444756002926	3.7465444756002926
5.8795146190656347	0.97337650293793776	5.6086574225823389	5.6086574225823389
8.1823250649791461	1.8069289177392265	44.617307647935156	44.617307647935156
8.420444843944173	4.8023357418270383	27782.384272246796	27782.384272246796
4.0217066518062845	4.049293757622026	280.17876525663667	280.17876525663667
0.60488141357411096	2.5858579158131394	0.27254000640398834	0.27254000640398834
5.5432642278917319	3.4651977637077214	377.82859720176691	377.82859720176691
2.5372726600637612	2.2094355520548707	7.8238971872878222	7.8238971872878222
1.288093055018424	0.24843132147242469	1.0649135125887415	1.0649135125887415
0.14470930298894102	2.6730710616870397	0.0057009516642190124	0.0057009516642190124
6.0096432649880569	0.79097464313500565	4.1309464661189459	4.1309464661189459
2.9938144766335606	3.7475302695125432	60.90699432901679	60.90699432901679
6.8638703329301567	4.9963184736735879	15127.442182144059	15127.442182144059
2.2463091722133548	1.0566504801320549	2.3516920341602292	2.3516920341602292
1.2357292882896607	1.1601075272121801	1.278324047358572	1.278324047358572
7.4231495925663147	3.8330438865945018	2172.7153174648988	2172.7153174648988
9.8166367871651001	1.5141461267423504	31.767022759210825	31.767022759210825
1.3260722754485146	3.511596559170731	2.6940555169378189	2.6940555169378189
6.6324580270484912	4.3676743653621584	3879.7763838335404	3879.7763838335404
8.760757266934478	4.5865616921446968	21039.015519262666	21039.015519262666
0.59429111440032079	1.5716785685476617	0.44136657859092321	0.44136657859092321
9.2471954468115456	3.4665390554116495	2232.0890696952629	2232.0890696952629
4.0669378649126156	1.1838137879185044	5.2633143770224438	5.2633143770224438
2.3538384868169517	4.082085685541478	32.93246055081373	32.93246055081373
3.7242449489407772	3.0555261989463256	55.567683845596044	55.567683845596044
5.4854640166704076	0.76887275955747791	3.7013574159420024	3.7013574159420024
6.4072221412626735	1.0774382503591642	7.398384154682728	7.398384154682728
1.2106059146777755	4.692050790299521	2.4516208889502202	2.4516208889502202
1.4835216193893506	0.76497180969586809	1.3521814979136233	1.3521814979136233
4.5070587555755841	1.5198513489457914	9.8587190869274846	9.8587190869274846
7.3463967657284197	1.780959543217659	34.869316328958377	34.869316328958377
8.3833825782030651	2.8136572098355277	396.44717829069867	396.44717829069867
3.3000356441499341	1.9933568177282952	10.804200816703071	10.804200816703071
6.9854860102166372	4.1472306659252292	3170.1377994157679	3170.1377994157679
0.81874519851806538	1.7694509055647958	0.70197396556990366	0.70197396556990366
5.4342481230350437	1.5452222467106824	13.675835060246808	13.675835060246808
7.7943799092965085	1.8614404884146343	45.708642294542344	45.708642294542344
9.1852442645906649	4.8491908906966437	46796.211819826429	46796.211819826429
3.9622621671339213	3.4279495773682149	112.12931423873822	112.12931423873822
4.7451508612149498	1.0365106711631333	5.0227361715939702	5.0227361715939702
1.4366141708505835	4.087556290053465	4.3967999242994757	4.3967999242994757
4.45016293864958	1.8115354978371867	14.947067010851569	14.947067010851569
4.8759138829350359	1.7663222360310717	16.418317862678439	16.418317862678439
1.834503922875421	1.2838351013006044	2.1792872902051155	2.1792872902051155
8.2959971093966356	0.27042795769366534	1.7720980869481633	1.7720980869481633
7.6488975575766762	3.0549831941798686	500.47181001710743	500.47181001710743
5.9262312990388288	1.6294826988321263	18.164747078840307	18.164747078840307
4.5117928698437915	4.8400288604828114	1469.1589600952752	1469.1589600952752
3.3427583312486431	2.360140025161523	17.256834752133408	17.256834752133408
4.8358623583107203	3.6076742739123251	294.68565317142145	294.68565317142145
0.70884867238824256	1.8258099608391385	0.5335058022104977	0.5335058022104977
8.3980494189496984	2.5399345921716918	222.51164959935835	222.51164959935835
0.48159269374554287	2.7513072236364842	0.13395375370068793	0.13395375370068793
3.2386736981466941	2.5951202577614083	21.108834011648462	21.108834011648462
3.3999683049579894	0.62003309912372839	2.1356594897532504	2.1356594897532504
1.5239648159940813	4.4739136986541936	6.5858842391720849	6.5858842391720849
8.8073512773413771	4.3825988897239636	13831.779057153468	13831.779057153468
3.4348062594799602	3.4851776876181262	73.741938393216671	73.741938393216671
2.7672096692885351	2.1580386205963866	8.9938129600597456	8.9938129600597456
5.2178734727718181	4.8954131528858786	3254.0732985524942	3254.0732985524942
1.9289021323117734	0.70380243874701609	1.5878227120715056	1.5878227120715056
1.2490867114906126	3.0318796291151235	1.9627143611105835	1.9627143611105835
0.4091992643352646	4.4437117516386717	0.018860374282986328	0.018860374282986328
2.1092407745913593	0.54146193859652414	1.4979660755474755	1.4979660755474755
5.3499011394407763	2.0734626847785682	32.374103313388382	32.374103313388382
8.9670866331859695	3.7148812296847633	3459.2876509972089	3459.2876509972089
9.4219079253819356	1.3103805363339085	18.90134008831247	18.90134008831247
9.6402835516786141	2.0130346047095036	95.720914210547022	95.720914210547022
6.8880529249228193	3.2702313462442243	550.51526395753751	550.51526395753751
4.7734296432332721	4.8750037445526049	2038.456062919312	2038.456062919312
6.2040357897785103	2.6199576640943993	119.33644412756038	119.33644412756038
3.2322836668751975	3.9201840322352268	99.39645134490452	99.39645134490452
3.6052500475754941	0.89217105974605748	3.1396529023408952	3.1396529023408952
4.5400520277121874	2.7044220145323021	59.836994683287784	59.836994683287784
3.5353964758481018	3.688521604899651	105.42069421662617	105.42069421662617
6.1110090658088003	2.0178761531099889	38.572566022692918	38.572566022692918
2.4990393444933354	3.3988940896341129	22.489956582029617	22.489956582029617
9.418678646222121	2.6103621808933846	348.71177073727529	348.71177073727529
1.1300104210235868	1.7715242252563159	1.2417576483302259	1.2417576483302259
0.74423945059338004	2.6954217924338826	0.45103638921459782	0.45103638921459782
8.4489203254036589	2.3240207078211164	142.52964876895962	142.52964876895962
7.1890238943013687	2.3541111441482423	103.91930228361392	103.91930228361392
0.73256842502060304	3.4095866821586549	0.34608932879383186	0.34608932879383186
0.65495402447776363	0.4331007637301032	0.83253167063894162	0.83253167063894162
8.8432891721037876	3.3634393474060831	1527.1376728838795	1527.1376728838795
4.5706019645727869	2.216500744731019	29.028964011566487	29.028964011566487
5.3778573126665075	4.154643573652919	1084.9784942425906	1084.9784942425906
3.2651444317207106	2.2970401123790292	15.151457755338456	15.151457755338456
6.7243189524224656	0.66672169938121362	3.5629611295568657	3.5629611295568657
3.8496369740135767	4.1255590114470166	260.12604385190372	260.12604385190372
6.640642533678994	2.5516534383217735	125.3127427896476	125.3127427896476
1.55305963322963	1.3589423989241363	1.818920251903746	1.818920251903746
5.0977855000356387	4.8263981875376336	2594.8070417427207	2594.8070417427207
7.6082491068014759	3.4391441861045671	1073.656193651994	1073.656193651994
2.4516438863198067	1.6708596266827891	4.4743363077880511	4.4743363077880511
5.9339391321310622	2.5361815169048478	91.482588392892055	91.482588392892055
4.9504579292774551	0.14011862654066601	1.2512173438011638	1.2512173438011638
5.2684624760034415	0.22279011064799517	1.4480515871474	1.4480515871474
0.076696363907677673	1.5695993143618643	0.017764101725611676	0.017764101725611676
8.2985016310912449	3.5049231554357756	1663.501784939903	1663.501784939903
2.7919652895038856	1.863741855597727	6.7773694121671895	6.7773694121671895
9.7412850134382847	1.4062205670116246	24.559103195361995	24.559103195361995
0.12784714002282771	1.397307122255482	0.056464176156862493	0.056464176156862493
9.0928738949315431	4.4238494500690315	17424.07112624947	17424.07112624947
2.4081385079957789	0.86008889462504978	2.1295114872833838	2.1295114872833838
9.3322085493049745	4.9042329664049671	57151.764798767515	57151.764798767515
2.1081291846737851	3.2211055344217785	11.048596924551346	11.048596924551346
9.764202537432352	4.1018934245005614	11465.278217994108	11465.278217994108
2.9467614623495217	3.992618941608201	74.802422595292313	74.802422595292313
8.0996241508018691	2.3790787678905727	144.98046075615929	144.98046075615929
0.90928333868528988	1.3101446185632948	0.88285630478907418	0.88285630478907418
3.0819410285466264	4.9952457379451083	276.56525798020942	276.56525798020942
7.6112739221203487	3.7972138648967242	2223.7301197851093	2223.7301197851093
6.2216396108434182	4.3425142235523859	2802.4837779426039	2802.4837779426039
3.4766908016584619	4.081684270680582	161.75921470973708	161.75921470973708
2.9338842634083977	1.952972253769002	8.1828231592473326	8.1828231592473326
4.2992136208162286	0.73072596524198552	2.9029115723933976	2.9029115723933976
4.2143364781052162	3.6974125722218303	204.11815083428522	204.11815083428522
0.85478231961910156	2.9890018600461152	0.62562782263673022	0.62562782263673022
1.8046188709354702	1.8038983127603683	2.9006368561251277	2.9006368561251277
2.9924015477647088	1.9863342160588504	8.8213399051790855	8.8213399051790855
6.461680269219042	3.1967880904399992	389.4957571778159	389.4957571778159
6.1243476177470013	4.4572150374667903	3221.7729007127814	3221.7729007127814
7.5515247330786917	2.6044110103386711	193.5366002244545	193.5366002244545
8.7355760505770164	1.7599634932469144	45.356419423741279	45.356419423741279
3.730271236388925	3.6520045905538003	122.461227227275	122.461227227275
6.0688987326220722	4.6082438406207293	4062.2002706231769	4062.2002706231769
7.7543283962414638	0.50251863297960597	2.7990620756944056	2.7990620756944056
8.4777544740577646	1.755372059770367	42.606733614261707	42.606733614261707
3.8970814205452333	1.0563697046089477	4.2076469208927083	4.2076469208927083
9.5399787360024284	1.116237391786328	12.399593345837772	12.399593345837772
3.8414356266226553	3.5439600339686539	117.8750299718948	117.8750299718948
5.6464733959297462	2.6034135635097728	90.61230617024961	90.61230617024961
9.0879208932830817	2.2311529765991018	137.55646513169964	137.55646513169964
6.1913885658486132	3.6972169235520629	846.08153727720128	846.08153727720128
2.9229998001172444	1.4642497080956858	4.8093863166669806	4.8093863166669806
4.5554045974432373	4.402410977074477	792.6953283593308	792.6953283593308
9.9223320452331745	4.7770318664316331	57657.48207684153	57657.48207684153
9.1100618190690579	0.58737817262769121	3.6610181494793261	3.6610181494793261
9.2072097042521968	1.0012246806790588	9.2322760952358909	9.2322760952358909
5.4089900773485198	3.2682857079905316	248.90472953545185	248.90472953545185
9.6606892653126195	0.54889831133914968	3.4727161763497643	3.4727161763497643
6.956882365414546	3.6142778489601839	1108.461580277846	1108.461580277846
0.5797678225434475	3.1786049472681444	0.17679840257664869	0.17679840257664869
7.7003549939270783	3.4281115778043669	1094.1018585315301	1094.1018585315301
9.1573898718920699	3.4310036145769351	1994.5374468177999	1994.5374468177999
5.5029604377293309	0.0049604306406672433	1.0084948320046838	1.0084948320046838
6.2969935627960094	3.1524063639410076	330.51619230751407	330.51619230751407
7.9700663093005675	4.172446591575369	5771.6737833976094	5771.6737833976094
3.984538738741473	0.33472277314027415	1.5884012018703966	1.5884012018703966
6.0867500057533439	3.1393240389085668	290.02814541986902	290.02814541986902
4.4468410579399595	2.9928365651980462	86.998656344623512	86.998656344623512
5.7767861001712086	0.34579582882905691	1.8339518996008508	1.8339518996008508
1.3367286996145311	0.32099001369657371	1.0976367311140498	1.0976367311140498
8.0775426391836973	3.7263779331285356	2403.6177956833417	2403.6177956833417
6.9718669930809387	0.32782071628102405	1.8900239339243143	1.8900239339243143
6.383170799884609	4.6485697448872445	5524.1842643141817	5524.1842643141817
9.1475636675393464	1.023739254024997	9.641089509412021	9.641089509412021
7.5579344187756403	3.6706285295646088	1676.0676726908864	1676.0676726908864
4.0722514988005756	2.3420999017504727	26.809797740632899	26.809797740632899
9.5717502706649338	0.12835602318605105	1.3363374815363442	1.3363374815363442
9.8604577250922727	0.28598891494168144	1.9241704738900824	1.9241704738900824
7.8069040931165965	3.524650964529747	1398.544915968748	1398.544915968748
5.5557250861513685	2.7035003135250291	103.13518314243609	103.13518314243609
7.3857661179139793	0.64191115716555025	3.6093815410936769	3.6093815410936769
3.6542548809370476	1.5659861913414417	7.609133526255361	7.609133526255361
4.8973915820058878	2.6595125004753122	68.386454980652601	68.386454980652601
3.2534961847684873	1.4417071974188278	5.4784678541292919	5.4784678541292919
6.6528505491550662	0.50498399876627109	2.6037887931476571	2.6037887931476571
5.6029844414458623	0.91990899271310234	4.8806509756162617	4.8806509756162617
9.757333531746049	4.3750226853072647	21298.363118920115	21298.363118920115
4.4068795119663902	2.0169666401399855	19.915494538892897	19.915494538892897
3.7298505675947173	2.058957317244444	15.034474693692445	15.034474693692445
4.8730010111492241	2.8933207260821403	97.727293883311262	97.727293883311262
8.9168853346339123	2.6422342729304527	324.10507828742271	324.10507828742271
3.9772177922409027	2.6136693257848842	36.906445267669341	36.906445267669341
5.5958468996867827	4.3971454269988728	1943.0088884931017	1943.0088884931017
6.4318437490780731	2.8404954792295989	197.73033037824291	197.73033037824291
8.1994740481022692	2.6764072177939191	279.03805382504328	279.03805382504328
2.9133356240832846	1.2650873550726682	3.8680722181874896	3.8680722181874896
5.4319809610866612	4.9341139459535333	4230.2661988424643	4230.2661988424643
3.8497006829921276	4.9863364517592963	830.11031601141212	830.11031601141212
0.7923140303048376	3.2211757545097592	0.47242251116835199	0.47242251116835199
9.522782845113122	1.6081523151248747	37.497421192443241	37.497421192443241
5.8974316925739814	2.5213054907294308	87.715561950522101	87.715561950522101
0.44292042023168565	4.5316273925952917	0.024962028170904194	0.024962028170904194
0.31364524346806361	0.35279800440355535	0.66426990999754931	0.66426990999754931
4.1360978525247134	3.6042414901730355	166.8561279643059	166.8561279643059
5.7902727715429787	4.9813266797843134	6298.7300082688416	6298.7300082688416
3.1184215532397013	3.5644962639150264	57.627374393506457	57.627374393506457
3.5500107104901977	1.0714259814104443	3.8862466174126324	3.8862466174126324
2.0855184376039473	2.4660614123482483	6.1263444455679732	6.1263444455679732
2.7952229828206514	3.487493102314227	36.04743104798694	36.04743104798694
1.2669922431961802	2.5369664752837395	1.8227792708446016	1.8227792708446016
0.57246407012908784	4.0261597261786148	0.10584142934077213	0.10584142934077213
8.8961140412627167	2.1046934299140263	99.489150502956775	99.489150502956775
0.19465844902571319	0.047168856311053518	0.92571186985307896	0.92571186985307896
0.52727853092090049	0.37048603672237174	0.78889596373685522	0.78889596373685522
2.9673207378105682	3.0273522801032371	26.91619842070828	26.91619842070828
7.3587256830622501	3.6102882562474981	1347.1231414903284	1347.1231414903284
4.8277656102276092	4.0456588971748024	583.71896468243381	583.71896468243381
3.7394140710365766	0.2720914610874452	1.4317096657894031	1.4317096657894031
7.5159378644966228	2.1296016563448661	73.366066193354442	73.366066193354442
0.57927361168210867	1.6335039164821621	0.40989221398289943	0.40989221398289943
6.1686856663576837	0.52329192040179739	2.5912029203662064	2.5912029203662064
4.699787396888599	3.2082197789225901	143.2763844712573	143.2763844712573
9.9473144616146705	1.0596080268771637	11.40714926320692	11.40714926320692
9.5797913605375768	2.5024574454658186	285.62864232006592	285.62864232006592
5.8775656437066912	2.6735822744110642	113.89712719910018	113.89712719910018
0.27732282237064498	1.935425856697097	0.083548748690931013	0.083548748690931013
0.0041600386839826088	3.7715708062696303	1.0477487342019894e-09	1.0477487342019894e-09
2.1525392118226989	4.3594099425233832	28.279401354051888	28.279401354051888
6.5451474905162987	0.021884398654002206	1.0419716581939713	1.0419716581939713
1.7449168113037978	1.828360725031033	2.7672692351113284	2.7672692351113284
6.3006157263785312	0.61530689732226085	3.1036008998403339	3.1036008998403339
0.18004679861031486	0.8369788524054621	0.2381076395121732	0.2381076395121732
2.2056445348673139	2.7421897236388313	8.7506351880393343	8.7506351880393343
3.6758293599735241	1.2613101096786494	5.1652150620596045	5.1652150620596045
2.6765867479762546	1.0705492862003219	2.8691078951841957	2.8691078951841957
4.2120532895759508	2.9686663512153322	71.435468959257008	71.435468959257008
9.0778607228975154	2.6681153953929249	359.75808738615677	359.75808738615677
9.9365484481927755	3.7137202443396324	5051.8897800124687	5051.8897800124687
1.215850992507798	0.35323817529857943	1.0714773162762186	1.0714773162762186
1.1216606021006794	2.5309092948431111	1.3371953171635156	1.3371953171635156
8.344570398252122	1.463430943795436	22.305455700861749	22.305455700861749
3.7305173389718411	0.97567352156905973	3.6129332265077769	3.6129332265077769
1.9227805608295603	2.5682946208402528	5.3606219428794892	5.3606219428794892
8.2641554326790896	2.8878074591902365	445.3409209833589	445.3409209833589
2.4516220867694698	0.2169795990603843	1.2147963259670369	1.2147963259670369
4.2508585044129887	4.1398676376728458	399.76994529982841	399.76994529982841
9.2872257637688787	3.1269871153389026	1063.0827236283901	1063.0827236283901
6.3396883292065089	4.3771952219402168	3241.9612023958898	3241.9612023958898
0.084619085131781499	2.19895898196238	0.004380733573341994	0.004380733573341994
0.049245242120462211	0.15491108000130069	0.62723854383431021	0.62723854383431021
0.081311807044095102	1.5606587162222469	0.019912314198530373	0.019912314198530373
4.9810406948471586	2.6757395323877846	73.425503164127008	73.425503164127008
0.039640544976281063	3.1889203782387154	3.3851573121589295e-05	3.3851573121589295e-05
8.9545877477222255	0.79737864325621888	5.7430265773204843	5.7430265773204843
3.3406514533272862	3.9219547602623575	113.35537936524771	113.35537936524771
0.35112579519461429	2.4429084363095077	0.077554514340731628	0.077554514340731628
2.7493453963006913	1.8645706735430938	6.5913455106597585	6.5913455106597585
6.0261464478160516	1.311745530905176	10.549055237845982	10.549055237845982
2.176355192872244	3.0682955012231168	10.870630958409823	10.870630958409823
3.8194540846117424	4.0493886063683027	227.37850514301041	227.37850514301041
3.0386531721267813	4.6045306499189724	166.92449519461545	166.92449519461545
2.658781563617409	2.7369272739279622	14.532005421870018	14.532005421870018
6.4302158328537278	1.345056201898436	12.221057547811817	12.221057547811817
6.9078771645404515	4.0879019758459041	2698.7240216692162	2698.7240216692162
1.1889039308565719	1.5684630508392088	1.3117918280505392	1.3117918280505392
6.2028161490158311	1.3073978418836307	10.869987107824416	10.869987107824416
9.8019071973637839	0.099162223020869827	1.2540087344102862	1.2540087344102862
2.7505861410504191	0.8384775404886281	2.3358674949030487	2.3358674949030487
6.6940533555705652	3.7933442702926086	1355.5741566032768	1355.5741566032768
9.0154364731026675	3.1592206225641046	1039.9533506847069	1039.9533506847069
6.8447523477308643	1.7599774506793551	29.526419421496513	29.526419421496513
3.6741509819336207	2.5758077129876416	28.558523913072705	28.558523913072705
1.7225150923889831	2.5804738369854263	4.0682959203081719	4.0682959203081719
9.7833361354822337	1.3843475684943742	23.505973154400941	23.505973154400941
9.0650737588990857	0.80410586339012946	5.8861037070009088	5.8861037070009088
8.0788266130296922	2.9639957430414245	489.07612371444839	489.07612371444839
5.3954858930193144	2.8131543118557394	114.63439153552264	114.63439153552264
6.6870649362854486	0.79178954767950249	4.5020765522753807	4.5020765522753807
4.9421355360252495	1.7813224708353332	17.222086321457532	17.222086321457532
2.5259769942775017	3.7656208240104498	32.76396809239057	32.76396809239057
9.2613732089332661	0.40720243399442002	2.4753269478833264	2.4753269478833264
1.4391606311005956	4.606186451148881	5.3491007524466712	5.3491007524466712
9.2108123198568297	3.3536044265953437	1713.4593955907492	1713.4593955907492
9.8695762466147041	3.7991845933726975	5991.3344986190577	5991.3344986190577
4.3178900342604196	1.205080565947749	5.8284547948001251	5.8284547948001251
2.8170428923167377	2.6247232072088327	15.155955863853219	15.155955863853219
2.855440533699769	1.6521180752798081	5.6601220782918462	5.6601220782918462
0.60308348509838183	2.3277922059810132	0.30815151479645331	0.30815151479645331
1.9018871112970916	4.2490653262807969	15.355861219063266	15.355861219063266
9.3119813550391886	1.1882769946093699	14.173934828459497	14.173934828459497
4.3883693827745214	0.61794131808777708	2.4940529608228936	2.4940529608228936
3.3556724451120195	0.15984894810064817	1.2135154497443574	1.2135154497443574
2.9870151059521599	0.33770142567511408	1.4470660478731747	1.4470660478731747
5.3614205286376109	0.86092798016201111	4.2448021044813675	4.2448021044813675
7.2073411859491827	2.4009049484492153	114.66646861930792	114.66646861930792
3.6205788612065226	3.3466668590225579	74.138509819071544	74.138509819071544
6.7531815769861181	2.6114234316938632	146.62152866467733	146.62152866467733
5.4139586521783993	1.5021571331996284	12.643132557939856	12.643132557939856
4.8799440831350784	2.7344554243504722	76.285098078598224	76.285098078598224
9.7887662350073459	4.8083079115178382	58039.688792695451	58039.688792695451
4.0247427123361756	1.1934956579407172	5.2692927006827652	5.2692927006827652
0.42406398259595185	4.9085210846277203	0.014833345452311875	0.014833345452311875
6.3201046496290889	2.7055749676403269	146.69642814146991	146.69642814146991
6.080841400900824	2.9888990093314618	220.38815831904279	220.38815831904279
3.0499274018160456	4.5940193661806461	167.81676708077592	167.81676708077592
2.5001741942932414	1.6063836781969278	4.3580573729762433	4.3580573729762433
1.5311661276266906	0.40399719356337782	1.1878141518443419	1.1878141518443419
2.3141790162276026	1.8690240859941332	4.798071095694401	4.798071095694401
0.053311141984472003	3.8421715813670421	1.2829692480737849e-05	1.2829692480737849e-05
1.429353742255342	0.31593933547808511	1.1194758805461513	1.1194758805461513
3.1885516685323489	4.4897099246134173	182.38476175191903	182.38476175191903
1.0316233250684657	3.582601086096517	1.1179976673912779	1.1179976673912779
7.7884688187642093	2.6195577550314204	216.37656593092365	216.37656593092365
8.020679750064863	0.39839336058479125	2.2920903311319241	2.2920903311319241
6.2020420880178753	1.6994130094881252	22.225103653816291	22.225103653816291
1.7664201696303841	2.7153539682663097	4.6875694391858955	4.6875694391858955
2.7137424002210055	3.4272049734499426	30.614595920250078	30.614595920250078
4.1634890920894581	0.30388275488887279	1.5425612971779525	1.5425612971779525
2.40392942965252	3.2621982845833823	17.484054953074057	17.484054953074057
9.4995275363021054	3.7504496739492863	4643.2510918647104	4643.2510918647104
8.5780970693390071	2.7948258068406844	406.13005765454955	406.13005765454955
9.4925002877102003	2.5694035525216914	324.55270606850939	324.55270606850939
5.0033978141998965	1.954026501364547	23.247829341286309	23.247829341286309
1.2154346504028193	1.6785766843437413	1.3874856833102525	1.3874856833102525
4.5364101711833875	0.63525232313610114	2.6132323394466672	2.6132323394466672
3.2571435599812966	0.53624987083900377	1.8836869184383331	1.8836869184383331
8.0993640359753893	1.6531509229394936	31.754587513420404	31.754587513420404
7.8629154894221633	4.799672579594839	19884.198298117459	19884.198298117459
5.8759589276499451	3.9190356623260607	1032.8733074363611	1032.8733074363611
1.9771836826450553	2.6086163268884444	5.9193372427073578	5.9193372427073578
3.4379641344845409	1.8700252469019216	10.066930004850303	10.066930004850303
0.63037912291693587	2.0711468067621039	0.38454392322080749	0.38454392322080749
9.0828759944043984	4.8272242649531885	42223.980766917208	42223.980766917208
3.7200825866175471	2.8750625052645478	43.689224321682289	43.689224321682289
8.9703776825865322	0.042349371193376034	1.0973645724342487	1.0973645724342487
8.6787268813415288	0.08107825681703372	1.1914844487586549	1.1914844487586549
5.1289782963903532	1.5121420839310229	11.848613860439158	11.848613860439158
2.2099381478367732	1.3447134929824696	2.9046418634550486	2.9046418634550486
0.52647221059613825	3.7519867695957601	0.090075023303435683	0.090075023303435683
0.47690318296542855	0.1252571967407668	0.91142528123117073	0.91142528123117073
2.5833858403825571	1.7990473664411222	5.5150319075969749	5.5150319075969749
6.9378315452965023	2.8025450036648856	227.80718603145507	227.80718603145507
7.8303919844029712	3.1170880909995424	610.94471666640902	610.94471666640902
8.7849545936043718	1.8077360335056345	50.819681462824818	50.819681462824818
3.8767541623443771	3.8068880916435024	173.87326857800468	173.87326857800468
7.4281749361453127	0.94966238450878215	6.7149687134253826	6.7149687134253826
4.1760927451508607	4.2112359748933068	411.34812814473321	411.34812814473321
4.0844756673357665	2.5420637275579638	35.772348599161319	35.772348599161319
6.7819720763696614	2.7156001921461899	180.97996756363551	180.97996756363551
0.75239561055971049	3.5792686432642218	0.36121680625597008	0.36121680625597008
9.0521760172102201	2.9088750416603886	606.84097011779295	606.84097011779295
4.4608943428612697	3.1035695783874209	103.6397047895331	103.6397047895331
8.4444208450182128	1.208256688870867	13.168437355813339	13.168437355813339
4.8562205409728989	1.2127930833001086	6.7973237361625927	6.7973237361625927
0.34568028525662198	1.6259373121096699	0.17779266431607699	0.17779266431607699
2.7357437268783498	3.3884845088379216	30.270755686133278	30.270755686133278
5.3255094968220504	1.4971766135212883	12.231816210279156	12.231816210279156
0.86319617169359875	4.6695792336399391	0.50310458351864007	0.50310458351864007
7.406324324253946	4.7591075907942866	13757.291327734521	13757.291327734521
8.7535540659794258	2.6688993985140246	327.03589874530599	327.03589874530599
7.7407215721596865	4.0648085636043323	4099.457939406796	4099.457939406796
2.9857735958668963	3.3539600323263725	39.203222326222971	39.203222326222971
2.1481821239208507	0.35233262189825726	1.3091803576153414	1.3091803576153414
3.1512145119373418	3.2567846115777805	42.017999811785877	42.017999811785877
3.1333631109557345	0.54635945290265819	1.8663803311089264	1.8663803311089264
6.6172274507666975	3.5571250327750459	830.32357038647945	830.32357038647945
6.8034557114858636	4.9918108367179981	14349.225203167378	14349.225203167378
4.4370793496115599	0.86267004138648962	3.6160245000769682	3.6160245000769682
6.4974218805584885	0.15104697212555468	1.3266674605414153	1.3266674605414153
3.6414294476299887	3.1850272036643941	61.329054601262612	61.329054601262612
6.1909175910816501	2.0750590185239108	43.947927665155547	43.947927665155547
2.785453881535449	1.4213944702060997	4.2891642235356162	4.2891642235356162
4.8678591653511285	3.8777095659739174	462.69750406428028	462.69750406428028
2.6384071617264242	2.5677271739383665	12.075102707526442	12.075102707526442
5.1162913426777648	2.5883599158613402	68.396108929174133	68.396108929174133
5.8992382174656193	4.6031590844048029	3532.6149689225294	3532.6149689225294
3.4197297268911138	4.6456322896011795	302.50285115731384	302.50285115731384
5.9424266686456289	0.40427907477816249	2.0554048716924873	2.0554048716924873
4.8421303789503103	4.2706729545132163	842.49389779719218	842.49389779719218
0.62138140253096374	3.7930565416047504	0.16451146211880027	0.16451146211880027
3.2063387114630384	1.7915041403343608	8.0633949516683945	8.0633949516683945
1.3954503563110585	2.375476876023018	2.2068137904852239	2.2068137904852239
2.7826870717533279	4.2907596757761794	80.740195648144478	80.740195648144478
8.67336700269734	0.70261308464030847	4.5622908693517168	4.5622908693517168
0.14119942050809295	0.12448674757784058	0.78372818346254547	0.78372818346254547
6.181793619002903	3.3543859397874765	450.50888643864795	450.50888643864795
4.0157839495336933	2.3510622041060731	26.272513589775766	26.272513589775766
0.93146620977170835	0.11188190510790297	0.9920883663794644	0.9920883663794644
9.4396379797757906	0.86408919269393425	6.9574224103883466	6.9574224103883466
0.97981328876607388	1.9713291049548241	0.96059556984500305	0.96059556984500305
7.6999601741832002	1.766179947702575	36.787322135952735	36.787322135952735
6.1233582394593817	0.30552373051169879	1.7395784511693639	1.7395784511693639
7.1181914265086697	0.50821451470103263	2.7113565660451844	2.7113565660451844
9.6866372038097239	1.0730140168766968	11.433455054361469	11.433455054361469
1.478279397339604	2.1820466999367709	2.346478954883588	2.346478954883588
9.7573296795374063	1.4135720624430514	25.031716563459547	25.031716563459547
8.7693290415650491	1.0605173032282003	10.000740249130446	10.000740249130446
2.7136834663541061	4.5494790550693018	93.857384531186582	93.857384531186582
9.4262362699063722	3.0760756921841055	993.43264197750966	993.43264197750966
4.8177510207027545	4.4536298752902024	1099.35006554866	1099.35006554866
3.795595281013417	0.53782487604343288	2.0490433161167658	2.0490433161167658
4.1344954320616472	3.6606542573817551	180.51350925777908	180.51350925777908
6.6891173861946394	2.2937691474735207	78.199779520262467	78.199779520262467
3.2026473913174627	4.1877407042368828	130.90045095134283	130.90045095134283
7.3855950429000288	3.6064952730798074	1354.6533322225589	1354.6533322225589
2.757623073370878	4.3646740024841799	83.712679580445624	83.712679580445624
2.4492634484450653	0.26925994968235734	1.2727751267875245	1.2727751267875245
9.4396834927542823	2.9661529229830674	779.60181110418102	779.60181110418102
1.809940404111515	0.89973285037145578	1.7054108146093085	1.7054108146093085
6.6428068758366177	3.5415480407451034	817.33066203516273	817.33066203516273
6.2391479318382466	0.514451605439601	2.5647998426088421	2.5647998426088421
1.6949376306092601	2.8181669533486438	4.4237792407560548	4.4237792407560548
1.6112132282620573	2.4934554034410121	3.2849352548358111	3.2849352548358111
6.2580687991175701	1.8494276441479256	29.713839239387216	29.713839239387216
0.89550730815304358	2.1529126775552028	0.78851331603357167	0.78851331603357167
8.382929696118115	3.3569515687848539	1258.331474757761	1258.331474757761
0.86918861087678079	0.70609318371476004	0.90575101527843449	0.90575101527843449
1.2321221547267958	4.5182156788604031	2.5679896552973616	2.5679896552973616
6.7758118799070113	0.31975775538864737	1.8437682534042052	1.8437682534042052
2.9167213371823282	1.3271405442249389	4.1398148872386766	4.1398148872386766
8.0677195009387788	0.76720382435241841	4.9620675710752051	4.9620675710752051
1.6281893582478837	2.8542981471940805	4.020396977023208	4.020396977023208
0.13919307465388847	4.6364190616152676	0.0001070169198586334	0.0001070169198586334
6.2183683490440034	3.1558473171658736	319.68457153901386	319.68457153901386
1.9752667374518644	3.2897108821919363	9.3869228491334376	9.3869228491334376
5.8695650201511924	2.6471108565723283	108.2891811331248	108.2891811331248
4.2634904962078659	4.111691123726632	388.50838004062922	388.50838004062922
7.2072270731900909	2.5432121769032037	151.87508872885073	151.87508872885073
6.7813739002831568	1.2545934070882405	11.039914085193899	11.039914085193899
4.0619132703230045	3.3944979614786002	116.50241752115659	116.50241752115659
4.3693268300940433	2.4934626816900405	39.522984800198394	39.522984800198394
4.6148819276694839	4.3923863843878426	826.51349744181096	826.51349744181096
4.2532246920725063	3.0393702063697017	81.453124782341234	81.453124782341234
9.5408771555471059	2.9017303790129754	695.8267826353665	695.8267826353665
2.132416360080069	2.6111200767571163	7.2231111362390701	7.2231111362390701
2.2945426332690571	0.89657709911547623	2.1056776678842155	2.1056776678842155
5.6150652469051154	4.0807839995132102	1142.7602011971576	1142.7602011971576
3.3354523174914275	2.4818120742223835	19.87795676853921	19.87795676853921
9.7361862442562277	3.1152031852331303	1199.5881452965268	1199.5881452965268
6.2317570306702628	3.6611509309634958	811.31408736818878	811.31408736818878
2.5461252627568913	1.5985937280329354	4.4548885982873223	4.4548885982873223
4.4801241234767986	1.2874747295086808	6.8947651276899053	6.8947651276899053
2.5771580167680055	3.9781509672769459	43.209690660605929	43.209690660605929
0.46413217470903828	3.178996414948831	0.087147529960960868	0.087147529960960868
9.3267179480910229	2.21077566218118	139.26850889767249	139.26850889767249
3.0983112853664192	1.1792397241291268	3.7944965927040228	3.7944965927040228
5.7294459348651019	3.1584489795591169	248.00477849347536	248.00477849347536
8.6817657258031442	4.9259465948473053	42027.464386396321	42027.464386396321
2.5034761824297282	1.1903438435508567	2.9812868103992902	2.9812868103992902
0.3714383975009084	2.6301670523887011	0.073914632954997408	0.073914632954997408
4.4502806124823806	4.1239601435046627	471.98019985909156	471.98019985909156
3.7920544236384428	0.73044738331006209	2.6475087789319565	2.6475087789319565
2.6734373888457341	0.91465735323009556	2.4582312305125895	2.4582312305125895
0.75076224738677644	0.044720779984582501	0.98726188669022175	0.98726188669022175
0.59252180849756686	0.68350338001493505	0.69926637939073488	0.69926637939073488
8.9866223807818795	0.81741608828249723	6.0184563499987078	6.0184563499987078
9.8085433641399007	1.1526324843437359	13.898104643286505	13.898104643286505
9.8770888510007921	0.8778484844211627	7.4667829236527812	7.4667829236527812
4.520937955316195	0.58493960155686664	2.4169581196384162	2.4169581196384162
1.6500687906908704	2.0928609453825189	2.8523416680056175	2.8523416680056175
0.84742187209325448	1.9426506584488066	0.72497457271612753	0.72497457271612753
1.4432786525580523	2.8842846966807261	2.8814514653428458	2.8814514653428458
4.5228975444535759	0.34444011642163752	1.6817127687133404	1.6817127687133404
3.5834901021878189	4.7203841736564307	413.55974374455485	413.55974374455485
2.3802955137831767	2.3079744196342715	7.4003870117686716	7.4003870117686716
7.3268795300024436	3.0921856291639322	472.59623713107715	472.59623713107715
8.2830847976295381	1.4550886258131506	21.679581374163458	21.679581374163458
1.0469160463799072	4.5127944377412943	1.2298669044309012	1.2298669044309012
9.8774724608485052	0.57938897718562987	3.7695267420473146	3.7695267420473146
1.5058551626833649	2.3666398446628367	2.6348070092600331	2.6348070092600331
2.7881792614053973	0.3921413814022312	1.4949568984026282	1.4949568984026282
4.2681590814543995	1.7722479628921288	13.090089496827558	13.090089496827558
3.9884690244967529	0.12280072630468591	1.1851667004081232	1.1851667004081232
3.6412859948463279	2.7087444897181112	33.135674986202403	33.135674986202403
8.8561788818702567	0.3647360890266953	2.2156182818793861	2.2156182818793861
6.8035280236871305	3.6534885698165804	1102.5157465846089	1102.5157465846089
8.975825448261558	1.1018438567648159	11.223780657467367	11.223780657467367
5.4933344095755174	1.1974147360501355	7.6893667224385309	7.6893667224385309
5.0567851574152787	0.2871658925966355	1.5926808190804673	1.5926808190804673
0.88777972573180142	2.57723529322781	0.73581797989999265	0.73581797989999265
8.0018073460223853	0.62439386564207666	3.6639125846480205	3.6639125846480205
3.5949929997681891	2.3619481110550531	20.536666818295306	20.536666818295306
2.7359165232915594	2.5209537951662968	12.644919508902783	12.644919508902783
7.8130290212449882	2.4856050527170366	165.65193182827949	165.65193182827949
0.2221801986409852	1.8443561099180159	0.062386701173763263	0.062386701173763263
9.5815862431640042	4.6549995314328623	37033.153703441771	37033.153703441771
6.7061661489087356	2.8240083033079557	215.75969096031307	215.75969096031307
1.6528781227064622	1.0157653958139541	1.6660248867638729	1.6660248867638729
2.5706886804302229	0.070008468830892442	1.0683337206976216	1.0683337206976216
8.3921413292597631	0.66677160548252912	4.1305905090911947	4.1305905090911947
0.16556536374429121	3.9219595705584034	0.00086462921724095873	0.00086462921724095873
1.8663403600518675	2.3239055962700985	4.2634104753160456	4.2634104753160456
0.24421872477768117	3.9217964592322963	0.003971857784580095	0.003971857784580095
5.180462410290378	2.4966029072868241	60.742762735432052	60.742762735432052
9.7406074811868812	3.2094446609199649	1488.7171694248309	1488.7171694248309
2.1102427210831816	3.7623778724903776	16.605849064729675	16.605849064729675
6.5168226517352199	4.2514973328945596	2889.8244920908187	2889.8244920908187
1.7663234100917513	4.4018748732870217	12.234105323991042	12.234105323991042
1.2338949759956777	4.9752956367810652	2.8453520596059017	2.8453520596059017
1.326600932323214	0.62800889673570559	1.194213562928953	1.194213562928953
7.1036758275970922	3.9742428790671012	2421.0334152971718	2421.0334152971718
4.7904939928142527	2.7930041822136125	79.488632054034142	79.488632054034142
2.0215003640517368	0.2299749603725868	1.1757021855821275	1.1757021855821275
0.8760334999802728	3.9069435618981512	0.59625450606069741	0.59625450606069741
8.8192052432490886	2.7992818672952007	443.12220733593159	443.12220733593159
1.1205587922128288	1.6085598363421152	1.200932473911027	1.200932473911027
7.3461776343036256	2.8922581051296374	319.79611076553221	319.79611076553221
7.655562704644967	0.35624093536164464	2.0649466484244372	2.0649466484244372
3.9592465519518578	3.0440073416516884	65.938183842847181	65.938183842847181
3.9094595045929332	2.323409948618238	23.753623881594024	23.753623881594024
4.8734283541545418	1.1910675418026615	6.5956476852279806	6.5956476852279806
7.6055038207385888	0.61923109180362679	3.5125445936522839	3.5125445936522839
4.3907976386903531	3.154528466240671	106.3950726418726	106.3950726418726
3.1428222018327427	2.5547846650866219	18.64425484265562	18.64425484265562
5.542684203942799	0.055563112718887323	1.099824539977261	1.099824539977261
2.1745167625319457	0.0080486096375256937	1.0062717978485602	1.0062717978485602
6.4697302603283848	0.033010340516625561	1.0635737958805651	1.0635737958805651
4.3983121778237644	3.0663447465149063	93.872158194258901	93.872158194258901
3.6353498098275021	1.7068637068715045	9.0526551494294569	9.0526551494294569
7.2024456007565725	2.2663926527272511	87.778133515878096	87.778133515878096
2.0187752315874001	4.7718237896594653	28.564460263843241	28.564460263843241
7.162635865710687	1.9073504868146092	42.748773668498458	42.748773668498458
2.9536534111649839	1.4516864656956117	4.8174206262610619	4.8174206262610619
9.7974353430371206	3.9890863016103895	8987.3762289327315	8987.3762289327315
7.2842632769871605	0.21549428579065388	1.5340488036832205	1.5340488036832205
8.0742761596996875	0.47346279234860011	2.6883128196335893	2.6883128196335893
1.119786829400693	1.7231023308926487	1.2152489233468582	1.2152489233468582
5.5772438415765677	1.241041265497044	8.4399051405763714	8.4399051405763714
3.01689009825244	3.604615064542434	53.533712304760179	53.533712304760179
9.1702928101844954	2.5833634943706145	306.32725156095995	306.32725156095995
5.1749047675592923	1.3099328178344247	8.6131920863390086	8.6131920863390086
1.103734307626473	2.1159957748797749	1.2322567047366844	1.2322567047366844
6.7254841730366968	1.3140656946322582	12.237230156528362	12.237230156528362
0.91837757681732879	1.5135966641653629	0.87908145791698578	0.87908145791698578
5.4806700041583891	3.5381224944705227	411.22922335136656	411.22922335136656
9.3583312389316795	1.9478527632617979	77.938404768431013	77.938404768431013
7.2378505786209848	1.9810160205644611	50.454559048725251	50.454559048725251
6.6975534796159621	1.2479423391763076	10.732373598846545	10.732373598846545
6.5878726820875411	4.0186613287389985	1951.0107516491821	1951.0107516491821
7.3367869251214666	3.1842069214440389	570.09849954078879	570.09849954078879
7.734793681098699	3.1000610559302046	567.8652846332177	567.8652846332177
7.8914666625247083	4.8355902368301891	21791.500804784704	21791.500804784704
5.4554192847352132	1.5917437032995054	14.888177696619902	14.888177696619902
0.10813133605349816	4.7944712921688444	2.3351163849468678e-05	2.3351163849468678e-05
3.6191244161913882	1.56985960309123	7.5323256807407439	7.5323256807407439
8.9945460033245688	0.16217963928944271	1.4279598950122361	1.4279598950122361
8.2167118746622485	0.41135230602361561	2.378280941429356	2.378280941429356
0.4903932439410964	3.8561902626151694	0.064073822046307918	0.064073822046307918
2.7955556511048196	3.3599640209359953	31.631289298013701	31.631289298013701
3.3128898386400669	1.8378116656637977	9.0373787499012987	9.0373787499012987
8.9034726633227521	1.3559928538811756	19.390803298959483	19.390803298959483
5.7178015325755354	0.56772636503591456	2.6909083804118259	2.6909083804118259
3.3691644905994216	4.2220261897660585	168.73788703952138	168.73788703952138
5.1115765493173839	3.9824081983186814	663.36830778583862	663.36830778583862
8.5602506671256169	4.5930595250523272	19185.181798522281	19185.181798522281
9.208116177030746	2.1816467922945622	126.90540264578597	126.90540264578597
2.4679471720177544	0.93396491627572331	2.3250266102044161	2.3250266102044161
7.8508662333323445	2.5475806834664678	190.49111956844635	190.49111956844635
0.28347104315120958	4.5492411458134967	0.0032309486787670825	0.0032309486787670825
2.9328008211850136	3.644282760563744	50.45565068949665	50.45565068949665
8.4007848614686367	1.841985847154699	50.417824899169247	50.417824899169247
6.9590947867122068	2.0558683687515571	53.973123443478414	53.973123443478414
8.466729468039043	2.2466059094003952	121.39800121499411	121.39800121499411
1.0733902367271226	0.77504406091222788	1.0564246513519533	1.0564246513519533
2.3403682896771647	2.2926464832660618	7.0248674508688467	7.0248674508688467
6.1595025770935319	1.9796864951036606	36.563927848453687	36.563927848453687
0.65963034827375133	1.7880563049444707	0.47522507665175628	0.47522507665175628
1.6217984307596534	1.0301895519402202	1.6456466402282988	1.6456466402282988
7.9116671282957718	0.3379964989629618	2.011923398102613	2.011923398102613
2.8249769438213947	2.6858250182829524	16.268485426389127	16.268485426389127
3.0587652492882822	4.6760732185366436	186.40147162562153	186.40147162562153
7.2205882433109601	4.6192616481406006	9246.3726064585935	9246.3726064585935
3.402680293916613	0.46742428284794252	1.7724994853164375	1.7724994853164375
1.4934341871627999	4.3303120559422448	5.67910790356673	5.67910790356673
9.1610559971326602	1.9706896068721727	78.649519498123382	78.649519498123382
9.0814765767017409	2.745400183404735	427.0934790606791	427.0934790606791
3.8184260868956192	1.2130875119365989	5.0801517453752023	5.0801517453752023
8.6507102245246283	4.5401977891925398	17963.888461361388	17963.888461361388
7.4799382476837071	2.4575131408652133	140.48043695384209	140.48043695384209
3.8470565681894735	0.73722717291896045	2.7000554499471283	2.7000554499471283
9.9860494228630028	3.2277374067198306	1681.8236893853921	1681.8236893853921
9.2452224517209842	4.0503294404419767	8171.1567479739942	8171.1567479739942
8.5222726742924007	0.50469810610084065	2.9488288096836346	2.9488288096836346
8.5955561692740261	3.9008568793502163	4410.309749808107	4410.309749808107
6.522243261695988	1.4667395878256697	15.649782621346999	15.649782621346999
4.8484158700149171	2.8493973093662883	89.855860614392583	89.855860614392583
8.9830151360047132	3.542663017984518	2385.9059796243828	2385.9059796243828
2.062157317233166	2.1803869869726915	4.8455507703744676	4.8455507703744676
7.6585615324891601	1.9898582500177726	57.454971314703833	57.454971314703833
3.0075002515017122	4.9811802502448419	241.00644162615882	241.00644162615882
4.7972532243090669	2.6789324891656503	66.731873421785721	66.731873421785721
6.6024961577698571	4.8023968648750799	8640.9975897645327	8640.9975897645327
4.0946150071669134	1.0919985416890867	4.66160835885049	4.66160835885049
1.2444941354192105	3.6356214660381116	2.2149200804504501	2.2149200804504501
1.2548562962076615	4.5497397717692687	2.8091634947413611	2.8091634947413611
8.7693586691746965	0.21274033151825258	1.587110955304752	1.587110955304752
9.7360500892959898	3.3287117887959194	1950.0308259617564	1950.0308259617564
6.3712881008870532	3.4462157094451946	590.93615396540395	590.93615396540395
5.1508424181698658	1.3576133903485308	9.2566845246804839	9.2566845246804839
3.3914980674008772	2.6132285588978017	24.323967158961878	24.323967158961878
1.0129121234571716	1.9133975161955434	1.0248516610488581	1.0248516610488581
4.7091506434988579	3.0063441573444676	105.46224311286525	105.46224311286525
3.5157549318337118	1.9017004966498743	10.923550798177194	10.923550798177194
2.3183974955791546	2.4613131286744134	7.9221264507046305	7.9221264507046305
5.9767075191132886	1.3498937146020578	11.172263703600805	11.172263703600805
9.6965958867513518	3.2387455051070213	1568.2265838600431	1568.2265838600431
1.3673706099857861	1.08353869915413	1.4035826812217951	1.4035826812217951
2.5711697436861565	1.7364948953304951	5.1545404471989205	5.1545404471989205
3.3380033122513293	0.21454194509036129	1.2951195776353068	1.2951195776353068
5.5314220739431983	1.6268172939539107	16.160684447799675	16.160684447799675
0.89791802253582076	2.8235506536197001	0.73783868474214087	0.73783868474214087
8.9638242069363887	2.2435984208145912	137.09213276762026	137.09213276762026
3.1490031008419224	4.2945840947528708	137.86252275095273	137.86252275095273
0.39113862395214549	1.1518753281179559	0.33916872232777273	0.33916872232777273
4.4388894931314917	3.5055586766942417	185.80532461878295	185.80532461878295
8.9529001948186622	1.6750003752404805	39.313311442223792	39.313311442223792
8.7193337248628033	0.047396897518978402	1.1080924366875666	1.1080924366875666
4.7480608964760744	3.2709084110082172	163.23857378449281	163.23857378449281
0.47357311172459249	2.0247431250662635	0.22016188421490782	0.22016188421490782
8.9629562773765041	4.9299755938949543	49609.123541625158	49609.123541625158
8.3102333701038074	0.33729806926226535	2.0426020505136071	2.0426020505136071
1.7255521872543249	1.3611611603528719	2.10134482851982	2.10134482851982
4.1863901076673038	1.3352496799950355	6.7656769085036199	6.7656769085036199
8.9509071675962577	4.1350801116863671	8630.7099108548864	8630.7099108548864
0.47832539059343981	0.24752258380032355	0.83315214554060468	0.83315214554060468
3.017361682017512	0.079173650485300423	1.0913746195237108	1.0913746195237108
8.9457688179710644	2.3501604789987045	172.36704676440121	172.36704676440121
8.4512143623135696	3.3190899594971404	1192.6909844613908	1192.6909844613908
0.27863416825287324	3.2142190148093857	0.016452008510022344	0.016452008510022344
2.7172291268787516	2.2774806929842031	9.7434818031152712	9.7434818031152712
9.9848206508620159	0.4177928661487163	2.6152742333375048	2.6152742333375048
3.1743555359366833	1.929411421875006	9.2875246893724306	9.2875246893724306
7.4702550466187816	2.6034674052023314	187.80204832682247	187.80204832682247
2.7268192685408064	1.9999998631306435	7.4355423023961338	7.4355423023961338
9.7926717285075107	2.5478000989931933	334.67106514737259	334.67106514737259
9.6308484692987228	1.0940514470116365	11.917348072285435	11.917348072285435
1.3811930022590782	0.28066693510899804	1.0948755663056386	1.0948755663056386
0.17656201168309366	2.06714361803165	0.027747796106310535	0.027747796106310535
8.973005481017001	3.0334486913456504	777.47838862900289	777.47838862900289
4.4189144342191087	2.2556161074848005	28.548562428924974	28.548562428924974
1.7722184254439968	0.39810449711780072	1.2558444014689982	1.2558444014689982
7.9888692144039011	0.98241072147378272	7.7021371173099427	7.7021371173099427
5.0092804880044923	0.13157018042002289	1.2361454341136013	1.2361454341136013
6.5742991341630619	0.95510867918174747	6.0413655994486524	6.0413655994486524
4.3812340827460714	2.323152324410966	30.940426899799586	30.940426899799586
0.8553494782930986	0.94240238584291847	0.86308180641534227	0.86308180641534227
0.98491549725917127	0.21904506348387776	0.9966761758297803	0.9966761758297803
0.079374872108841851	1.4800550492566391	0.023521787676860681	0.023521787676860681
2.6390827425619756	4.3515243268288311	68.228058251307289	68.228058251307289
1.2217593175321555	2.4352650267401437	1.6286701437290376	1.6286701437290376
2.8840801894152648	3.915672856180616	63.275884002989201	63.275884002989201
6.8474296986777441	2.9025283981693666	266.15984477201033	266.15984477201033
5.2380715923673886	2.1296724586125655	34.009448336924969	34.009448336924969
0.62336951189242218	1.1122756186423532	0.59115380358718617	0.59115380358718617
9.0957398060837331	3.4384935570412436	1981.3371508557491	1981.3371508557491
0.94741611955814165	2.1301388930139722	0.89130959348214378	0.89130959348214378
5.3719373454242909	3.3692212620043742	288.38501025027426	288.38501025027426
5.8207822178739157	4.3136970440829367	1994.7927955863643	1994.7927955863643
4.5800965307099455	2.4757983802954366	43.270542670620756	43.270542670620756
8.7373010774224706	0.28028294628519529	1.8359126047419743	1.8359126047419743
7.046985858469581	0.1235368979174532	1.2727986601242556	1.2727986601242556
9.3841228838716688	0.54105279677823626	3.3582755182690138	3.3582755182690138
2.9885667377665865	2.6020135618803653	17.264780699934558	17.264780699934558
0.52113199900459284	0.10579577329548338	0.93337092308971525	0.93337092308971525
2.6203536295737062	1.9993688291100373	6.8620796432799791	6.8620796432799791
7.8819203793736001	4.2643781617958059	6661.5931526838531	6661.5931526838531
0.2922857576079923	1.245839472792482	0.21601409450484141	0.21601409450484141
9.7828316863937133	1.627945709193801	40.96590614259383	40.96590614259383
2.4086230033636973	0.1320061867425493	1.1230416093639297	1.1230416093639297
6.773176689377884	4.1189206755979058	2642.214151189467	2642.214151189467
9.3790247818751311	2.3952120621656912	213.07073772799887	213.07073772799887
9.970334110548901	4.3232968143250563	20783.491882893941	20783.491882893941
3.5520752250107912	1.7523461101696505	9.2179694044150313	9.2179694044150313
4.5347946990442258	0.59599231281198117	2.4620864644456377	2.4620864644456377
9.078007199148141	0.9725403680146455	8.5444567458589855	8.5444567458589855
9.6848388691432667	0.25098823153620287	1.768062396141586	1.768062396141586
7.2151982701614372	1.3180478245962715	13.527335612015696	13.527335612015696
2.9453344940930388	3.8439904235578264	63.584169128113082	63.584169128113082
9.0877092980967351	3.7625769915340692	4038.8578794666801	4038.8578794666801
0.19088715990193966	4.6583087864046941	0.00044630921984505382	0.00044630921984505382
0.2671196875606171	2.4983997537349358	0.036955761607443599	0.036955761607443599
5.0349803900899932	2.7028888860896672	78.962703089709962	78.962703089709962
8.0283427797224718	3.9017387516635562	3385.4309234172651	3385.4309234172651
4.4707465206477011	2.9666536642607007	85.006542099511776	85.006542099511776
3.463352054817733	2.3724709119742577	19.05197866969198	19.05197866969198
5.7351237397613257	0.0023463546091124728	1.0041065738044919	1.0041065738044919
5.0413449659100875	1.5578657734171644	12.430054014025654	12.430054014025654
7.3997108353501906	4.2286492624661829	4738.1009147788855	4738.1009147788855
9.9817767386459177	4.0052108797238271	10047.040645576917	10047.040645576917
6.8250587564517415	2.5916538822174817	145.11592537631148	145.11592537631148
9.2360986362827528	1.4639776527807262	25.909180655877332	25.909180655877332
7.075197934995626	1.1131766378941153	8.8289519105996845	8.8289519105996845
7.3172539742408418	3.7203330510554329	1643.0959027677945	1643.0959027677945
5.0119974005338594	4.3786952079262722	1161.8072915552705	1161.8072915552705
1.4113312948304499	1.7369374447986257	1.8192658349850981	1.8192658349850981
4.3044411045966022	0.83991426513645939	3.4074990074866482	3.4074990074866482
6.24824393639578	3.9011767435372664	1271.7229564908218	1271.7229564908218
0.5210284950919466	3.8384467061429781	0.081881890931707002	0.081881890931707002
0.3783363440260703	4.8224595530952055	0.0092115779483135408	0.0092115779483135408
2.3665218154205387	4.0994988686922635	34.17162422713433	34.17162422713433
7.1880426125750816	1.0704457713414479	8.2595282046374781	8.2595282046374781
4.8707895135212018	4.4875842897457305	1218.0359208140744	1218.0359208140744
2.618350660039078	0.55066944617118163	1.6990068968803616	1.6990068968803616
0.26326803949624339	4.8994313007391082	0.0014463736523529734	0.0014463736523529734
4.3474804203002737	2.138211906937606	23.157267375912504	23.157267375912504
7.767635665803299	2.5360151861451889	181.04479209377575	181.04479209377575
4.186420613679716	0.10658854946238006	1.1648803744329481	1.1648803744329481
6.2672238752749614	1.5806502162630687	18.192697610709455	18.192697610709455
0.52390644114477491	1.1556212606591565	0.47376573869712768	0.47376573869712768
6.6929459968816651	4.941545053933269	12017.805978070566	12017.805978070566
6.7259061534614917	3.0628584280206543	342.99163166611532	342.99163166611532
0.38004063583445469	1.662770688634962	0.20014912676744112	0.20014912676744112
1.9641905293504645	1.9320973245868613	3.6851848212514882	3.6851848212514882
0.56328533990648832	3.8331569671625925	0.11079062575592533	0.11079062575592533
2.8354888694154927	4.6562736957927804	128.10308917201658	128.10308917201658
1.9719036692227316	1.1197115123935135	2.1388824039648413	2.1388824039648413
9.8030876207925743	1.17563603364478	14.638006286489919	14.638006286489919
8.4013575891889385	3.1959700347848101	899.89783728903126	899.89783728903126
4.210709108066939	2.1268884570964319	21.27815423257038	21.27815423257038
8.1435813179386347	2.1987799868493969	100.61963914036407	100.61963914036407
5.5313373397187418	4.6039393165086757	2629.9343821072971	2629.9343821072971
9.3946952585113497	3.704061574320896	4014.370152929589	4014.370152929589
0.16628593624882063	2.3740329766779782	0.014134658197646482	0.014134658197646482
0.39944273922054052	1.6504693685536795	0.21989376328292529	0.21989376328292529
3.7437384738023658	4.0627646509876332	213.40536349875626	213.40536349875626
4.4409460289512657	2.0039934232563263	19.839770044761316	19.839770044761316
3.3155032908367312	0.20573175972529678	1.2796569422726278	1.2796569422726278
4.922998473623112	0.80281898684509201	3.595300104042741	3.595300104042741
6.4948130642752897	1.1892096602662692	9.2536296993978429	9.2536296993978429
1.4396464092344932	4.8444499194533268	5.8433578484470949	5.8433578484470949
2.3415686392874075	2.8873523589079197	11.665318448183388	11.665318448183388
4.2731493502069329	1.4344567032442945	8.031206634716396	8.031206634716396
8.5063438716873829	2.1602350542250486	101.96785418605319	101.96785418605319
5.8231845466422802	3.2199237548388595	290.90999551503472	290.90999551503472
5.1750429887350879	4.5439229920344202	1753.7596161612953	1753.7596161612953
4.8030139595727874	0.51212134611170335	2.2336637168709856	2.2336637168709856
5.349835651741401	3.7582589968121067	546.12494452558758	546.12494452558758
4.9876401769376315	3.6117130123007701	331.58651997409095	331.58651997409095
2.0993774784286097	1.8684032389507386	3.997560054331573	3.997560054331573
0.67896156195935242	1.1312750526705997	0.64531336007687934	0.64531336007687934
3.4616193857455007	4.3934414041866097	234.04106624612939	234.04106624612939
2.5211015325710533	3.4488763450520481	24.268079649413774	24.268079649413774
4.6782394534035801	0.84563691183401812	3.6867734502205982	3.6867734502205982
0.45697828329555967	2.7835398836678071	0.11305915410095961	0.11305915410095961
6.5532064530809953	4.9346924599625241	10689.285054664428	10689.285054664428
6.4364953919890064	1.5889679829694845	19.271614764665291	19.271614764665291
2.0086399946776106	3.8081307593609166	14.239371680122533	14.239371680122533
7.995020144287162	0.15390857891273838	1.3770562346888526	1.3770562346888526
2.0002820370611047	4.4689473776747093	22.159547342040572	22.159547342040572
2.6469427659848761	1.1273218863342862	2.9961888564191623	2.9961888564191623
3.9379459566115615	1.769315347427427	11.303681382526749	11.303681382526749
0.96300128827784293	3.8568483476280155	0.86467183584676677	0.86467183584676677
1.6586921647404957	2.0356367878938766	2.801323943414912	2.801323943414912
8.5902671282542649	4.705364500023669	24822.288772376633	24822.288772376633
8.485371706709179	0.50106471189345858	2.9196056990574171	2.9196056990574171
7.8101714078451661	2.9127645862520897	398.20809305464661	398.20809305464661
2.5794613965310393	0.30849184985049988	1.3395328009287275	1.3395328009287275
5.7989600996055257	4.5248789347879343	2844.8991815032332	2844.8991815032332
3.40436116248036	1.9541710622022099	10.956923439405669	10.956923439405669
3.8707121899551868	2.5132158526976873	30.008573987212994	30.008573987212994
2.4279801588592318	1.4685359575872901	3.679140142587364	3.679140142587364
6.0016411180298803	4.9034002787017021	6548.9163606994025	6548.9163606994025
5.3712454324241978	2.3106787009553167	48.637220326718996	48.637220326718996
1.4306695896841639	2.7876183579513709	2.7138406037752656	2.7138406037752656
9.7581008399326521	3.1616111114327747	1342.7288842663397	1342.7288842663397
2.9405487068612723	2.9121366896842842	23.127434747588637	23.127434747588637
5.664643891624439	4.3655037106833197	1940.7868335550772	1940.7868335550772
1.0017174888099456	0.24701358099634618	1.00042396901098	1.00042396901098
6.8724737675037151	1.8105503893782473	32.781998984555834	32.781998984555834
3.9829985337615299	1.7894885277920132	11.859576244373383	11.859576244373383
4.5113511329066425	0.53000254528918578	2.2222053037871654	2.2222053037871654
2.5717837871564742	4.9090255068557322	103.24080903761333	103.24080903761333
9.0914195834116924	2.0746850696498469	97.467287215322401	97.467287215322401
8.0107774558756919	4.6582546303636292	16201.182031705415	16201.182031705415
5.7408027064322633	0.036373964153636945	1.0656309925842535	1.0656309925842535
8.9790462680580276	2.7873105404752918	453.88790526451186	453.88790526451186
4.4241145601390226	1.3980564967497011	7.9965331936277373	7.9965331936277373
8.2918800879946595	1.3767392676903261	18.396943575079575	18.396943575079575
6.1285851322215867	1.1013113975344342	7.3642544838230428	7.3642544838230428
1.846730099220927	3.2374924638152009	7.2858309352245296	7.2858309352245296
9.3713804960200804	0.38500445442727399	2.366729934705087	2.366729934705087
2.9624575476625363	1.2665640849858806	3.9571057407678936	3.9571057407678936
2.2931305209742923	4.1344908165654664	30.916438545994144	30.916438545994144
5.6253865305736781	0.32740731305576598	1.7603757264342494	1.7603757264342494
9.4556970089027423	2.782740385041615	518.92170722351671	518.92170722351671
1.2707516094497406	3.2132144361125099	2.1595797275997994	2.1595797275997994
2.3181766452494856	1.5724042664031628	3.75109407060553	3.75109407060553
2.890137828549078	2.7391679254424739	18.303465313359041	18.303465313359041
8.4211686091181708	2.334284617868974	144.57142858888722	144.57142858888722
9.9659105575085167	0.33717921516065363	2.1710967306837805	2.1710967306837805
8.3965938637110131	0.83304113301378346	5.8859413838521695	5.8859413838521695
8.5188199635454591	0.96580421787622295	7.9170682228913511	7.9170682228913511
2.4830105706416563	0.89831742333645304	2.263685713059358	2.263685713059358
4.5663273781088805	0.34338587236537871	1.6845581414805511	1.6845581414805511
6.5356852514278652	2.8051537302274014	193.64975503225119	193.64975503225119
4.2954472244746187	3.0691396925851433	87.657921323992213	87.657921323992213
5.0460998474822985	2.6321352099856581	70.839390631039521	70.839390631039521
9.6477574726304187	2.9969573371834364	891.83365063298857	891.83365063298857
8.3078691633514623	0.95536017533737361	7.5586422680265395	7.5586422680265395
0.95568876862744268	4.158074793604996	0.82823668090484459	0.82823668090484459
5.6873000646154983	1.6352955564559135	17.159106125506081	17.159106125506081
3.3704835080368243	0.72193087757439722	2.4041264009887504	2.4041264009887504
2.716193486279848	3.7931597735149802	44.26722351126871	44.26722351126871
3.916031620027848	2.9953452992907499	59.673161569645245	59.673161569645245
7.3023090806855153	0.63021371693188943	3.5007771778170169	3.5007771778170169
1.6612931235015576	2.7713246994922502	4.0825187293159999	4.0825187293159999
7.1524184859982096	3.9057390330872614	2174.0529123208448	2174.0529123208448
2.9548369497407618	1.1508114733378396	3.47932802129165	3.47932802129165
4.7029338443390056	1.0462179360756132	5.051779323576878	5.051779323576878
5.4374854293236066	2.932234830831665	143.33753828680437	143.33753828680437
4.4206818199286504	2.9020259231325891	74.683826005373902	74.683826005373902
5.8680094244952468	3.2301073353081282	303.60420255657488	303.60420255657488
3.4698199531165876	2.6086987665691397	25.674266695475815	25.674266695475815
5.9710513548569129	3.3779760623699406	418.29343377353194	418.29343377353194
6.0086389565588982	2.7412299556392061	136.39686838196698	136.39686838196698
2.6322281778747274	4.4455729096205534	73.888851422318055	73.888851422318055
5.9096463606776286	2.3236267723196762	62.061310456332897	62.061310456332897
0.54054580005311603	4.7416038036286752	0.054100035864427534	0.054100035864427534
2.1903855221345827	2.129249965117435	5.3094971373967175	5.3094971373967175
2.9605776931087768	3.270077369762578	34.788644145739056	34.788644145739056
7.1850925141129487	4.8457327508031947	14126.753172467837	14126.753172467837
1.8478245414008478	2.7241889927926097	5.3264055164497668	5.3264055164497668
8.7749040752316976	1.253057610929003	15.203271114013688	15.203271114013688
1.5064873393605736	4.5571185508604168	6.4715724644140185	6.4715724644140185
1.8263376707301062	1.5627326195801574	2.5631928437921365	2.5631928437921365
0.5312145096906401	4.9476827635025034	0.04372428965998483	0.04372428965998483
9.0498904604005119	0.50718144130807452	3.0562701455407573	3.0562701455407573
7.7199033207861154	1.8628246845852265	45.02619895412105	45.02619895412105
1.7245433191501911	3.6785977548501236	7.4238440837194029	7.4238440837194029
1.5700628495481019	1.8153024063655985	2.2680293466206525	2.2680293466206525
7.7930314490993329	0.45035648101179498	2.5210750209386683	2.5210750209386683
1.7402060180790864	3.9404096480914093	8.8728918195464672	8.8728918195464672
9.2652709763671641	4.3334009680755905	15480.462677816075	15480.462677816075
9.8472816030015693	3.8484187662218678	6648.0964494962454	6648.0964494962454
2.6868461569647146	2.7794696805974257	15.597943729364891	15.597943729364891
5.0632525642759054	3.4735637731588693	279.82151859267975	279.82151859267975
1.8706515909405594	3.036958255980184	6.6993259173827822	6.6993259173827822
5.2806869826582918	3.1401540099841085	185.93418147165394	185.93418147165394
9.7249874483297951	4.7655189657748505	51027.465920886694	51027.465920886694
5.206255948020809	1.7051855919904424	16.665140687598797	16.665140687598797
8.7435364245103084	2.1798331139002833	112.90697577854229	112.90697577854229
7.0852918977700696	3.772788069312706	1615.1749189855013	1615.1749189855013
9.0221628775883982	2.7395995924793759	414.16052597852956	414.16052597852956
1.8207892305099245	1.2143694843029862	2.0703864110396215	2.0703864110396215
6.3217835787454746	0.97794838595533717	6.0698759812518812	6.0698759812518812
2.7700797678457794	2.5654744774342326	13.652199899208764	13.652199899208764
8.3632255065500551	0.94489023351800416	7.4394700917990821	7.4394700917990821
3.6413394563419166	4.5401796112871775	353.3674212120431	353.3674212120431
4.3452536857227901	4.184357424915869	467.39425949578674	467.39425949578674
9.6526049197135979	0.15720463716764477	1.4282054507306448	1.4282054507306448
6.0136926896893783	3.1502036666984901	284.74333226003847	284.74333226003847
5.8651731474534872	1.6039719191446067	17.072648127691433	17.072648127691433
1.2973538846708366	1.9858435551103135	1.6769356880019151	1.6769356880019151
4.4048419138133772	1.7834790436287431	14.074605895337942	14.074605895337942
4.0478297159570298	3.1237802904223413	78.854929443055909	78.854929443055909
7.8355433465528082	2.215431608610174	95.664098483205535	95.664098483205535
6.0653078829961782	4.1914011535913218	1910.9544854440121	1910.9544854440121
0.30520119203837864	4.8822787673517434	0.0030451330474434136	0.0030451330474434136
3.4303027164729509	2.6443536323284	26.038040691474077	26.038040691474077
6.0030558010541704	2.0289541781314235	37.956127185158053	37.956127185158053
9.5267216169421971	0.47728234913793022	2.9324623257406426	2.9324623257406426
9.06723082975574	1.0403431468003417	9.910651691965219	9.910651691965219
2.1961987704860308	3.5752031823705019	16.65503498223768	16.65503498223768
1.6833554819913727	1.2698480645367292	1.9373538479752777	1.9373538479752777
1.9548620521118423	0.21731391074857159	1.1568141219387009	1.1568141219387009
9.3612923532766459	1.2415994179257153	16.069781599590648	16.069781599590648
3.7839836229596107	2.9186600817154549	48.622512844576093	48.622512844576093
3.8520207313771664	1.8390191373451639	11.942426387600934	11.942426387600934
6.0183447437928432	1.7159694691225156	21.754987561419696	21.754987561419696
1.4084618625274412	1.6168921518980972	1.7398218140146753	1.7398218140146753
1.3596829558223584	1.3905881377007991	1.5330517601755318	1.5330517601755318
0.83832309970634744	0.53148973170865066	0.910529378837452	0.910529378837452
1.8859292003089656	2.4871503287611603	4.8447687426002028	4.8447687426002028
6.4240367859012153	0.075662519980061904	1.1511205057480038	1.1511205057480038
8.6139131688805399	2.0784605747167744	87.857197752920356	87.857197752920356
7.0917825222481046	3.7001826799347293	1405.887045634865	1405.887045634865
5.9578179862622083	4.3750779645579021	2460.7475754900115	2460.7475754900115
1.6946674869144465	4.6075524088379423	11.363675607778255	11.363675607778255
1.316250544095072	3.01501776030657	2.2898545076557131	2.2898545076557131
5.2788644305575714	2.4553718655849543	59.443673077012086	59.443673077012086
9.1066811592338563	4.3270014716145804	14162.916690242902	14162.916690242902
2.5571180718527731	4.086729249548938	46.383876891688729	46.383876891688729
6.7431712247248203	2.1354306466449637	58.881923409078993	58.881923409078993
0.41181428676003029	1.7128177650416219	0.21880323000059732	0.21880323000059732
0.37276095383648045	4.4758803664324853	0.012071849319711872	0.012071849319711872
2.939300121839123	4.9376394581485412	205.12553081603346	205.12553081603346
3.1572140561210049	2.7639386849106762	23.990854539113393	23.990854539113393
1.084056989447735	0.34946675573866282	1.0286071729343134	1.0286071729343134
6.9505152281345488	3.0619655031463697	378.64044735626084	378.64044735626084
9.0511424277089905	0.038685182011677123	1.0889557817805164	1.0889557817805164
3.3063618998324973	3.9073859407720111	106.97995321438717	106.97995321438717
8.5445638529546049	1.4110194781528138	20.63633626045322	20.63633626045322
2.2829253507273592	4.9624286469135628	60.115925156901724	60.115925156901724
3.6258069192744502	3.5565325079653407	97.620472662040484	97.620472662040484
9.1038833455014174	1.9947614470465429	81.92725587290947	81.92725587290947
9.0314413986991777	4.779468604825218	36983.746348286353	36983.746348286353
4.5919556546631375	4.5422311059500107	1016.1234602486406	1016.1234602486406
7.0416081298128477	2.7488173274627803	213.84301871485144	213.84301871485144
9.6768162711365022	0.35788459692832408	2.253089671962313	2.253089671962313
9.1954441685982484	3.7416651701394628	4030.569877387089	4030.569877387089
1.2361996618079236	0.097973179203687644	1.0209917078625557	1.0209917078625557
8.9478339448825999	0.1946332251731771	1.5319194400873406	1.5319194400873406
9.4879688487494853	2.1929652802679382	138.96550511455354	138.96550511455354
3.2312899086738951	2.3179064971754664	15.159530965130662	15.159530965130662
9.2658913948254344	0.66409582520475419	4.3863749900255025	4.3863749900255025
0.34490280810040241	3.7012475949282271	0.019449172796451683	0.019449172796451683
5.9523555797172598	0.88449576756189541	4.8440545376148778	4.8440545376148778
2.1988756771168712	3.6269052159276853	17.423259873924867	17.423259873924867
6.9419812307844868	4.8643804285562551	12396.399183896085	12396.399183896085
8.1085980862376807	0.62456692674039394	3.6957064592097608	3.6957064592097608
0.46866559827453569	2.6690990889413624	0.13228205584280717	0.13228205584280717
0.92473724628154974	3.1990348728466902	0.77855897908424931	0.77855897908424931
6.4630501517859518	3.1188178002606994	336.9822160602688	336.9822160602688
6.6431482467879652	3.1824463789472173	414.15316126445708	414.15316126445708
3.204851414687826	3.289149416530206	46.097540742096257	46.097540742096257
1.9945950307350613	0.55385284256614309	1.4658022907575745	1.4658022907575745
7.193318572071087	0.79614449916401886	4.8110463829677759	4.8110463829677759
4.051018139658483	2.0809970918137499	18.379737650949224	18.379737650949224
9.0782513497896922	1.6715002840414197	39.930151158739179	39.930151158739179
6.6518385717054676	4.8188362995102647	9238.9228757309738	9238.9228757309738
6.5461444700733198	2.521575558367438	114.17455010209434	114.17455010209434
1.2179407758325986	0.97623968215809642	1.2122485283772979	1.2122485283772979
8.1282700210572614	0.68802990768508432	4.2277171547062373	4.2277171547062373
0.52452717541816174	2.4848521648951261	0.2012171031390427	0.2012171031390427
6.9312824774165458	3.2372901283430555	527.17834457416654	527.17834457416654
3.4171228829828677	2.6739745644836024	26.729747835163032	26.729747835163032
6.0576499138141005	1.3250135720594833	10.878365432085568	10.878365432085568
3.0164472930224835	1.2944870105029604	4.1754280899779053	4.1754280899779053
9.4192622230737193	3.8010488588064746	5038.3203576242322	5038.3203576242322
3.2388241515994181	1.461199763464043	5.5690087854477044	5.5690087854477044
5.011809166580746	3.5194660494039076	290.80841504002893	290.80841504002893
7.7087679344714211	1.1393176083214931	10.2460765613641	10.2460765613641
0.37189699978613633	3.1216944096258765	0.045602732409101475	0.045602732409101475
8.8683016835967763	0.11245294228620591	1.2781665518930159	1.2781665518930159
2.8311934619060541	0.87382027953337271	2.4827909612898265	2.4827909612898265
0.22699266743874436	1.6952696799372728	0.080959231760399736	0.080959231760399736
5.1759158548467514	1.9573058162517025	24.974184379917986	24.974184379917986
4.7685331130722846	0.31742091048291921	1.6418501680478743	1.6418501680478743
2.6492310535734251	0.1780850707323326	1.1894640651425967	1.1894640651425967
7.2332702585856037	0.98481772641934184	7.0192067979745421	7.0192067979745421
5.992449498959294	1.3677528291457162	11.576321895504023	11.576321895504023
0.78185996060681306	0.14253814761358585	0.96553228885172204	0.96553228885172204
5.044568679037579	2.5763070616935657	64.668164597741566	64.668164597741566
5.577124158926015	4.6438393241130393	2925.5637300284657	2925.5637300284657
4.9501285948556042	2.1463465627880161	30.966184491647574	30.966184491647574
0.13952247375194882	3.2322828839794377	0.0017188895991873464	0.0017188895991873464
2.4196421707572604	4.6659898602939727	61.741752356039314	61.741752356039314
9.5337080325859276	4.7889757971998597	48939.698269614601	48939.698269614601
7.848318964235891	4.3194207294176863	7326.8413595634011	7326.8413595634011
8.8295653716838949	4.3523121728071708	13092.519958167642	13092.519958167642
4.2617782175353138	1.6965740055200953	11.698965555215402	11.698965555215402
0.34895647550634096	4.4496913177141604	0.0092357730737427715	0.0092357730737427715
4.7868947200400811	1.8029957113426835	16.831941841646202	16.831941841646202
3.7027013680236518	1.6901336450215789	9.1384504200809538	9.1384504200809538
5.6469140507864459	1.5938570349259353	15.786270285230419	15.786270285230419
7.8879325526371566	2.5002171806952478	174.82469295251977	174.82469295251977
1.8387679896764388	3.9930296940492376	11.38318791054459	11.38318791054459
0.30336730506136855	4.0816191965425599	0.0076841140427435584	0.0076841140427435584
6.7975667257631223	1.754339915956449	28.855654744406454	28.855654744406454
3.2074834746021983	3.7358471693533621	77.795225451995719	77.795225451995719
5.4040473951981136	1.3748636898075195	10.171592505801616	10.171592505801616
0.77454288922642611	2.5277691265660183	0.52424291242154786	0.52424291242154786
7.2377091914407643	3.6660998256310622	1417.0447008453068	1417.0447008453068
3.7357519996412853	1.8428206513651337	11.344622997353007	11.344622997353007
4.865669484314509	2.1230013354768493	28.761045400824479	28.761045400824479
0.68441674457732193	1.7691720364683801	0.51127417537058528	0.51127417537058528
8.1767504271492655	4.0258032831569812	4719.2235297314437	4719.2235297314437
0.91628521097542037	3.4067795066927307	0.74241525756331306	0.74241525756331306
5.2618418767143726	4.4491453796380842	1616.020552284893	1616.020552284893
3.4990699715793876	4.6162064905961744	324.33786116654841	324.33786116654841
8.3157586215327868	2.5925013182899752	242.575437287857	242.575437287857
4.9393486918474805	2.9997975945369588	120.46715551951924	120.46715551951924
3.9569329565280746	0.40557443832873136	1.74692160493427	1.74692160493427
4.5019577631954126	4.2447020039800059	593.6005582371489	593.6005582371489
3.4424382186651625	3.5307334304103173	78.619681511058104	78.619681511058104
0.021951046050480604	4.1409515429749346	1.355334326037657e-07	1.355334326037657e-07
1.808435730046223	1.5307375029363466	2.4766433630671383	2.4766433630671383
8.8544931323566409	2.9235612141729628	587.61256348655058	587.61256348655058
8.8342388947798707	4.5051829972398059	18309.020823151812	18309.020823151812
1.7276464370869025	3.6129656826545791	7.2096850343715229	7.2096850343715229
4.9604510766646301	2.2326249172409081	35.713950811341455	35.713950811341455
0.85328402684531246	1.7602706752382702	0.75632091905186494	0.75632091905186494
5.2313027928241418	0.48193004624233932	2.2198298250344828	2.2198298250344828
0.89870310558095623	0.72597226136667314	0.92539399854075566	0.92539399854075566
0.17564950236548857	1.5896510494001266	0.062987183575392597	0.062987183575392597
6.3004359466892579	4.3862146254434791	3207.8276008105704	3207.8276008105704
9.2292273795692417	0.682054690475973	4.552977993490618	4.552977993490618
9.2494583038242357	0.44452243484530596	2.6881925276463652	2.6881925276463652
2.5340988386292334	2.6245772913364052	11.477997311506309	11.477997311506309
9.1205497872838546	0.81464977536639149	6.0545365738788339	6.0545365738788339
6.2482348688876428	2.2067671589411084	57.023146532297929	57.023146532297929
4.5757999898593917	4.6120204102094382	1111.9555747217744	1111.9555747217744
1.2832283645601175	4.7177409694910626	3.2430226766505434	3.2430226766505434
2.5640227329038496	0.2832047625803768	1.3055954307536961	1.3055954307536961
4.428489997762429	4.4761018518120288	781.09919960411969	781.09919960411969
2.655954831831143	1.3867116650522602	3.8750005851410156	3.8750005851410156
9.6715100411914534	2.602139007059185	366.76942596478392	366.76942596478392
2.9594979788317803	4.0018972811742177	76.871653708455881	76.871653708455881
6.7662111843116843	3.0871373999938396	365.92391879415874	365.92391879415874
7.0785152149339767	3.3705034976447608	732.37423340270743	732.37423340270743
5.6813727530206117	0.91221205698567298	4.8777707178288354	4.8777707178288354
7.2314452957125841	1.8631300713117769	39.888539171863464	39.888539171863464
3.2935455788463646	4.9997540127334998	387.42804143844228	387.42804143844228
9.6586314411632745	2.7369977028678383	496.26279737371192	496.26279737371192
5.6318170240002452	4.2521720872975219	1555.5599506313638	1555.5599506313638
0.15493288710050135	2.9048194119196595	0.004441334143958608	0.004441334143958608
4.8865778771343846	1.0297334853166986	5.1226105467917362	5.1226105467917362
2.8563949641161894	3.4739061456432503	38.323913416211674	38.323913416211674
3.9260973558254286	3.6282024919636653	142.89301995092188	142.89301995092188
7.1974019097640118	0.16804535062137266	1.3932992401252695	1.3932992401252695
5.6240569979113122	4.0914129007833662	1171.5560575110671	1171.5560575110671
9.5139204366140433	3.569781088348539	3108.3455655731996	3108.3455655731996
3.2588085979980033	2.3994007242792694	17.022909278376972	17.022909278376972
1.2212890104772374	0.12587823901413331	1.025483208443144	1.025483208443144
3.7291434441318856	3.9821127071466274	188.89123988480026	188.89123988480026
2.4816103276179162	0.1957600391665627	1.1947390604434727	1.1947390604434727
5.9311998936136812	0.94463247420773067	5.3744690990113435	5.3744690990113435
0.040563918121735328	4.3361790615411842	9.2181838720981536e-07	9.2181838720981536e-07
1.0484193487956814	2.953402335307044	1.1498685551401904	1.1498685551401904
3.5614726594735773	0.89125779105073188	3.102017131045725	3.102017131045725
2.5992188078818823	4.2961722002098348	60.567030366487408	60.567030366487408
0.01923274301351079	1.7743296552827748	0.00090224288245988819	0.00090224288245988819
0.021973435403156303	1.5994340015783937	0.0022283080092487962	0.0022283080092487962
4.5225331274476028	0.59389803208753333	2.4503602325595684	2.4503602325595684
0.92462403106562563	0.26780306953023642	0.97923148732003285	0.97923148732003285
6.2387886231367649	2.0107787963006443	39.698195567963424	39.698195567963424
8.4609397866409903	2.9120262942804542	501.95797854817607	501.95797854817607
0.23480793991839399	4.8242062579854341	0.00092084947944423394	0.00092084947944423394
6.7721333307667377	2.1213569087607795	57.844927176337514	57.844927176337514
6.9080501832340122	4.6552564448502052	8080.0681835012492	8080.0681835012492
7.5644563272295606	1.6909903540449347	30.6199620166283	30.6199620166283
0.044729262037880205	2.2607261492250812	0.00088993327378939695	0.00088993327378939695
3.2376244569685833	2.3218728702657168	15.299632642165808	15.299632642165808
9.0947372106124718	0.79641834477383211	5.8022717886224378	5.8022717886224378
5.5175210644878616	3.1509174230975967	217.35723092450786	217.35723092450786
2.6849408419375305	0.041290968869518586	1.0416243653437305	1.0416243653437305
2.1525880320122321	1.0743382783436441	2.2788338558643444	2.2788338558643444
5.9689317507880881	3.8002420821059562	888.37220221289772	888.37220221289772
7.509062763206531	4.4486637837481053	7855.729953259698	7855.729953259698
9.0852964906870053	1.3049953444460511	17.808529909718754	17.808529909718754
1.9401538735467261	0.49874353204243438	1.3917346200723313	1.3917346200723313
2.0736093488734051	2.3689484268039958	5.6274259830695739	5.6274259830695739
1.3753341991326442	4.1058724547820002	3.7007230883396574	3.7007230883396574
5.2298601867227408	2.9759361514017604	137.46134841163072	137.46134841163072
3.283436781358902	4.4525030588321135	199.046677653817	199.046677653817
9.6462859816017392	3.1756742998445873	1336.6176044308945	1336.6176044308945
8.0037945648422042	2.7790500675696728	323.82071216110597	323.82071216110597
4.4647443138699856	3.9225388666292753	353.87704396410533	353.87704396410533
5.3027624704885623	3.2248118997162454	216.96177836744184	216.96177836744184
9.0464837018458599	1.8190404661993906	54.938332132801264	54.938332132801264
2.5922971993947792	4.943621577310525	110.94329426044114	110.94329426044114
9.018201388820593	1.9818510871754267	78.145769245018883	78.145769245018883
9.1515651674611878	1.1045647026299537	11.535431770258452	11.535431770258452
9.8245257256647864	2.7844813858480504	579.52631753221249	579.52631753221249
0.57705785978102253	3.6173538071992546	0.13685036033954673	0.13685036033954673
0.64461240918447682	2.7417952529418987	0.30001016920188928	0.30001016920188928
1.5261866417139791	3.7271445813421193	4.8342850007236642	4.8342850007236642
4.7767996496192753	4.6945696342761032	1542.6097119577557	1542.6097119577557
7.5233112137360383	2.9589209260729366	391.94489406444592	391.94489406444592
1.8572349432218214	2.4637099609612587	4.5963165077988437	4.5963165077988437
9.1448608051969398	1.2121109873237068	14.623567126027277	14.623567126027277
8.6807373574669295	0.5440875258910115	3.2408352009945047	3.2408352009945047
9.6082282759857449	1.4570446111271154	27.024342932820858	27.024342932820858
9.243161860306742	1.945278718944057	75.646733266641832	75.646733266641832
0.70900264013302572	0.76307221498520883	0.76918981656040331	0.76918981656040331
4.1259470425808296	0.95342669424312021	3.8623949295305335	3.8623949295305335
7.4249476657437956	3.2945333503574497	738.80263213890271	738.80263213890271
7.7757373513638299	1.12493527918814	10.046773950816968	10.046773950816968
6.2179448968096631	1.7725716453431319	25.515021372101558	25.515021372101558
1.9278932369855937	0.38680373631434611	1.2890541511294131	1.2890541511294131
3.1822949391125488	3.7215318416710712	74.29584241922116	74.29584241922116
5.455402325769577	2.2881115221100328	48.522353273919663	48.522353273919663
5.7244514722894033	4.8161252675725832	4460.0659068233354	4460.0659068233354
6.7848362537497922	1.7019752335800722	26.017131667593208	26.017131667593208
9.3225596736662038	2.8371922379102479	563.32323450498063	563.32323450498063
1.6112419973216483	2.0173265981487338	2.6176461457732052	2.6176461457732052
8.1630187221422226	2.9656575890347101	506.1010321877722	506.1010321877722
9.2753033657655966	0.54786831148172643	3.388195219402883	3.388195219402883
8.8091812742977034	1.8205297350776419	52.514986833431841	52.514986833431841
9.2863293834050111	3.819386639520896	4972.4538743360035	4972.4538743360035
6.7576645439848271	1.3683576440885705	13.660247266574846	13.660247266574846
5.8885280413241867	3.0776784021722281	234.33282940506371	234.33282940506371
7.1213886733164555	4.9412917756320187	16321.906598269279	16321.906598269279
1.2017160725101543	2.4223052134264353	1.560646292964776	1.560646292964776
0.33185512302387621	1.1543166695635045	0.27991289020222276	0.27991289020222276
5.3734236303569238	0.92722130316909013	4.7544946039041438	4.7544946039041438
1.7668678768404436	3.2810565465517532	6.4727755624756353	6.4727755624756353
9.9348166286273063	0.91710652594714848	8.2129997751746213	8.2129997751746213
3.1451143832813981	2.6294953854931458	20.348515676316371	20.348515676316371
1.5753788187576072	4.449493665861735	7.5555018485515379	7.5555018485515379
9.5799439072890564	0.10927998115148498	1.2800983165717594	1.2800983165717594
5.3976004795466617	1.6150992396029318	15.225685384445647	15.225685384445647
3.1407867708221642	2.9447635825622251	29.084441962176736	29.084441962176736
1.9292372877744359	4.432955684078955	18.412040739267127	18.412040739267127
6.4260705439129895	4.8986493725857096	9074.8961103119	9074.8961103119
8.1924186984217613	2.7398253483157804	318.11909260047895	318.11909260047895
5.7272757326841557	2.0755210083009983	37.422878409983632	37.422878409983632
7.5618461195112294	0.76216912502977618	4.6737234226604158	4.6737234226604158
4.3770437407433249	3.4670932888189938	167.12212492079203	167.12212492079203
1.0808425147763332	0.045729208799928714	1.0035613538591508	1.0035613538591508
9.6711366494741853	0.3252900408503176	2.0920209177730298	2.0920209177730298
7.7882004956839124	2.1914738401891216	89.858907839044662	89.858907839044662
4.9270401802543038	4.2817709315895627	923.62365609530195	923.62365609530195
7.0399204492992684	2.9243333723867186	301.00288735261114	301.00288735261114
8.8001185940728117	0.19630497655963972	1.5325258111745419	1.5325258111745419
2.9739219057433299	0.037824423190742917	1.0420856549903215	1.0420856549903215
4.0813237388661543	2.1443114686351077	20.405520934688468	20.405520934688468
5.691661674149989	0.6653024144359172	3.1802582008524118	3.1802582008524118
3.1544445426249808	3.2598547404641121	42.307383733686024	42.307383733686024
6.1927757962605323	3.781025048014178	986.5937733971075	986.5937733971075
2.6335099491745466	3.6460087771318914	34.140837284601353	34.140837284601353
9.8882097331037073	2.3924443157179667	240.30544511463961	240.30544511463961
4.948656472005327	4.5679078865547051	1487.1475018678602	1487.1475018678602
6.9412673352543663	1.6746096643613546	25.649653229790829	25.649653229790829
1.2193926289948163	4.7965213462931713	2.5893422074863643	2.5893422074863643
0.33272141113764803	2.1629733919080918	0.092528043095241166	0.092528043095241166
1.0256878301596402	0.20835692716931184	1.00529863708819	1.00529863708819
1.8415187590231727	2.2943181259127101	4.0588073783255902	4.0588073783255902
0.051264373974326129	3.642696844835096	1.996409230137874e-05	1.996409230137874e-05
2.129405690651283	2.9386909541181705	9.2182826673222404	9.2182826673222404
9.8707510452350427	3.5136649979128238	3117.5504352287571	3117.5504352287571
2.4127618128780162	0.38060137791724763	1.3982522504075161	1.3982522504075161
6.8267083196976408	4.1356142093820516	2818.229146143904	2818.229146143904
4.3973537474510591	2.2195880581984087	26.768248762529115	26.768248762529115
7.0944639092188746	4.9333621215761205	15772.278709353111	15772.278709353111
9.1664467988608926	4.2957529038323736	13594.956900635676	13594.956900635676
5.2413454514280966	2.5819677303648931	72.040721465283681	72.040721465283681
4.1551076720990867	0.027951496419890094	1.0406155239826709	1.0406155239826709
9.502645302467327	0.2595402804866172	1.793866174228663	1.793866174228663
8.4842499767108013	1.7671011394632243	43.747566106243525	43.747566106243525
4.8429203523621629	2.0381173845182383	24.907443430538478	24.907443430538478
9.7844414045530606	3.0793451423970013	1122.5413124770016	1122.5413124770016
0.62687593048517243	1.1522369078070211	0.58385519414843856	0.58385519414843856
4.761924142128442	2.0727672561805237	25.40301802539091	25.40301802539091
2.1593780392832409	0.17031895865249835	1.1400988633150586	1.1400988633150586
5.8525518474529701	1.4712373125560172	13.456960960979748	13.456960960979748
2.855659082068827	2.6828744482250637	16.695635155293093	16.695635155293093
8.9562054455885871	0.85478096472421872	6.5141463536886128	6.5141463536886128
9.6347251133244409	1.210281562676327	15.513957586074671	15.513957586074671
5.0025242497894782	2.6987427153404586	77.07823602673804	77.07823602673804
6.3592284155926251	3.6599057064593961	871.73490956404191	871.73490956404191
2.6834981222047816	3.6496365118656775	36.694747325026029	36.694747325026029
5.2790837264237727	3.1421800704833203	186.38419208549891	186.38419208549891
5.5457051728461302	3.5835908445658293	463.48608087830496	463.48608087830496
3.2075273097112382	2.0311125078982513	10.66814610523689	10.66814610523689
4.3613033671772179	0.5655577152007023	2.3000640573303173	2.3000640573303173
1.7912688438967808	4.0774097071731195	10.770607254626189	10.770607254626189
0.73474483517911038	2.5947632448460873	0.4494237499750165	0.4494237499750165
3.4271317217381005	4.3836417331488615	221.28142800178188	221.28142800178188
3.9029770605098206	0.030028421535622865	1.0417384363619522	1.0417384363619522
5.3569171781686915	2.1593619009514917	37.496534650478679	37.496534650478679
0.76941300724612782	2.4567006020568809	0.52520401078970935	0.52520401078970935
8.5030323319668231	2.1466920049797404	98.971171250786256	98.971171250786256
2.786478824884266	3.0016435055840129	21.671985073099208	21.671985073099208
4.5399438650512094	3.3420844901689097	157.00671548042115	157.00671548042115
8.4559429940856567	2.6372553917405037	278.71677370050503	278.71677370050503
1.9256343130266409	1.4206675270221822	2.536791533210998	2.536791533210998
6.1269377743499289	4.9066465012408065	7289.964540801524	7289.964540801524
3.3107131691768963	1.2888322989941323	4.6783390695556442	4.6783390695556442
3.7949521434410056	4.1511284011664618	253.72294100672156	253.72294100672156
3.6059182379525794	4.1129203909282035	195.4168241031341	195.4168241031341
7.9473328466979165	3.6685932046106631	2006.9942083275571	2006.9942083275571
8.0809839023303933	2.7547963334828078	316.13979374706139	316.13979374706139
5.2180889847695786	3.8560714410270274	584.48790708679189	584.48790708679189
6.4487771211559206	3.9419607442407316	1552.1296867483222	1552.1296867483222
1.3908433369394289	4.4249029388172918	4.3051886980953471	4.3051886980953471
8.2273466817270009	3.8301534110718674	3203.2101861663928	3203.2101861663928
2.0257460286251789	3.180296105169607	9.4412841635297031	9.4412841635297031
0.89549809564826843	3.2308489223707042	0.70004858130259695	0.70004858130259695
9.0580901761304524	0.88208567495056445	6.9853522390015925	6.9853522390015925
3.3070068295456876	0.57408109074902658	1.9869999861320147	1.9869999861320147
7.9430532100246189	0.6572071875790122	3.9037161846534141	3.9037161846534141
3.29470926624241	4.8623393811634195	329.45982593369564	329.45982593369564
9.789095744239372	3.0005866332951063	939.30996836647876	939.30996836647876
0.69909414982194185	0.5762061306442513	0.81361790752140872	0.81361790752140872
9.9801273355279001	3.5457583374425288	3488.9528032211342	3488.9528032211342
5.0509155349489312	3.1156461808926785	155.40049021995986	155.40049021995986
4.6534478575973814	2.8923674081372526	85.39849513877202	85.39849513877202
3.7971064735644693	4.4918515444448417	400.69677162558884	400.69677162558884
0.17972846286523053	2.188101119304152	0.023389789701429145	0.023389789701429145
8.1436043418009039	3.5857611065981909	1844.8921097743537	1844.8921097743537
5.7917924330788164	4.8680373774548604	5168.94776368767	5168.94776368767
6.3720231238479936	0.11861426861941589	1.2456578488188741	1.2456578488188741
9.7154713924689204	0.70917389293797162	5.0151462467940071	5.0151462467940071
3.5590166055237553	4.4978331617030323	301.8494726601545	301.8494726601545
1.3916194947463267	3.1495126559535573	2.8315200666304894	2.8315200666304894
8.6561338506752659	1.9160661895355704	62.513635306486229	62.513635306486229
9.5444950760627538	4.4595957819845831	23404.650486114893	23404.650486114893
3.3276765615926407	4.9326410429867353	376.30038137232327	376.30038137232327
5.7415594598384176	3.9223605653206124	948.83089478153568	948.83089478153568
7.3005984330950424	1.6974419828836116	29.207937980696538	29.207937980696538
7.8405331823942355	4.7573427650533588	17976.641439584972	17976.641439584972
2.3479426994016355	1.6026328367913796	3.9271360762889	3.9271360762889
0.24531905117692143	3.0791729892703295	0.013209215630455793	0.013209215630455793
6.7440829590297779	0.66328752256840096	3.5466164111498752	3.5466164111498752
0.63123406512800195	4.4561616260795187	0.12871117424645273	0.12871117424645273
8.1006058641740388	0.75112471206376341	4.8129344533716427	4.8129344533716427
0.51075712242365578	2.3702269122735284	0.20342390782108999	0.20342390782108999
9.0662002136938629	1.3032302665774376	17.690725192433849	17.690725192433849
8.9699944796212741	3.5372608773934502	2345.7109092058149	2345.7109092058149
5.8772020494851756	2.0518203348163149	37.861683599161793	37.861683599161793
7.1339571646285354	1.7447999065117139	30.824140242343137	30.824140242343137
9.861698369195004	3.7771779308849771	5679.7926629279227	5679.7926629279227
7.6848009948275555	0.46496873269501104	2.5810206517661385	2.5810206517661385
6.3041096358648101	1.767623553721779	25.907993997528429	25.907993997528429
0.74732839641781257	2.3432150005995309	0.50537087932629343	0.50537087932629343
4.2056775913218845	0.9911517120236929	4.1525617195563456	4.1525617195563456
1.7230378451435822	2.4375832054874262	3.7669362998580103	3.7669362998580103
9.7835028458209656	3.4600630940377943	2674.0716154860638	2674.0716154860638
9.5200163526107264	2.8540206030024331	620.9435819989269	620.9435819989269
9.1080959869387073	4.7101639086393243	33041.613668761936	33041.613668761936
2.5520432314830073	4.9583173636239657	104.10700903845647	104.10700903845647
8.2863108650922417	4.911933409536787	32428.672336712141	32428.672336712141
7.1860605436856151	3.7585070195191825	1656.2540533336917	1656.2540533336917
9.361493336446344	2.8331913732330909	564.94562509572029	564.94562509572029
5.9650006578485151	3.6927650158551453	731.3871153131264	731.3871153131264
7.7582332991303717	4.396120243372077	8156.5107260556533	8156.5107260556533
9.5862064659019115	1.6289803436244985	39.726774624851274	39.726774624851274
9.6798537878004254	0.92281547977577527	8.1240948889346551	8.1240948889346551
2.9705398773754128	0.65846895004091022	2.0480823773574235	2.0480823773574235
5.7148755551657455	1.3891249293097681	11.26100073231669	11.26100073231669
9.3032436567880126	3.1117100142899901	1033.0214719505373	1033.0214719505373
0.57960337940066919	1.6568810099261015	0.40507561613087412	0.40507561613087412
8.9518957891786037	3.2436610615170598	1223.7414689789384	1223.7414689789384
7.6353553796598437	0.047170668858950757	1.100635829463428	1.100635829463428
0.85408294134733487	1.3929267891522377	0.80275788759408129	0.80275788759408129
6.0717911653126508	4.586763546725793	3916.4182227316423	3916.4182227316423
5.5815639796327545	3.3745209410067378	331.08800497957185	331.08800497957185
6.0673865657069124	0.14705220953879547	1.3035933159707398	1.3035933159707398
5.6159906225276481	0.16347404248681119	1.3259030172346504	1.3259030172346504
6.7830236979786198	2.778127555918426	204.07982624870283	204.07982624870283
7.8709398859747379	0.97614906247725497	7.4929963518666423	7.4929963518666423
2.1027831561871126	1.8898922685782558	4.0742418938866667	4.0742418938866667
0.30975563239232817	0.23332730215905736	0.76074811669802578	0.76074811669802578
4.9717922896274045	3.7619637957794017	417.11576157764472	417.11576157764472
3.3855568506761848	4.9286019852589664	407.69559222605091	407.69559222605091
7.351828748174384	4.8983286134703299	17534.334646923679	17534.334646923679
6.7558147270319981	3.0666945912909407	350.24198837553087	350.24198837553087
8.452051398099826	4.5661771595764185	17087.294439216756	17087.294439216756
1.5915507283732833	3.1956052507930477	4.4150802693449416	4.4150802693449416
0.76906852405127912	1.6436419853633946	0.64948234090848689	0.64948234090848689
9.2867593622476416	0.64819117975400009	4.2399529042244	4.2399529042244
1.5897522977564116	2.0700466725221971	2.6107265247281912	2.6107265247281912
3.338046257107623	4.0426357183652932	130.70399887561368	130.70399887561368
8.9029018295166598	3.2216114099957602	1145.570408802128	1145.570408802128
8.1535678050547808	1.1077492267854847	10.222207578591103	10.222207578591103
6.7390429023185643	1.0028734143631854	6.7760894004268897	6.7760894004268897
6.6897342184220987	0.08384778943516745	1.1727588220487088	1.1727588220487088
5.4791478752477012	2.2910656785112624	49.253834886885457	49.253834886885457
8.7201636813616989	0.33262441108713636	2.0551401953846091	2.0551401953846091
9.1285635000431355	3.6181709151384736	2984.6965160350928	2984.6965160350928
7.342625961345469	0.66215595457295262	3.7439381358753874	3.7439381358753874
7.2244794296109642	4.1622712619064854	3754.7917881033536	3754.7917881033536
5.3426283072519585	0.70430476794159458	3.2550771680333721	3.2550771680333721
0.83884813407379233	3.6557732226520145	0.52602163673622293	0.52602163673622293
8.2401953538559773	0.83754725213482084	5.8497989850946617	5.8497989850946617
6.0755938905733213	2.7948843798179803	154.89589930939809	154.89589930939809
3.6116674269262061	4.6041476174464115	369.63136768192686	369.63136768192686
8.6754260354566135	4.2452818891463355	9622.966825770427	9622.966825770427
4.0692472905326396	0.35276066326632188	1.6406373420916389	1.6406373420916389
5.4636520976444727	0.42184002409123961	2.046915253311385	2.046915253311385
3.5791456788889588	4.909447827804776	523.30026173552517	523.30026173552517
0.80480951699158931	0.20167419973281475	0.95715160535486077	0.95715160535486077
2.4229736201527694	1.9415052560127517	5.5746164714779294	5.5746164714779294
3.5847037652020637	4.3538709423555328	259.4286823770164	259.4286823770164
6.3072573006695007	2.5988964162930377	119.86785508703618	119.86785508703618
9.0025305150511823	1.991339945686549	79.51779980682015	79.51779980682015
1.4150178443894967	4.2492828621386378	4.3714954301564868	4.3714954301564868
0.94172885571157616	1.2768869332952288	0.92620323647135616	0.92620323647135616
4.4544273397303469	3.8322134505999235	306.41425517765151	306.41425517765151
4.7255983233846797	0.36739239454589356	1.7692544644367152	1.7692544644367152
2.0105822854055928	1.5660653713166894	2.9855328112645645	2.9855328112645645
5.0670120292238305	4.414930615224292	1292.5010226192392	1292.5010226192392
8.335232414749111	4.1602522205865222	6780.3164617125531	6780.3164617125531
7.458613986647423	4.3112653166435368	5784.4321932092353	5784.4321932092353
3.7058391364783678	4.8111080885818476	545.726127810256	545.726127810256
7.4899726686633405	4.5067059507830356	8730.2216409731827	8730.2216409731827
3.8548793440834124	4.6441217381500604	526.62981845709578	526.62981845709578
3.705891085126539	0.94379416043061204	3.4428457253058431	3.4428457253058431
0.51832870228753958	3.8614421869652018	0.079061437225966633	0.079061437225966633
5.5806227514030757	0.24467715553618274	1.5229869802297225	1.5229869802297225
2.7017020716282047	0.80805849679906516	2.2324837875326091	2.2324837875326091
4.3044681400929434	2.3686858165059901	31.736287589787057	31.736287589787057
0.90768481731810935	1.6845383257287736	0.84945429226970515	0.84945429226970515
6.3897350363011292	3.3239586381500201	475.76410842570772	475.76410842570772
3.640707016494086	4.7866321379427195	485.5004695738167	485.5004695738167
3.2217461650632941	0.6797052658338345	2.2148909360396196	2.2148909360396196
4.9661209593641189	3.7930328819126045	436.53239716775005	436.53239716775005
8.9545013388349517	3.4238945480370395	1818.399815172789	1818.399815172789
1.1571473867001505	0.6273719667347587	1.0958933210884927	1.0958933210884927
9.2280520845567455	2.3167123967167322	172.14023325123702	172.14023325123702
2.5643325008865863	1.0506691115877336	2.6896557808809267	2.6896557808809267
8.868994600405987	1.8706957986293107	59.317745986027894	59.317745986027894
8.0601907572646621	0.30112757454167038	1.8746731876324794	1.8746731876324794
1.33141742629808	2.6078905994364856	2.1095893769866532	2.1095893769866532
4.128254764244125	2.1026052696659479	19.711236483882917	19.711236483882917
5.3811961610875638	0.067637006631956875	1.1205582976039392	1.1205582976039392
1.3128988562141402	4.1348689885082015	3.0822709397120911	3.0822709397120911
0.88228977815927956	2.7425926422819815	0.70930628512082017	0.70930628512082017
4.9217431273453203	4.1218417938691267	712.53267979309248	712.53267979309248
4.0455845871074851	0.20709391425276075	1.3356790999715435	1.3356790999715435
2.7596085385014941	0.6681323157922241	1.9703548522874601	1.9703548522874601
5.7328618746283047	0.21620929327990979	1.4587032861853968	1.4587032861853968
6.0369113262258622	4.8847210507666441	6517.2213910728233	6517.2213910728233
8.6573949400967614	0.070930238133675036	1.16543779861639	1.16543779861639
7.1314508943310333	4.7087390740159947	10408.594664907612	10408.594664907612
7.3734988856225829	2.7683144075864305	252.34423095054262	252.34423095054262
0.022064644200874714	4.7803971466008317	1.2084078117108812e-08	1.2084078117108812e-08
7.3350636856973592	0.28694829356955565	1.7714388665952345	1.7714388665952345
8.7152077207437912	1.7792773047711523	47.099342849978832	47.099342849978832
3.0197531917045168	3.7886676450209551	65.834311678935563	65.834311678935563
2.0548857691366909	0.63269290420967061	1.5772427816585473	1.5772427816585473
1.9303526716561152	1.8839905495830875	3.4525245065851569	3.4525245065851569
3.8813379283337666	3.8449010608588861	183.89733083768331	183.89733083768331
8.2786571877243169	2.3610388956074928	147.00734244299164	147.00734244299164
9.4289567513252788	0.051646533112281671	1.1228653202686607	1.1228653202686607
8.8926590807525052	0.18338626036507866	1.4929297209799786	1.4929297209799786
2.588039897128235	0.37310226567660854	1.4258715491469935	1.4258715491469935
9.9364652233386703	3.3445312193350758	2164.0798384048185	2164.0798384048185
4.1053217807428517	0.17265425541761917	1.276136130331615	1.276136130331615
2.6711007646130458	2.0659200821288355	7.612161628624408	7.612161628624408
9.4176080422979265	2.8541611877180251	602.25926790580706	602.25926790580706
3.8778265006649111	0.40345067532695339	1.7276922180171237	1.7276922180171237
9.4710714094681467	3.5421732269339135	2874.5825846255871	2874.5825846255871
6.7990938078015848	4.5860137087411372	6571.0057951831968	6571.0057951831968
4.4305653602278747	4.9524619872868509	1590.6123690952379	1590.6123690952379
0.8957710803167136	1.9580938667259908	0.80611557429428371	0.80611557429428371
7.7347078201172437	1.7236457390629634	33.990892239687192	33.990892239687192
7.5328364304312228	2.4793040420052175	149.36431307098968	149.36431307098968
6.4356768809418874	2.5218890275235455	109.44222636548562	109.44222636548562
7.0007524088431943	1.4867236909958061	18.050809185542491	18.050809185542491
3.7822968015900509	2.021583823459288	14.72249399841869	14.72249399841869
1.1124245642382133	4.1281903355651899	1.5524360564288238	1.5524360564288238
6.061261943937339	4.7804340172691173	5507.9633122918049	5507.9633122918049
4.244202928026672	2.9058930615332872	66.728052388184267	66.728052388184267
1.1159103465771183	2.8130849652210981	1.3613985380410405	1.3613985380410405
7.8536058414595553	1.2916136235727615	14.324631048578565	14.324631048578565
2.1791579698573109	3.8245569163984205	19.670003654497993	19.670003654497993
7.1406681214497851	0.55261584116289075	2.9633954656761965	2.9633954656761965
8.4088987018129835	3.033137498854332	638.05909542417271	638.05909542417271
3.7317000717609288	3.8898081025387761	167.7287211533673	167.7287211533673
6.5911914464723109	2.5691344241039449	127.06572391286001	127.06572391286001
0.092841048198219284	1.8816234796120326	0.011420244789639119	0.011420244789639119
8.8170526788810353	3.3838446324288389	1580.6205839720913	1580.6205839720913
1.0354669876236964	4.9474856613146097	1.1881914326774194	1.1881914326774194
2.6683664762981927	0.92087873648292751	2.4689960503598485	2.4689960503598485
4.4809065705400499	1.1466231673112595	5.5830461579273809	5.5830461579273809
2.376155141254455	3.8877714866782487	28.927793035055501	28.927793035055501
5.6399147896829191	3.7226335292740691	626.19898077873063	626.19898077873063
8.9848115386750056	1.730883291327252	44.710831611658307	44.710831611658307
8.2867376815010836	3.020526977312779	594.29546095951002	594.29546095951002
6.5730171811141727	4.1771674306625393	2605.7956373848324	2605.7956373848324
0.95229083450603824	0.98766390042761176	0.95286528446485586	0.95286528446485586
9.6147510461631533	2.773062781622845	531.8007007674704	531.8007007674704
3.4141559687208334	4.1656434526858064	166.52073719846999	166.52073719846999
3.5635708475582062	3.8454751017785274	132.51393634221753	132.51393634221753
5.1063325510598636	3.019560999237247	137.46071742327786	137.46071742327786
5.7901640859711589	3.1965967703961331	274.16699745299297	274.16699745299297
1.7097628059010341	2.1981905466556135	3.2511530669522437	3.2511530669522437
5.0697164180667587	0.060107758675309424	1.1024908356753707	1.1024908356753707
6.5486796549100781	3.5108029644971293	733.42378852866682	733.42378852866682
2.5702261112595077	3.2263200876399898	21.023196113902166	21.023196113902166
5.3183401072183889	3.1129706157852555	181.68525995543624	181.68525995543624
8.0576413923007504	0.22250872028989052	1.5908863954107926	1.5908863954107926
5.7244757644557565	4.7331001452186579	3858.682552476449	3858.682552476449
0.72332598714365792	3.3485768034818273	0.33804095846321353	0.33804095846321353
0.54577219494752893	4.1203746367878491	0.082487562117032009	0.082487562117032009
3.9113910764851023	1.825363133051062	12.056454435653364	12.056454435653364
1.8869902334991187	4.0700317635286538	13.25535137746111	13.25535137746111
3.090485018174014	4.0958753489864428	101.64547407068575	101.64547407068575
6.7622054308829842	1.8583141492351332	34.879073875778637	34.879073875778637
6.2590232574704228	4.6437242624145965	4997.5467166050175	4997.5467166050175
8.2166693352601214	3.5056527120510443	1609.1845226894175	1609.1845226894175
4.349167439105762	0.55714683328644332	2.268224058224237	2.268224058224237
8.3966347424427532	0.46229932353057346	2.6743191691251882	2.6743191691251882
4.8453447767749971	2.561010237979092	56.901476441080732	56.901476441080732
2.2040944230526134	4.244912181942107	28.640595184692806	28.640595184692806
0.70215014366650119	3.2331553297329121	0.31877503389010187	0.31877503389010187
2.7736151808221923	3.7716078016733121	46.88096318609977	46.88096318609977
4.065791613180803	1.6227271735205515	9.7381471294805184	9.7381471294805184
6.7446528294323898	1.6285716879573378	22.388249334559188	22.388249334559188
8.9524120980415542	1.0183488142409987	9.3198095335147269	9.3198095335147269
1.4626473825582773	0.07602089417256376	1.0293286547688998	1.0293286547688998
9.0141494411452321	4.6111448235527011	25310.244186272015	25310.244186272015
5.310321788850052	1.97140468584846	26.884788194739929	26.884788194739929
4.6688760022027429	0.42036172775444136	1.9112225260146589	1.9112225260146589
5.5756780067653535	0.11138292178284713	1.2109461108334711	1.2109461108334711
6.0265939656493082	3.8088092593415102	935.71846361282326	935.71846361282326
6.107382139823275	0.76075928542155036	3.9613805080122235	3.9613805080122235
8.3045513095528527	1.8767786333134275	53.131606828710609	53.131606828710609
8.5945634669966857	3.7289657092062689	3045.7103609428855	3045.7103609428855
4.1329379139992568	0.15584262802007609	1.24749669464686	1.24749669464686
6.5071282443727938	4.0989759679644164	2158.0597456729643	2158.0597456729643
6.2530651612141739	1.3474806998259339	11.822787704308043	11.822787704308043
9.9506680579292226	4.2299701683094391	16629.730193756412	16629.730193756412
0.69649573381245933	3.8504818536119103	0.24840502849948387	0.24840502849948387
0.38009530125928503	3.2965632780937071	0.041218202217147219	0.041218202217147219
8.3508936086472598	3.7603462434282386	2924.3883076195866	2924.3883076195866
3.4137621166511742	0.02399767100702117	1.0299030782871204	1.0299030782871204
3.6853465447357721	3.672337138911415	120.30936032688923	120.30936032688923
9.4489987055369262	4.0659545098138654	9244.3046541811473	9244.3046541811473
2.7789948250247876	4.8547540434022176	142.87814105145236	142.87814105145236
1.3258768214276921	4.7195388245047507	3.7858073227219271	3.7858073227219271
0.7647893630671625	1.6067159661703228	0.64995728120162133	0.64995728120162133
1.8280409913566293	2.075750718076343	3.4979812906293661	3.4979812906293661
1.3111089605389803	4.0310831163045897	2.979968834339958	2.979968834339958
0.28011102127442072	1.9095269709344356	0.088036365551067516	0.088036365551067516
9.3368262786368099	1.7553972452582101	50.47602428432338	50.47602428432338
1.5968456908121922	3.6743605223592812	5.5829194454504139	5.5829194454504139
1.466138330908052	3.172280378007363	3.3663055051666326	3.3663055051666326
1.1569885422627855	2.1146894497083562	1.3611979647665986	1.3611979647665986
4.5056079493860706	0.66454175465603282	2.7192330564764933	2.7192330564764933
4.243376843763726	0.24612542537946033	1.4272359784734261	1.4272359784734261
3.1973958206719955	4.2170853905399692	134.51463455994093	134.51463455994093
6.1353003492006781	1.3520410989288161	11.619472672427108	11.619472672427108
6.0080398178601158	4.1298014041013955	1644.4164787166292	1644.4164787166292
2.2743970525670969	2.5774905304666063	8.3141808553803109	8.3141808553803109
6.68224036108401	2.4092457290662463	97.149379234527672	97.149379234527672
5.8332355000728828	3.3105534378636161	343.22930584280112	343.22930584280112
3.2231678640038885	2.5500933546492548	19.777386811301714	19.777386811301714
2.703976606165603	3.876275504155041	47.267471933177262	47.267471933177262
0.61799977647539062	4.1131167252457166	0.13813717019358629	0.13813717019358629
2.2334570627692751	1.2316571604162219	2.6904242538202809	2.6904242538202809
3.4323915760353714	1.5055421877933359	6.4027068703465755	6.4027068703465755
1.7223301622894511	4.1610363953065939	9.6048141101080073	9.6048141101080073
5.6494852865708349	3.6812694307102807	586.60709113919938	586.60709113919938
2.2344063167121004	3.7977202023644847	21.184594363941443	21.184594363941443
8.9796190896956603	4.8273636162891149	39968.934744825725	39968.934744825725
9.5882131045716417	2.8210995398969936	588.2740776609113	588.2740776609113
3.7162638846990204	1.594670736156671	8.1120799733787035	8.1120799733787035
9.5656103482662687	3.7233962501421298	4483.136247525681	4483.136247525681
3.2411758009883949	1.5063899423138325	5.8791865619066588	5.8791865619066588
1.532522669549693	1.7517054038686428	2.1124103257186229	2.1124103257186229
0.21586482710163571	2.5020691492435505	0.02158127177692944	0.02158127177692944
1.8219603463004184	1.4686071846576323	2.4134001239906597	2.4134001239906597
4.2581734310199186	1.2911338187782673	6.4924937670063176	6.4924937670063176
8.8769296152449773	0.43536708949782998	2.5872738856778446	2.5872738856778446
6.1527515570514204	4.9594831502023364	8191.7424485759575	8191.7424485759575
3.8705048694755972	1.2611263148247807	5.5112385592579853	5.5112385592579853
7.8394227908774781	4.1760672987280643	5427.3837779504856	5427.3837779504856
3.5984505725268123	1.3266831147341107	5.4675038687364301	5.4675038687364301
1.2934281302522479	4.4220009814431078	3.1197843069223263	3.1197843069223263
7.4218825192144671	0.40959733602263021	2.2727949008402	2.2727949008402
9.2000310562887435	4.2392530269494735	12182.78778854861	12182.78778854861
4.3067841434650003	1.2501038124190504	6.2052204450094886	6.2052204450094886
5.0957434258008742	3.6606909141813091	388.03264414591052	388.03264414591052
6.2630986913485938	2.9870097236811839	239.89282180259326	239.89282180259326
7.7009932503976835	4.3797392786800327	7635.6074251544214	7635.6074251544214
8.6852159796661645	0.78193531362899993	5.4208291621202696	5.4208291621202696
5.4891640553692902	1.9509145430341417	27.714906724542352	27.714906724542352
0.76643381296337476	2.7678327265826406	0.47890037065338542	0.47890037065338542
1.2029978240576653	1.6254258238007728	1.3504065836606916	1.3504065836606916
6.7996779004186507	0.48489474346456146	2.5331984896511077	2.5331984896511077
5.3299388744113294	1.4506044650092229	11.328867811710644	11.328867811710644
6.0414767171399255	0.21647700113780616	1.4760447250525908	1.4760447250525908
3.3007014111622106	3.407737484858254	58.515904173499088	58.515904173499088
0.87082200696879042	3.0976776691911794	0.65150931690772251	0.65150931690772251
1.5022926310027229	4.2620015880335611	5.6666725457091855	5.6666725457091855
7.8021211406535347	0.59717072846776875	3.410384152380304	3.410384152380304
7.9702807278460694	3.7430720980993533	2367.449630939388	2367.449630939388
1.4540141030950311	1.5120618106009815	1.7612207776262159	1.7612207776262159
6.9261361241754393	0.30508480833488705	1.8047665896481	1.8047665896481
7.8830734830426055	1.5723568666907062	25.699545600690687	25.699545600690687
1.2971649964203662	1.1786685514589921	1.3588887815614019	1.3588887815614019
6.1412283308521767	1.0882433157597835	7.2079788096151889	7.2079788096151889
4.713609415513436	3.0150356040426436	107.19759846585309	107.19759846585309
2.514662709581164	0.73757052171333237	1.9741586538829048	1.9741586538829048
3.6363906477275973	4.5309261420357387	347.02181043059443	347.02181043059443
8.1808148838794086	3.4674709883679142	1462.4991058477142	1462.4991058477142
4.6237226440241121	0.19126237846564098	1.3402564579279486	1.3402564579279486
0.098222476655764959	0.81502874324114061	0.15087695152120323	0.15087695152120323
7.4895169150032164	4.2387998335843839	5089.0257361689701	5089.0257361689701
5.9743180368014146	3.7973498369962897	886.82595283461433	886.82595283461433
2.9485699797378837	1.0727616005648402	3.1899297542883636	3.1899297542883636
9.7252479608132738	4.6605731762610976	40196.054353541527	40196.054353541527
3.5156923980539028	1.5596823661499588	7.1056453157669575	7.1056453157669575
2.373119952439851	1.9103612839829012	5.2119015836008282	5.2119015836008282
0.62288524584789218	2.5645151701187063	0.29699990463308956	0.29699990463308956
3.7230299164470799	1.3545292534147311	5.9332964127641175	5.9332964127641175
5.4836081389524471	4.2553342330633992	1396.2867119531375	1396.2867119531375
3.8691266639667643	4.9644877736128104	826.41329143875998	826.41329143875998
7.0068262781696635	2.3701240072255612	100.92306941231715	100.92306941231715
8.9121038895975779	0.46439711856667543	2.7616464982572486	2.7616464982572486
3.6272090192966284	1.4690381045810947	6.6379418909849655	6.6379418909849655
0.47805223643854483	4.3928958631256245	0.03908126473022324	0.03908126473022324
2.718447207718826	4.6055756024966605	100.06858445832223	100.06858445832223
1.3950566623624094	1.8168095189487459	1.8310316230715864	1.8310316230715864
1.6196833580213712	3.9610898194038691	6.7541626653533147	6.7541626653533147
6.4457446235259832	3.5431036805559479	736.7811082035679	736.7811082035679
7.0143235085517439	0.85900932929459761	5.3297849716421037	5.3297849716421037
2.9936515962144297	0.14773728480669931	1.1758520495435461	1.1758520495435461
6.3665653039776773	1.8879195827759911	32.93884497652077	32.93884497652077
8.6997514781010583	2.479823880817047	213.70344051743155	213.70344051743155
2.7598079237181201	2.3250637768968931	10.59428034268249	10.59428034268249
5.8801768003288011	0.80190369459409727	4.139777423298467	4.139777423298467
0.51371437251722607	4.1838250172182949	0.061618380582524813	0.061618380582524813
3.8946298967241115	3.386487969713134	99.909471185139395	99.909471185139395
1.3111135717806435	1.5503266112646565	1.5218817450478834	1.5218817450478834
6.1135326700085759	2.9817903658583331	221.08466412934413	221.08466412934413
2.762745304818524	4.3740890815783207	85.204825456244819	85.204825456244819
5.8993174941447259	0.55287954366154612	2.6678446135627345	2.6678446135627345
9.3504513756347372	3.7434277950313799	4307.6623046409859	4307.6623046409859
6.1280809247109138	4.2996666960886794	2427.9117462970812	2427.9117462970812
2.8394109574840454	4.9085486160271854	167.7617387907444	167.7617387907444
9.6614599653014039	4.846750888693828	59464.375969950197	59464.375969950197
7.7081721352765831	0.96009815179386604	7.1049398283001892	7.1049398283001892
5.5507492403378036	1.7877822987366208	21.416013360342589	21.416013360342589
1.5848296243756854	3.5676537051864528	5.1697387260908307	5.1697387260908307
7.7382459247262405	1.1338811197228107	10.176887749593517	10.176887749593517
7.9753950245937189	1.7111386391075756	34.915883642483358	34.915883642483358
8.5069351459037232	3.3155660905126592	1209.8296807157276	1209.8296807157276
0.91276117918813227	4.3354163698368362	0.67318090062422287	0.67318090062422287
0.99477788797344202	3.2368799977825669	0.98319516356601211	0.98319516356601211
2.9933036409360261	1.9725774742351039	8.6944935775459964	8.6944935775459964
6.9742309203048105	2.0273207825703983	51.290581826646246	51.290581826646246
0.14313952388510581	1.8330144313830143	0.028346216849517138	0.028346216849517138
0.61880907531906315	4.8563668621370946	0.097212640723642704	0.097212640723642704
6.8575092994636471	3.9277119474843558	1924.0696089427827	1924.0696089427827
4.1354476504878281	1.2869061812354479	6.214506571739868	6.214506571739868
6.886909723126986	3.7388085558373936	1358.9790435632542	1358.9790435632542
8.2412399759037243	3.6781751238305422	2339.8124616690357	2339.8124616690357
3.1919214354401984	1.4282141091233613	5.2467993270656956	5.2467993270656956
6.8287759871973961	0.6453105546847554	3.4546993463639208	3.4546993463639208
3.6485107178215137	1.5703573797906221	7.6334773652666028	7.6334773652666028
7.2061385467995702	4.9158624419108756	16456.900204374368	16456.900204374368
5.2754346480030243	0.57778481784911229	2.614025680934732	2.614025680934732
7.5456187503427055	2.3953579849403477	126.58824738683832	126.58824738683832
9.3892352905335059	2.389351821621748	210.84135264971948	210.84135264971948
7.9775131907058263	0.025304019488805899	1.0539521001559558	1.0539521001559558
1.5891411177390922	2.2866886196976814	2.8840044025155609	2.8840044025155609
4.3580518100192993	4.7805996081913147	1138.1537779004377	1138.1537779004377
5.0438502127310345	3.5246812796481914	299.92502440878366	299.92502440878366
4.1659175944836671	4.1350434157409293	365.19981276036862	365.19981276036862
7.7880849226502384	4.0510333791618711	4085.2198531315175	4085.2198531315175
8.5066373981207413	0.35105257840610143	2.120283411116453	2.120283411116453
2.4798733027541151	1.1039880537549354	2.7254953696352806	2.7254953696352806
5.9262000963233676	0.26411199740640967	1.5999245228435626	1.5999245228435626
9.9023056212368843	2.004507813516792	99.074353232179746	99.074353232179746
3.5467305412714083	0.24839506069146156	1.3695396424867665	1.3695396424867665
7.6947935218225112	4.0078629456489843	3562.5092557742241	3562.5092557742241
8.6966534441449781	4.4542828060001476	15280.592465419688	15280.592465419688
0.49726683838291652	3.4273148207806758	0.09122559191276107	0.09122559191276107
5.9493451693477803	3.9577783155151458	1161.9227991765588	1161.9227991765588
1.0841176551771667	0.392277792971576	1.03219012414364	1.03219012414364
6.0385650016264165	3.3280169847829528	397.15567197990441	397.15567197990441
9.4418589719149715	0.66517394803051089	4.4522839377607424	4.4522839377607424
4.1326603777101347	3.3239911233353063	111.77433822531391	111.77433822531391
7.7262614614819567	0.11581871075749672	1.2671950599775788	1.2671950599775788
3.1011999078800558	0.4899938250105359	1.7411915400706566	1.7411915400706566
0.14405906733041404	4.0957914813525083	0.00035773196853468921	0.00035773196853468921
0.023389170178752649	1.6701329575500476	0.0018881560620889241	0.0018881560620889241
8.3663469273927937	0.90692107152919987	6.8654217143933334	6.8654217143933334
1.4246226733900991	4.6220975666487876	5.1335253623621933	5.1335253623621933
9.9560486008424025	4.8388144367725037	67539.497217938479	67539.497217938479
1.7394565621279705	0.39236777008856238	1.2425976942710777	1.2425976942710777
4.3450277349709641	2.3872331177530399	33.345478306702681	33.345478306702681
5.3706785143798932	1.9555238026111059	26.766364771504474	26.766364771504474
4.8625249785401383	1.705247941065626	14.834391876339268	14.834391876339268
6.6120179985680325	3.7534404056138899	1199.7061451102006	1199.7061451102006
7.4042365746524865	2.9635128072710035	377.32533376894833	377.32533376894833
0.65173097820013881	0.51203301195024598	0.8031503716008862	0.8031503716008862
4.4173483177237873	1.7365387510332622	13.193140832820678	13.193140832820678
2.7892622800014939	0.65282924679078302	1.9535677592941283	1.9535677592941283
8.5371696267872004	2.9478651042955741	556.40084154955809	556.40084154955809
0.36560376639318126	4.5559399517096271	0.010211812039971355	0.010211812039971355
7.3954605902366222	1.0890709175333595	8.838218970287075	8.838218970287075
3.5558895018113681	1.1805536541760464	4.4711987787978984	4.4711987787978984
3.9374043077860184	3.5197212619571832	124.44382026797892	124.44382026797892
0.40007062551161721	1.7195117639474762	0.20695185114071493	0.20695185114071493
4.4968804822639443	3.7943433730830387	300.17176260436349	300.17176260436349
5.7083311222122308	3.0075862068662875	188.48053533708014	188.48053533708014
3.500854101145674	3.3773314227997187	68.842397973015537	68.842397973015537
3.6556989855537392	2.4419015162489406	23.698362715772376	23.698362715772376
6.5659256655631584	4.4350779927399628	4214.7452816957339	4214.7452816957339
7.1620312000992978	1.6886972774081674	27.790561237734984	27.790561237734984
4.443005881113951	3.3893010243759329	156.73714809995596	156.73714809995596
1.9438795427009239	4.3877589548309279	18.476151825358382	18.476151825358382
5.0402691879646886	4.9886930764830684	3193.9349558302933	3193.9349558302933
5.5899890479022796	2.5497743421710171	80.487656255501619	80.487656255501619
3.2920135260736192	4.5215622575588847	218.64265370229066	218.64265370229066
9.9893995953745947	3.4539554451080829	2833.7693927475425	2833.7693927475425
9.0513603693076821	3.6359910589636928	3010.2532018427801	3010.2532018427801
7.555283348817353	2.3478047955976615	115.33505786456526	115.33505786456526
2.2417908108606062	3.3630459548344178	15.103144627844513	15.103144627844513
9.1906049379822932	0.46669042429965585	2.8156811015415015	2.8156811015415015
2.7569409786260612	1.3002828208318984	3.7383526853486493	3.7383526853486493
0.040408119155522032	4.5742197743123469	4.2235853943918454e-07	4.2235853943918454e-07
2.428086087483706	2.7325018832768295	11.291062869953741	11.291062869953741
2.5421894588866718	1.2322404718064954	3.1572835774599226	3.1572835774599226
4.4268140224430246	3.8321471723419553	299.16918618777419	299.16918618777419
3.590611608277797	2.8963947745997616	40.549634260902828	40.549634260902828
2.4168453298283028	2.8192600993864718	12.035890089178706	12.035890089178706
5.953781620226982	0.65098023770873614	3.1942938615184837	3.1942938615184837
8.9926570251333189	3.2566792201954402	1277.9307653989072	1277.9307653989072
8.0903204668226625	0.074914559521451457	1.1695528520439948	1.1695528520439948
4.3293129310348322	4.4301791279420764	659.85737581069918	659.85737581069918
7.5487133902976389	1.9559839188766761	52.132115212415158	52.132115212415158
7.517510939051566	0.84142538429442726	5.4594759848336532	5.4594759848336532
2.4174338433860658	1.7074570548118562	4.5139995612742574	4.5139995612742574
7.9155321290253156	1.6880956461305272	32.863996223188138	32.863996223188138
8.2927750162968579	3.6077867481338544	2062.8766675443953	2062.8766675443953
0.36064126800401242	4.4283399499589278	0.01092897401768254	0.01092897401768254
5.2193171104136642	3.0771967709755117	161.52453950576736	161.52453950576736
4.8789185767432039	3.9546775612458518	527.34857698222015	527.34857698222015
6.9073679383711015	3.6142715040386104	1080.1985214921954	1080.1985214921954
0.27461286245201844	1.5365145431300529	0.1372734225486065	0.1372734225486065
7.8443428137963735	4.2367309660516375	6165.8861250395848	6165.8861250395848
4.6943460501551639	1.9226002455187681	19.551066557141283	19.551066557141283
9.934064456248251	1.1585186513981829	14.295198711086618	14.295198711086618
5.3227633688647558	1.9917536707626904	27.943857164948948	27.943857164948948
8.5458525212975616	4.8558149568342133	33452.746321839026	33452.746321839026
0.30603199773758588	1.8351029473756066	0.11384899664452149	0.11384899664452149
1.0107929082029656	4.8060466896581024	1.0529474196190374	1.0529474196190374
2.2223236936365773	4.763273293846348	44.868136166125034	44.868136166125034
2.3251798962784505	4.7399327980713073	54.573205597641078	54.573205597641078
3.1190734580592059	0.83521644367647352	2.5859391859068528	2.5859391859068528
4.5922912916116827	0.93551518115555299	4.1623498476461673	4.1623498476461673
3.4223543675855828	4.9213897979842338	426.20789315549814	426.20789315549814
5.8442601798526903	0.14805083596743723	1.2987182686408925	1.2987182686408925
5.0285667881519025	2.3609186916819653	45.295262046787855	45.295262046787855
8.7733787201054163	4.7155224179316031	28023.6404371934	28023.6404371934
1.9892138393588441	1.9160812006921684	3.7350631895548281	3.7350631895548281
0.83746511671838553	3.9157584990790522	0.49929394983919678	0.49929394983919678
8.2149794380240859	2.2442895536907908	112.88643822412992	112.88643822412992
7.2801193605247363	3.6079806689303888	1289.9683097188656	1289.9683097188656
5.146648587512809	0.62814523710620174	2.7985993931040172	2.7985993931040172
5.5848356303245152	1.410149299204456	11.308270435943617	11.308270435943617
5.2516407068563318	4.4378430033752574	1572.3750818583426	1572.3750818583426
6.1220410351478627	0.68165944078928564	3.4387075991873015	3.4387075991873015
8.9998381886744241	2.8537471134986796	528.6211365081474	528.6211365081474
2.9476802860094558	4.5422504135003496	135.67425205815331	135.67425205815331
5.5111735726329902	4.6692986388532001	2891.2790994603452	2891.2790994603452
4.4864216116794546	0.42149864400362363	1.8826734644426415	1.8826734644426415
7.0458321793426792	1.47356222206502	17.761555467151585	17.761555467151585
6.4461205020633114	3.3274360991718743	493.04751830157545	493.04751830157545
6.0314767013357979	1.9601493665759504	33.864676567049912	33.864676567049912
9.6674574094423864	4.504780652575616	27454.632775949565	27454.632775949565
2.9005052008889711	4.7539333128172174	157.96791430733364	157.96791430733364
5.4992957144346395	3.4203534023438871	340.495846255326	340.495846255326
9.4745322746000689	2.29078998802725	172.61907460843938	172.61907460843938
3.0791524130211521	3.2330996599354895	37.944313717872873	37.944313717872873
6.1030185247737476	1.4439975383294517	13.624626200693582	13.624626200693582
3.6655909761679877	0.83909433079763074	2.9741990764495148	2.9741990764495148
3.8525442496087408	0.0036222962963864086	1.004897466933605	1.004897466933605
4.0430381125125479	4.5999094916114132	617.73346632577579	617.73346632577579
2.0177546561365389	0.78805886708462058	1.7388183428761956	1.7388183428761956
1.651062202857996	0.33197927969176544	1.1811170761405041	1.1811170761405041
3.3623048968304561	4.6640476049922324	285.93049281061474	285.93049281061474
0.89760287380751547	3.5903690563951187	0.67850817845460065	0.67850817845460065
4.5486381735613737	0.28478663593515968	1.5394154055558551	1.5394154055558551
7.4036271871198416	1.3289265523771419	14.303026295624864	14.303026295624864
8.9032974470216466	0.67858298341873424	4.4090910869334916	4.4090910869334916
5.17225834597836	3.2690643485885933	215.31115355016689	215.31115355016689
8.6120228896212865	4.6732095815985772	23439.182781265405	23439.182781265405
0.45505513710572454	0.62039862800320744	0.61356897016549905	0.61356897016549905
3.2510499688896317	3.9318371017611047	103.08454614059302	103.08454614059302
9.679047738741021	0.89693184693637629	7.6599279260913002	7.6599279260913002
1.548680567592398	2.3859119899360683	2.8394371039184572	2.8394371039184572
7.9772887241060566	3.0630291607850553	578.64088457892638	578.64088457892638
7.3272755216228038	0.14128862029506373	1.3249714965289439	1.3249714965289439
2.491542876347606	2.1618334823512999	7.19612314470898	7.19612314470898
0.35069104907121029	2.0486195146801647	0.11687559136213439	0.11687559136213439
9.9944603499064364	0.069114933910826404	1.1724607187706551	1.1724607187706551
3.9208275209897057	2.2526304155348869	21.710045832762876	21.710045832762876
7.8138868592649349	2.3013155911903289	113.44073217047034	113.44073217047034
6.6850708556057823	0.40983032924724061	2.1784794609143692	2.1784794609143692
7.9944071666345096	2.4650280768201518	168.0325768236201	168.0325768236201
7.5129852256913345	0.75090835423988356	4.5462671161107808	4.5462671161107808
7.9758967284249458	0.35727129094572085	2.0998096826691879	2.0998096826691879
4.8887156892858972	3.3334399883129735	198.33047066611402	198.33047066611402
6.8448713580542364	1.3992865083697996	14.754190292799935	14.754190292799935
0.50243228773703497	3.7943160284353534	0.073416507558447766	0.073416507558447766
9.3624093275119531	2.8605389892677815	600.74777938457953	600.74777938457953
1.9101667842428116	4.1121004250436801	14.315066388106079	14.315066388106079
7.1155028271468002	4.1379586154745187	3360.4039477044266	3360.4039477044266
9.4075077854601989	0.49312753179569124	3.0202793967406767	3.0202793967406767
1.1288646288047131	1.2112668158774351	1.158146088105362	1.158146088105362
0.82487112330727608	2.3368632957354802	0.63768433248932255	0.63768433248932255
8.2010221263866114	3.3377341711771629	1122.6603819067541	1122.6603819067541
4.940870602194062	0.31143529693656252	1.6446553149609722	1.6446553149609722
2.9128948263675514	4.6309186137649814	141.33521324395278	141.33521324395278
1.1196173410746719	0.75880745201717703	1.0895179521328553	1.0895179521328553
0.82473095550142217	2.1643670946941174	0.65897522429704813	0.65897522429704813
4.8607653527546031	2.1114626531987355	28.180664926012007	28.180664926012007
2.4968912326236703	1.969933141429997	6.0652777083189928	6.0652777083189928
0.72548318885800211	3.7700710053109994	0.29823267616328236	0.29823267616328236
7.3165551211546269	2.6064630242246345	178.97127074976339	178.97127074976339
8.8861860000443667	2.1455628468227665	108.5246797949458	108.5246797949458
8.4830548090590554	4.9882442822291315	42839.615722241579	42839.615722241579
7.7252639006898827	3.181385399292278	668.02772203872007	668.02772203872007
4.590616799791488	3.9855774513484992	434.44849737311148	434.44849737311148
6.9771327461131083	4.5562304330816303	6982.1111603356203	6982.1111603356203
5.6896118021909095	0.57630269906808773	2.7236804969887922	2.7236804969887922
7.186391909876769	3.3691760988190653	768.66312131966254	768.66312131966254
5.0976113329164985	1.4642389450075126	10.858101555842675	10.858101555842675
0.18688808954122854	0.92996849178875718	0.21018119742532207	0.21018119742532207
4.9126849629911273	3.2768078925455386	184.21257640437722	184.21257640437722
5.2017059389207514	2.3737237670273705	50.110911143259436	50.110911143259436
5.6703717857751901	4.41865421732932	2137.7099915421304	2137.7099915421304
9.7720002016536647	2.195894849197161	149.24493340947771	149.24493340947771
2.1265163021710696	4.8068571687030541	37.588649155395629	37.588649155395629
0.42474209560569137	3.9775176575975064	0.033178888733374982	0.033178888733374982
5.9718037925769085	4.1115959739498047	1552.5027338017494	1552.5027338017494
7.3602692291197469	1.2502087928444463	12.128249620004009	12.128249620004009
7.9518124831278154	1.6858195522359645	32.962747848679236	32.962747848679236
9.6762723689548835	2.7826898353016114	553.24801849842765	553.24801849842765
0.36144536502744296	1.6426711984453295	0.18793575222624592	0.18793575222624592
8.3978246403283698	0.95807681061548133	7.6810887264976273	7.6810887264976273
5.5368322491432949	0.71558925418861441	3.4030618814773081	3.4030618814773081
5.3272267668666107	3.1007108064984075	178.92460710171667	178.92460710171667
3.7495944692925982	1.7319827636623568	9.8657683532587175	9.8657683532587175
6.3374360589844336	2.3505678810220552	76.727726405932799	76.727726405932799
4.6632289596005458	1.2434845456767387	6.784246610083529	6.784246610083529
2.0447739117063155	3.8880020458797389	16.135764422299971	16.135764422299971
5.0229450535416689	0.85372506545310045	3.9666673301083883	3.9666673301083883
2.6498308634525318	0.45447447009686059	1.5571908614459804	1.5571908614459804
5.0311909241178698	3.0880187856665979	146.81573594974927	146.81573594974927
5.5262706228091085	1.3761511901821486	10.512327561525064	10.512327561525064
3.9961613953820425	0.61796954967422446	2.3539490912790968	2.3539490912790968
7.3938089871360093	3.9408297492989601	2654.9830707481656	2654.9830707481656
9.2808305691249195	4.1243666560087151	9787.7511100707343	9787.7511100707343
9.6577834949148436	4.1101406832208447	11168.245142129299	11168.245142129299
5.917267765820414	2.4186534274375071	73.70443826232956	73.70443826232956
0.034195219496869982	1.6046297112278796	0.0044417827830971774	0.0044417827830971774
2.6666013281248007	1.518654525784102	4.4348933745157968	4.4348933745157968
0.88559086271984833	2.7159611950343523	0.71893101629248501	0.71893101629248501
3.9683859024221375	3.8886545957800585	212.71723839282683	212.71723839282683
6.4762330070685419	0.21685493903864794	1.4994751880729256	1.4994751880729256
1.4368295767279615	2.7711823267929048	2.7302264678713635	2.7302264678713635
3.4903433285140717	3.4394870251850151	73.652578105809809	73.652578105809809
9.1943116928826498	1.8509051769475313	60.727124469851837	60.727124469851837
2.7117354287242228	3.2396216294163143	25.325461793223134	25.325461793223134
7.3244069207869913	1.8214629518639993	37.596810685533981	37.596810685533981
8.0772717746530631	3.656612202167755	2077.3762259149748	2077.3762259149748
9.534106587070946	0.081763659329401869	1.2024568937819049	1.2024568937819049
2.8578875319656714	0.52716273233307742	1.7394421865687437	1.7394421865687437
7.1695355695055056	1.6217824701285057	24.401714726569978	24.401714726569978
7.8108906781831031	2.269542788627827	106.17496269163632	106.17496269163632
5.6848583615491135	0.9565953993170212	5.2718293510725704	5.2718293510725704
7.5770953830912902	4.2088029336907908	5030.9936900163757	5030.9936900163757
4.7262952674927412	0.68085895960324205	2.879078883012252	2.879078883012252
1.3762212402251901	3.8905857416829237	3.4640053386880605	3.4640053386880605
4.1227999707556755	2.2633907978468972	24.684282604661654	24.684282604661654
1.1009965718724866	1.7062961100828355	1.1784176333532119	1.1784176333532119
1.1515785516595223	2.3415002510539393	1.3916143666287411	1.3916143666287411
3.9179378498924762	3.5479366951108782	127.09562976067117	127.09562976067117
6.6864923709741593	1.2916490803807137	11.637687585223285	11.637687585223285
4.3111931373241941	4.782326351868333	1083.5582120999579	1083.5582120999579
4.0584429198097984	2.2500748416907004	23.380525900879015	23.380525900879015
3.4418841336673047	4.5357357280821518	272.12341537087246	272.12341537087246
4.64974283535543	4.2336441619538903	669.35515056123495	669.35515056123495
4.5815021554812603	1.396159790504794	8.372837153282612	8.372837153282612
6.9993244661206724	2.2430116487962626	78.608721977714453	78.608721977714453
1.5163050454894609	4.1665456827913543	5.6657256996176999	5.6657256996176999
4.1292503834325673	0.18364614196761242	1.2974850817075361	1.2974850817075361
5.1395859493961886	4.7167463946889034	2255.6292049557937	2255.6292049557937
8.6905071507755274	4.0125218601902999	5860.559462332878	5860.559462332878
4.5751009902824196	1.4929091112148916	9.6809549645191186	9.6809549645191186
3.9386057204527418	3.2356070402363657	84.390664795662616	84.390664795662616
0.89130043383260338	0.95125013995173802	0.89631452673298151	0.89631452673298151
1.9738228682968397	2.7738885394425612	6.5940459001039615	6.5940459001039615
5.5838570667628238	0.33127974811668509	1.7678450808140234	1.7678450808140234
7.5520080163093963	1.4262805564337033	17.879830145089375	17.879830145089375
2.5463095158832449	0.78340791110170604	2.0796681460499253	2.0796681460499253
7.3368547555527073	0.37662553927833575	2.1182301288900174	2.1182301288900174
2.2281300116568952	2.0270919986582174	5.0734976211731651	5.0734976211731651
5.6313885776776509	1.0583029692616304	6.2284302855180051	6.2284302855180051
1.1808011220940442	0.36862409003088381	1.0631782695938266	1.0631782695938266
9.2538747382810467	2.4729762415392256	245.29875576355468	245.29875576355468
8.5165811475350441	4.1290042951915868	6935.3658105345185	6935.3658105345185
5.1950834166841107	4.476092560521006	1596.0936842323672	1596.0936842323672
2.5598434618195527	0.019307739286011642	1.0183139143682187	1.0183139143682187
5.2119130167450356	0.53777537072042791	2.4298720918748864	2.4298720918748864
0.75047524097034202	3.311272617232992	0.38654915846819471	0.38654915846819471
3.308910263673666	2.5120264981200853	20.205167920471066	20.205167920471066
7.0265675219941981	1.7712865223820373	31.610026545782564	31.610026545782564
1.1289346693932738	1.0405765724207847	1.1345037353911278	1.1345037353911278
3.166896235960905	4.2155546734517806	128.95829958360017	128.95829958360017
7.0088090041971221	0.10133589300251727	1.2181313284786213	1.2181313284786213
9.406425913455589	4.8469230418051126	52253.371047407025	52253.371047407025
5.7014938810440521	3.1594714991058885	244.63840301183174	244.63840301183174
0.74706038763198868	0.074834480899326122	0.9784139591697717	0.9784139591697717
9.6471063676457725	4.2298979470144431	14584.75482388502	14584.75482388502
9.6430520320480007	4.8123943113915546	54503.99169702371	54503.99169702371
8.6893344619835986	1.580055094831597	30.45442649383093	30.45442649383093
3.2226371230843571	2.0080431694653291	10.483599989523876	10.483599989523876
3.1347687188196161	1.8625045475465021	8.3981767069919009	8.3981767069919009
1.42317646396771	0.1408999192628505	1.0509792603778203	1.0509792603778203
3.6960157117567012	2.1584278745820145	16.80399246479811	16.80399246479811
3.7341210350963912	0.76310290829090688	2.7329936653675961	2.7329936653675961
1.7878853433120976	4.5663305224564734	14.199279579903422	14.199279579903422
3.122996506318136	4.3928176493381637	148.78611604551358	148.78611604551358
0.6361913951225997	1.8117990640299402	0.44069745556366374	0.44069745556366374
4.1670813684429913	1.5064355718172169	8.5849336777832761	8.5849336777832761
1.0088173127483346	2.771086641548592	1.0246247495265788	1.0246247495265788
9.5245755482754006	0.77040296708907263	5.6768259412276381	5.6768259412276381
5.5243393468478601	2.0067326882343197	30.871536056250051	30.871536056250051
4.2286360785975639	1.6513689467928707	10.816524736835705	10.816524736835705
4.0827690851027878	4.2698764244504508	406.16413531567707	406.16413531567707
7.9484504837373313	2.5884421191824298	213.95826742637402	213.95826742637402
3.9067545684838478	0.20179548877769943	1.3165150401800036	1.3165150401800036
0.18463418884540786	3.2914221960604455	0.003847011068650119	0.003847011068650119
2.0360727532987073	4.0388092311977228	17.666771793522432	17.666771793522432
2.2559672354249107	0.20434478589095303	1.1808689759868403	1.1808689759868403
6.0347967974038239	1.0297249782269227	6.366017549151807	6.366017549151807
1.1701684739774587	4.4116722891517774	2.0002742582521238	2.0002742582521238
4.0345420894164157	4.8059879707874922	815.52988564574639	815.52988564574639
3.4066888696152664	0.12213980937913296	1.161499391480165	1.161499391480165
1.3809339291460461	2.1364582171798832	1.9928451063783004	1.9928451063783004
2.501155584626376	2.1218624393873133	6.9951948095584404	6.9951948095584404
9.8079966676787542	4.9632165834642805	83450.287367551588	83450.287367551588
7.2266355930460193	3.171842372223769	530.16382852537356	530.16382852537356
3.1343725382669274	2.1155851259276934	11.211116314485949	11.211116314485949
2.1722777369672768	4.683591112633275	37.841970681702449	37.841970681702449
3.1442132355079511	1.8455150699943415	8.2825845486845076	8.2825845486845076
1.6247807539156491	2.6581582295955513	3.6335056693553645	3.6335056693553645
4.0618484532158412	4.8885955825709848	945.81036415727908	945.81036415727908
7.5721456295902847	0.96259077566401496	7.0198536590771621	7.0198536590771621
0.79092404372286396	0.15150070662870349	0.96508895844644738	0.96508895844644738
8.3521899345035706	1.810114291293824	46.619113288975072	46.619113288975072
2.8948291017427086	2.3376966119596538	11.998704542015064	11.998704542015064
7.3484087865543319	0.3448733049110867	1.9894221487650163	1.9894221487650163
1.4732600010232266	4.3633439992945275	5.4232659367914398	5.4232659367914398
0.50000619233197929	4.5495928248997703	0.042703213906636048	0.042703213906636048
3.9650170755100551	0.089514351602000261	1.1312315753819051	1.1312315753819051
6.492549842332286	1.7612054558677288	26.966851604323931	26.966851604323931
6.2193987202608767	0.86241820734076202	4.836632303471224	4.836632303471224
8.0193190830581518	2.0952541752012417	78.41476756150422	78.41476756150422
3.1437954328423601	2.1957511704716244	12.367610937952019	12.367610937952019
7.2500773346644065	4.4422331525139178	6635.0254638170099	6635.0254638170099
1.9306617477277337	0.12581428524547572	1.0862903470252794	1.0862903470252794
7.4736107115770309	1.016222317227393	7.721490844451921	7.721490844451921
9.0189033034942376	1.6202217267578929	35.282619959135808	35.282619959135808
0.31226881814366608	2.7550950186461263	0.040492847482325574	0.040492847482325574
1.9664825443403711	4.4351413155688366	20.070448499363	20.070448499363
4.6706618330629661	1.6880868765571599	13.488663913139224	13.488663913139224
3.0878551105638454	0.21136159684905448	1.2690965609893039	1.2690965609893039
6.6238502709759128	0.67462512795925467	3.5804843579232761	3.5804843579232761
9.2898071136803004	3.9383504904690954	6491.5685697722256	6491.5685697722256
6.1520190580805156	2.604950335190896	113.59307327926042	113.59307327926042
2.4522886931497396	0.28823422819709565	1.2950539719833529	1.2950539719833529
5.2663662776068776	4.8594451901233366	3207.3285912746642	3207.3285912746642
0.13675816636481516	1.1690330663657473	0.09770140312236042	0.09770140312236042
3.3316050995945021	3.1583556820472158	44.743062728236403	44.743062728236403
1.6863280872440258	0.45730750578422064	1.2699374005059583	1.2699374005059583
9.0872003892210049	0.53318642463993438	3.2435598881343695	3.2435598881343695
9.4369388509738119	0.67943838320506811	4.5955521022288357	4.5955521022288357
0.85331802851567617	1.4234486948402993	0.79788432079053961	0.79788432079053961
2.3268595063389168	4.9556643778812246	65.703699804806718	65.703699804806718
5.6211115885803951	1.1369214548892723	7.1201469067654033	7.1201469067654033
1.048568216460193	1.7996883916318556	1.089099661418887	1.089099661418887
2.2705315263107089	1.1395786761095847	2.5458648592796536	2.5458648592796536
3.3300861386454521	2.496166617667845	20.143544721746839	20.143544721746839
3.9359362877899811	4.6012856986660537	546.99848990768157	546.99848990768157
4.6607501189789327	0.47886592415212753	2.0897806986083682	2.0897806986083682
5.9439911253634294	0.69232596752259923	3.4349024340933139	3.4349024340933139
0.6882254184026465	1.9606720474150712	0.48066570412225412	0.48066570412225412
7.110752628628509	0.88892481675810209	5.7185891036086716	5.7185891036086716
7.7723615709071439	2.7114741274518774	259.84323068720738	259.84323068720738
8.2786664595559447	1.4383884447288329	20.911424167726562	20.911424167726562
2.7559113435783429	0.60292103696286425	1.8426598646451684	1.8426598646451684
3.2017262421555968	4.5202488015343123	192.51399412004793	192.51399412004793
1.5972290340058024	0.81494321320615359	1.4646461564023632	1.4646461564023632
9.6178825735800242	2.5085760025758619	292.50249038931003	292.50249038931003
2.0370735598043042	0.62117914553946652	1.5557812217408342	1.5557812217408342
7.6281478323799234	2.8929698113608184	357.1180653764265	357.1180653764265
2.1532693618537677	1.9703095593968578	4.5321772340549717	4.5321772340549717
8.9417762346643794	2.1648132002255989	114.7241360899602	114.7241360899602
4.2865536596204388	4.2173839916387008	463.279705997647	463.279705997647
4.0270575709538257	4.929571452453394	960.13162978191485	960.13162978191485
7.4009530671066956	4.4224042223957776	6987.8146114778338	6987.8146114778338
4.19178758529611	4.985955189671837	1268.3959766848548	1268.3959766848548
2.0819613852861618	2.9259419116693697	8.5473705802578017	8.5473705802578017
5.5967491382287493	2.3889748769511359	61.206836567364569	61.206836567364569
2.943106415734956	3.2642441122298593	33.907604779802824	33.907604779802824
3.0420212945510099	3.1710625699628752	34.051615882145612	34.051615882145612
8.3744230944013971	0.04843054109823642	1.1084068603965684	1.1084068603965684
4.2486834335073747	1.107679006833495	4.9648276883901872	4.9648276883901872
8.930146059050589	1.503662201821812	26.90110249562947	26.90110249562947
7.7242018182232659	1.2026094282303654	11.68802482356673	11.68802482356673
2.9586462918169234	2.3828902040489011	13.260594945609663	13.260594945609663
4.771749463557124	4.4628325374605158	1068.6232640125027	1068.6232640125027
5.5545640995253951	4.6415753203615617	2859.8877193995468	2859.8877193995468
4.6414320099775512	3.5496739410655347	232.48621530343087	232.48621530343087
0.38787760899075663	1.1841188608018645	0.32581092911047593	0.32581092911047593
2.9734458576478278	4.3538722808586456	114.95126318483753	114.95126318483753
7.6928836719176772	4.8845701667879569	21289.462748667567	21289.462748667567
0.85970943147852252	0.87322265899661011	0.87634357964851162	0.87634357964851162
4.2176523753630519	4.308447726794622	493.27009721029941	493.27009721029941
0.028563861400875579	2.5972249240374881	9.7590874530828823e-05	9.7590874530828823e-05
2.7155875966738794	1.4143716342525827	4.1081346995907113	4.1081346995907113
8.0405048444773399	4.9414267281000761	29743.439179340196	29743.439179340196
9.2854193030038292	3.8639718762530522	5489.816840884675	5489.816840884675
3.9514584177307013	2.2285385558130084	21.374546554105493	21.374546554105493
7.281240017650692	0.97685581387773601	6.9542501134451253	6.9542501134451253
4.0300087138350147	1.3920644494400052	6.9602516672042061	6.9602516672042061
5.8992533809436223	2.7420465180648028	129.88570840690747	129.88570840690747
1.620854453123364	4.1995501756664941	7.6002964069796013	7.6002964069796013
4.0930302425886085	1.5569293243947413	8.9724435791120705	8.9724435791120705
4.0059016557253155	2.6321155334713464	38.581292925276749	38.581292925276749
4.8644502741036453	3.1581284288097597	147.82261308139792	147.82261308139792
3.1914714763145686	4.5840677484342987	204.32840206589063	204.32840206589063
8.6670983460347877	1.1041747599029077	10.853667042896141	10.853667042896141
5.9033073235858149	1.0880798523921429	6.9026103989466447	6.9026103989466447
3.0594052601285764	0.62699159705320606	2.0159990535745314	2.0159990535745314
0.33886455588940495	0.49997116396857388	0.58213890534810886	0.58213890534810886
0.090508701537147088	3.0343620654808907	0.00068268557790427526	0.00068268557790427526
4.043152416517632	2.8717049551844998	55.248584567620149	55.248584567620149
5.3700957712555866	0.69058416850537208	3.1923759763196151	3.1923759763196151
1.1695457162791341	1.6871271855997887	1.3024278420074411	1.3024278420074411
7.5819714194447219	3.3814189998883815	943.86972058286551	943.86972058286551
8.5726862452986534	4.5436559213534409	17368.49789412328	17368.49789412328
3.3102210490334905	3.2922739131660901	51.464958429864659	51.464958429864659
5.720630800619702	1.089861224645591	6.691273140689451	6.691273140689451
4.9941985413156331	1.3095322281724244	8.2160576875834597	8.2160576875834597
7.0884621728429558	3.8166355954339188	1762.9789978769686	1762.9789978769686
6.1215226259716893	2.1340437539307699	47.77409994646468	47.77409994646468
0.019974225546595996	2.7685216398286743	1.9715794274857752e-05	1.9715794274857752e-05
6.6662300467383186	2.793447230539527	200.20094969075541	200.20094969075541
2.9168567425971705	1.6716192983086207	5.9863355013785657	5.9863355013785657
5.7780698990904966	0.1833237582851342	1.3792814147381867	1.3792814147381867
2.0991416420180049	1.577041829286481	3.220129230691978	3.220129230691978
2.9046994648451041	1.0822228043288915	3.1708718059738663	3.1708718059738663
2.8681770097983659	2.7772265311641386	18.658442397405654	18.658442397405654
7.326107663304736	3.5434819022737947	1160.5473776942631	1160.5473776942631
8.4436744866004521	3.9468084506807273	4537.7679623651175	4537.7679623651175
7.6151815133658989	0.95357861151203493	6.9302904707278632	6.9302904707278632
4.9986876868807073	2.6968201634589706	76.681210672526674	76.681210672526674
3.9401970248743807	1.8969749056393803	13.479773215476483	13.479773215476483
0.91759987326694004	2.8679391688055755	0.78143357122564827	0.78143357122564827
6.0848823741118983	0.052521026219436481	1.099486065650543	1.099486065650543
4.9277228699414364	4.1018717451193591	693.65925817207028	693.65925817207028
5.401228432230103	2.3053515017876931	48.826184623881538	48.826184623881538
4.2762178955970489	1.3585915154542059	7.2003320743661705	7.2003320743661705
8.1776333824856238	3.072546583974245	636.92885878898358	636.92885878898358
1.4929968331069747	0.5200017320885153	1.2317169629357128	1.2317169629357128
0.32664378092795732	1.216629408944764	0.25633541804547672	0.25633541804547672
7.3842905390119089	3.205655695341397	607.43382617227451	607.43382617227451
4.0636158313603579	0.71530821039523862	2.7262156928732746	2.7262156928732746
1.0035045584704347	3.7367756650068245	1.0131586782182431	1.0131586782182431
7.6325443996242885	0.44737113224538999	2.4824515534839007	2.4824515534839007
4.161013331742164	4.3093232779699377	465.93906796602874	465.93906796602874
6.787614011397288	0.51995973228341152	2.7068202706990054	2.7068202706990054
2.6221104449228139	3.0432059844027344	18.794949762406603	18.794949762406603
6.4892380298868062	3.4396274718994579	621.79006579044017	621.79006579044017
1.2500413514553448	3.682217792897422	2.2745562195760853	2.2745562195760853
9.1097531937130434	3.685224388437268	3435.5570419546843	3435.5570419546843
1.7223231611802343	4.1244512730594431	9.4154988620018401	9.4154988620018401
9.3596294050201934	3.9624557708061299	7056.1768198140089	7056.1768198140089
7.9652144744685067	1.5712994070949504	26.064599555080985	26.064599555080985
4.7121874749283057	2.5511601415316547	52.179337763440948	52.179337763440948
8.3043210908699674	3.2132918596637166	899.48202155491822	899.48202155491822
1.8685124234071102	2.9974090730156275	6.5130519603944892	6.5130519603944892
1.1008115176606623	1.1067747519859901	1.1121589377675074	1.1121589377675074
7.3678217518428246	1.5254996776483412	21.043866281701476	21.043866281701476
3.8355762499004697	4.8352549353026433	665.22703469700991	665.22703469700991
9.7182269861236428	4.3028640857072231	17760.402328798922	17760.402328798922
6.741866704521625	0.17265714684287461	1.3902561281092503	1.3902561281092503
9.2032207594260633	3.7640516196713247	4249.3187999612228	4249.3187999612228
7.5894735451770092	1.7920293905982922	37.788978241422363	37.788978241422363
4.5206359419381679	1.5444093607024771	10.277708427854435	10.277708427854435
5.1952293050923961	2.3906596845470713	51.376836187447488	51.376836187447488
4.3194860702152909	0.25543902486032422	1.4531623939076939	1.4531623939076939
1.0159401429682535	4.0516454389188832	1.0661717993891304	1.0661717993891304
9.7010472036587494	3.4034648240452507	2283.507557967675	2283.507557967675
0.68798539293483785	0.80986548024180038	0.73868795077486171	0.73868795077486171
9.2602275765862139	2.8792129434565883	606.88945939458438	606.88945939458438
1.8286243903518034	2.2960161400894523	3.9979936627155546	3.9979936627155546
8.9947319508138275	2.8025897901112491	471.66935553903687	471.66935553903687
3.7516127699824233	4.5158963654251538	391.8402130033196	391.8402130033196
9.0237009420271761	0.77836556988844863	5.5416430905688197	5.5416430905688197
1.0901493920571563	1.5002597573579213	1.1382528926739255	1.1382528926739255
8.6240579903978336	4.6106917137667534	20619.49548714851	20619.49548714851
1.4212219183399903	0.22533748988582639	1.0824315656683565	1.0824315656683565
8.9844926808066763	0.25309910993346685	1.7431243560311398	1.7431243560311398
0.99651577585924822	4.7431868977906184	0.98358109989784837	0.98358109989784837
2.8681021752502884	4.7439620755678469	148.18748178487573	148.18748178487573
7.4418324992076723	3.023950902005744	432.43137014274919	432.43137014274919
4.25069545160461	1.2158152295560756	5.8088642501540528	5.8088642501540528
0.69894739613439816	3.8400053759317214	0.25273536138004443	0.25273536138004443
1.9603443402217389	3.8279315601550277	13.153104755039729	13.153104755039729
6.8327381224486121	2.4609669647563956	113.21661666919574	113.21661666919574
8.5577645675758554	2.5676864169799622	247.74732073090442	247.74732073090442
8.9346338426356944	2.1565530051872068	112.47278339143017	112.47278339143017
1.7171530583406418	2.4947993508585666	3.8530208575650744	3.8530208575650744
1.1546036008970644	2.2578456977493904	1.3834512874451688	1.3834512874451688
7.5785681795085269	4.8799569594596992	19604.126345875018	19604.126345875018
2.331991172155345	0.46702429226965053	1.4850374166748719	1.4850374166748719
5.2094818987539462	2.0978173994478908	31.89363677255518	31.89363677255518
1.559491982282148	4.9704361512443134	9.103542140108754	9.103542140108754
8.4046501077572788	4.0491914485281661	5540.6027431760931	5540.6027431760931
0.38556971669828793	1.4480795727204412	0.25156144919504803	0.25156144919504803
2.5131391375929022	0.4513561231437424	1.5157939977381345	1.5157939977381345
0.72226643924465406	2.5302136080332489	0.43900991445955923	0.43900991445955923
2.3170289867706102	1.2002981280694032	2.7417418217238656	2.7417418217238656
2.8031260908553648	3.525112779699259	37.843454086520886	37.843454086520886
3.2781542610996492	4.0907376365002186	128.61882495486356	128.61882495486356
7.9297368145218918	3.1042658436193236	618.7828879079035	618.7828879079035
7.9052871364500854	0.15585957253080895	1.3802223667481035	1.3802223667481035
6.8505512347459563	4.4328267079270303	5065.5475909946153	5065.5475909946153
9.971871816462075	4.158006304744573	14220.660309657898	14220.660309657898
3.0676821723219931	3.635702631218265	58.870498823533261	58.870498823533261
1.4913890377642729	1.4864880378530358	1.8115105411242605	1.8115105411242605
8.2422041259887582	1.1175766610156239	10.562061364337211	10.562061364337211
0.47009988001648401	3.651114042312869	0.06355194084012683	0.06355194084012683
0.24988965652023676	4.5385642652418632	0.0018477442751370864	0.0018477442751370864
2.8330061225358945	3.174479158202963	27.267812854370046	27.267812854370046
9.1333563288266202	0.71579203027707472	4.8709266026001998	4.8709266026001998
8.6547217147174731	0.7718406777016773	5.289444615584598	5.289444615584598
0.86772600248210363	1.9189622992180491	0.76165545191247619	0.76165545191247619
4.3063979069350493	2.2576616874915962	27.01563841070362	27.01563841070362
8.6445688950287387	4.2164937121881962	8907.8398918131534	8907.8398918131534
0.36136342817208372	2.8956694765300361	0.052475007115059195	0.052475007115059195
7.6571133003832479	3.5076704433455799	1261.8534735906123	1261.8534735906123
0.62094437804967151	2.1015713826283413	0.36735459398964354	0.36735459398964354
3.8398141683068667	3.0012945673041114	56.713578237914589	56.713578237914589
8.9988735711381853	0.30430497095806963	1.9514804162862929	1.9514804162862929
2.7185799431361102	3.5959107826950731	36.463258076059176	36.463258076059176
0.69724236136024476	3.5586232975355485	0.27711613778033456	0.27711613778033456
9.8253083079206451	1.4854405139634788	29.79004985318743	29.79004985318743
8.4977245304784947	0.80799793347075388	5.6347495762690247	5.6347495762690247
7.9879316407704293	3.713199133629062	2243.4603994794261	2243.4603994794261
8.8322412742441472	0.82832114609231389	6.0764587263246632	6.0764587263246632
1.627594939032323	0.58286015904702493	1.3283176029742281	1.3283176029742281
5.1526800533178747	1.6381416735218912	14.669361780607691	14.669361780607691
2.818377095512016	2.3401885372674793	11.300111723578665	11.300111723578665
3.0665909936886711	2.4024351107639905	14.762472954182883	14.762472954182883
4.0354400375659969	2.5274931293767535	33.992654738555167	33.992654738555167
1.1028430234863658	1.3547041705782756	1.1418090659752904	1.1418090659752904
7.898627596301381	0.41699914850386316	2.3674361173845631	2.3674361173845631
0.46126994723459608	4.4472532520267505	0.032027533469549299	0.032027533469549299
4.9050352694876507	4.3497039013382262	1009.4592381987659	1009.4592381987659
9.7128507302009144	3.475308148010094	2699.8154702130942	2699.8154702130942
4.7867157169866692	3.0583557039159572	120.1702546325694	120.1702546325694
8.1047908473219028	2.1242897454081349	85.19829667809276	85.19829667809276
2.9505932895615192	0.64698091640575317	2.0138280333786374	2.0138280333786374
0.29852226411155902	0.55689008702666531	0.51005821147991426	0.51005821147991426
7.8464660282750698	3.3761951191712041	1048.5625089091509	1048.5625089091509
2.3628742982601882	2.1136460579593734	6.1563214870307288	6.1563214870307288
6.3289399365473109	0.5041866507984798	2.5352475985876373	2.5352475985876373
2.9895612014213642	2.3753344905048963	13.48114489765865	13.48114489765865
5.5765572544103286	3.0078051671805905	175.76160471091737	175.76160471091737
8.8485964518179152	1.1650779500797459	12.681845918655394	12.681845918655394
3.1518270350505513	2.1906755028509526	12.364836686547813	12.364836686547813
3.6385951165403227	1.3175990392742838	5.4838522700017531	5.4838522700017531
2.0387401145513708	3.803749221360273	15.0222493161987	15.0222493161987
7.4051132618425104	1.914567763328223	46.21440569563314	46.21440569563314
9.6165266010228798	0.54829359994398486	3.4592552452273551	3.4592552452273551
1.7572888270462907	2.7056828332638028	4.5969301185914686	4.5969301185914686
4.6431742670463985	1.3380980752945209	7.8030402385110014	7.8030402385110014
0.64004525688294167	0.026324050999699797	0.98832249451730259	0.98832249451730259
4.0302521033646883	3.4553309063625277	123.48753037168093	123.48753037168093
5.9850092149650278	1.351605913237766	11.227560664128825	11.227560664128825
0.84131562599819953	1.1523515206060724	0.81945731805051969	0.81945731805051969
0.17935437026525863	3.1162606390979919	0.0047246752886878959	0.0047246752886878959
7.1477158879174043	1.2309152692720711	11.256608178681907	11.256608178681907
0.26631181749688981	2.5169582984143224	0.035787527596932787	0.035787527596932787
0.10282811068575262	0.74276182079817332	0.18460115063134663	0.18460115063134663
5.7545094247737296	3.122581618514459	236.15000834906971	236.15000834906971
1.4409710525377859	1.8437984607943942	1.96122905060757	1.96122905060757
4.4046080412095385	2.3459665346643903	32.402976106782283	32.402976106782283
5.082766980226431	2.6261245783353138	71.500172525443489	71.500172525443489
8.2505619287819023	1.8673424040833388	51.450376284054279	51.450376284054279
9.558525903980442	1.6436106616891957	40.867772876316153	40.867772876316153
6.0089424396556375	4.4494378698059256	2918.8616421870192	2918.8616421870192
3.2970879544367038	2.833298118490069	29.377731920563249	29.377731920563249
2.8638497705000749	0.45095328487675562	1.6071751483044527	1.6071751483044527
5.1323851716723006	3.1097459267672232	161.77535746671569	161.77535746671569
3.8891187197551225	0.19993772809445479	1.311999014970656	1.311999014970656
6.700447671426951	2.1408424438598019	58.689190660279081	58.689190660279081
4.8512019244575901	1.5033933148001963	10.742400273017543	10.742400273017543
4.1818020277050563	2.5799954919415944	40.097283258293182	40.097283258293182
8.7408215088699066	4.397000568194307	13804.026565163436	13804.026565163436
6.2081261738118414	1.6573605397850715	20.616811501010758	20.616811501010758
1.4015638808503321	2.1607663789941838	2.0739401457636952	2.0739401457636952
9.9266353914498406	2.5164585520225504	322.41192359367926	322.41192359367926
5.1770877514099745	1.0704439511323545	5.8128421842196776	5.8128421842196776
1.5413646356493558	0.8783540007879288	1.4623369423896415	1.4623369423896415
3.6605214705945159	2.7179863911562445	34.017476395973183	34.017476395973183
2.5263100957173465	1.9417717384829711	6.046961685816024	6.046961685816024
1.3952543327538447	0.29043775057588661	1.1015717814939023	1.1015717814939023
0.019826412646153702	1.5919693252233802	0.0019465470429668426	0.0019465470429668426
3.8608871036484178	3.4846857244629352	110.76949381485403	110.76949381485403
3.9011626549954004	1.2370274891975122	5.3867063531268515	5.3867063531268515
6.0519637276892801	0.69222698402319249	3.4773605989403849	3.4773605989403849
3.3786927137893361	4.5957093655956163	269.13819211038015	269.13819211038015
8.1748173850627488	1.7315192854641199	38.01660743204863	38.01660743204863
5.2811924756902275	0.5777451039302699	2.6155008894855656	2.6155008894855656
2.719149748699055	3.7658707895044441	43.253277139557397	43.253277139557397
3.7276518847411664	2.1627652296017112	17.213948590590228	17.213948590590228
3.2586891951838304	1.4858463013152101	5.7849945713618736	5.7849945713618736
8.8944848334513154	1.8204195499679889	53.43158503538266	53.43158503538266
9.4172225240627156	3.0216801437039265	876.76516225599244	876.76516225599244
3.1344515230092278	3.1559116074934952	36.799508522392188	36.799508522392188
6.3720547735994826	4.6278552962129424	5273.3809393769307	5273.3809393769307
6.7019664719352612	3.1051581513760418	367.69578708001529	367.69578708001529
8.5701707764453907	3.2366710813050199	1046.5983760743632	1046.5983760743632
5.8260152403718362	3.1672823773730037	265.55105592958421	265.55105592958421
1.4064961487409482	3.0945474420098189	2.8735698788239263	2.8735698788239263
3.826163765885604	1.5622748154736712	8.1364849356858908	8.1364849356858908
8.7733430338548235	2.9029796277469151	547.00223538952594	547.00223538952594
7.4919267401188092	1.9898740652020053	54.995982736300242	54.995982736300242
3.0499605904213816	2.8942687903209725	25.216085513971532	25.216085513971532
2.0828352890446711	3.0366071509891954	9.2817492308752776	9.2817492308752776
5.7093704586784995	3.9705420121524151	1009.4047118263015	1009.4047118263015
6.0660841180611502	1.5735649621846359	17.059145424600771	17.059145424600771
4.7762392462354502	0.58272734106550417	2.48726478780143	2.48726478780143
6.0892052163290096	2.2932776303678195	62.981833328044424	62.981833328044424
9.9191836693994819	2.839034259533439	674.57355185027188	674.57355185027188
6.5134009927646561	4.7265569163470094	7022.7783462916004	7022.7783462916004
0.19475987120414318	3.7383460514241031	0.0022075125514349559	0.0022075125514349559
9.6680682988545161	1.5354897849652724	32.582099009413319	32.582099009413319
5.111654660616745	3.7495464759618562	453.71621048537901	453.71621048537901
1.4862919947113526	1.8799362226195557	2.1064191981073148	2.1064191981073148
9.5816609517307629	4.3878059629560244	20247.517879838437	20247.517879838437
8.3383062526024911	1.764300240918655	42.175268739880366	42.175268739880366
4.1848441299722463	3.2555328861035191	105.65677797634206	105.65677797634206
3.2998947737494388	3.3420402551498256	54.056531721022552	54.056531721022552
6.4313418224125654	3.4055925423205871	565.90805562932962	565.90805562932962
2.7836764518879336	0.22634261557151505	1.2607708878548778	1.2607708878548778
5.8137364127626769	0.52950307833485366	2.5396943597738644	2.5396943597738644
3.8670158425548391	1.1663451291569213	4.8426499779632657	4.8426499779632657
4.0164727180526754	0.32002870584422871	1.5604421641345187	1.5604421641345187
3.3625561437108371	2.8351077200157966	31.128980050859973	31.128980050859973
2.9100510471956942	3.4247975756921472	38.794099493254379	38.794099493254379
8.7528031222117288	2.4494021803821826	203.09410033657946	203.09410033657946
0.38453983761326133	3.0308320925887848	0.055211162130943743	0.055211162130943743
7.72852237574517	4.7436859832771958	16324.909038360967	16324.909038360967
1.6133514837713323	1.8211885864210702	2.3895365114580436	2.3895365114580436
4.9494613790265998	2.9240299704596886	107.37624987459539	107.37624987459539
6.3140646800744493	1.3597884107291263	12.253239975764938	12.253239975764938
9.6908475079257563	3.4953079069650821	2803.0965561064559	2803.0965561064559
4.5383122772846756	0.79049453968128325	3.3057607384492917	3.3057607384492917
5.8007173651446209	0.25595546307472999	1.5682572843173215	1.5682572843173215
7.2202901786973284	2.457540465425621	128.80502281936737	128.80502281936737
7.670842653814681	1.5125300173107257	21.794740917888738	21.794740917888738
9.0637734057336363	1.8543388240678682	59.590265283948632	59.590265283948632
0.39355660828465966	4.9411668631323096	0.0099738548099278096	0.0099738548099278096
5.5110001977843845	3.4265074726168558	346.60242403554929	346.60242403554929
7.4070918710737672	0.25243369211796324	1.6577856944445311	1.6577856944445311
0.4627425494831689	2.8143352941102857	0.11432809323244041	0.11432809323244041
4.3034565553763002	0.71527013422923069	2.8402114455610468	2.8402114455610468
8.7460478505889085	4.8289263439836887	35313.441905935033	35313.441905935033
1.015147809026919	1.9736227425584278	1.0301164884539076	1.0301164884539076
4.6128095583496922	3.6640972763183557	270.91576097817608	270.91576097817608
8.0745029064636427	3.0541466670248911	589.4740381882076	589.4740381882076
3.0778825901643043	3.0653513053118067	31.380803250803368	31.380803250803368
1.0822815867992577	1.9543159560594157	1.1671098572006335	1.1671098572006335
2.3203573583959773	1.2350322380006884	2.8279521471662337	2.8279521471662337
2.0736700323169228	0.14335722005149862	1.1102145530861725	1.1102145530861725
3.7884455556621734	0.32021124379557514	1.5318975881608357	1.5318975881608357
5.6035662222023541	2.7330921154777554	111.07656669849544	111.07656669849544
0.23567656118724939	0.96954867781245713	0.2462805917439943	0.2462805917439943
1.6477669238514758	3.3383080820295143	5.2974264820453474	5.2974264820453474
1.8024896449266758	3.1467524361971462	6.3851086088829119	6.3851086088829119
4.4850309658713297	4.8979645376941328	1557.1270198282416	1557.1270198282416
8.7889548311835028	0.3388762585189482	2.0887089017277551	2.0887089017277551
2.8932844633351444	1.9414228553129687	7.8660244967189801	7.8660244967189801
3.6019087232757796	1.9915407000578231	12.833866846108251	12.833866846108251
4.714880679294164	1.438585433395142	9.3077593903834099	9.3077593903834099
5.7028725665585878	1.9637515805377068	30.533749193676009	30.533749193676009
1.5227785219609675	4.0369122075180197	5.4612052122567167	5.4612052122567167
3.8845443290548323	4.8226544149803381	695.31812048250822	695.31812048250822
5.0480098194261123	3.4820535181039798	280.73860323424623	280.73860323424623
0.16123922340660471	4.1076759695922016	0.00055532398301752267	0.00055532398301752267
8.3685755028116091	0.18413647974360928	1.4787467610221976	1.4787467610221976
1.9663086938132457	1.7398858749599042	3.2428020877724943	3.2428020877724943
5.6641665673915806	3.8638123486288327	812.78604758115307	812.78604758115307
9.4635899610095109	4.2001794574808518	12577.954028324861	12577.954028324861
7.6076121989980203	2.6660816253789541	223.6042616273526	223.6042616273526
0.43641081234142282	3.1324984698771949	0.074468603711672327	0.074468603711672327
3.4292644800959335	3.31068654635542	59.140186235107372	59.140186235107372
2.428376626086183	2.8020542221172562	12.013690737504778	12.013690737504778
3.4605376441269184	0.30055582978384615	1.452254548695358	1.452254548695358
2.9751045459164693	3.2113356422705812	33.156951411664579	33.156951411664579
0.77102897112547453	4.5724411120824406	0.304535139073213	0.304535139073213
4.0385984753908559	3.4063253690083894	116.14992521334425	116.14992521334425
3.1907377516138826	1.5069508266578049	5.7456494548295041	5.7456494548295041
4.3073697834307652	3.6648387739576744	211.00138418318502	211.00138418318502
3.5431017095482389	0.36991750628505188	1.5967121077583202	1.5967121077583202
9.868545550800869	1.7874387023033549	59.8641141443142	59.8641141443142
7.611868158954139	2.7034718561932043	241.59436814074968	241.59436814074968
5.7755090401507925	4.3132112669729246	1927.0799134168644	1927.0799134168644
2.3995619314406427	4.6807627337200604	60.159958477994159	60.159958477994159
9.6838504357880719	4.3983663151864878	21727.043338075331	21727.043338075331
4.3202625122867175	2.8946103205421627	69.112117668205073	69.112117668205073
6.9719755206701182	4.6201791891082431	7878.7108802268731	7878.7108802268731
8.1739520189625043	0.017387704897308585	1.0372061896698257	1.0372061896698257
3.8022109763471117	3.3571811336161654	88.569996029740068	88.569996029740068
1.6834473304200313	3.6800121021843299	6.7985613344810529	6.7985613344810529
9.5526966207482236	3.5416231722311853	2959.6264620063616	2959.6264620063616
4.2785099794759249	3.5867734492883248	183.78216129989192	183.78216129989192
9.1639664758414181	1.2038384763076542	14.394385345293932	14.394385345293932
1.8709828207636408	2.5111472952309106	4.8217794535450844	4.8217794535450844
0.45548616928697	0.38766150290744034	0.73723166518171557	0.73723166518171557
9.3928376411872261	3.7456451852264747	4403.0306435740495	4403.0306435740495
3.9639330167828075	1.0105167580932695	4.0217646896956243	4.0217646896956243
4.7246876020041562	0.39972962785463328	1.8602311289014872	1.8602311289014872
0.80172058688072578	3.8370631450343446	0.42828249849249406	0.42828249849249406
2.7359248835822547	0.1621920125638576	1.1773207676529365	1.1773207676529365
7.453164259661488	4.1618977436460094	4271.6214700919991	4271.6214700919991
4.779067227540045	2.3759862584230387	41.125383891447264	41.125383891447264
6.4041561942612448	3.3481150515415647	501.33413747041777	501.33413747041777
5.4901788062080552	0.37779668438261427	1.9028884204634506	1.9028884204634506
8.5096525928490276	2.3920123599023295	167.6334147394623	167.6334147394623
2.882035785356738	4.4176997684462922	107.35290375948939	107.35290375948939
1.8213682497585206	4.4296503992784269	14.238723246388938	14.238723246388938
9.6083293936465815	4.0097398588026127	8712.8930738971085	8712.8930738971085
9.2859304648791277	1.198955157538772	14.467026853543844	14.467026853543844
3.2676107698004371	4.1174100392289832	131.00777690182795	131.00777690182795
5.6390038930343431	2.9965678337918904	178.24975096730759	178.24975096730759
1.7522258640532367	0.51592983059452502	1.3355968683778594	1.3355968683778594
7.9803912268495623	0.60822196118352856	3.5369662627134879	3.5369662627134879
8.6574509257489911	4.7014289754850651	25531.285855602502	25531.285855602502
9.7319078758967148	2.1049710820736207	120.26193589750039	120.26193589750039
5.7253607567437506	4.1538654109987405	1405.4360062266667	1405.4360062266667
5.7349201994455514	0.26174343063038291	1.5795724791983921	1.5795724791983921
6.5539470864039364	2.2169205016891027	64.583575794410237	64.583575794410237
0.98274168265435979	0.21386124830757686	0.99628381638657149	0.99628381638657149
5.8006516891583324	2.083646882320906	38.977683924753542	38.977683924753542
2.5616906914741584	1.3808770690921113	3.6654317598407959	3.6654317598407959
3.0937334645027086	2.8776835181499956	25.79019008101497	25.79019008101497
4.4495472882208311	2.1001414690394831	22.990846010330245	22.990846010330245
9.8089786674396979	0.44424667357848124	2.7575638059631591	2.7575638059631591
9.0288764541655784	1.1229860551508404	11.834865608828398	11.834865608828398
5.9160744991487171	2.3698209007330764	67.543170481953979	67.543170481953979
4.236813874494846	4.4823143300235033	646.5284250809043	646.5284250809043
2.1556458150468099	3.0680700685571067	10.554528884578248	10.554528884578248
7.0445736068925822	3.8329372083792324	1777.3537314334499	1777.3537314334499
6.2952941319738791	0.35227854544266296	1.9119485594990704	1.9119485594990704
1.2391335969109896	2.9465863083366601	1.8809645629022469	1.8809645629022469
3.730189692205117	1.9141430105424149	12.427241551962984	12.427241551962984
1.7165471514902939	2.9653239987561166	4.96398304872337	4.96398304872337
1.5291274113915274	0.424599561112041	1.197608039825018	1.197608039825018
8.4973635237245002	0.73151076682731364	4.7838923281548569	4.7838923281548569
3.0943110828713429	1.3460995979702071	4.5745456581922106	4.5745456581922106
1.0857600089951134	0.8353885789476081	1.0711533321137439	1.0711533321137439
7.5249379413755069	3.5282002424080661	1237.3080089871471	1237.3080089871471
1.3159654951739317	4.4486087370237239	3.3921272375877303	3.3921272375877303
2.9738446616310865	1.7971894419778776	7.0899408922336162	7.0899408922336162
1.2149227107912002	1.0567205842102432	1.2284127044491382	1.2284127044491382
6.5496895042356122	3.2465584599226722	446.58924348528666	446.58924348528666
9.2561037832845692	2.1168803633477644	111.12529116463332	111.12529116463332
1.8038126669705279	3.1481245463708616	6.4050501834515829	6.4050501834515829
4.3390915004043755	3.6042792245994546	198.31852462455169	198.31852462455169
3.0726281648925768	4.9943233479510232	272.13387831434591	272.13387831434591
5.9182166385504766	0.12235901721647653	1.2430383126203526	1.2430383126203526
8.8200900892578193	0.30968977746263715	1.9624713692975526	1.9624713692975526
3.7639754331172619	3.390833301874308	89.520453248755331	89.520453248755331
2.8376112756286069	2.6917541630923782	16.566770556599014	16.566770556599014
6.4399924864096656	1.2559191796020166	10.372767381324785	10.372767381324785
5.4401707968186228	2.6135072390473564	83.662085212578532	83.662085212578532
7.3342700592033179	1.6052264641760021	24.495922115851773	24.495922115851773
1.6751091835726728	0.7054076841987631	1.438936861583457	1.438936861583457
9.719162935939238	1.1016034682693094	12.245467801599183	12.245467801599183
6.7980393028058161	0.32520961743177695	1.8650873446650742	1.8650873446650742
2.2782722959636463	3.0990321289877598	12.830138192614351	12.830138192614351
8.3689738429783702	2.9952462008990643	580.27042092868999	580.27042092868999
3.1925984081408894	0.5868128921084047	1.9762340166596533	1.9762340166596533
2.2012252442662716	3.0148908776779839	10.791853205024214	10.791853205024214
4.778506839082695	0.43732714230211978	1.981859769380371	1.981859769380371
8.6120508642300404	2.1239526116724985	96.855006788321575	96.855006788321575
7.6521004213450263	2.1074355803794882	72.863631043317525	72.863631043317525
0.57014661327829685	1.596773954352205	0.40772343724339705	0.40772343724339705
9.1646587814387299	4.8395754859431408	45314.214890674157	45314.214890674157
2.6038201078302494	1.9473259615176581	6.4465899144337202	6.4465899144337202
6.0633383281487188	1.3071951096737631	10.547682294721564	10.547682294721564
8.6668999528802093	1.3113425619158448	16.976990134794399	16.976990134794399
6.0175180220105329	2.9079229412032581	184.7080133174704	184.7080133174704
0.33827952359241492	0.59790656501915795	0.52305921401701916	0.52305921401701916
2.6196932285040573	1.8280781641679082	5.8155995192343974	5.8155995192343974
9.4789787610719607	0.44377573866330072	2.7130829894171979	2.7130829894171979
0.071446276327593081	0.99218033641725967	0.07293585744239578	0.07293585744239578
9.1583683834558016	0.93434742113663627	7.919035124368043	7.919035124368043
7.4642076083940303	2.6114082970123489	190.4219044269048	190.4219044269048
7.5067008599278484	1.931209927249121	49.054178992658898	49.054178992658898
0.57211186991680507	1.2689366579862527	0.49233271806929513	0.49233271806929513
0.81520256433335425	2.619050198556347	0.5855985428771	0.5855985428771
6.1623279911688371	4.6403356682152683	4620.4152720026859	4620.4152720026859
6.5800668558419133	0.40291514353674029	2.1363744790291026	2.1363744790291026
2.4836828347005055	3.7661940893552552	30.761586598733366	30.761586598733366
4.3754993403933806	0.65136344947064828	2.6154231501577927	2.6154231501577927
6.960881723582566	0.025164438741279195	1.0500383793567416	1.0500383793567416
9.5881767386461956	1.2139854307592786	15.552966559226522	15.552966559226522
4.0737146646228091	2.8027865786003394	51.247594476608249	51.247594476608249
5.7351510450267407	3.6448568769811605	581.81839838340875	581.81839838340875
6.4076284314672751	3.7624335641313906	1084.2890498022193	1084.2890498022193
4.5623789338637231	4.3662472596777171	755.42689015247402	755.42689015247402
1.1671440448896417	0.97031852885959058	1.161801962652081	1.161801962652081
3.7894262886140666	4.7010980375589595	524.7235722735104	524.7235722735104
7.3813688595564457	0.19233485207148748	1.4688349029659202	1.4688349029659202
9.4916394434209366	0.94023306291395459	8.2971423373607873	8.2971423373607873
9.5493734041942382	0.29090915639930764	1.9278962757171962	1.9278962757171962
3.652305896884438	3.1362178585388536	58.12100631884725	58.12100631884725
0.0037423584679272216	3.2625868869994576	1.2083032835493945e-08	1.2083032835493945e-08
4.3754620807016122	3.283202745042948	127.2364397277193	127.2364397277193
0.16433726259803827	1.9650620115788624	0.028765551310181173	0.028765551310181173
0.020149169876786485	3.8189640146801098	3.3420974556271967e-07	3.3420974556271967e-07
4.1991426371163243	4.0025788293792033	312.0682123934626	312.0682123934626
8.9738045795179069	2.0300910690514895	86.025914966242681	86.025914966242681
9.0853828241867998	0.79677354149575641	5.8020642083074279	5.8020642083074279
3.5022009512302024	4.2030265888619089	194.03494664221728	194.03494664221728
6.1196618050276559	1.0288823422151001	6.4483700580641301	6.4483700580641301
9.4121106922650704	3.9882912516663787	7644.4711869460662	7644.4711869460662
6.6037480362897485	1.4625131773319451	15.810820236930869	15.810820236930869
7.7845160407814369	2.2063018356642243	92.539245563722815	92.539245563722815
2.7893086641099378	1.3448154879898739	3.9729280042529682	3.9729280042529682
4.1796689672003655	3.856629638035407	248.6074904745264	248.6074904745264
8.0525984354347084	2.3808892564496182	143.52692827533528	143.52692827533528
8.8719751550439181	3.748490687877664	3578.0411422120942	3578.0411422120942
9.7189715001560231	3.3648094080004731	2104.5250812005934	2104.5250812005934
7.1001836252012254	1.2931669893951732	12.613445083712609	12.613445083712609
4.3075151770401119	3.4404077889526707	152.05436041878272	152.05436041878272
9.0283875978330705	0.48803800175076045	2.9266722537727046	2.9266722537727046
0.20455658325897669	3.7799032819698009	0.0024827988714394948	0.0024827988714394948
1.0341264451462793	1.6060069912544253	1.0553715304716969	1.0553715304716969
3.6167751340230945	3.7982182033040783	132.01610514913602	132.01610514913602
5.0203752766831773	0.75282884583448351	3.3692591096621585	3.3692591096621585
5.9074568925096305	1.7553068037103301	22.596680938267088	22.596680938267088
7.8381604775457658	4.6518549837964045	14446.230982457799	14446.230982457799
6.8717829084903927	1.5001634302579223	18.019425843858919	18.019425843858919
7.2307792158633566	1.2212167063114714	11.200855620034277	11.200855620034277
7.9767059827563145	1.2774313497376673	14.191154188774885	14.191154188774885
7.9773237737543514	0.91155238931285676	6.6388079106116304	6.6388079106116304
9.9527545646533362	2.6419815335648607	433.0596849044295	433.0596849044295
0.42897303140320359	4.532456073964215	0.021577696244109209	0.021577696244109209
8.7767107445452748	2.5109138512427935	233.68177698403986	233.68177698403986
7.2520018580759329	0.61192634229573928	3.3615289788483409	3.3615289788483409
0.90776877213655516	1.269134690456075	0.88443295697962465	0.88443295697962465
6.130260441146743	2.4932068862750381	91.906849774024963	91.906849774024963
0.62497460518019321	2.9887114531612164	0.24540958993397874	0.24540958993397874
0.48735496724985827	1.4146311741239339	0.36175652002959746	0.36175652002959746
1.9381144839837567	4.2267083662665552	16.393399743401364	16.393399743401364
2.6515480211507998	2.4703187973511325	11.121894413912671	11.121894413912671
8.1467339321458088	4.0735477312842043	5139.6660659784839	5139.6660659784839
0.81376652625051338	1.8106611285689982	0.68856589126539547	0.68856589126539547
3.4675542014415299	3.0042181488981017	41.912896344891763	41.912896344891763
5.681099068439682	0.73590225787773322	3.5907773669201903	3.5907773669201903
1.3568341264454784	2.3801292358370025	2.0674299896926707	2.0674299896926707
7.8641298200782614	0.85123139212802057	5.7863669325738769	5.7863669325738769
3.8720183620845394	0.97429051336094386	3.7395714823994002	3.7395714823994002
5.0451536126253469	0.52993999712340356	2.3576604288614833	2.3576604288614833
2.2884946636949506	4.8036718287281408	53.353110655153074	53.353110655153074
8.098414623057046	4.2829859135779742	7774.3562599620764	7774.3562599620764
1.3987162861142266	1.300827114713115	1.5472805143466648	1.5472805143466648
5.4147914019800698	4.1954877756386191	1196.0055178783425	1196.0055178783425
7.2194351782320982	0.9964202503144175	7.1685281445747853	7.1685281445747853
8.9067006244466693	4.4716087071567774	17650.709107965657	17650.709107965657
1.5790613369124222	4.0657221660829501	6.40671215489074	6.40671215489074
1.6368989214637848	3.7296762355446256	6.283943254933213	6.283943254933213
8.986060049200205	0.93956616929207815	7.8693972606931553	7.8693972606931553
6.9202126351064592	2.5555978613102335	140.28377424248379	140.28377424248379
6.5127038687582042	4.1052384766023549	2191.2116497590378	2191.2116497590378
0.16958274375042554	4.6569051913225987	0.00025781218573273296	0.00025781218573273296
0.28474732674266029	1.0923667321623809	0.25355365577790812	0.25355365577790812
1.3154011249121591	1.9290972209871649	1.6969727168047157	1.6969727168047157
8.0283726705488494	1.4549633343336863	20.710943241277885	20.710943241277885
0.573969634967887	0.48177497144385228	0.76531233823999123	0.76531233823999123
6.992444099741113	1.7672254329694028	31.092085677303697	31.092085677303697
0.055512507990944662	1.6867309110947806	0.0076229879321549759	0.0076229879321549759
8.4516644963654741	4.1989438937010632	7801.5068606270333	7801.5068606270333
3.1503452595183807	1.1480270680891589	3.7336074006772004	3.7336074006772004
8.0949110561767199	2.9398169158054182	467.71062898322049	467.71062898322049
3.7305232270746465	4.6737839825616287	470.24944487963853	470.24944487963853
9.8325860655804416	3.4614840510702312	2729.6288974425361	2729.6288974425361
1.1492429111889881	0.92624419823302617	1.1375123234732649	1.1375123234732649
2.5437636183573789	2.7974587606477312	13.623995486396435	13.623995486396435
7.2244588224767572	0.20839356192987743	1.5099741054834734	1.5099741054834734
4.1715835719568339	2.7910833182375434	53.865615864232588	53.865615864232588
7.53189257802544	3.127719715153634	552.98111029643928	552.98111029643928
8.0127655729640104	1.8310091602951846	45.16831825970921	45.16831825970921
2.9244046587194497	0.42812770280276885	1.5831554131134202	1.5831554131134202
4.0805325519967841	3.5262725967728743	142.41445789570753	142.41445789570753
0.6357955458545359	4.1391865281206295	0.1534243766257507	0.1534243766257507
0.65953732588438629	0.7443560378184445	0.73358381405207862	0.73358381405207862
5.3218684864005965	2.0693914933402899	31.806138884100598	31.806138884100598
4.2367022867944009	1.0503171737093056	4.5559423642715506	4.5559423642715506
9.3157808764757739	4.577533598529719	27329.62975087791	27329.62975087791
6.5340408332099118	4.24958324740747	2911.9446027868303	2911.9446027868303
8.467916140294685	3.9800705989439238	4927.3812081357901	4927.3812081357901
5.1374046606243384	2.1272511164669479	32.503527021304123	32.503527021304123
0.60574376298755106	2.4511313630627356	0.29265882192959419	0.29265882192959419
6.250172289065504	2.8673544026111086	191.47161428221136	191.47161428221136
2.2163029591203758	4.6509145810207047	40.503405801342829	40.503405801342829
5.101717348753251	4.1659982161300331	887.86151889423979	887.86151889423979
7.2287803269992637	3.1246448562428828	483.36268323472973	483.36268323472973
4.8596988406073649	3.7937551758550492	402.55738668972754	402.55738668972754
2.8000674542046431	1.5176337963517708	4.7713142232204442	4.7713142232204442
1.0242511613504568	2.8902160022763859	1.0717091331879927	1.0717091331879927
3.8264703216231895	2.0434605316941812	15.52120463011946	15.52120463011946
5.9884740651952093	0.59620239678436793	2.9069513623680852	2.9069513623680852
9.6643826149595089	2.4842219243140828	280.15032899180108	280.15032899180108
1.7512621782579794	1.9488519566012834	2.9802685556353494	2.9802685556353494
8.627196214431418	2.6261219043968138	286.88500883575182	286.88500883575182
5.1337919211168579	3.0671203570394825	151.00789595276888	151.00789595276888
2.6135251759907066	0.64385677387260665	1.8562404371839407	1.8562404371839407
4.1619663302108654	1.7832951184193382	12.717217627408711	12.717217627408711
6.5662202156591096	4.6392892229921765	6191.0274623786772	6191.0274623786772
7.497098784722108	1.4484591423432946	18.503211045838121	18.503211045838121
8.6353999054147366	4.8291844571596449	33226.200161267872	33226.200161267872
4.5088353800061505	0.12070700560165715	1.1993616353186771	1.1993616353186771
6.3489419220961363	4.3244443164247022	2959.6292409162097	2959.6292409162097
2.6515892731383679	1.4004150976396708	3.9181815137039768	3.9181815137039768
1.0856572079346942	3.5538406068874111	1.3392024588507219	1.3392024588507219
0.20192793949859544	3.8593697135416805	0.0020820736224145099	0.0020820736224145099
2.9494226712220453	4.8922133249703563	198.63404198604712	198.63404198604712
9.7062222054277676	2.9141216144609494	752.28847438596563	752.28847438596563
5.5345403873043706	0.51864932966896915	2.4288391438954124	2.4288391438954124
2.270991873990829	2.3800859515808828	7.0440705705005584	7.0440705705005584
7.1463902330415721	4.4779792182750144	6677.0190613149407	6677.0190613149407
8.7694796993692155	0.65652970286402212	4.1599712242733613	4.1599712242733613
9.6099088875446679	3.7692908611454423	5060.0494826537515	5060.0494826537515
1.9569172726660526	4.88688951030709	26.600048485931975	26.600048485931975
2.1293544635419299	3.9350478455380884	19.573632823354075	19.573632823354075
6.4692513871561461	4.1020950722317231	2119.3384188878244	2119.3384188878244
0.061737372239955422	0.72245045313855727	0.13373065015460187	0.13373065015460187
1.7708474616587737	4.8514576704638657	15.997066852009061	15.997066852009061
8.2084741380955943	4.2690396811710816	7998.7589790145521	7998.7589790145521
1.9903259901527446	2.4047197590082781	5.2339427056728649	5.2339427056728649
7.7508596088338599	1.3985124674316907	17.529393166870509	17.529393166870509
8.5644562723786368	2.6984272445708823	328.71728511077367	328.71728511077367
3.6709233764676807	4.7502330362458896	481.74185531073056	481.74185531073056
4.9451913457130461	0.26538455580280723	1.5283593345411182	1.5283593345411182
5.0568468981209804	3.4609517576213609	272.9568819650388	272.9568819650388
0.015680430118669299	0.41653361780029069	0.17713563028259591	0.17713563028259591
1.751961919169521	3.5696669940369752	7.4011967322008232	7.4011967322008232
9.1615148078527966	2.790036283511208	482.97387191013644	482.97387191013644
1.3881732927622414	4.1294730104331805	3.8745150437024773	3.8745150437024773
9.4804547867200544	2.4412758041429323	242.49870340152481	242.49870340152481
7.5988416596139565	3.028358974297984	464.74987089562268	464.74987089562268
5.5512525808896553	1.2529281400107899	8.56383746550609	8.56383746550609
5.9034160044676476	3.2689258274569841	331.64983213740328	331.64983213740328
2.8695288960430876	2.0499568327361768	8.6794453417025679	8.6794453417025679
3.4510854318572965	1.9097741613593482	10.650596108661427	10.650596108661427
5.8083274836771146	1.6042290139524138	16.815621920978888	16.815621920978888
8.234995508266401	2.1311397036443798	89.414212469509309	89.414212469509309
3.2842460677416483	3.7732687539195231	88.84861191590231	88.84861191590231
8.5594004646796513	1.5339033439338761	26.93258048971483	26.93258048971483
5.4129515057089916	1.0821890432661241	6.218911639566838	6.218911639566838
7.0169242406541166	1.6547583485764641	25.128609703386921	25.128609703386921
7.2243396667801472	4.8649426118285897	15066.20071844968	15066.20071844968
5.8600548870785278	4.8299580919994973	5116.0284558231288	5116.0284558231288
7.3360007077843434	1.4685101936119831	18.661042373174407	18.661042373174407
0.054983884907865883	3.5172830785342502	3.7072456673458381e-05	3.7072456673458381e-05
2.7122910257963277	1.5895088112985079	4.8841820865977521	4.8841820865977521
4.0893170465819146	0.12964533843233	1.2003217419979086	1.2003217419979086
7.6421772013244782	1.3672657051862442	16.128443455264396	16.128443455264396
6.2744237543550296	3.9819845484128278	1499.4318505913536	1499.4318505913536
3.4371873453543857	3.9029452140889265	123.81456311357714	123.81456311357714
8.0869114681423522	3.8757871515164677	3298.9252964730304	3298.9252964730304
6.3719976470961246	1.3913014157046211	13.15193913343616	13.15193913343616
9.4630619543678307	2.0466479807040985	99.447363534401177	99.447363534401177
7.2702677049663214	0.32910831058005507	1.9210709179791998	1.9210709179791998
1.2693113606854924	2.4206123193411071	1.7811413300072565	1.7811413300072565
2.3644768286785656	1.9391943177263016	5.3057271125486771	5.3057271125486771
5.7630657815590167	4.5442916610787645	2861.7500955099722	2861.7500955099722
1.2108729706890202	3.3441191319360959	1.8962324207228398	1.8962324207228398
5.2144099738842522	3.3246325991244321	242.35037783523512	242.35037783523512
2.0499244542840565	1.7094899524731111	3.4112435946613324	3.4112435946613324
1.6899155196745039	3.0185097007545747	4.8731827257008318	4.8731827257008318
1.4625140638979452	3.4423010690967928	3.7010425854558	3.7010425854558
3.9060573039152588	0.81199547478477907	3.0233545067597904	3.0233545067597904
0.43332987370205311	0.46077711277516042	0.68022773742327991	0.68022773742327991
9.0146808674170735	3.4965892907805691	2183.077685120571	2183.077685120571
4.2166971551953019	1.9520412484653797	16.594796279500354	16.594796279500354
5.9417875977170915	1.4050087260315278	12.228137427197684	12.228137427197684
6.5960917935037058	2.5352141865157622	119.41729826998643	119.41729826998643
7.8346665929746511	3.9781487611323869	3602.0241698299114	3602.0241698299114
8.2493616245320442	1.3630684566464912	17.747764661867084	17.747764661867084
4.371285502068555	2.9655948335986384	79.393921285163316	79.393921285163316
8.2951197342080381	2.1460431739293551	93.720176043007811	93.720176043007811
2.8187277720057735	3.2982390232855678	30.505827535133058	30.505827535133058
3.3441748832820357	1.9674645420866437	10.752760666053669	10.752760666053669
2.6155455460538795	1.5531045369429468	4.4516179250062571	4.4516179250062571
0.96668739417066318	2.8819871934454016	0.90697350393681098	0.90697350393681098
3.1787979823157886	3.6006672529372046	64.340092313120095	64.340092313120095
8.3268470927708975	4.0069948697478859	4879.339092181337	4879.339092181337
3.6782807554591148	1.7412484102607741	9.6589126661659002	9.6589126661659002
2.2678268820779053	2.5141845337698747	7.8355395679484179	7.8355395679484179
8.0130627537350314	1.1756876754135872	11.550075127869112	11.550075127869112
4.4496682720907739	3.3907279662397487	157.87110304428006	157.87110304428006
1.3862741272416976	1.7409462526531829	1.7658413819561258	1.7658413819561258
3.4654524857456592	0.094351062842702976	1.1244157618531525	1.1244157618531525
8.8668131013217426	3.9369673577511493	5386.7884968402968	5386.7884968402968
3.3071423158091013	2.1407597432263468	12.942668361673803	12.942668361673803
1.3283958860101279	2.8475890176509195	2.2448436427919574	2.2448436427919574
9.5405057028232054	0.26774856300109756	1.829274302535149	1.829274302535149
6.7546863781804838	2.4616066646503114	110.19494267464863	110.19494267464863
6.7610195032120588	4.4727004857878656	5156.9856120846525	5156.9856120846525
0.30949642242303121	3.0575473081266442	0.027711210826053899	0.027711210826053899
5.7600771479687776	1.9190805689647199	28.795403931263582	28.795403931263582
4.9149551886279861	0.43599444356114803	2.0021595679772783	2.0021595679772783
6.4895574891282495	2.016047474492459	43.397445756684981	43.397445756684981
1.5613313943115728	0.83412734530749311	1.4501053261783057	1.4501053261783057
6.2166524738388906	2.52524349047287	100.90753866757693	100.90753866757693
7.9026316051193177	3.3063845414786783	929.77655956166575	929.77655956166575
9.2685693916931875	4.7138593388449088	36171.113115159518	36171.113115159518
5.4258956993523402	1.341542398889757	9.667731472752898	9.667731472752898
2.1418545334101498	3.4924681068044912	14.297938569850229	14.297938569850229
2.3520325699123754	1.3654165534670022	3.2149548140030864	3.2149548140030864
9.5570818253025873	2.2156667542228976	148.61894879828995	148.61894879828995
4.0878779046086464	3.6874850621814441	179.84129892439756	179.84129892439756
1.4798305423394988	1.2082890664018084	1.6057032347607734	1.6057032347607734
8.1761293817911671	0.99369898265709977	8.0685923852973662	8.0685923852973662
5.2441959305263506	1.698089671712212	16.675517581854667	16.675517581854667
4.6198145543260276	3.8626466436306255	369.15585356501293	369.15585356501293
4.1640281715596883	1.4845629239880838	8.3120282221688093	8.3120282221688093
0.16777536639518112	1.9749970567288639	0.029433402456235564	0.029433402456235564
8.376357635314811	2.3355302689174775	143.16055936345549	143.16055936345549
2.4727076938285348	0.370791040126217	1.3988944401761587	1.3988944401761587
7.6847661959220348	4.4588204819181083	8889.3114241536096	8889.3114241536096
4.4574084715221716	4.2542023864384673	577.20228312172458	577.20228312172458
4.0986707046495789	3.0332713176087878	72.162658376751054	72.162658376751054
1.2372776633551392	1.1891796320661563	1.2881311373897275	1.2881311373897275
5.6536561607651166	3.2771453427699488	292.07390995939875	292.07390995939875
8.5814173300206527	4.3129085285995341	10625.629590633322	10625.629590633322
3.2299375982988932	3.2534216800774036	45.35479707829063	45.35479707829063
8.8783279830017232	0.01636201955811899	1.0363742488713756	1.0363742488713756
9.5120410830000122	2.4144012831444028	230.11520635851704	230.11520635851704
5.8067941598663406	1.1453468030693881	7.4984612140414661	7.4984612140414661
9.3211747243762524	4.9151811892489965	58226.930552650701	58226.930552650701
5.9071802287124431	2.8828935563538844	167.41989679122335	167.41989679122335
2.1356560109708846	4.2329033052265768	24.824135840714955	24.824135840714955
0.86158399809445607	4.4446153046330057	0.51573051769854183	0.51573051769854183
1.0611801237021921	3.7495170178522845	1.2493861726346571	1.2493861726346571
2.795109767548368	0.89058245248811896	2.4977846855458781	2.4977846855458781
2.6310528685348955	4.1100805949296229	53.304811659225308	53.304811659225308
2.4216295020910756	4.3144931747246877	45.418213257728318	45.418213257728318
6.7273436961970869	4.0422851860546007	2220.1380791099696	2220.1380791099696
3.1364298245261528	0.75267398740377789	2.3640363151651029	2.3640363151651029
3.6340210605346797	2.4192167079636824	22.682904143926933	22.682904143926933
6.4488382375073723	3.3945578411359723	559.54074428139506	559.54074428139506
7.8458871180402312	3.2185386073409989	757.60005107413031	757.60005107413031
7.6464460558591929	4.0150409226470636	3524.735754708036	3524.735754708036
8.2538529104765495	4.8681742230697118	29003.114751886518	29003.114751886518
3.406188037145423	3.7210284598412695	95.628354053048739	95.628354053048739
0.64738795187549236	1.846053173534314	0.44812568215955817	0.44812568215955817
1.2845123938466472	2.5114053757803152	1.8753656137967525	1.8753656137967525
3.0120069576460229	3.6700119970133231	57.201465750006129	57.201465750006129
5.0293299374839577	1.697902994170666	15.527307215121313	15.527307215121313
7.3530718528710723	2.8856093324066117	316.43935011254155	316.43935011254155
1.604446466512002	4.9884184494867965	10.574215844382037	10.574215844382037
5.9282537326061444	2.4190248890321437	74.084802336070382	74.084802336070382
1.6452393265150957	4.9225327388798243	11.598310609554744	11.598310609554744
6.3678882637639571	1.391470240532886	13.144247266846708	13.144247266846708
5.9966140643456018	1.6680851879923277	19.843288262676079	19.843288262676079
0.74141804843603909	0.2406106956599447	0.93054162564832776	0.93054162564832776
2.326766180284785	3.2683813553069561	15.801118357531452	15.801118357531452
5.5472069330557128	1.2261728615862453	8.1726668540785781	8.1726668540785781
7.1814356292253585	0.86346648858030539	5.4866813769933369	5.4866813769933369
1.0675785149504122	1.4158903945255989	1.0970111441540706	1.0970111441540706
8.482715194310547	0.17741998666454123	1.4613042489666659	1.4613042489666659
2.8622965004634287	1.6519526399354221	5.6816034873063206	5.6816034873063206
7.0511733868399054	3.2841151638958523	610.64401803221119	610.64401803221119
3.6059061990999486	4.6517857438233303	390.04234797196136	390.04234797196136
2.0777197514194556	1.623877051644478	3.2788548367698649	3.2788548367698649
2.9123798207148219	0.12036389405111099	1.1373095833730649	1.1373095833730649
0.85188145696944828	4.3398737946146078	0.49871721833415122	0.49871721833415122
1.1663008674380686	4.1583688679956818	1.8959335569631284	1.8959335569631284
8.5002716399633567	1.5123835680314581	25.448307341589768	25.448307341589768
4.0470224346308488	4.1635688163837825	337.17153340630438	337.17153340630438
5.7069360143119416	0.9426049316915408	5.1640352872910169	5.1640352872910169
3.9793701748425629	3.8004358374956788	190.35133012152065	190.35133012152065
9.5436931232983859	2.3483323135528571	199.84801347592656	199.84801347592656
3.6301521357126241	2.2944716393892173	19.263341947906131	19.263341947906131
0.73283125020286266	4.5950583286794853	0.23970959451892127	0.23970959451892127
1.2669474897657409	1.6875967151665636	1.4907853001776132	1.4907853001776132
1.1973316232200089	1.7146025029115415	1.3617792013595427	1.3617792013595427
5.1467887041490679	3.4940891106221308	306.31719352032928	306.31719352032928
7.5777781530661201	4.8365317826736813	17944.538325240657	17944.538325240657
1.3103430454078244	3.238451363940503	2.3996374955836703	2.3996374955836703
3.3267348682196167	2.3271351243851397	16.398603523794684	16.398603523794684
8.8380987300621232	4.6494749996762081	25123.017909309885	25123.017909309885
8.5098904279996272	2.1072849109061713	91.120217246614757	91.120217246614757
8.2961056636655712	4.1425052645879905	6403.855459425663	6403.855459425663
7.4446899977374157	3.0599223673758891	465.35348186269232	465.35348186269232
4.9118327173345406	3.7576310879098482	395.76585178546924	395.76585178546924
7.3748967947499491	2.2951689093672205	98.094909476723956	98.094909476723956
6.3084423186858807	1.5467231144584686	17.26863691242745	17.26863691242745
5.8368719187976073	0.70858817056156642	3.4906491572442779	3.4906491572442779
2.79427481236893	0.15453595284786203	1.1720998842949928	1.1720998842949928
4.3708315002999445	0.82976642618065477	3.4003103267931678	3.4003103267931678
8.5687689514497869	1.7846446921562902	46.230429587868414	46.230429587868414
1.5636262524714863	1.1849416704243736	1.6983853150644148	1.6983853150644148
9.6403899204182011	0.31559819087127272	2.0444593288159711	2.0444593288159711
9.6227813817109933	4.9185797390964101	68618.702732210324	68618.702732210324
4.0470045034908555	0.55248530257825845	2.1648730754316676	2.1648730754316676
0.3049083787522105	2.6941851837372348	0.040762116796589268	0.040762116796589268
6.8400971853557699	4.5000929312156392	5726.0855029798922	5726.0855029798922
3.8496910975605148	2.7440722834336735	40.406472578131705	40.406472578131705
4.1397792315340531	3.7293319267238112	199.94599101294241	199.94599101294241
4.4315249488119592	4.9825859919055295	1665.3553273485857	1665.3553273485857
1.9089600787423833	1.0548255629231005	1.9778424391467582	1.9778424391467582
6.0179376842417494	1.3396635281599287	11.071274976766514	11.071274976766514
5.9277895963233256	1.6733058939871202	19.64653854054302	19.64653854054302
4.4388322693194127	4.2756299804990574	585.43894172831779	585.43894172831779
0.61104614179899064	2.7670582282993372	0.25589059186127555	0.25589059186127555
1.7644516844953042	1.1505095727415033	1.9218828082247947	1.9218828082247947
2.3958798576240361	4.7182062528083284	61.715507893791823	61.715507893791823
2.6146332521813842	0.6904584689828458	1.9418013924274466	1.9418013924274466
7.7809668407456689	1.4614038479160336	20.052100833803919	20.052100833803919
9.9596644869972142	0.59843670584502207	3.9571842784126159	3.9571842784126159
2.6821908803473677	0.028313874860529949	1.0283292833486901	1.0283292833486901
5.3736564394099791	1.3360163930340008	9.4548045022475762	9.4548045022475762
5.6053845527497721	1.1391327466722891	7.1246074316269468	7.1246074316269468
1.2607854674860328	1.7504079325149053	1.5002483049808781	1.5002483049808781
8.5383749259227066	2.9112582571482877	514.60476446269718	514.60476446269718
8.2123330945141326	2.3304945167657425	135.25685809300958	135.25685809300958
6.350910734332377	1.4853479019383264	15.577249673368017	15.577249673368017
6.1481972881279523	1.8668152914602001	29.678807359402374	29.678807359402374
8.5013250264935678	3.8704573720823081	3958.5701281434426	3958.5701281434426
7.4668978750330091	1.8498572475856605	41.227286224782247	41.227286224782247
6.0625279390273814	1.2123499066660735	8.8889447019109209	8.8889447019109209
3.3899133292535151	2.7267004650700333	27.903937310280998	27.903937310280998
1.9652706703529332	2.4921669312867021	5.3858906838633169	5.3858906838633169
9.1475822299751428	2.0236303834184888	88.171591785394909	88.171591785394909
6.5104609700699392	4.6308266635966087	5857.2658717535642	5857.2658717535642
1.7992908419737597	4.1334786571745665	11.33590156851494	11.33590156851494
9.825320744984932	1.3712694959164073	22.949583566430263	22.949583566430263
1.5436477333628693	1.0304143284988123	1.5641657297391012	1.5641657297391012
9.4843225622035945	4.1964111065200589	12586.939806529694	12586.939806529694
9.5219171636218309	2.713072328371871	452.220331484101	452.220331484101
4.6555769288652389	0.61731924430903151	2.5843593468225086	2.5843593468225086
4.7072821157958353	4.572259076848054	1191.4608530364817	1191.4608530364817
8.9820387572228704	1.1439162359640593	12.319158850946446	12.319158850946446
6.6195444962603158	2.0211560119700254	45.605966181486032	45.605966181486032
4.0114812151533039	1.142999095317359	4.8930178278689338	4.8930178278689338
6.5780909857510732	4.1200776506876675	2347.6590027517577	2347.6590027517577
9.953865852475742	4.4866647798959365	30036.863823965625	30036.863823965625
3.5950855751282749	1.6170671455258532	7.918066454405384	7.918066454405384
0.66654831645801826	4.5970781331852191	0.15493169254797678	0.15493169254797678
2.2507207128264284	0.70940770800243291	1.778032373716232	1.778032373716232
7.3336534027724873	0.18076916656513242	1.4335843261359924	1.4335843261359924
6.1665057411316297	2.8819547409878394	189.17208284263023	189.17208284263023
4.2240995927453842	3.3178932176803793	119.15687075818995	119.15687075818995
6.4310634905967357	1.4028492831167623	13.611279202126008	13.611279202126008
6.88163144150821	2.230012089225434	73.800953032686095	73.800953032686095
6.2709046414840577	1.3821667222764749	12.648623472620848	12.648623472620848
7.3475540784438609	2.1421739655150676	71.685040956488891	71.685040956488891
8.2390646272447583	0.23779046455789554	1.651151918825605	1.651151918825605
8.5088411180933505	4.7543397636382387	26358.451080166633	26358.451080166633
8.7011081770449152	4.192594475986164	8694.7108533757291	8694.7108533757291
6.4467115650760656	0.59803447093602202	3.0479803721842496	3.0479803721842496
5.1572326999853377	3.6421115707027942	393.27940765538773	393.27940765538773
7.1911025938591822	4.1494022815437468	3590.7828259251787	3590.7828259251787
6.8746254557133479	2.9945230106505649	321.48559757674144	321.48559757674144
8.2722853668132004	2.7785227477917407	354.52212780770088	354.52212780770088
8.7989906817480659	2.5231647476482162	241.52366666702687	241.52366666702687
8.8226058197556529	1.096343926777317	10.881766240235512	10.881766240235512
1.3673173390735625	1.2725950242919482	1.4890408836533655	1.4890408836533655
2.9282957623754391	4.3156274380194724	103.21343546101541	103.21343546101541
4.0537659602800735	0.47144506361619176	1.9345144144623718	1.9345144144623718
9.3045940196685173	1.9004627750939638	69.338334135738421	69.338334135738421
2.3234306071724391	1.6769067830071991	4.1111695467711868	4.1111695467711868
9.6741009498594384	1.4132390418612299	24.711744277543449	24.711744277543449
3.727340036634192	0.25889587378393758	1.4058301303746548	1.4058301303746548
0.17752684633028865	0.27322371641431947	0.62356413809869737	0.62356413809869737
2.2922442626366601	4.1199708523112442	30.497510120850453	30.497510120850453
6.2085676922600719	3.0122227123004115	244.71848075538242	244.71848075538242
1.7549329829874476	3.4427441078256473	6.93308496269879	6.93308496269879
1.3204823948414006	0.93083350693918698	1.2953345927651647	1.2953345927651647
7.1408287525452323	1.9122552378638804	42.9126433249263	42.9126433249263
7.4063183638002865	2.5149544294487853	153.81912924039841	153.81912924039841
5.1628454765215324	4.5727661046039056	1819.1781688309575	1819.1781688309575
2.2839360882129873	0.21739853224610639	1.1966781560716686	1.1966781560716686
3.7117028236445315	3.3456544558172547	80.462793335417842	80.462793335417842
5.2061653493529212	0.34309578070623853	1.7613038643577859	1.7613038643577859
3.824348190099562	1.9548850128053936	13.766792964178235	13.766792964178235
0.86800024010498666	3.8859961709473767	0.57688381458105731	0.57688381458105731
9.0013445994687586	1.6881338141273354	40.831804283088928	40.831804283088928
8.9564228078529435	1.2705128033773607	16.206871309052964	16.206871309052964
6.1800089457634266	3.4243754705869636	511.26219984536067	511.26219984536067
3.8205711033960332	1.3160947259556068	5.8362779640797093	5.8362779640797093
5.4420785902473598	0.84254477795460181	4.16787607859853	4.16787607859853
3.7647144411337341	3.052879463042641	57.232210606596254	57.232210606596254
8.2202638616299701	2.266165842153756	118.38123178348191	118.38123178348191
9.9108141905858265	1.7996295770101987	62.033719135133232	62.033719135133232
7.6748519708064205	0.32458306353163235	1.9376651778973932	1.9376651778973932
9.8109168986045105	2.8168383782235633	621.56371427330885	621.56371427330885
0.29604665777521449	3.8988343723563128	0.0086880203768453235	0.0086880203768453235
2.8657051421707909	1.2066872485330222	3.5623404663064675	3.5623404663064675
5.7607900049266201	3.085113567477602	221.90826251315707	221.90826251315707
1.9943029461025377	2.147182422683966	4.4025697636125525	4.4025697636125525
6.894534225219676	2.6620326955817672	170.65835061162946	170.65835061162946
0.35749373251847022	0.85400909788810653	0.41541978520974787	0.41541978520974787
1.0045123091463906	3.1525268137794651	1.0142943789695691	1.0142943789695691
5.1081589674555108	4.3799180771422535	1265.1443119380499	1265.1443119380499
2.2156503453024428	4.8287321420193194	46.594308379234825	46.594308379234825
4.9215131919233137	4.7816251900541316	2038.7142373840691	2038.7142373840691
2.1735382999018897	0.29595668816624637	1.2583078809754416	1.2583078809754416
4.3650795636165078	0.29847666044095772	1.5524682385853661	1.5524682385853661
9.1783382593028904	4.5947508876936904	26525.343432359445	26525.343432359445
2.3995580652033088	3.7328260785475686	26.240003822024679	26.240003822024679
3.811923777714612	1.9113017751018599	12.904523010302521	12.904523010302521
0.44433454131449324	4.8173884377825882	0.02008549736614906	0.02008549736614906
0.69651491181415459	3.7797454088915643	0.25486897443007239	0.25486897443007239
3.8734174256949587	2.6005687628881402	33.836051045712054	33.836051045712054
1.3699388997265449	1.2983343893134525	1.5048176142175294	1.5048176142175294
3.7939676672223484	2.3498404646086919	22.949732820191425	22.949732820191425
6.4551786424093507	0.73416371458956131	3.9319253212442824	3.9319253212442824
7.2484348779696255	4.317121188072905	5173.4307677272336	5173.4307677272336
1.3216558734163129	2.4623433945473545	1.9871702115947008	1.9871702115947008
5.9085392973025286	4.3959957146874569	2462.7670711040046	2462.7670711040046
7.9348065020142364	4.7453761312260099	18562.577484143545	18562.577484143545
8.4934135624583256	1.937571259495841	63.119435567276113	63.119435567276113
4.7742291236719563	1.9275242609688883	20.351784723378465	20.351784723378465
2.6962360633587794	1.5221740281012244	4.5257286153548355	4.5257286153548355
6.0299315492362782	2.3191344515583925	64.513310513812229	64.513310513812229
3.2191498527627909	2.1471860808397438	12.308774741126358	12.308774741126358
4.5327246692377461	4.8655223470716527	1561.460614737196	1561.460614737196
1.7529769684310894	3.4564631547090348	6.959907830470228	6.959907830470228
3.2181021418119942	4.6119372648578674	219.28985769532832	219.28985769532832
1.9218987052251166	3.0933563020747261	7.5453521277349687	7.5453521277349687
8.510949922118705	0.31060790483338169	1.9447264858848659	1.9447264858848659
5.5508684706602445	2.7925504887689341	119.85757804320336	119.85757804320336
2.8552505531354742	1.1931472610595419	3.4966378816394457	3.4966378816394457
8.9395558479038257	1.720788570055559	43.352445336756745	43.352445336756745
3.5456701511558113	4.5186097901518618	304.6998648169461	304.6998648169461
2.7119825917147944	1.9119028004361596	6.7360054929143871	6.7360054929143871
5.9470125905319655	1.1090805715785867	7.2237019711259967	7.2237019711259967
8.708492886983624	1.2995734508129431	16.654245793801614	16.654245793801614
9.201828550123869	4.9428858144809737	58119.222996901924	58119.222996901924
2.1109468972618468	3.8629602664529634	17.924330769958281	17.924330769958281
8.2912272559455982	4.6599895321284457	19087.721089152088	19087.721089152088
2.8148261991482899	2.8766630085766294	19.630020247097985	19.630020247097985
6.2394054858434211	0.24741772515374871	1.5730137695935016	1.5730137695935016
0.28520834224130359	2.0772575679969822	0.073829785583138047	0.073829785583138047
7.636321220806737	4.5612510363654515	10642.812730773318	10642.812730773318
9.8005947751809934	3.4853625826580266	2850.1921478231529	2850.1921478231529
8.0624144312181496	0.74166509831414018	4.7021181901017837	4.7021181901017837
0.66274171817498739	1.2089383369585094	0.60815780736801939	0.60815780736801939
0.54677522068187501	4.8779429210649834	0.052607348322610062	0.052607348322610062
9.4946710484990966	3.6717590279376062	3882.135870902745	3882.135870902745
0.88814624776557782	3.3816608706628792	0.66956385298167487	0.66956385298167487
2.5085093848718016	1.7546314355571544	5.0214298044926418	5.0214298044926418
8.1191665877386381	3.2408527237131466	886.32432249977421	886.32432249977421
4.8618265853068259	2.6681458530630908	67.99565192034099	67.99565192034099
1.9273369836808241	0.4972399741483986	1.3857737711507332	1.3857737711507332
0.55506356341115926	0.35585444268295141	0.81100441957667868	0.81100441957667868
1.332068640719378	2.360089995440755	1.9674060071304909	1.9674060071304909
9.6045968757868092	1.3813208617263797	22.757205653544553	22.757205653544553
6.8408800691625977	3.2897950814797206	558.91694080146874	558.91694080146874
4.785490689486795	3.1760077935434481	144.36163283172152	144.36163283172152
7.2755972003511369	4.7155837834815557	11593.479971126782	11593.479971126782
1.6168573745175687	2.7365216288834064	3.7242142087220218	3.7242142087220218
8.6262243012965243	3.630162018383905	2495.6342100996808	2495.6342100996808
9.1806300732244885	2.1133060175245002	108.35381910871662	108.35381910871662
0.21854386595438161	0.98140459753279208	0.22481235055149817	0.22481235055149817
3.6544475144047772	4.9385823082234124	601.92368537732409	601.92368537732409
2.4326566236902596	2.3007022701102993	7.7313796377306963	7.7313796377306963
9.0937431598097405	2.525884527816098	264.04218116767623	264.04218116767623
7.1145903958443295	4.3364294654406015	4957.7878971877462	4957.7878971877462
8.4131211636519474	3.6203248412579363	2231.7488719566527	2231.7488719566527
9.9751602167033013	2.205860697667438	159.76369750543998	159.76369750543998
0.15196685942867649	1.5922514643281178	0.049789580746017997	0.049789580746017997
0.1782605552927865	3.6253082449397169	0.0019268346213229886	0.0019268346213229886
2.0705548868339707	0.48858201937045509	1.4270339367552365	1.4270339367552365
0.55620118773208738	3.1770096838739765	0.15509554280873386	0.15509554280873386
2.8121941439725844	0.86196299504537055	2.4381500590133047	2.4381500590133047
1.1270947395622533	2.4679736362758522	1.3434977816137104	1.3434977816137104
8.5213250413091259	3.9492270986627065	4729.159693102104	4729.159693102104
9.1732009734206557	3.3031559952838414	1511.3209735852024	1511.3209735852024
1.2626927141038715	4.706929436819169	2.9977886168851597	2.9977886168851597
5.112100765582781	0.52359723539945957	2.3497447602310251	2.3497447602310251
4.1041209810190988	1.7904639324929819	12.52992781785929	12.52992781785929
0.25967959331830526	4.8134567523226179	0.0015185244257884341	0.0015185244257884341
6.5554230732821406	1.0507888579066265	7.2123192711535884	7.2123192711535884
7.5801091978155384	0.64286877234160167	3.6771884247268347	3.6771884247268347
5.6167113709534986	2.4077970510312934	63.767707982806591	63.767707982806591
8.5236225459675889	1.7711254442014077	44.488956194988774	44.488956194988774
3.7431370766906009	4.5433702270902261	402.18156166681734	402.18156166681734
9.3528496440789546	2.855358359996123	592.09709791038267	592.09709791038267
7.2582182401622886	2.5326478744827616	151.41863492577821	151.41863492577821
2.0783439442546574	2.2032405382611757	5.0119635084993304	5.0119635084993304
5.8344585760532084	4.8210408845994994	4930.8299020103304	4930.8299020103304
0.70736416634205157	1.3690377824312194	0.62252337339705033	0.62252337339705033
9.8459845771485845	4.6769058679198388	44195.652727554458	44195.652727554458
7.3836151858411592	0.43142853464886366	2.3691690241651084	2.3691690241651084
3.2567224698321082	0.2201524494080343	1.2968505729840938	1.2968505729840938
2.5716588159875426	2.5543506351879044	11.164228863770335	11.164228863770335
2.4809451504490001	3.5319100106152468	24.760095067338874	24.760095067338874
6.1631407454410345	1.5539097867211924	16.87645363113193	16.87645363113193
7.3628822981220265	4.4582461051622992	7336.9022972706116	7336.9022972706116
4.3135993213710124	2.6583298661627932	48.709492688906288	48.709492688906288
9.0728147221170552	1.4325678300386422	23.552143515928361	23.552143515928361
9.8120597312091178	1.6458998521118338	42.888211810949635	42.888211810949635
0.44794139815674378	4.4143143809463989	0.028865609546787126	0.028865609546787126
5.2217060113149003	2.4802612686802816	60.306251656519848	60.306251656519848
5.256445508005589	0.062585406806395738	1.1094425352979123	1.1094425352979123
7.8161722966038756	0.085347579908172932	1.1918315762106779	1.1918315762106779
8.2845869011466178	4.2556541896526827	8088.0387513476935	8088.0387513476935
5.5412120081314633	1.7167402004510657	18.904978867207369	18.904978867207369
3.8917323829754142	1.442062592677388	7.0961550904756781	7.0961550904756781
8.7934087453155332	0.36200739748656202	2.1968070461514624	2.1968070461514624
8.6824045508267407	1.4710350063922832	24.031026609932436	24.031026609932436
7.9732221434427073	2.8738112446825332	390.0547199818069	390.0547199818069
8.0174196033383165	2.4835070640200869	175.8637579114731	175.8637579114731
5.5724219296729984	0.99399018572943731	5.515189088557074	5.515189088557074
6.0835446266758462	2.3953322254396898	75.564151322913418	75.564151322913418
6.5421632551760016	1.3666257404831463	13.025242915915181	13.025242915915181
5.9394984897624212	2.8177719948174964	151.4434346040874	151.4434346040874
7.3349173481953365	1.3951993291125317	16.121254593305878	16.121254593305878
8.9361226110800764	4.6300191472261085	25341.86849832593	25341.86849832593
7.4875841775569789	0.68569283400728331	3.9767642908991934	3.9767642908991934
6.814139629693976	3.5270247692276007	869.88399545042569	869.88399545042569
6.5903144318394578	3.8718859611655727	1481.5324583582426	1481.5324583582426
5.7143465479447899	3.1187853512491248	229.51774306994523	229.51774306994523
0.2216069744765648	0.68772586031902483	0.3547650248892949	0.3547650248892949
5.4366120900898416	4.3248801071875231	1514.2826220431248	1514.2826220431248
8.1514833660810666	0.11712187816605335	1.2785736430925554	1.2785736430925554
7.7173978736866546	2.4304200584525537	143.52483455885857	143.52483455885857
8.3786103774789851	2.9043096079927007	479.92933436579801	479.92933436579801
4.4979105893745253	2.5048055038136581	43.218042416124199	43.218042416124199
7.318743135181828	1.8805858164866605	42.232523332013564	42.232523332013564
0.89106142390162546	3.9511033367089343	0.63398636689999732	0.63398636689999732
0.32825560123346353	1.5632885807120318	0.17526692675350639	0.17526692675350639
1.5504945489713482	0.29509652703675193	1.1381699297279266	1.1381699297279266
0.057637082552879831	1.3819771020786549	0.019378427265658683	0.019378427265658683
2.1822318281109769	2.2275617080108425	5.68751605799803	5.68751605799803
5.9706708676626477	4.2941387865434359	2149.5672063057873	2149.5672063057873
2.0960565336706876	2.7794465273334361	7.8220831820687424	7.8220831820687424
1.4694686117372491	4.1442735220549904	4.9289914254453757	4.9289914254453757
9.3292687734386313	0.69047912753585294	4.6736859691898163	4.6736859691898163
7.5646537217755014	3.4250023237300109	1022.950331270884	1022.950331270884
3.5558754244127053	3.8895918458275505	138.98155297679523	138.98155297679523
5.5164231468722669	4.2530297926175074	1426.5656090625259	1426.5656090625259
5.1529916551762645	0.77100636503548881	3.5399926464438196	3.5399926464438196
9.5632347504275099	4.829243894871488	54397.610606088907	54397.610606088907
3.1579090735034043	1.7384892241791647	7.3824558745854061	7.3824558745854061
3.9655016574029394	3.9246964271666034	222.91462142592252	222.91462142592252
3.896163627734301	3.8125638055587343	178.58376061930434	178.58376061930434
1.7079758925753008	3.4259668498459837	6.2585643566696154	6.2585643566696154
1.6363009086871849	0.63054726760789537	1.3641145412814173	1.3641145412814173
3.1340051114186478	4.344555434951987	142.99888456789941	142.99888456789941
5.0356799286111915	0.26770938376854531	1.5415142586545241	1.5415142586545241
7.7283791129893782	3.846209924221534	2604.8006241389166	2604.8006241389166
4.4814060369649873	0.17069147825536032	1.2917868788656781	1.2917868788656781
3.0818178514756536	0.85270345278758297	2.6110031037334474	2.6110031037334474
4.1590497749493069	1.3328290485340775	6.6836444907226218	6.6836444907226218
4.1748197785323429	1.4034586040256258	7.4308648979996059	7.4308648979996059
4.9544283610153954	4.6704724724101236	1761.7661370045128	1761.7661370045128
3.7798492158838739	4.5835570010950839	443.49341428995695	443.49341428995695
7.6768146105242625	3.7342868959671822	2020.7845191366712	2020.7845191366712
5.2404907007707422	2.9657603868041611	135.98307150297219	135.98307150297219
1.6382782139689402	2.7123146218687828	3.8149317619337983	3.8149317619337983
1.4540774104543766	3.9189958394171893	4.3369043525236339	4.3369043525236339
0.88162965124499371	1.9281541744853816	0.78433814215295672	0.78433814215295672
1.575807214620373	3.5267076565223308	4.9720517512373217	4.9720517512373217
3.9765489795680757	4.2727333404857522	364.36001389723771	364.36001389723771
3.0305296291127997	3.9275364893896296	77.836198010047852	77.836198010047852
9.165347284831677	4.8463495170432722	46016.118249086467	46016.118249086467
1.570366484220447	0.77596388271066086	1.4193506817641082	1.4193506817641082
0.92152590504888821	0.095302547706592022	0.99224170948846468	0.99224170948846468
3.5647163045912533	1.7722325262198435	9.51298061202505	9.51298061202505
4.2949804400499749	4.6134161335530273	831.98092145760688	831.98092145760688
1.5078079499272301	1.5209858794350386	1.8675050782904496	1.8675050782904496
1.1590881946867364	1.2641475506544089	1.2051821602454806	1.2051821602454806
9.0181298367746905	0.70549404489263046	4.7187719745818404	4.7187719745818404
1.3529491578524999	2.5336410573611658	2.1508996026248264	2.1508996026248264
9.805807800976579	3.9030009885217116	7409.0171308149484	7409.0171308149484
4.0259860974791559	2.9669199245947961	62.317151297257027	62.317151297257027
3.026326916744976	4.3701537861895066	126.37936866149366	126.37936866149366
4.6913288841408276	1.8730090272654218	18.086029853962948	18.086029853962948
7.6375185953627653	1.8607512655088951	43.949564259678972	43.949564259678972
1.4931803655456979	4.6176993339775514	6.367927582393393	6.367927582393393
1.5498232827463878	3.7803301764840951	5.2399780851472766	5.2399780851472766
5.1297626883898921	4.8936845350604932	2985.3279701503216	2985.3279701503216
7.2578447858048643	4.1486263945600896	3725.370287192437	3725.370287192437
5.2841177209017101	4.9739977582541259	3945.1499656178839	3945.1499656178839
9.8433816893876998	2.3824957778229758	232.36042537197886	232.36042537197886
0.14011932142483768	4.2793071946802277	0.00022263982889652356	0.00022263982889652356
7.80813502387395	2.6675390086405799	240.3835692942184	240.3835692942184
9.5689230181366227	1.9590103413984195	83.468167598893089	83.468167598893089
8.7742871459437861	2.4406609483162938	200.47504105581731	200.47504105581731
4.0768384323763449	0.12623926223835813	1.1941167448927312	1.1941167448927312
0.92216920563092397	2.4541725969480006	0.81967025825095863	0.81967025825095863
1.1474016993594924	0.96352579987265197	1.1416616534863637	1.1416616534863637
9.3677997415071008	3.1802295504731171	1230.3554627672274	1230.3554627672274
6.360197814673314	1.4425040190364697	14.421472403564575	14.421472403564575
7.7954916126258675	0.34817269532888601	2.0441631649744405	2.0441631649744405
1.4691352466030938	2.571753432481017	2.6893151690691961	2.6893151690691961
9.0836017112343459	2.47228980824393	233.93310937503176	233.93310937503176
6.004414311802341	4.0225124614240828	1353.3430478196499	1353.3430478196499
7.3955558180020278	3.4780615396135022	1052.771175241837	1052.771175241837
6.6611852700472127	3.9485026262187906	1785.6457809833391	1785.6457809833391
6.4704076982481284	4.113634025992285	2167.0853334745711	2167.0853334745711
4.7557260750174279	2.1651325625113644	29.259319029299093	29.259319029299093
3.3014334147921014	2.2105223644007497	14.015337839397631	14.015337839397631
2.8427074803539099	0.9964185338384357	2.832090621887803	2.832090621887803
1.5957438839120788	2.3507964351459734	3.0000268396465031	3.0000268396465031
5.158523307965126	1.0249352472683551	5.3739348141576899	5.3739348141576899
3.4594967575708377	0.27369782856967995	1.404515925499688	1.404515925499688
7.1460105438719985	2.7164084828865542	208.92275832524504	208.92275832524504
5.0276658275640429	4.4935383336909833	1417.8060383104532	1417.8060383104532
6.7433573869392882	1.0449716087351963	7.3477111016265271	7.3477111016265271
6.4082865936114697	4.477058624729203	4091.0133671126496	4091.0133671126496
1.789713359683123	1.5653557303122212	2.487116157664516	2.487116157664516
9.7138421702391327	1.0094395029057051	9.9245659821831449	9.9245659821831449
4.6215096066702008	0.93146857153938734	4.1612640315412941	4.1612640315412941
8.8640006551934754	0.2473780988928716	1.715626924517007	1.715626924517007
2.4915812698362254	3.8107628767135986	32.424435994338765	32.424435994338765
1.8496734999492548	2.7490189486544074	5.4231225793616398	5.4231225793616398
6.0247011270354989	2.8110005583393773	155.739632865879	155.739632865879
9.2036787763016008	1.4490129884622773	24.934040771155555	24.934040771155555
8.3899426327168296	2.4387414728407415	178.98200258393743	178.98200258393743
2.0187317341637252	3.4154268222707245	11.014725231637314	11.014725231637314
2.948376449360774	0.53632831515515289	1.7858732146564014	1.7858732146564014
5.2449990442980541	4.59781469362016	2038.2433655533644	2038.2433655533644
2.4508141192078474	0.31864528431699779	1.3306134673607792	1.3306134673607792
7.659448619257927	1.1921987073396676	11.327631828818681	11.327631828818681
8.9128729608650037	1.9375614484955088	69.297521620301126	69.297521620301126
7.1531141300330017	4.7128311475108902	10643.66945982932	10643.66945982932
1.5685886703435579	3.5161438359667456	4.8689803841113291	4.8689803841113291
1.2275092292490446	2.7813193819399409	1.7685050631005661	1.7685050631005661
3.985311463848999	3.4307467926502451	114.82435157861573	114.82435157861573
7.4354993313383888	0.042145144237508529	1.0882319976901007	1.0882319976901007
4.935690351969507	0.65712999439786568	2.8550893591249276	2.8550893591249276
0.32295167695851584	4.4489593018441669	0.0065489686349443962	0.0065489686349443962
3.8522515141007991	3.0321017201937801	59.696153841604072	59.696153841604072
2.9672559239690659	4.3385726528522408	112.03314032580769	112.03314032580769
2.2767280994539778	3.0321154803917931	12.117379866799149	12.117379866799149
5.0963471393651725	3.7811033668579186	472.30157669206255	472.30157669206255
7.7567102307168589	3.6329934291612482	1706.8397857743043	1706.8397857743043
2.9398958317944675	4.0039229171582349	75.017916366562403	75.017916366562403
5.5440325363842247	0.89934549641573325	4.6661248693894839	4.6661248693894839
5.0434219659801185	3.1384486093655175	160.49712534942145	160.49712534942145
1.1269827868005675	2.5503123170150537	1.3564546722928077	1.3564546722928077
0.17432155902603758	0.22821428955666806	0.6712209151163111	0.6712209151163111
9.9930140111969319	3.225427262570669	1676.6728562537855	1676.6728562537855
1.688389480979954	2.8698663801500874	4.4958941260693468	4.4958941260693468
8.4417266964445936	4.7814253419590438	26894.410923474159	26894.410923474159
9.8003398618727307	3.3615881540078436	2148.5450427377518	2148.5450427377518
7.9631634780166296	4.3941899873338723	9110.484214717646	9110.484214717646
1.1161728706264826	1.9481469904798712	1.2387620867258442	1.2387620867258442
2.4567222943000679	2.0528149260718926	6.3289076822506258	6.3289076822506258
3.2647814649860312	3.933484805547192	105.01161997266158	105.01161997266158
2.4603436973711679	0.49605507843194946	1.5629872753477549	1.5629872753477549
5.6012133346086674	2.1063917456025529	37.685585618501996	37.685585618501996
9.5210762496030714	1.8435480139976821	63.716910749552852	63.716910749552852
3.890056148888585	4.5397227412116052	476.6900414465776	476.6900414465776
1.2093875957590008	2.0780029550279489	1.4844698232243962	1.4844698232243962
3.7748318596469481	2.5852869745716172	31.006009914270923	31.006009914270923
8.4422496176935713	1.0545387843224501	9.4838809227024186	9.4838809227024186
0.63395663956647241	1.6528898048418752	0.47078894466047078	0.47078894466047078
8.5793086086279917	2.8043904929786763	414.72930923973837	414.72930923973837
4.7476881619719231	2.2273622646293028	32.119656599731648	32.119656599731648
7.1716037583698746	0.78334215916012251	4.6799402569145894	4.6799402569145894
0.25471826446174156	1.4824027123145334	0.13168668404185666	0.13168668404185666
5.4417162701575688	1.323321908178797	9.4105591151182715	9.4105591151182715
8.0267718251371676	0.71077250479361265	4.3946350349374734	4.3946350349374734
0.87649465256863557	0.23698198876680299	0.9692428553504272	0.9692428553504272
3.2366882610101571	0.51491423379407308	1.8308729151274847	1.8308729151274847
0.35093816049209525	1.4952250626437504	0.20893797843078471	0.20893797843078471
0.74996528880777591	0.80099541362127558	0.79416097990415624	0.79416097990415624
4.8291899930977813	1.8109154683661317	17.315639433743435	17.315639433743435
1.4573381029528454	4.9417870083185154	6.431025981071179	6.431025981071179
9.51393155736754	3.2020155332800702	1357.4504635875369	1357.4504635875369
4.4953268497838383	2.2905192841370763	31.272477346603925	31.272477346603925
7.5988374940713417	3.8925814188315595	2681.5136857173302	2681.5136857173302
3.7531774992391949	2.5050183069126515	27.471367011547965	27.471367011547965
6.4667734759453204	3.6434676344613965	898.90585337670223	898.90585337670223
5.1838450575624684	3.8289929931500879	545.00131144922875	545.00131144922875
9.9222557162437113	2.9540011129203938	878.9987884319728	878.9987884319728
1.2449457582134875	3.6659344760369317	2.2326222114325533	2.2326222114325533
2.0711960940575378	3.9433934335848835	17.659755085680239	17.659755085680239
6.118697221226773	0.056996658518411326	1.1087584234881496	1.1087584234881496
5.3043623988800279	1.4479956228829816	11.201229206814052	11.201229206814052
7.7066276975494699	3.7746146599728494	2226.2364357053766	2226.2364357053766
6.5666822848444202	4.1214864687075394	2337.1172303628873	2337.1172303628873
0.61295204416611226	2.0061251652216412	0.37458548756487275	0.37458548756487275
0.95224056661777734	4.1294019827611343	0.81702716070440073	0.81702716070440073
5.8507957765400622	1.2381428048454832	8.9109017812641511	8.9109017812641511
1.4503350865737239	1.7941088960702121	1.9484614132523947	1.9484614132523947
4.9501480628840513	2.797096614059388	87.682754639234616	87.682754639234616
2.4071438576699138	1.7145925313003811	4.5094186665492773	4.5094186665492773
3.578344602774016	1.7540449339265731	9.3580075427539597	9.3580075427539597
2.8955758803165428	2.1159418838494002	9.4842789899919424	9.4842789899919424
2.2689688858610086	3.1567269193798886	13.281695903442532	13.281695903442532
5.0514695561092413	1.1503596830677576	6.444413643057735	6.444413643057735
5.3865893806555833	1.9575457689639664	27.013469893873165	27.013469893873165
2.8288671066574747	0.94537572819676396	2.6726589260161537	2.6726589260161537
4.3496956461577341	3.500121580145152	171.66575521749914	171.66575521749914
9.8742349920210675	3.7101777317836193	4895.359450436963	4895.359450436963
3.9438166726917157	1.4814076843496593	7.6347638110323555	7.6347638110323555
1.1856888944655952	1.4744459233485059	1.2854816274941518	1.2854816274941518
5.0673866946061663	4.6232984773376593	1813.1219278014016	1813.1219278014016
9.1187906356164437	3.5149373574541896	2366.5696016144393	2366.5696016144393
3.6594686116648214	1.0374306290322972	3.8415555498583234	3.8415555498583234
9.2482939174366336	0.10917423165979634	1.2748791998029447	1.2748791998029447
9.1767429498808983	2.7762985944077156	470.6639279932765	470.6639279932765
3.2265640988103135	1.8040610682528726	8.2755823378372604	8.2755823378372604
5.1106060888569003	3.7207224573274651	432.54291131496046	432.54291131496046
5.9633784767357136	0.86682165382200504	4.7012525471972317	4.7012525471972317
5.7610671182483859	2.3870241093913775	65.364033051899767	65.364033051899767
6.9915156007813515	4.8555842748100524	12615.000558833737	12615.000558833737
6.0090718105807204	4.239629541120113	2003.8021328399573	2003.8021328399573
1.1527617718597742	3.3394320249611327	1.6075892133627783	1.6075892133627783
9.1921285491571698	0.57925993386884123	3.6146673818665547	3.6146673818665547
6.0345982319218852	4.8758234303204837	6401.8216417649728	6401.8216417649728
4.5665450479864758	0.40764473887275554	1.8572803955322472	1.8572803955322472
1.8131157550677277	2.4815738183655247	4.3782648917749718	4.3782648917749718
6.9691279842477636	4.8173091946271906	11530.582635518018	11530.582635518018
5.4381453247155189	1.148321796061512	6.9909177742934228	6.9909177742934228
6.2928354146114129	4.2555291617844118	2509.0772741813789	2509.0772741813789
2.140878160144279	4.1447035664673839	23.453390878640185	23.453390878640185
8.1947990716635175	0.71938034835113907	4.5413137491778617	4.5413137491778617
0.80827766217773445	1.5867900793354131	0.71337525386607048	0.71337525386607048
9.7131074039126606	0.99962436299520818	9.7048159335801305	9.7048159335801305
2.1444994671840103	4.5236045586907245	31.534615837721493	31.534615837721493
2.9749173352614906	1.0616564375191335	3.1817619076819095	3.1817619076819095
6.9569612927569304	0.96032382259784888	6.4416273633340557	6.4416273633340557
0.053681067400727395	1.5433579058801252	0.010956186563523276	0.010956186563523276
3.5675384048806089	4.6173081598594852	355.18638279982747	355.18638279982747
3.4596612916315612	0.92562255657405657	3.1545807056161523	3.1545807056161523
9.8033028764856613	0.64728977394801857	4.3823315348368537	4.3823315348368537
8.4158449921597089	1.5376534552733507	26.453291499044273	26.453291499044273
8.8400667536770534	0.83800033607655777	6.2105500259220268	6.2105500259220268
5.7071263451822123	4.5245555886560309	2645.1662250015884	2645.1662250015884
2.7462571771345514	1.1272439008086479	3.1229738469405395	3.1229738469405395
2.4270371131806647	4.7809311223588802	69.3463853422369	69.3463853422369
6.9178076389015608	3.1226215799208474	419.66592416021382	419.66592416021382
9.3487134587479197	0.46122817665755211	2.8037423728927795	2.8037423728927795
4.5480637815659426	1.3497543654022226	7.7251025418458985	7.7251025418458985
9.9309494513682104	3.5969091911395719	3855.5404948262153	3855.5404948262153
1.0814799963483914	3.4495921177850568	1.3102371770336947	1.3102371770336947
8.8443881324056921	3.2913872018074675	1305.720608619624	1305.720608619624
4.6741249566373551	0.37304634499913475	1.777580412563041	1.777580412563041
1.4217021190517261	0.79627670994902067	1.3233597998879754	1.3233597998879754
8.1283194852806702	4.4321390991838951	10795.67923625858	10795.67923625858
2.1272271573312969	4.5911399289547559	31.991849074960392	31.991849074960392
9.9423465505451976	4.8546241717926559	69571.875273413039	69571.875273413039
8.2164927150972602	3.921937508786181	3866.7241713657331	3866.7241713657331
3.0501219775982729	2.5628898858175502	17.428165398073027	17.428165398073027
3.5527031683562456	3.8603882719862792	133.46617386757629	133.46617386757629
2.9426318122282962	0.74210029718724879	2.2276608365371469	2.2276608365371469
9.2085862596344175	2.9742348384858035	737.45630748958172	737.45630748958172
1.2213672999273379	4.4987084550764367	2.4586467286139215	2.4586467286139215
8.9246070076443971	3.8147194609994495	4228.9324071332485	4228.9324071332485
4.4007085533603565	2.376687281323155	33.84168636721683	33.84168636721683
6.0096024486203703	4.5927573173379797	3776.1521626808621	3776.1521626808621
6.9534162308194905	3.1084399448290476	414.88010585844859	414.88010585844859
0.25110108757569777	2.5031773083754723	0.031456805586785083	0.031456805586785083
1.6711973485297491	0.93206725753590958	1.6139008564190562	1.6139008564190562
6.6907812016042261	1.1135681096632615	8.3028018032621898	8.3028018032621898
8.9246416923837639	1.2514752960276061	15.475364574876743	15.475364574876743
1.2319531693280712	3.4774037418895483	2.0655352317818507	2.0655352317818507
5.7516876233285004	2.9299146116035124	168.31984625457181	168.31984625457181
3.4405047463637404	4.1505667607831382	168.76644640445878	168.76644640445878
4.5805426307912231	2.2324329435459216	29.884963258820029	29.884963258820029
2.481848405551216	1.0873183578603676	2.6868682865729059	2.6868682865729059
0.1248810592611885	2.570964751475576	0.0047547155281734109	0.0047547155281734109
1.5832031960940309	4.5849348487063502	8.2198250952696057	8.2198250952696057
7.1947011761118498	4.7856291335006738	12628.310029564467	12628.310029564467
6.4502847846302904	2.8749780066668897	212.57955905504807	212.57955905504807
9.5809361891697229	3.7906484304884627	5250.1594891859995	5250.1594891859995
5.4490799568879087	3.909160120086681	755.79708561233281	755.79708561233281
5.8723360437051078	3.9503439756808629	1089.0993717493764	1089.0993717493764
0.03823268623283569	3.1945293668264583	2.9617362417051666e-05	2.9617362417051666e-05
4.4998119011857476	2.5651815915627201	47.376409945411361	47.376409945411361
0.076695868724460187	3.5564375205022158	0.000108083946489791	0.000108083946489791
0.51407598239149688	3.0449895984057012	0.13185031669494693	0.13185031669494693
5.9134898868518402	4.1822012923723131	1690.4657738522126	1690.4657738522126
2.1400451689254179	3.1006315425186672	10.580831293355876	10.580831293355876
1.5450557654007615	3.1980409862849379	4.0202324473132789	4.0202324473132789
6.6059148756271906	4.3181875971865189	3472.357201497156	3472.357201497156
5.3860662303246407	0.87323039877256314	4.3507954831851725	4.3507954831851725
0.7802671895250447	0.17442030040318104	0.95764611660914789	0.95764611660914789
6.5599602829505006	4.4710735205444623	4491.8512792384954	4491.8512792384954
4.9997621452704637	1.6431464047656019	14.075897698286816	14.075897698286816
2.4547791799594547	0.75543275225926254	1.9707347034024048	1.9707347034024048
9.3902975589452282	1.9011478975035843	70.665479386312697	70.665479386312697
4.0644483149623909	0.37656920337979338	1.6956306153961709	1.6956306153961709
1.6440110712257989	4.855174094158059	11.175194487860002	11.175194487860002
5.3566767858362851	0.82119617552037616	3.9679496227998903	3.9679496227998903
4.1058177744920856	1.1486094786087644	5.0647344030779582	5.0647344030779582
4.4498271106232199	3.9075520193271944	341.5344656760405	341.5344656760405
1.7729156424455521	3.8263611871230823	8.94479487627164	8.94479487627164
3.2273475169923489	0.77614818639266547	2.4827883120241223	2.4827883120241223
0.23945144926205836	2.3377627688463991	0.035379990636254799	0.035379990636254799
3.0668381347313707	0.1721507634385476	1.2127860761231306	1.2127860761231306
0.5790659022737501	3.0101899650392214	0.1930928464089065	0.1930928464089065
8.4896002002951114	1.2395111541243411	14.169877413862793	14.169877413862793
7.6316082003081753	2.9513051412240769	402.5958865861225	402.5958865861225
7.9220439813734469	3.9370106086084005	3457.2579616610542	3457.2579616610542
4.2899643277690389	1.0594572120337089	4.6779719517284946	4.6779719517284946
0.19605404192893722	4.259598468535966	0.00096784328836983368	0.00096784328836983368
1.7483495268753395	1.3330625769453233	2.105904409632871	2.105904409632871
8.2033995260335999	4.1746328780020017	6540.1669099888977	6540.1669099888977
3.9925835612901599	2.7712437990679355	46.368330446052887	46.368330446052887
0.43975687564312649	4.3636004116491769	0.027741026175929686	0.027741026175929686
0.58436771096210327	4.5068700554051748	0.088814744636308562	0.088814744636308562
8.3478673383794426	3.5042470198031657	1696.0097136783866	1696.0097136783866
1.7365930266018992	2.9390868076220267	5.0639963579220844	5.0639963579220844
7.6855140695893489	0.84606334190094568	5.614814233521991	5.614814233521991
0.50356316369759879	0.12192635394862472	0.91975577814667919	0.91975577814667919
7.2969164311319972	2.2759699541274876	92.146592062500446	92.146592062500446
3.3647958728581031	1.8014073099058776	8.8974856246842027	8.8974856246842027
9.5043003918097018	2.0223745007880614	94.999382745633241	94.999382745633241
1.8181255413223911	4.3122747211958963	13.16950472815282	13.16950472815282
6.6329389286176301	1.4983333560473358	17.029014160844905	17.029014160844905
7.3057929067471363	1.1216332680828627	9.3050356326860317	9.3050356326860317
9.0977140599362212	0.54318228331684648	3.31798964995009	3.31798964995009
1.0058770007697579	0.14808438022138781	1.0008681212381809	1.0008681212381809
1.9036193355511841	4.1928354714139342	14.867344038818182	14.867344038818182
9.7731881441344441	3.729674140445268	4926.2067511311006	4926.2067511311006
1.4055666996203942	1.4006025530341808	1.6109465515262189	1.6109465515262189
8.4872685107784349	2.4317011710731977	181.33686051134706	181.33686051134706
2.3767999046639043	3.6141390651720533	22.85017976846229	22.85017976846229
2.751976346568576	3.2064262852921703	25.685517018299329	25.685517018299329
4.037713219457812	1.1437934406152275	4.9350751956990351	4.9350751956990351
7.654737655083462	2.3408139536050001	117.25095970383894	117.25095970383894
1.1182169551572938	4.7104529750800515	1.6926991850288415	1.6926991850288415
9.2690600115147372	2.5851589600217428	316.1848005154464	316.1848005154464
5.6519134620600839	4.5622387741452499	2702.0631355897799	2702.0631355897799
0.22511774977865212	4.8448045965689532	0.00072870496213253764	0.00072870496213253764
4.3790757215105351	0.46902654297560359	1.9990580036185914	1.9990580036185914
2.4742968222260635	2.2179262656572805	7.4584241191606582	7.4584241191606582
0.77882005384438457	4.1002418166481887	0.35881117694809245	0.35881117694809245
2.5036883991375798	1.110134692271475	2.7699873975739684	2.7699873975739684
5.3541393793842582	1.8165915709507887	21.07324988708725	21.07324988708725
5.1208309967632379	2.1838234141867674	35.405788283940907	35.405788283940907
1.2954383549985329	2.4778051432650643	1.8990955003338839	1.8990955003338839
4.053987371626552	4.632537546329262	654.69345973443365	654.69345973443365
4.2579074051866685	2.0775187854576078	20.284623527389176	20.284623527389176
5.8302663091043438	1.2100452570013573	8.4434047343595147	8.4434047343595147
6.745909421906414	1.9216239868738072	39.183580802494347	39.183580802494347
0.13560263368069725	1.5496571147513072	0.045218184906377822	0.045218184906377822
8.6834948647617729	2.4369885109718066	193.90447768728816	193.90447768728816
0.56149400044017728	1.2144135681349124	0.49613665359342635	0.49613665359342635
2.8845855774736515	3.1995475258127115	29.652327833126172	29.652327833126172
1.7331328668331112	4.9790723366576985	15.458277468334407	15.458277468334407
8.2835953102962385	1.4705022695798542	22.399737945089456	22.399737945089456
1.7674161269955022	3.8502794563367444	8.9603206656895207	8.9603206656895207
1.2662559147652543	2.2172536104288247	1.6877811695257618	1.6877811695257618
3.5688756874311789	3.5703320440923401	93.911902054688767	93.911902054688767
9.9102806765790135	1.5417890430723291	34.336372424747772	34.336372424747772
8.077860372720556	1.5747875517858556	26.841018118535036	26.841018118535036
9.4371337421924135	1.5938309561139401	35.787416224186657	35.787416224186657
1.2890834900335175	2.6439219523932107	1.9569263406915069	1.9569263406915069
8.0029137008376505	3.2948505102460084	946.38440305294444	946.38440305294444
0.86863231933276386	1.9621736006175978	0.75855239318703682	0.75855239318703682
5.7319181439323499	3.0902423757366249	220.46047096472719	220.46047096472719
2.1407706313477255	3.5978757059891091	15.465012280755678	15.465012280755678
9.6035047971585197	0.43563597959558686	2.6790557418255729	2.6790557418255729
2.9047827924665803	2.393262964459077	12.833726461905949	12.833726461905949
9.5886046373485385	3.4523058814259038	2450.8683457671332	2450.8683457671332
6.877811998659455	2.0194833143346185	49.115312126478869	49.115312126478869
4.3816535953196176	4.7185854261226874	1065.672858787055	1065.672858787055
2.16264273261194	1.8062462864782434	4.0277732678245002	4.0277732678245002
6.2434954452181675	0.30402625422069779	1.7451426573001427	1.7451426573001427
8.1073057069551879	1.7889956253695596	42.264542389027604	42.264542389027604
7.8284921651938699	3.7095533417893192	2066.0777523860265	2066.0777523860265
7.5007143575928925	3.0227807128058943	441.81793603915287	441.81793603915287
5.893750460097186	0.20450398366755779	1.4373024988498493	1.4373024988498493
1.7953886252119444	4.9680083683719634	18.308864166868517	18.308864166868517
0.015630352761320802	0.14266474960930028	0.55251364531703528	0.55251364531703528
1.7568802090124236	4.9779283937420447	16.531372070414839	16.531372070414839
0.27734502824201102	3.5420536356946326	0.01064506529619243	0.01064506529619243
8.2869846999434333	2.9922749160557602	559.87995717186664	559.87995717186664
2.1237434598675908	0.98936086804645074	2.1067935133850719	2.1067935133850719
7.7055388353666876	2.7454669361880049	272.07482139373104	272.07482139373104
7.2145850125345357	0.13336964782700672	1.3015454737575984	1.3015454737575984
0.0032653057316415083	0.65944452310542134	0.022938800233646722	0.022938800233646722
2.0305319636618404	4.0721931568093908	17.891495603652135	17.891495603652135
2.0712025028552139	3.5123921021947258	12.90320597821324	12.90320597821324
6.1889894598146542	2.2491802592825256	60.324745582526589	60.324745582526589
2.9213304464330037	0.93077199315563086	2.7123733094822811	2.7123733094822811
6.1532353340751396	0.49058140001323081	2.4384817644025913	2.4384817644025913
5.4162704235630885	2.5821561989765849	78.438427815738919	78.438427815738919
4.0598431363273582	1.6870636156362235	10.63148232929529	10.63148232929529
3.8126700921783367	2.7990858443162363	42.355567355314726	42.355567355314726
9.2065848518939912	1.720661880847498	45.591894798380913	45.591894798380913
9.4670987402551656	2.0686468878308424	104.57986238588792	104.57986238588792
1.7202799406519191	1.6167519681639138	2.4038388481799426	2.4038388481799426
4.5092928022780496	0.57800773920714854	2.3882497362884392	2.3882497362884392
8.7514060516142109	1.2910759488415202	16.454854049850905	16.454854049850905
2.6858117832943003	2.2216675221486457	8.9797298049628917	8.9797298049628917
0.27328522574424163	0.7997997088751797	0.3543282372808067	0.3543282372808067
6.6474010335331188	0.35210865963325688	1.9483314945798809	1.9483314945798809
3.3404065056438261	3.29117611363213	52.956077984226035	52.956077984226035
3.2344393212004476	3.7614936469800768	82.719086592674444	82.719086592674444
0.19959192656151828	1.6710999214316606	0.067681343731791577	0.067681343731791577
1.3885721280059984	4.5005241959632265	4.3816000241634363	4.3816000241634363
3.729883581432591	3.7739703984563726	143.73450942038852	143.73450942038852
9.8566876810304453	3.9393995164004241	8216.8130122843449	8216.8130122843449
2.1564141912635311	0.99577583598027886	2.149425722137269	2.149425722137269
0.87527049017412162	3.2801763630074952	0.64597616753094278	0.64597616753094278
9.7020963674775444	2.138509496212651	128.95002268596582	128.95002268596582
3.9905576340863362	4.992824554941274	1001.971235913221	1001.971235913221
8.6883017764553703	0.75940978229317058	5.1645958963318312	5.1645958963318312
7.0655265572363462	2.0907244044024029	59.611108556831063	59.611108556831063
9.1655687157723733	2.7076282928251594	402.87476173925972	402.87476173925972
9.752959075914637	4.1969856231497102	14170.698503649992	14170.698503649992
5.9318425341540895	4.8301990032505095	5428.2482603340131	5428.2482603340131
7.1750783277998487	4.9682829525646666	17864.420715196793	17864.420715196793
9.5702504243966686	1.9751013517190765	86.581068249611008	86.581068249611008
7.7811629133305971	1.4661117832298487	20.247474134095327	20.247474134095327
0.70455127052018729	1.2660369986670057	0.64187687210816924	0.64187687210816924
0.67579921896896222	4.6718781730083894	0.16029831585510876	0.16029831585510876
1.7822967052473413	4.0584473762121887	10.437323388034663	10.437323388034663
2.7865474868562701	2.7941673628281825	17.52226098369751	17.52226098369751
1.3575013953982893	1.2588993948034923	1.4692870947245942	1.4692870947245942
3.7234937456327404	3.4665134355942917	95.325265913411357	95.325265913411357
0.14460999157289156	1.2783553705453519	0.084417986169660064	0.084417986169660064
3.6910901005773811	4.4722597092290881	343.92431011955813	343.92431011955813
8.0031784605793366	3.275322439641577	908.81594720389842	908.81594720389842
3.8730462647985258	3.4552227598848226	107.61009642596851	107.61009642596851
3.0285481475964051	1.8979178934321197	8.1911246537547395	8.1911246537547395
5.4755671710112086	4.7637896088352374	3293.9797564429855	3293.9797564429855
6.0070123970573777	0.31927093841234594	1.7725685479326108	1.7725685479326108
0.82005545072300823	4.6856249455968486	0.39473136879427784	0.39473136879427784
0.60858036964625772	2.7577672913942757	0.25421376845061378	0.25421376845061378
2.3737537869081473	1.2375308882509004	2.9148300549171569	2.9148300549171569
8.2825693488417667	1.1093232840952119	10.436188212806289	10.436188212806289
6.9715533749868239	4.4783877933799623	5980.76574989861	5980.76574989861
3.7787899737162429	1.5833132901627693	8.2059768815097947	8.2059768815097947
9.246266730084221	1.4936613627936326	27.722137649195815	27.722137649195815
8.511983597850465	2.0101111922415988	74.039806686535144	74.039806686535144
6.0590687365104881	4.2386307639775946	2071.7131851673703	2071.7131851673703
2.6048257709573805	2.2153625682779845	8.3387417546625802	8.3387417546625802
9.8781613676489819	4.7759690264728727	56304.398523267118	56304.398523267118
4.4747296221713286	3.1199369240272565	107.23865662960603	107.23865662960603
7.7372137544810951	3.1626415142254598	646.06249410340979	646.06249410340979
2.4840505160010062	3.557369686507434	25.45257417459035	25.45257417459035
1.9683721439596422	2.0609640753756193	4.0377961986831989	4.0377961986831989
3.2776553021063526	4.451080783115029	197.15772670888521	197.15772670888521
6.4085348461552902	0.22686346633622173	1.5241372821310468	1.5241372821310468
0.26413053374302153	2.0108783580285903	0.068761850178951742	0.068761850178951742
3.9408349646908061	0.21749210484393877	1.3475216192893369	1.3475216192893369
3.3558277821285527	1.3518745183728123	5.1382492685415437	5.1382492685415437
0.89464067907681799	1.3127943527704764	0.864021619819067	0.864021619819067
1.8354373456221229	1.8302769671592936	3.0389002816788131	3.0389002816788131
9.4106063492330776	4.1168515235315359	10191.523936145102	10191.523936145102
6.6114772584996553	3.8908514694290961	1554.7467473265119	1554.7467473265119
1.398017795288339	4.598428687399803	4.6679884415276289	4.6679884415276289
3.9320815937332867	3.0684913871241539	66.771953903570974	66.771953903570974
8.4407247375718377	2.5525127658590412	231.52404757682109	231.52404757682109
1.8234512681670936	1.7421628466679127	2.8478696982605838	2.8478696982605838
7.7593463522726491	2.4264541610014474	144.25135728729092	144.25135728729092
2.3909523562654305	1.468707808700096	3.5975767637224054	3.5975767637224054
4.1811748363452335	3.6171682980817921	176.74234615947915	176.74234615947915
3.717072876110846	1.9783888382379193	13.430106111011497	13.430106111011497
3.7761345192629161	4.0340230783775084	212.72707025022967	212.72707025022967
9.8187665469302523	0.1371628833792454	1.3679599718148068	1.3679599718148068
4.8237871067679334	3.4669788144517639	234.0411249944064	234.0411249944064
0.57382337744904444	3.9052067049477595	0.1142823481148991	0.1142823481148991
6.8656555499867569	3.3364235725183984	618.76477815896055	618.76477815896055
9.4897395783988276	4.6633560313573197	36081.510336019695	36081.510336019695
3.7953186940704646	0.12256230282241402	1.1775897027167122	1.1775897027167122
0.84265593849474918	1.3706962186542151	0.79084091121028288	0.79084091121028288
5.6313500791005087	4.5676828447792985	2682.6249577473318	2682.6249577473318
1.2503337221770363	0.45187594556837263	1.1062255638995644	1.1062255638995644
2.4560382787833031	0.74830832623439802	1.9589177340109889	1.9589177340109889
3.756065718186429	0.4291250691412824	1.7645436926950053	1.7645436926950053
5.7832967563616764	1.4432083764205688	12.588617378499778	12.588617378499778
0.079114939384650862	0.87095383527559433	0.10975745159589269	0.10975745159589269
5.846556082280193	0.87821850055923423	4.7152624823623013	4.7152624823623013
8.7373533596368986	2.9142385589110953	553.8671440296697	553.8671440296697
2.9713638825139226	3.1824057321628918	31.999071488935847	31.999071488935847
9.2554278440744113	4.6610921695575165	31949.433051169024	31949.433051169024
0.90928928629738281	4.2401254971646987	0.66817713677231283	0.66817713677231283
8.3605918286992544	1.8685418360538089	52.873548369070576	52.873548369070576
4.2466006033362822	2.9154384745142559	67.766664659750958	67.766664659750958
6.2097672877152563	1.5512691704004697	16.993126946382368	16.993126946382368
1.2698260953905163	4.2680299926687777	2.7719383111471059	2.7719383111471059
1.8064197397662731	2.2596079843191075	3.8046045077513804	3.8046045077513804
1.6232810714852719	1.5955055846040116	2.1661292281505409	2.1661292281505409
8.0046055920049781	3.170631157314721	731.40471031853099	731.40471031853099
0.65425935491351384	3.5398837391576734	0.22272871556896162	0.22272871556896162
4.283971117549827	0.43465449983552368	1.8820663906757604	1.8820663906757604
8.263664274397895	4.8948672909172499	30863.024072602846	30863.024072602846
6.1977027764092458	1.4575860423147753	14.2805349379082	14.2805349379082
5.3282416540744197	2.1373257617224088	35.72288422465946	35.72288422465946
1.018145445952606	1.4726603679370232	1.0268363088518329	1.0268363088518329
3.0844802664791997	0.16514503483819207	1.204442239719304	1.204442239719304
9.8381023890409267	2.2439401561890779	169.05718109141947	169.05718109141947
5.8858382191336398	3.9701617589652507	1138.3178775803397	1138.3178775803397
9.190798548685656	0.21619518997002177	1.615371209454691	1.615371209454691
7.6552193277259617	1.5325054269038993	22.62923525949833	22.62923525949833
2.1017194417362783	0.22916611342774934	1.1855590766420341	1.1855590766420341
4.6022121632228901	0.57242818376983562	2.3960770933045832	2.3960770933045832
3.3543915717007833	1.9279362786974596	10.312164516610245	10.312164516610245
8.6091117566169277	3.65635025208248	2621.4113913440183	2621.4113913440183
8.7034064654378884	3.2324519469148738	1090.1854928544251	1090.1854928544251
1.1989546895765573	4.8903318241299436	2.4286878350126675	2.4286878350126675
2.986492685606406	2.1643205355478727	10.675831134247506	10.675831134247506
9.5595409641266631	1.959234174656924	83.350028381333814	83.350028381333814
0.38076500956108067	2.24802418381655	0.11410557574544318	0.11410557574544318
9.5897932648749951	4.7115542701714199	42252.026154429645	42252.026154429645
8.2982622824352319	1.5222866462504872	25.058892774607536	25.058892774607536
4.2516915950191612	1.9526283471949468	16.879030577664857	16.879030577664857
6.8329060595590994	0.64605868960770474	3.4610199555172865	3.4610199555172865
1.0617670144493148	4.300164635972676	1.2939871710528821	1.2939871710528821
7.9339411719734834	4.2828137106983748	7117.7662075247526	7117.7662075247526
3.2568784101335346	4.6403444015277948	239.64908742692469	239.64908742692469
6.0928084011237518	4.4079575737000578	2880.3305884530218	2880.3305884530218
5.1869787266327805	3.8804421961580808	594.54436009653205	594.54436009653205
7.9833585185246667	4.2533466228218817	6875.5622071089756	6875.5622071089756
6.6951430363778588	4.8161536682080568	9483.8871550514177	9483.8871550514177
8.578803398949276	0.92890693426539195	7.363199175561566	7.363199175561566
3.2368433291230763	1.1431486290996045	3.8295249031511149	3.8295249031511149
6.1261403910926324	2.0101889956533143	38.229140570211719	38.229140570211719
3.2616109994756655	1.9421749634443515	9.9351651922049502	9.9351651922049502
8.2741298475422909	4.9922955570041703	38154.091863111265	38154.091863111265
2.42480248550872	2.1891002834385689	6.9517660362164602	6.9517660362164602
4.8915935528539727	1.9903473192101955	23.563819293981446	23.563819293981446
3.1861529068624077	4.2184610759373662	132.74269263712375	132.74269263712375
1.7275454213098471	0.34189783430703752	1.2055261161767703	1.2055261161767703
5.8893115243651293	0.27552175395772222	1.6299321617177494	1.6299321617177494
5.175856906624472	4.9098332823506636	3202.8298613720717	3202.8298613720717
3.2665269086421267	2.7670023512161852	26.453176836643014	26.453176836643014
4.0357055630525487	4.367836628327268	443.15664932266202	443.15664932266202
8.1492537085311216	1.1253438528493889	10.600365966922963	10.600365966922963
9.5948345304767777	2.8725090834024924	662.08173737943559	662.08173737943559
3.5969278432305907	0.10476649081521111	1.1435180285674282	1.1435180285674282
6.7106757319930104	1.6479187115641438	23.037936640703126	23.037936640703126
4.6975701753074777	4.4773735555189598	1019.1254363090901	1019.1254363090901
5.230607421477993	1.4591167815461079	11.180248716013482	11.180248716013482
0.60743771254986145	4.7587083680079418	0.093271287750329376	0.093271287750329376
5.5503543611316069	3.7737692557712528	644.01297506880849	644.01297506880849
5.3825643097649731	4.3532012768264909	1521.0491159365906	1521.0491159365906
7.8020139122787722	2.709481453285318	261.4674078693792	261.4674078693792
4.9904033055167796	1.1426996993965863	6.2771049771077854	6.2771049771077854
3.6594360552437011	0.026132327743647474	1.0344829175825874	1.0344829175825874
1.6145985010596053	4.7096913975222776	9.5481624097142141	9.5481624097142141
6.8720672887565062	1.4110790358440499	15.177368752316385	15.177368752316385
7.1675319986977071	2.5342145789587205	147.12626613827774	147.12626613827774
1.740079249525438	0.14264486697266227	1.0822209502753726	1.0822209502753726
7.7472132966708678	4.8882330505479086	22199.872701260309	22199.872701260309
3.3172336381501659	4.7657952779978636	303.32771308881263	303.32771308881263
5.2428162961219336	2.8573129961621104	113.76833424653348	113.76833424653348
0.68257196604256709	4.8037543975886026	0.15969446902150572	0.15969446902150572
7.518231262420997	0.38324848829060404	2.1665564550546326	2.1665564550546326
7.0229497916380463	2.2170390852941679	75.295142389103475	75.295142389103475
9.7340390014974751	2.2628802112888726	172.34109906151218	172.34109906151218
7.0647397048298313	4.7451204369841129	10692.113654087678	10692.113654087678
5.0093159736584782	3.8882796724014823	525.93761361629606	525.93761361629606
5.8147926842356821	3.672204057043944	641.98624168484343	641.98624168484343
1.798019859089921	1.8262047675361881	2.9194893933852852	2.9194893933852852
4.4042478225013957	2.3325476096861304	31.758611557884493	31.758611557884493
0.29272342962648978	4.8983612519344542	0.0024350956079817348	0.0024350956079817348
6.7522681492428749	2.8108788969791481	214.52731837893012	214.52731837893012
5.3156489423339455	3.8922758352834173	666.90691448470989	666.90691448470989
4.2877814714284064	3.5977306265250268	188.19268725303152	188.19268725303152
0.25670181403101822	3.5601725693779036	0.0078970539276767837	0.0078970539276767837
6.0350078500272497	3.262840015202503	352.55501208308186	352.55501208308186
5.8442841578843883	2.6903332592226556	115.54809275479373	115.54809275479373
0.98749884994601689	2.3034517193295283	0.97143851574465101	0.97143851574465101
2.1813097795262002	3.0351763791510344	10.667604088663339	10.667604088663339
0.58958979118528043	0.44178873949582415	0.79182927445259166	0.79182927445259166
1.7654137664905412	1.9838234022473356	3.0881606230349834	3.0881606230349834
3.1819471790514546	3.2241133900165537	41.757945461544487	41.757945461544487
0.64596423098622779	0.0054124730996714422	0.99763748406811947	0.99763748406811947
5.5503359423553968	3.5553202540989153	442.88745310102422	442.88745310102422
1.408918565402216	0.64957311482803692	1.2494309867573445	1.2494309867573445
3.02430044331083	2.0460123742182983	9.6241982504161552	9.6241982504161552
9.0463895080897458	2.477972266867416	234.48724575137447	234.48724575137447
7.8978971541230756	1.8358599797058075	44.432975439208498	44.432975439208498
7.2405698469507644	4.8973700656162915	16241.469323412164	16241.469323412164
1.5075240868180102	2.4850225504326948	2.7732607543988115	2.7732607543988115
7.4817746960557328	4.925226037384177	20168.348632525049	20168.348632525049
4.6162042545629927	4.1968098037884864	613.58943272850195	613.58943272850195
1.3254433436264588	4.2738124044385497	3.3338701418784371	3.3338701418784371
9.6320987925060706	1.1210555844834087	12.670852642723634	12.670852642723634
0.93561316756087198	2.9480537465026808	0.8218459391206604	0.8218459391206604
5.9765429981668827	4.0116803147728772	1302.7748756209028	1302.7748756209028
2.2416690906340246	4.0298017769587915	25.866261749137777	25.866261749137777
4.3921538750159757	2.9705454506946798	81.115315727879889	81.115315727879889
2.3590906877835356	2.2129445823141398	6.6813346271951808	6.6813346271951808
4.7673817539210539	2.7811251340705665	76.980612313557955	76.980612313557955
0.060347318682356689	2.2136772798604563	0.0019988042799597033	0.0019988042799597033
9.0815194234689454	3.8527550298605124	4915.3001449957301	4915.3001449957301
8.2408755818968089	0.83642960635293873	5.836429376389475	5.836429376389475
8.686709501510105	4.9985042591943749	49302.870662067537	49302.870662067537
0.17821856156293009	2.1388753748010383	0.024996642333592577	0.024996642333592577
7.3138675470461827	0.91355909967244231	6.1581383057220007	6.1581383057220007
6.4261169675812493	3.61725362138099	836.67172859293237	836.67172859293237
4.0338124758429199	2.8811247545636878	55.608670422863796	55.608670422863796
1.8461304042944451	0.16449422850601675	1.1061107774790417	1.1061107774790417
2.160601478296889	1.3214953058402448	2.7678264447432777	2.7678264447432777
5.4512614915742059	1.6681620034943134	16.927636964776958	16.927636964776958
9.5629880776169411	4.6692058200668543	37896.003441553294	37896.003441553294
0.59328672157870432	2.9152238290074979	0.21828085286029689	0.21828085286029689
0.79639408066268347	2.5316665978753443	0.5619389289455764	0.5619389289455764
3.0680923143194345	4.1161503984725893	100.93078529123697	100.93078529123697
8.3897133914378177	2.2905495528738107	130.58357783365838	130.58357783365838
1.880837728977677	4.0663064315608217	13.049581064454589	13.049581064454589
3.4158530118084136	3.7316818491010659	97.914990232080171	97.914990232080171
7.4358771574691795	0.16810903890559081	1.4011312512163951	1.4011312512163951
8.7163452586035035	1.3751061415791197	19.636299265303119	19.636299265303119
7.1781552449120909	0.15985516718610543	1.3703707389990458	1.3703707389990458
8.2050711807798322	3.6313497692613654	2086.1846312614357	2086.1846312614357
6.5858347036292075	1.0305808920401862	6.9766136855454892	6.9766136855454892
7.8424305955480023	2.1736901398500699	87.954615067377162	87.954615067377162
1.8427511982317824	3.0065054251408387	6.2824216425242678	6.2824216425242678
5.5374445725969847	3.6425641957941886	509.97886524599335	509.97886524599335
9.9136652518399799	3.7765387019930752	5785.1843468001734	5785.1843468001734
6.9338122376191205	2.807878781088152	229.798744084801	229.798744084801
8.9451932540080712	0.16589661472715692	1.4383531023976175	1.4383531023976175
0.80662339296758978	0.60485735954496567	0.8781104677466931	0.8781104677466931
1.2984521684883441	2.5395892077947808	1.9411331829952172	1.9411331829952172
2.9220199062432073	2.483189753589055	14.334405198620818	14.334405198620818
0.88515744444218791	2.4462086090897088	0.74199530150226356	0.74199530150226356
3.4012251769646946	3.3301532651116448	58.942331940899415	58.942331940899415
2.3689166627562481	2.5378651580117517	8.9239441488347921	8.9239441488347921
0.86523396731171054	4.2418952388150286	0.5411618217203833	0.5411618217203833
7.9026220936075218	2.9240325218769616	421.80548985701097	421.80548985701097
9.3102823603939004	2.3461454690895676	187.64102896714783	187.64102896714783
3.1738698336790234	0.067538081941701827	1.0811261361584257	1.0811261361584257
1.9870699024961338	1.3077554943180312	2.4546517119455551	2.4546517119455551
7.6776899328636024	2.3616785187644478	123.20547823950531	123.20547823950531
5.2615478764284749	1.8978227185853378	23.363915847836932	23.363915847836932
1.1375376906365318	1.7245171593269615	1.2488606285176889	1.2488606285176889
0.096114009368177822	4.7157326525861576	1.5962245967570646e-05	1.5962245967570646e-05
0.33425077351825316	4.5280754028500318	0.0069978404415818284	0.0069978404415818284
3.0640763200874295	0.518851568211668	1.7877932735113677	1.7877932735113677
3.6024939194053927	2.5275140021966944	25.516583472186596	25.516583472186596
3.1404240309466154	2.0093474322058826	9.9683240671876412	9.9683240671876412
5.4583664246151535	0.70462414133910967	3.3063754135490004	3.3063754135490004
5.8282982552538716	2.1174495516371481	41.782658913026154	41.782658913026154
1.2961378744471177	4.3944086903520967	3.1263343190860882	3.1263343190860882
4.1511053710691916	0.75065641517692883	2.9109087412883885	2.9109087412883885
2.5291290789630123	2.1721110150999507	7.5040848652687835	7.5040848652687835
6.3981275692414483	0.64799545414833437	3.3290369210990707	3.3290369210990707
9.6481924091662492	4.265353676014632	15812.85091649413	15812.85091649413
5.2744391720426176	3.5510751714753335	366.8616257314286	366.8616257314286
0.047261220912445952	2.5536803461005668	0.00041220125335695294	0.00041220125335695294
6.5279305811328943	4.9201436398336575	10204.991073285999	10204.991073285999
8.7393167062172949	2.133913621972749	102.10138078352942	102.10138078352942
9.8110991935217111	1.037060259102442	10.677534424692217	10.677534424692217
6.1548814872410009	2.5904193093277561	110.76688361113249	110.76688361113249
8.3218854432337075	3.615816520804314	2124.9706962351279	2124.9706962351279
6.5632520090221833	3.1465891378445248	372.51007389623351	372.51007389623351
5.0833621543028018	4.049100987585148	723.23081012547732	723.23081012547732
9.1059079403244265	4.5426906113972523	22798.629728039479	22798.629728039479
6.7632217120271942	1.3538637295814717	13.301936872963477	13.301936872963477
7.5560319011957855	0.4806542290586438	2.6433557833142114	2.6433557833142114
4.0348921298588936	3.4226338841155663	118.45158790631568	118.45158790631568
8.9365667354282134	2.4692899482555886	223.21134053655948	223.21134053655948
8.3689021404053108	3.2292634308050867	953.98075178841907	953.98075178841907
1.3171638762683069	3.6287646069687747	2.717344578906288	2.717344578906288
8.7373746480010013	2.7362192627175714	376.55178545689643	376.55178545689643
0.66030004309873225	1.3945275139544753	0.56056285829639896	0.56056285829639896
3.0945976464435017	1.0166424849879083	3.1533273947465785	3.1533273947465785
4.0954944776075966	2.3124605539209413	26.057591350241211	26.057591350241211
3.8057477660217609	4.5304131027766283	426.21917729175698	426.21917729175698
0.064322788740442741	4.5368050832533751	3.9244939406695972e-06	3.9244939406695972e-06
6.9629235764077002	1.2103871197436971	10.473796504503335	10.473796504503335
1.9720900273153501	0.93800191182883175	1.8907836711549899	1.8907836711549899
7.0547635549343077	3.8967328608054634	2024.4613697759926	2024.4613697759926
9.5148068333113951	2.7721385356687263	515.53751783909422	515.53751783909422
7.7410276309807626	2.72312602975631	263.2150096014966	263.2150096014966
4.5568184488428134	3.9112050287369566	376.84352249537278	376.84352249537278
8.6406123153737795	4.0617487736958875	6368.0806454270269	6368.0806454270269
9.3202395808008447	3.1538234609158673	1141.3053593841364	1141.3053593841364
2.9938510504978151	0.0098394526698888027	1.0108479726511843	1.0108479726511843
6.9670710768353858	0.94523032020226516	6.2643591577142974	6.2643591577142974
4.6372777031284338	4.0873471806676731	528.74785828163783	528.74785828163783
5.329062344126446	1.8462057811635193	21.955680877857258	21.955680877857258
3.8316154412944883	4.0747837449296549	238.31706597336463	238.31706597336463
4.0396080805850394	2.965528923405643	62.822690317470098	62.822690317470098
2.710299581147757	2.1682529355175411	8.6874241836908208	8.6874241836908208
9.2242482964138013	1.8907953598569121	66.755496205476859	66.755496205476859
8.4716520685532188	4.812743644420391	29246.414325494941	29246.414325494941
7.3396191376403674	2.7891962121647396	259.73669807037442	259.73669807037442
6.5225703583329793	0.22283438579997422	1.5187297732238509	1.5187297732238509
1.2982208110633802	0.46656157438653023	1.1294944097060837	1.1294944097060837
2.392467945379523	3.508429055725256	21.338051660633379	21.338051660633379
5.687676261605942	2.586695655657723	89.698823157878721	89.698823157878721
0.96048747465589779	2.3592690409263199	0.90927075588437467	0.90927075588437467
0.3350552021848805	2.9127449789884317	0.041379484646590338	0.041379484646590338
0.30537769822918681	3.0804881372726554	0.025884958150585582	0.025884958150585582
6.4270583164633743	0.51399517856914334	2.6020425605440507	2.6020425605440507
8.4506653426281932	3.6769141687566802	2559.1650477873791	2559.1650477873791
2.5555213229173415	3.270657854056652	21.514242349652797	21.514242349652797
4.7897897258097997	4.4384494228324307	1046.0444663086844	1046.0444663086844
8.3481674128674825	0.18340046350122183	1.475775322854652	1.475775322854652
7.6807791437864701	1.8886897706357999	47.017105613112136	47.017105613112136
0.91907086062149757	0.8688048053105869	0.92930319950937545	0.92930319950937545
0.93712721315127434	3.8298218388618386	0.77981838336020337	0.77981838336020337
7.126292810207973	4.6911178971146308	10020.375425858178	10020.375425858178
9.2263748103660888	1.5376969248078065	30.473710998596985	30.473710998596985
9.8755080610302723	0.017115624348079624	1.0399740577104777	1.0399740577104777
1.6945924011488938	1.5358939178269213	2.2481222885365351	2.2481222885365351
2.780611694267944	3.0088212021130363	21.693962570069882	21.693962570069882
2.0669044298327774	3.3517976205896263	11.399614188225195	11.399614188225195
4.1492171013128907	1.5918776828994288	9.6322232006079798	9.6322232006079798
2.4969276260170892	4.7417355873138174	76.629140902182044	76.629140902182044
1.3934395818914833	2.8092344260434792	2.5396704826627627	2.5396704826627627
1.1950622111983913	1.8116977683187829	1.3810462447151501	1.3810462447151501
2.2540878214436506	4.8699757587692769	52.355148792118783	52.355148792118783
6.1931959921589357	3.2513425724351466	375.65258458424108	375.65258458424108
7.42214622426944	0.11758249925607256	1.2657823482772892	1.2657823482772892
3.819102004735262	3.4052572297699815	95.879946211045322	95.879946211045322
5.484904816025753	2.7832007533343557	114.09220744999446	114.09220744999446
9.1091826631448569	3.1735035975177044	1108.9484603258895	1108.9484603258895
3.5201817958854154	0.41736377740729075	1.6908943450094491	1.6908943450094491
1.4130818908454663	3.7780908535668827	3.692715241641082	3.692715241641082
7.7979027905257876	1.2164938687430291	12.164255830072925	12.164255830072925
5.5768893485305293	0.24960763783092491	1.5356956388252812	1.5356956388252812
9.7314177161002249	1.0973755543696841	12.145078097224635	12.145078097224635
2.3564000822791837	4.8444103200356983	63.580953827368056	63.580953827368056
9.8989483302224119	0.94994361907462566	8.8257876139314284	8.8257876139314284
0.46785121295608295	2.1220227695510228	0.19950838576560531	0.19950838576560531
0.22222537846739854	3.7149736084569791	0.0037441709176713215	0.0037441709176713215
6.858991965087653	4.9879462157404211	14832.739495722195	14832.739495722195
3.3432130171769097	3.5891969285158947	76.090072011511054	76.090072011511054
3.8640182820141407	4.4767150066419541	424.62647965582704	424.62647965582704
9.0273184941928992	2.2284761419163339	134.72243083121077	134.72243083121077
4.8380132125243795	4.2005604923110127	751.59755898598098	751.59755898598098
1.1611447624653537	0.47218743279008357	1.073095879658269	1.073095879658269
0.40118551569691951	4.2782113030755564	0.020092183857981189	0.020092183857981189
2.2745153103171729	3.9389319453839939	25.454287754887226	25.454287754887226
0.016411908591168665	1.3178495815692257	0.0044447583331307591	0.0044447583331307591
5.7742579441943729	3.4691399909127325	438.265064229389	438.265064229389
7.7781286280523325	2.4699618514195456	158.64542881001248	158.64542881001248
8.1335699271387316	3.9113258190698463	3634.1795394106234	3634.1795394106234
4.6149619053116639	2.9976473726218633	97.935878020018492	97.935878020018492
5.5157218513747397	0.074064830379672653	1.1348191419687101	1.1348191419687101
3.8925757112356223	1.295778809633267	5.8185756602336172	5.8185756602336172
3.8684056263032822	1.8810332840062991	12.739936378756253	12.739936378756253
5.7541907350049692	2.8883728264877329	156.71763390126753	156.71763390126753
0.30947174981196901	1.2718127339068006	0.22499108744764512	0.22499108744764512
2.4531422532075617	4.1301883145795468	40.703174072533876	40.703174072533876
9.0092759871001213	2.2041519205267477	127.13980971098614	127.13980971098614
7.7968318762055357	2.3957700050324293	137.03477708009055	137.03477708009055
5.0636158736699244	2.4821928342405974	56.05410622736651	56.05410622736651
2.9028079786103027	2.5782519305642797	15.604943348992183	15.604943348992183
1.1102111814664219	3.9401069305627665	1.5097425925353303	1.5097425925353303
6.9285075294700436	3.2303871281094327	519.50728799218405	519.50728799218405
7.106142798406708	4.63563986360231	8868.8681209796177	8868.8681209796177
3.658175736292983	4.3458642131636829	280.46024878722045	280.46024878722045
2.7301533873492323	4.6335913140692693	104.98143741418126	104.98143741418126
7.3407870720154449	3.360787162072445	812.03866140273476	812.03866140273476
1.6298012166854623	3.0237616836441257	4.3797022781240633	4.3797022781240633
7.8967115869113549	1.1839104625589605	11.547714453586355	11.547714453586355
8.8474634952675899	4.5409014202230944	19925.56936873035	19925.56936873035
6.4742694932489178	2.7137034667337225	158.97587099259965	158.97587099259965
9.9128211920967519	3.7626686125561868	5602.2206351927798	5602.2206351927798
7.4884070380295018	3.6098849036260203	1433.6569664177002	1433.6569664177002
8.845400910747518	2.6217528437347113	303.4305853157818	303.4305853157818
0.24275914589954495	1.2921038624513401	0.16053991145857829	0.16053991145857829
7.7232504921807621	1.6416021377083234	28.669134103265652	28.669134103265652
4.2010280509266771	0.58876494565677806	2.3281444089437819	2.3281444089437819
2.1012152478961763	4.3047306248733612	24.4426801660702	24.4426801660702
3.457838083722069	4.2202116141941151	187.87528621081415	187.87528621081415
2.1400675813235366	0.73212709590697544	1.7454801622390708	1.7454801622390708
9.4839399586966309	3.7079389505389386	4193.8685147029037	4193.8685147029037
1.8817264516197876	2.9469812262719062	6.4433662982606323	6.4433662982606323
9.9414973913870135	3.1545668861089871	1401.2913071652133	1401.2913071652133
2.3397851029223768	3.1418707360175997	14.451175705760187	14.451175705760187
8.543633767456754	2.9438406469165441	552.85013964954362	552.85013964954362
8.295929287907013	1.6988232980607665	36.390610410654759	36.390610410654759
4.4240535977375917	2.8719228112363409	71.572515425522084	71.572515425522084
9.0219905666319438	4.0302476451435236	7081.171645953109	7081.171645953109
8.9124443234500337	1.0345324162280953	9.611751093220672	9.611751093220672
2.3205260907843051	4.0542427524728728	30.351226008994868	30.351226008994868
0.73749842741674176	1.219315452679852	0.68985698192545231	0.68985698192545231
6.6319297727995306	2.3139095979182995	79.652698570202631	79.652698570202631
8.031445861308768	0.048161737638506605	1.1055450350867784	1.1055450350867784
7.0791658253392162	2.1599429215555186	68.535058705619036	68.535058705619036
6.6989279720879722	0.64399407468397574	3.4036314202704685	3.4036314202704685
7.7231020538767545	0.62198332316395533	3.566084893394331	3.566084893394331
0.45818664098629125	2.1906049605906204	0.18091636347366077	0.18091636347366077
6.7665018112340878	2.3610533344886968	91.31332749249755	91.31332749249755
7.2073292223062921	3.8092217314675691	1851.197414263685	1851.197414263685
6.4634279952585896	3.1993916407921437	391.73130141819917	391.73130141819917
7.9852061190279899	3.3245571116569224	999.31354316680699	999.31354316680699
1.8959487817357128	3.359900887241257	8.5796553590864661	8.5796553590864661
8.9421760394556511	3.8890020933549074	5013.7728710470337	5013.7728710470337
4.0831139492660071	2.1188014512155702	19.704693192858279	19.704693192858279
7.1189956943284338	2.6213911481600363	171.60222477429548	171.60222477429548
1.9432856186760783	0.8236687792411892	1.7284571573051937	1.7284571573051937
3.0059257534896791	1.6034756034500228	5.8401830797424568	5.8401830797424568
4.3430933336884392	0.16536429708735725	1.2748797126718583	1.2748797126718583
0.075960145808060875	0.87348944699393016	0.10524549146851082	0.10524549146851082
7.5604258908382382	2.2629593984291319	97.300375789176641	97.300375789176641
6.6856910328462851	2.5422010936947754	125.22407515639458	125.22407515639458
4.9096021111328279	4.0538922643851629	633.0342935759312	633.0342935759312
6.6049578456632023	4.83045631437738	9127.3869154667245	9127.3869154667245
6.64074290212434	1.6789862090189591	24.015434266292562	24.015434266292562
2.6188363879580407	0.89142390212421097	2.3589122827385034	2.3589122827385034
4.5909106821454424	4.5994838204293576	1107.625693264662	1107.625693264662
3.3640394144099588	3.7084727070448902	89.91867919548443	89.91867919548443
1.1628835538323414	2.3334859823621095	1.4220925805331621	1.4220925805331621
4.3748037974959901	3.1118219549795478	98.752700974949363	98.752700974949363
8.084603231751359	2.1412921316883473	87.813736292726247	87.813736292726247
8.4806403291446237	0.20433691871825918	1.5477907559057387	1.5477907559057387
5.2028437495864912	4.3889430164608383	1391.6819186928758	1391.6819186928758
9.2878902010562427	3.6378334410414013	3319.8701312522317	3319.8701312522317
5.6981728334238921	4.651485501982493	3275.6181569808182	3275.6181569808182
7.9564509321916566	3.4934691321850613	1401.6364455615453	1401.6364455615453
8.9964413013482751	2.653404963557469	340.04474322161462	340.04474322161462
5.001302909325462	4.4686645633575841	1330.3568153778688	1330.3568153778688
8.992315438855579	1.2229091781063777	14.672301828336618	14.672301828336618
3.0579657339316411	4.1686405623897613	105.58302184143771	105.58302184143771
5.1112764511497826	0.36834175890886084	1.8238157203273657	1.8238157203273657
7.546042235124693	2.6477594567831053	210.85766645479887	210.85766645479887
0.69081877939311653	0.56382921628511118	0.8117621659300216	0.8117621659300216
8.0345890214082392	0.85967810559518731	5.9975993514804262	5.9975993514804262
2.6309670774263205	4.0965066481898598	52.602403067115361	52.602403067115361
5.1864372958057299	4.6764838719188901	2203.301674915142	2203.301674915142
7.2279736431847388	0.22078718478244883	1.5476040159299547	1.5476040159299547
6.3738199730258529	4.9290168841761561	9223.5936190746706	9223.5936190746706
4.7800574462832959	3.2918212401506599	172.41393440357675	172.41393440357675
1.4253843776977315	3.2053261690793629	3.114599793905743	3.114599793905743
1.6471586830840406	4.3431737802088604	8.7361419140545635	8.7361419140545635
7.2560647681611892	0.030988999694988695	1.0633402852800258	1.0633402852800258
5.913218257687558	1.2149939825518492	8.6648571091220248	8.6648571091220248
1.546188218340393	4.1762533931919741	6.1717392879097348	6.1717392879097348
5.0834421175220532	0.85195691565490905	3.9959136232524362	3.9959136232524362
5.2946804278729793	3.2834001003676376	238.04305527596452	238.04305527596452
3.2581119504048095	4.3198357909372911	164.41025331403469	164.41025331403469
0.86129884812894308	3.7623427905151345	0.5701992172389263	0.5701992172389263
8.9124910482970616	1.3557193353257642	19.405827091228037	19.405827091228037
9.4635613405668586	1.4790217098021703	27.771922555620865	27.771922555620865
7.2335126954751452	2.0605992892694354	58.989463957783926	58.989463957783926
1.5344850338378635	4.6760129155937022	7.4056602847387545	7.4056602847387545
8.7767718479179777	0.57444549317555849	3.4825264980933661	3.4825264980933661
6.5322885855956052	2.4978674221223049	108.62385631858712	108.62385631858712
5.9330832305605297	4.6720550712134372	4100.2355306823893	4100.2355306823893
9.2870150433891698	4.6614287266691736	32485.210475512518	32485.210475512518
2.9458188090964854	0.40761815045227973	1.5533055516795569	1.5533055516795569
9.1430085114769746	3.1648018555499418	1100.6687676223221	1100.6687676223221
8.0884081859117885	0.46242291432475713	2.6291579763380826	2.6291579763380826
8.1634840703532756	2.7455762995595201	318.87751521841369	318.87751521841369
8.2695902031406394	0.69977153849170048	4.3856016577560091	4.3856016577560091
7.3352974721972348	1.2994523778293854	13.321990756578682	13.321990756578682
3.642535765641326	2.4077441956345234	22.475884955025894	22.475884955025894
3.4232709991599442	0.58707250503261355	2.05947147734858	2.05947147734858
0.57563341061680329	4.0733339943264486	0.10543735920115996	0.10543735920115996
3.6890067616919815	2.8818539882460477	43.027911142334226	43.027911142334226
7.9874656007789451	1.6872331245409873	33.309978936096407	33.309978936096407
7.678833753472234	2.2302968191881538	94.29121112593954	94.29121112593954
3.5207734991837829	4.7424305591306553	391.19488432141623	391.19488432141623
9.1980416538280725	0.93907502012012245	8.0349328355154181	8.0349328355154181
6.8807037945263572	2.3597222352290856	94.750364735162592	94.750364735162592
3.7627419441827121	0.97816945901895314	3.6554501141712721	3.6554501141712721
8.8314283268449554	0.96735232655419146	8.2251767494342705	8.2251767494342705
9.5197094625784189	1.4327861861157745	25.244019694351994	25.244019694351994
3.5900550103215889	4.1503404260881309	201.30684836913613	201.30684836913613
4.8898028983674866	0.055304139479406399	1.0917436263337525	1.0917436263337525
5.9709294238732991	4.5180646773612061	3207.8028406722005	3207.8028406722005
7.8338607708545736	4.9359792506451718	25861.055103441355	25861.055103441355
1.2649790078992105	2.6205603490828251	1.8514649585028244	1.8514649585028244
8.5595434644032302	3.0569700471161205	708.71815718477819	708.71815718477819
8.8612646303630633	3.6811524225167727	3075.2194651610316	3075.2194651610316
5.9385839303276029	1.5204665875527688	15.009250189376624	15.009250189376624
1.7959073532450385	1.8889401881092029	3.0222273538879469	3.0222273538879469
5.0912730806214777	0.24091694737670755	1.4800843163456847	1.4800843163456847
3.5595582262730212	2.5451003007100885	25.313860560008017	25.313860560008017
6.5632430339283667	3.9685049431180546	1748.794392032607	1748.794392032607
0.77421093354626258	2.2825624861428064	0.55758927022834825	0.55758927022834825
9.38138876899691	0.062769647362278344	1.1508768787485568	1.1508768787485568
7.8178323100806892	2.3125072607553028	116.21673509361359	116.21673509361359
1.3555173058283647	4.071587872825055	3.4504630972789481	3.4504630972789481
3.0829941442394162	1.7801302783807071	7.4205331281805869	7.4205331281805869
2.4547025842980559	3.475086570104573	22.661041683804498	22.661041683804498
4.0262080213032849	1.104237650915151	4.6553160399808728	4.6553160399808728
4.4774064868953918	4.5738685367693748	949.96966060073441	949.96966060073441
9.1906664680792698	0.67403049803555104	4.4599014478372769	4.4599014478372769
2.1152057469094272	4.6988323587419085	33.789161013036257	33.789161013036257
0.21831561534430172	4.8637445259022316	0.00061020718316184938	0.00061020718316184938
8.066561228040797	3.9774036600782052	4038.926019610069	4038.926019610069
6.7348280874466235	0.16340714785832242	1.3656973704910427	1.3656973704910427
0.5162293933789095	2.5844325138494044	0.18107621682367545	0.18107621682367545
9.3446177092788183	3.0369203038279737	886.17204110670855	886.17204110670855
2.0796136016116469	0.60293009230776096	1.5549674702556595	1.5549674702556595
1.3377313747579795	0.66526844620980563	1.2135823467452365	1.2135823467452365
6.1916095427352023	3.9612041388077519	1369.2903346796104	1369.2903346796104
8.0927854113225806	2.0233333092442929	68.767776381903928	68.767776381903928
8.1035381812487746	1.5279442667023344	24.457061281388924	24.457061281388924
0.35432035126095396	3.6583611095319331	0.022466126941278686	0.022466126941278686
1.207628572307766	4.616644408902645	2.3892262621200815	2.3892262621200815
7.1500549147891732	0.81358397904212376	4.9550999890841583	4.9550999890841583
8.4251270341321494	3.5690268137928456	2010.9774302535234	2010.9774302535234
0.16289552764677498	4.1288248284638609	0.00055732814559305427	0.00055732814559305427
7.6758940763903407	2.5549868809996283	182.59669567293795	182.59669567293795
7.9463402417123987	1.3507289322528129	16.439243265128379	16.439243265128379
6.2800639748288756	3.2972975386590559	427.68592404952409	427.68592404952409
4.9575585960546178	3.156963145244454	156.65165867386656	156.65165867386656
4.714763202629312	4.2967703393410313	782.89309022117538	782.89309022117538
2.7294978686193576	2.8947886115296368	18.296474129631576	18.296474129631576
9.2650652541484675	2.0161500366330456	88.9839342348359	88.9839342348359
0.54741589163628024	4.7801297023359881	0.056120720195955522	0.056120720195955522
8.3910453225308537	2.912047371074864	490.00007762715018	490.00007762715018
8.3993359073013369	3.411509800661138	1422.560367266238	1422.560367266238
7.4596311057507148	4.2098089881634664	4720.3407384721595	4720.3407384721595
5.4160435859307841	2.9783107265623689	153.15578983114924	153.15578983114924
2.0519693741679581	4.5057657359885521	25.501682273974772	25.501682273974772
8.0094501673942879	4.3879251678497573	9224.4619792850026	9224.4619792850026
6.6969541810481568	1.0763607915358708	7.7435832912589095	7.7435832912589095
5.0179417717455621	3.4117691824514806	245.4888170440849	245.4888170440849
7.5349205835275344	0.41901951866142062	2.3308433464891229	2.3308433464891229
3.0822466968154427	4.2523530864978394	119.90485812331902	119.90485812331902
3.3139906630227554	4.3212334853490777	177.23903523763522	177.23903523763522
5.8658329891522323	4.3291755139931247	2119.5032972475256	2119.5032972475256
3.7728431029305658	0.92271843827426137	3.4048884153983288	3.4048884153983288
1.8314524454710619	2.7433854655435246	5.2595641558428339	5.2595641558428339
8.4722897935892654	3.6681670671873441	2535.4904638116741	2535.4904638116741
8.6302058773348076	2.5341918576641058	235.53594418932661	235.53594418932661
5.7388460981066274	1.314077262826379	9.9346855310381237	9.9346855310381237
9.3512018558157699	0.30617195198426034	1.9826788631866274	1.9826788631866274
3.7666889708727087	0.88997526855952691	3.2552919366627862	3.2552919366627862
2.175120875201852	0.84772513817887252	1.9323827807870939	1.9323827807870939
9.5866636564057366	3.4535167902156259	2455.8687972491293	2455.8687972491293
0.49330439280811994	1.4497675841702293	0.35899471080601791	0.35899471080601791
6.6321954339283877	2.2147700997122484	66.036196946527525	66.036196946527525
5.2205497406001484	3.1299258693575869	176.35940307792069	176.35940307792069
0.3938342401416246	4.6357809242611125	0.013303377336490041	0.013303377336490041
4.2453976828310322	2.2055320593026924	24.260185343407112	24.260185343407112
5.2026548059517506	4.9789429020338174	3681.6579538116507	3681.6579538116507
7.086354085921637	3.0476245220319429	390.63353962454403	390.63353962454403
2.2729939890990734	2.0238209192995398	5.2685496060080972	5.2685496060080972
8.0170237762342804	0.66678347554222639	4.0066466612173324	4.0066466612173324
3.2296046603544628	2.7186824479428449	24.222303242654416	24.222303242654416
7.9502879912171949	4.5153228932842095	11628.383446047545	11628.383446047545
1.3886899873093064	3.6397750606359414	3.3040851393942474	3.3040851393942474
6.8119271601715861	1.2253065835375216	10.495695227703086	10.495695227703086
2.5056313566568673	0.21761607218311751	1.2212674687645027	1.2212674687645027
4.0186581396820307	1.4049126481186722	7.0579914189266635	7.0579914189266635
7.9760432548790998	0.46221317104207732	2.6110672661084076	2.6110672661084076
2.1369729941861602	0.53991960909552361	1.5068324540327711	1.5068324540327711
4.0711774332960529	1.3429342247598397	6.5889148721484689	6.5889148721484689
9.4200963440256551	2.4264867436902655	230.95766556182375	230.95766556182375
7.0976941961471427	4.2100009603081991	3830.0512240230505	3830.0512240230505
3.9171017604991154	2.967302823139863	57.478613742242963	57.478613742242963
8.9426015592059755	1.7202654565470876	43.328180082052846	43.328180082052846
1.2304427036070986	0.64031743075845116	1.1420046736067986	1.1420046736067986
0.3181771032448456	1.2638180236234948	0.23521446277033534	0.23521446277033534
5.3081348169320837	3.4839685030818024	335.48638629006234	335.48638629006234
2.2788603265888332	2.4734753144669956	7.6701864225577161	7.6701864225577161
4.0758914513416995	2.6231538705794533	39.875652237658173	39.875652237658173
8.1850308480127847	3.1527248230592275	755.96524316578439	755.96524316578439
5.0381593647149199	4.0044267781132916	648.9278378244345	648.9278378244345
1.0380509268170695	2.553815360936091	1.100067829765794	1.100067829765794
5.6672174011615777	3.3996180576309198	364.05736748699962	364.05736748699962
2.4904595266652145	0.43767160494504581	1.4908717297474834	1.4908717297474834
2.1639216335237319	3.6316813497435607	16.500245561571784	16.500245561571784
9.4139283757773988	1.8868724926431792	68.767226042814002	68.767226042814002
0.86654490154349362	2.4337002296175285	0.70567074960801313	0.70567074960801313
3.5260918556408969	3.550024125104704	87.681013305373256	87.681013305373256
3.2608805243996724	0.71624280929248652	2.331698651513213	2.331698651513213
6.1610833255938147	2.8807355977075439	188.27526493393822	188.27526493393822
4.8016918354927185	2.1214377791653702	27.895591668464501	27.895591668464501
9.4943036698632124	0.82130537925241898	6.3503215587932118	6.3503215587932118
5.8492963978704289	1.4568851132850311	13.109371078965388	13.109371078965388
8.1384005151158885	4.4554802221652787	11399.57784939161	11399.57784939161
8.7449582286725409	1.9059561988458018	62.366159509871309	62.366159509871309
2.6180977288358243	0.095189494511385003	1.0959427352133575	1.0959427352133575
1.6068037978446628	0.86187668734462175	1.5049240355835301	1.5049240355835301
7.9425902062350504	2.4583875200345857	163.10066533101747	163.10066533101747
6.9418511303020916	2.6573078515420083	172.21021566858681	172.21021566858681
4.8911072412946197	1.3440172994918336	8.4445241735354184	8.4445241735354184
6.6276711114861984	2.1544036685497439	58.822440870493587	58.822440870493587
2.6777558749956318	1.275951947878887	3.5141089028563948	3.5141089028563948
7.7052005745640093	1.0094345570015197	7.8550754708425146	7.8550754708425146
1.2740564665460781	2.0226904341344532	1.6321652595037306	1.6321652595037306
1.5565819449517022	4.2440677375375708	6.5401986138870107	6.5401986138870107
3.6067641407189028	0.4598488410792429	1.8038065040371267	1.8038065040371267
8.5410994555162283	1.9953471495929895	72.225966759539148	72.225966759539148
5.7576629122675937	1.7335231750837268	20.792392621953905	20.792392621953905
5.672293847499934	0.39677975610190869	1.9910226538531024	1.9910226538531024
7.8890865290181971	0.53053701475066473	2.9916162110298767	2.9916162110298767
6.5770112241948375	3.9455995697317019	1688.9361256808534	1688.9361256808534
3.323293344533484	4.1797942042745682	151.37345956904809	151.37345956904809
9.6645367248595697	4.3621946189505287	19840.446177544909	19840.446177544909
6.4154396616563876	3.6668391659202966	911.94672895709004	911.94672895709004
5.0424592792395302	2.3122380704566154	42.138251080847581	42.138251080847581
4.1373580496049716	3.6360115242804363	174.74804390778885	174.74804390778885
9.8838168518698151	3.8616894303994709	6951.6861499886854	6951.6861499886854
9.9739338050892883	2.3527152858079035	223.89708515382955	223.89708515382955
0.77564584436550144	0.64366612525530931	0.84914159122914146	0.84914159122914146
2.3425754730551613	0.88365941904546053	2.1216963273642544	2.1216963273642544
4.0278156787663111	1.4271182534921365	7.3030765658779604	7.3030765658779604
5.8405888348594983	2.1361918233899151	43.380883665902914	43.380883665902914
8.9153933005180157	2.7137268557245959	378.81032678633306	378.81032678633306
0.30134785076678672	2.8770113572867713	0.031715605175015364	0.031715605175015364
8.7050820198546077	0.58694229655211072	3.5611678590576621	3.5611678590576621
7.4998172552805116	3.2619298147841254	715.078806554165	715.078806554165
6.2523023611432285	0.1404659947075852	1.2936492663107491	1.2936492663107491
7.1420692611801773	4.5484919005959021	7649.1259157789573	7649.1259157789573
5.9403635981715137	4.7235116158717547	4519.7543023523731	4519.7543023523731
3.3890552727981724	0.8397881270500227	2.7871077457343723	2.7871077457343723
6.0274918523684686	2.1976655105793608	51.817847634827466	51.817847634827466
1.851701151580281	3.4203423189438116	8.2259120379174284	8.2259120379174284
4.0999527194979528	4.3329614508199308	452.0090480464205	452.0090480464205
8.6544685232842475	4.8506844599347527	35176.891293250992	35176.891293250992
7.9116976829319166	2.9780229711377366	473.22507959067076	473.22507959067076
0.72922441516863001	2.3600597976682014	0.47461803114126516	0.47461803114126516
0.99641110185923609	1.1664871490418265	0.99581484838815371	0.99581484838815371
8.8717599434282803	0.445437645554839	2.644108335251258	2.644108335251258
7.2965064901202172	1.9278935296415936	46.131095906619997	46.131095906619997
5.5018817624783187	0.54184800581651449	2.5190949989674323	2.5190949989674323
8.1997889196311551	1.1916166761375506	12.271637098132654	12.271637098132654
0.74928801805563183	4.8174254058122647	0.24896017794303582	0.24896017794303582
0.47968283097788678	2.6232669977935101	0.14556521782925466	0.14556521782925466
8.0855204178298763	2.9030933564107775	431.67907850964383	431.67907850964383
6.0165534217274299	4.8756916078883608	6307.5313386577227	6307.5313386577227
6.9785125496294187	3.1160312010310265	425.78603177672034	425.78603177672034
3.6580487620580127	0.022446816677873481	1.0295398421920228	1.0295398421920228
2.4258745030064808	0.92188962497175631	2.2636335405537213	2.2636335405537213
8.3922095070042282	3.6154368057529145	2188.8522205552745	2188.8522205552745
5.9990808466004193	3.7752187849024716	865.84475673918507	865.84475673918507
5.9283697648853977	3.2617073268241552	331.96223349405921	331.96223349405921
2.5071012648049464	0.59195036826792402	1.7230184940898787	1.7230184940898787
9.1468574493948545	3.7838513085866317	4338.2040716166421	4338.2040716166421
3.6954885301155138	3.9410646182538063	172.67580009774784	172.67580009774784
7.779189993924911	3.2014500580672256	711.67534069551118	711.67534069551118
2.129628682748677	3.4815411757479526	13.899638401801937	13.899638401801937
5.9248924568609862	0.30636152559809143	1.7247238467917729	1.7247238467917729
0.65147203390814601	3.7439557844348323	0.20101757001349208	0.20101757001349208
6.4875672424640971	1.4445977684647731	14.898126600663645	14.898126600663645
3.2779968343050809	4.906605425902006	338.7564788787891	338.7564788787891
1.0218979276282114	3.2578139345169839	1.0731191490032701	1.0731191490032701
7.3300943193003585	3.9070323190597649	2398.8937992125216	2398.8937992125216
0.96083426032741881	2.7722128312181611	0.8951542837073232	0.8951542837073232
0.99748232994690067	1.0652026060394439	0.99731839159387659	0.99731839159387659
9.0053516363009329	2.7811174279923585	451.41757552114211	451.41757552114211
4.6685578352532886	3.2407641957230515	147.45634843464759	147.45634843464759
0.87257219565017485	4.1725802732307447	0.56622490153086114	0.56622490153086114
5.6415430256616084	4.7446078730701995	3673.5707998140451	3673.5707998140451
1.0058471055879372	1.4563565661377733	1.0085268197968762	1.0085268197968762
9.8856835042643159	3.2544178006894482	1730.4837416133776	1730.4837416133776
2.8891011505634072	3.9755807070226359	67.889012007079018	67.889012007079018
8.4934399067462198	2.1408726797618405	97.51013008649916	97.51013008649916
9.4745583336798411	1.8877332168672791	69.740139780468269	69.740139780468269
5.2610090445637079	1.9365813680135884	24.912016577854558	24.912016577854558
9.5860918665219312	3.9951325690217985	8351.9574664197116	8351.9574664197116
9.8630879779255274	4.5318770626697953	31970.121978918425	31970.121978918425
2.5839215159689792	0.48110366068358218	1.5788798755451019	1.5788798755451019
4.6839860510855429	0.35438168743967019	1.7284383172565594	1.7284383172565594
2.9111151283803158	1.6579250918166633	5.8799778783826699	5.8799778783826699
4.2245617897654046	2.1284986216224824	21.477088901290983	21.477088901290983
6.6971464105437084	1.0503100201731848	7.3695390693560068	7.3695390693560068
3.7040085905377778	4.148075740577343	228.50434699328062	228.50434699328062
1.8915284691232794	1.9982811828929066	3.5739623544368322	3.5739623544368322
6.9576383139788085	4.1999046303985335	3453.4996710291375	3453.4996710291375
4.0471032270721556	2.7307000510824508	45.491360083449756	45.491360083449756
9.5558057002534245	3.6516055844245532	3797.952996222532	3797.952996222532
2.1450461690856857	2.5999869415512293	7.2732907166500542	7.2732907166500542
3.7460417315060122	1.2137588322742117	4.9679683774282388	4.9679683774282388
8.9445743285226555	2.4857698054877195	231.93074023830823	231.93074023830823
6.7825278330926997	4.574372448032376	6354.6956915243281	6354.6956915243281
3.9152368835090154	4.9814766485981954	897.03698812896039	897.03698812896039
9.6598606866358523	1.9352773014535312	80.57341183484327	80.57341183484327
3.5481348614756825	3.1692891519479174	55.34895293579288	55.34895293579288
8.6398042705368479	1.1854790726694608	12.888601011191103	12.888601011191103
9.7880784493655213	1.325397871814642	20.562138521128446	20.562138521128446
6.9014432486167969	3.3144214352024219	603.39326354146658	603.39326354146658
2.7433851346142326	0.0084834350215881611	1.0085981736868164	1.0085981736868164
2.3167002241308889	3.5926507665755687	20.457375312256872	20.457375312256872
3.7664338984123855	2.3860631423488741	23.670431797693894	23.670431797693894
9.002343516308267	0.72374213699480716	4.9057718587072365	4.9057718587072365
5.0696078599032992	0.32962636217613001	1.7075685059620529	1.7075685059620529
3.5835807939123536	3.8234035807782956	131.63711895974387	131.63711895974387
7.0852190527058418	1.3696471798290339	14.611135701210115	14.611135701210115
3.5939041080195251	0.94759226578955535	3.3608606391181359	3.3608606391181359
6.9613108730970499	1.9520807886451677	44.157143125475073	44.157143125475073
4.2221278611297146	4.7321302360070137	912.21238090811653	912.21238090811653
5.0602978287576326	4.9086523879461961	2861.2485714821255	2861.2485714821255
2.164314446331796	0.61548569610516446	1.6083660013257455	1.6083660013257455
0.2011731141018194	2.7560615195195299	0.012039152260999365	0.012039152260999365
0.061768815377163729	2.6406017084787612	0.00064106678340117523	0.00064106678340117523
9.9473309755454249	1.9715625460379336	92.69171169421675	92.69171169421675
6.5534351851678343	3.7253904390114028	1100.6920713118291	1100.6920713118291
0.26145238259348957	2.4693469086370685	0.036420023981071234	0.036420023981071234
0.19241104839827711	3.7369108166556204	0.0021146152847660218	0.0021146152847660218
9.0879634688495461	3.2260593337295438	1236.1467537145779	1236.1467537145779
5.4764547580975629	0.42397687553795188	2.0563958199125287	2.0563958199125287
2.8230654517944709	0.10134159534183776	1.1109046377557115	1.1109046377557115
0.25097478364303694	1.5130607416440398	0.12348205728193913	0.12348205728193913
8.5528904384559219	4.7913884806199132	29249.271508084119	29249.271508084119
0.8724193870671153	1.8221927474904223	0.77981230908626598	0.77981230908626598
5.1808557502427046	0.68421793821737453	3.0818132759755361	3.0818132759755361
5.0984072489976295	2.3580471275386765	46.576188397039807	46.576188397039807
1.4899181077571355	3.033106329837683	3.3513513942936042	3.3513513942936042
3.0047621309329409	3.8814845931951019	71.550476567020496	71.550476567020496
3.5442261826895849	1.3932959027966598	5.8296966448118175	5.8296966448118175
0.68816796070966646	3.4680791777333289	0.27359710560623585	0.27359710560623585
1.4059375240925824	2.3398077014530614	2.2192796891135989	2.2192796891135989
7.265140950808366	1.5253602150469814	20.592420635131973	20.592420635131973
0.20305836139509137	2.6586852438186028	0.014427193054882055	0.014427193054882055
3.1221872505127872	1.6821307362865894	6.7880430944864889	6.7880430944864889
4.3286337115465674	4.9020386296188363	1316.4864304953423	1316.4864304953423
5.3499479465502766	4.0828921836220253	941.39678566461248	941.39678566461248
1.2413678994761055	3.2850648646515928	2.0345542229009657	2.0345542229009657
6.0846644266587147	0.59094466996585282	2.9069693813019821	2.9069693813019821
1.2629831270528624	4.8109429247522693	3.0748067019226841	3.0748067019226841
1.8006093023225247	0.25041487600921192	1.158672874230126	1.158672874230126
3.7846197977790319	2.795203197659605	41.27524508980116	41.27524508980116
3.0489092579951564	1.4796018907591724	5.2040458731563559	5.2040458731563559
6.1203999352223182	2.8762364893433165	183.21658130706479	183.21658130706479
4.5305597407834579	2.0517623805728595	22.195641691303258	22.195641691303258
0.32497928802515552	1.5505651321831293	0.17502514350068735	0.17502514350068735
9.7837127929126115	4.4022593422092049	22932.644874679729	22932.644874679729
5.2557929668316792	0.8795269719697828	4.3034897944346993	4.3034897944346993
6.3689038165174416	1.3426881362354817	12.011800770019319	12.011800770019319
0.69175293599208287	1.9763910588975007	0.48270367949668308	0.48270367949668308
1.5283895820639868	4.6506736063440419	7.1913846861987452	7.1913846861987452
4.5397550222878564	1.4841086135339614	9.4429452262156914	9.4429452262156914
2.0212110331874618	0.68735984596658395	1.6220535348254721	1.6220535348254721
1.3222139867344649	3.0996089728410614	2.3767745211448137	2.3767745211448137
5.1205532614571698	1.6851808310712815	15.679319955250119	15.679319955250119
4.5654770583524318	0.40692755568416616	1.8550819213693004	1.8550819213693004
8.2594521261946099	3.2400660424809598	935.36814645853633	935.36814645853633
7.8365829007054799	4.14633236443514	5097.3752707488347	5097.3752707488347
4.7990976809691377	4.1581667247078551	679.79057652363315	679.79057652363315
9.8551217237740492	4.1979791836590863	14837.897313515392	14837.897313515392
8.2432296506968026	3.10141367670199	693.74042642843915	693.74042642843915
3.8581243836238039	1.8807146146810001	12.670867103959921	12.670867103959921
7.9253554600437015	4.2153761089560735	6161.7228432571637	6161.7228432571637
6.4682834771331663	0.19191722547615073	1.4308838566057263	1.4308838566057263
3.9229580752114912	3.5426927415920284	126.76250965520607	126.76250965520607
7.6629936181989091	1.5715762848984791	24.541417978963896	24.541417978963896
5.0325273705472107	3.174326480737613	168.92671849986377	168.92671849986377
0.091059986408301707	0.27702015136531355	0.51488799851482725	0.51488799851482725
8.2693757518091697	1.371402398909527	18.12275827313006	18.12275827313006
6.2542662149179664	0.10483104132570278	1.2118922194280644	1.2118922194280644
5.6533812069301828	4.1081769797298566	1232.0136514371593	1232.0136514371593
1.4718013732913791	3.587718647949715	4.0012502895202404	4.0012502895202404
2.16687965066125	1.4915184456277806	3.1688653491256886	3.1688653491256886
0.87227732816902448	2.9703344238373437	0.66638355321902842	0.66638355321902842
0.88373697710542864	1.5826458268226733	0.82233421937721807	0.82233421937721807
9.8070955595209259	0.66214272146032394	4.5346238049105025	4.5346238049105025
9.0998276651845558	2.7552113126327304	438.87317106203932	438.87317106203932
6.4621256106743559	4.3867122652642729	3588.2582101895164	3588.2582101895164
8.4239917274960927	0.64250074764690368	3.9322938410697503	3.9322938410697503
9.8341356792325101	4.0799176924018727	11227.471707682214	11227.471707682214
1.2956590925876359	1.7128357296803127	1.5583972421425027	1.5583972421425027
2.6353536825310622	4.6334937948832247	89.115751208867366	89.115751208867366
9.2498228918709664	2.5372241856560329	282.68129547819109	282.68129547819109
3.0546083114518301	4.8140675911312929	216.0770768024104	216.0770768024104
8.4780969482323023	2.9684817041093474	569.68758150537485	569.68758150537485
6.5709522285177124	1.9571072182971254	39.827795365719695	39.827795365719695
1.7007573492972532	3.661448070541125	6.9901261017623577	6.9901261017623577
8.5625035290187945	2.7339427694180882	354.54969336558929	354.54969336558929
4.7653250838793015	0.87353881451615134	3.911471294267411	3.911471294267411
5.8905385874368443	1.9270783965763771	30.489413670705737	30.489413670705737
5.777395876191445	4.0805518154484268	1283.1795040780694	1283.1795040780694
0.11208556779144477	3.9441089144498616	0.00017836945440208746	0.00017836945440208746
9.070345809680358	2.0864575910063858	99.550063341696415	99.550063341696415
8.5910599828100338	3.6910164832765617	2802.7344722822909	2802.7344722822909
1.4380035167324507	0.48467692416207664	1.1925115839288729	1.1925115839288729
8.7181738475964909	3.5426804208747469	2145.9870385566778	2145.9870385566778
6.9181788836142699	0.074798851136106986	1.1556609021754265	1.1556609021754265
0.50520316140903043	4.2766506463735112	0.053929691010785603	0.053929691010785603
4.790692086591239	2.1192381477735398	27.664698694164741	27.664698694164741
7.1511663949008231	2.8604169968703497	277.89079361897586	277.89079361897586
2.1232355506571485	4.8137750622113202	37.505561438661346	37.505561438661346
2.2026909366468108	2.1042575357702029	5.2682044784932849	5.2682044784932849
5.3308560052095997	1.3807802792585513	10.08200475531406	10.08200475531406
2.4088119528472789	1.7131926671279398	4.5092251889894852	4.5092251889894852
7.4998076997425898	1.7665700105635354	35.142877100857042	35.142877100857042
7.7007382606944823	3.903774791950946	2889.4999337954487	2889.4999337954487
5.861007770092824	0.97961479819845543	5.6534951883767697	5.6534951883767697
0.3680309622031111	1.0835585809513919	0.33854021839213971	0.33854021839213971
1.1180626436296517	3.7277287772043732	1.5158932333654265	1.5158932333654265
4.7389926578397485	2.9750501522192883	102.37639764085294	102.37639764085294
4.5390500306450248	0.47217412396654673	2.0426871601598919	2.0426871601598919
1.0809008180364397	1.0099730002733975	1.0817397575331722	1.0817397575331722
5.0444549975866888	0.95080610182673886	4.6584354199637588	4.6584354199637588
3.2751493082988761	1.3123555589610068	4.7442372905786163	4.7442372905786163
3.0991380240146449	1.7848142664294422	7.5296328397294543	7.5296328397294543
4.8346238536192967	1.8551328530725286	18.603031032802111	18.603031032802111
7.9200276642157768	2.6424889352226257	237.06932149497575	237.06932149497575
8.7951909839025753	1.6872478366015888	39.190048097699211	39.190048097699211
4.7155237573834112	3.6375075121688778	281.81895898385994	281.81895898385994
7.3365679791901384	0.40258844895778201	2.2306809720076375	2.2306809720076375
1.4431816759580194	0.16685676241523822	1.0631236690345416	1.0631236690345416
0.39184447616663221	1.7347149092961398	0.19686491294699257	0.19686491294699257
2.8539524472105526	0.70420579290332685	2.0928024132991925	2.0928024132991925
5.8599647277283644	2.3685981255980195	65.892299265095602	65.892299265095602
8.6188149713022426	1.1693162109271316	12.411777835030193	12.411777835030193
0.1800200991478054	0.88314906151670547	0.21995682237261202	0.21995682237261202
9.7819142934307592	0.5187541824883708	3.2642733271404638	3.2642733271404638
0.1584511856177761	4.9931852836375592	0.00010114163061780125	0.00010114163061780125
8.5751760995498003	2.6180453004419362	277.50612592791583	277.50612592791583
7.1807817102400548	1.7878798079444218	33.94158654019185	33.94158654019185
6.5761258873324202	2.5614918263135831	124.51560191268591	124.51560191268591
5.4277302103238565	1.267788084286841	8.5376877472255757	8.5376877472255757
0.69542780706556395	1.2762005292346301	0.6290453923000886	0.6290453923000886
6.9461066526866624	2.5444746595531416	138.60847412192982	138.60847412192982
4.7519291045414347	4.9975665069362272	2413.807347483038	2413.807347483038
4.2473208600117456	1.7141931822829501	11.931926562274349	11.931926562274349
4.2252217779866994	4.9390634520609265	1233.4184467467908	1233.4184467467908
3.3803874908070948	2.0131157155344797	11.611029963332282	11.611029963332282
0.13704526855821064	2.2097036348411896	0.012380134006939152	0.012380134006939152
5.1279252864222773	2.9453534209699002	123.31876936567879	123.31876936567879
3.2971740274032877	0.58327526900468007	2.0054846336394414	2.0054846336394414
1.2741849698347527	1.5708207787318085	1.463192151207483	1.463192151207483
2.7123000613101733	0.10387891284612998	1.1092122383906955	1.1092122383906955
2.2353793190965381	2.3169783611847925	6.4482109582018481	6.4482109582018481
3.3817460180615888	1.9230262872609152	10.412428406009051	10.412428406009051
6.1550708665795248	4.854060078396186	6776.1759951496679	6776.1759951496679
9.953128916832112	0.64389397303967599	4.3911693921826487	4.3911693921826487
9.1753345251437661	2.9437475591576727	681.89246240184764	681.89246240184764
2.0077419493877184	3.895262974123562	15.105212808782857	15.105212808782857
6.5791378703234651	2.463936435561271	103.73286636757798	103.73286636757798
4.5905477358273092	0.091999914165980357	1.1505128613254949	1.1505128613254949
0.065678109014418104	3.9323825015219489	2.2368951036648705e-05	2.2368951036648705e-05
1.9147122076119887	2.2864309628179309	4.4158080956086403	4.4158080956086403
2.6370419763917701	2.8103887638172198	15.258175495677174	15.258175495677174
0.41129700762903743	1.5621587116178199	0.24960295975564051	0.24960295975564051
6.2831105239475979	1.2929883401501194	10.765410125084914	10.765410125084914
1.8943248276497311	2.008148559881159	3.6071961338701484	3.6071961338701484
2.2453874258504971	0.090238180273266827	1.0757215932399422	1.0757215932399422
0.66757526687129731	3.8086448087364344	0.21457728338494816	0.21457728338494816
9.3409996457968685	4.9884195526733208	69299.354434891662	69299.354434891662
3.9434390729436974	3.5664164463030046	133.39479450595812	133.39479450595812
4.4460877753768981	4.3525207631193439	661.20760475878444	661.20760475878444
8.9669162506968156	3.299347631002532	1390.2752770805016	1390.2752770805016
3.3179708149269342	1.7076872068129167	7.7533146628707463	7.7533146628707463
1.5966564665250611	1.0212276116494672	1.6125945166058566	1.6125945166058566
4.1044306012300069	0.37400654120388233	1.6957452230940286	1.6957452230940286
8.5388170986586136	4.8868241335014551	35610.396751098284	35610.396751098284
8.2805849416766559	1.535490107620709	25.68464745486375	25.68464745486375
0.00377426340889306	4.8344104192986768	1.9293560094843223e-12	1.9293560094843223e-12
1.2643045174942171	1.6359863475127512	1.4676685020857854	1.4676685020857854
2.4616284759903309	3.1870898887085497	17.654738808680001	17.654738808680001
3.7375717304556222	0.78270145321035844	2.8065104402198928	2.8065104402198928
4.6662294106704527	3.0752672672510166	114.09050676657189	114.09050676657189
4.4086395778313765	3.0150617082735338	87.622998986564497	87.622998986564497
1.4551879569594475	0.50118060486637239	1.2068460935802323	1.2068460935802323
0.4382475254617279	0.60044306865022923	0.60935859420165672	0.60935859420165672
5.5937486071502942	0.49423143184194168	2.3417379646986847	2.3417379646986847
9.0460781820433649	1.6992198212435556	42.192607216369368	42.192607216369368
9.3455642729237951	4.1900424697512459	11664.829260859133	11664.829260859133
7.7109208534200544	0.30761669842030848	1.8745140260358388	1.8745140260358388
7.9402271564885805	2.4475837086213277	159.37361097728228	159.37361097728228
5.1226432704678224	4.1014953283192916	812.80579722566517	812.80579722566517
4.1270269355044702	0.95286589021237345	3.860288714030411	3.860288714030411
4.0064409269616519	0.046252719094669451	1.0662995620951723	1.0662995620951723
7.6831325489562072	0.21751300444988433	1.5581745325185583	1.5581745325185583
8.742380388150897	3.7370747559833193	3303.243414972188	3303.243414972188
9.47930996689586	0.9455607325314348	8.3869048367738106	8.3869048367738106
9.5734581594146277	3.5287541118707288	2897.0148121304273	2897.0148121304273
3.8973696743512409	1.781843358268886	11.289181476692434	11.289181476692434
6.4366897050480816	3.8396766155983624	1273.5112135718423	1273.5112135718423
7.3969494623799825	1.2391980203039772	11.937910683859732	11.937910683859732
2.8164304375891747	2.4503919729168859	12.645584014231835	12.645584014231835
9.9737675516197015	4.3531146487687495	22291.987964365384	22291.987964365384
7.5957933968161839	1.7014977566555971	31.498743384419551	31.498743384419551
6.3581857967222311	2.3351044914234294	75.139274498113082	75.139274498113082
7.3287580412160649	1.2016951359131598	10.952236279050924	10.952236279050924
6.6414550031362873	0.14748761000898497	1.32212841542632	1.32212841542632
1.5930930673326584	4.0316877565957734	6.5369198355056302	6.5369198355056302
9.879556688206625	3.5530710099871095	3422.7314300178332	3422.7314300178332
1.3548546562958137	3.0583107885652447	2.5314473111007501	2.5314473111007501
4.9983734094010481	4.3171250623791568	1039.7546809514636	1039.7546809514636
3.7966507470777495	2.8530026568437803	44.981257152682197	44.981257152682197
9.0227031041694712	4.6498566134468575	27680.792445102834	27680.792445102834
0.96690378212908812	4.5988524490350526	0.85660334295826646	0.85660334295826646
3.5663646391884147	1.4036306255115794	5.9582808185021845	5.9582808185021845
5.6627324332734918	0.50926969762245378	2.4182062787328364	2.4182062787328364
5.2063305435068852	0.96309316171003367	4.8987673711212363	4.8987673711212363
8.4482944396446928	0.61004451788604441	3.6759565816029056	3.6759565816029056
6.5087014881833438	4.9108027852619944	9883.4902486360243	9883.4902486360243
3.4404431823609691	0.62646161160166913	2.1685443851250668	2.1685443851250668
9.4496727390408619	3.061538306464318	968.89296124626412	968.89296124626412
0.08150155946166493	3.069558714988589	0.00045473654363173801	0.00045473654363173801
3.6829731529118792	4.8075820804087623	527.28572947770124	527.28572947770124
3.6118071287910598	2.5726956149839153	27.217955916763451	27.217955916763451
1.8446447267762724	0.63486360333225067	1.4750893142019621	1.4750893142019621
1.461945745907044	3.7548128742519915	4.1618459698412176	4.1618459698412176
3.9674699418466144	0.28782876946986674	1.486857835994331	1.486857835994331
9.0854011097431115	4.564783232850802	23693.711975604976	23693.711975604976
1.2299730479701767	2.0378695388818087	1.524738950142001	1.524738950142001
1.1552813764501997	0.66536964935082554	1.100805374204932	1.100805374204932
6.2359277755357176	3.2977697385512728	418.21606881939726	418.21606881939726
2.7858117890098582	3.4508855126430067	34.314495919811307	34.314495919811307
2.5540410581071828	0.80067544083193032	2.1186409292603936	2.1186409292603936
6.5019309779699412	4.3585348190376969	3496.821092341479	3496.821092341479
2.0887096408302757	2.1714566730195104	4.9499563872981094	4.9499563872981094
6.2966389740114783	1.4467896027531755	14.326572221307249	14.326572221307249
5.3033817617374899	0.82689915804204772	3.9731245109717288	3.9731245109717288
7.1945661344178946	0.44931304360488433	2.4269640835926776	2.4269640835926776
4.5156001215783999	4.4172193734483436	779.86940868223064	779.86940868223064
0.1780885325408687	0.89750930115889627	0.21253908175664346	0.21253908175664346
3.1780942236483951	4.717901274818816	233.97703835473723	233.97703835473723
6.7440856845369099	3.0622977832769704	345.46917957783461	345.46917957783461
4.5001632649804355	3.435101100656909	175.34974952360318	175.34974952360318
4.5600787187772971	4.7613873145137227	1372.8482651247477	1372.8482651247477
3.770925180354336	3.2312599615240503	72.887502527676858	72.887502527676858
0.84811561871393881	1.2325243744619656	0.8162423406125342	0.8162423406125342
7.1030091976487082	1.53847432742065	20.413723984726008	20.413723984726008
5.1511617298294894	2.7620031346731211	92.530381775029582	92.530381775029582
4.9778584610933834	4.2421201265326847	905.60373354986768	905.60373354986768
9.746012115509977	1.7535645215442084	54.196576284610089	54.196576284610089
6.9122271972745022	0.59565329255608768	3.1631605008345431	3.1631605008345431
1.1484180711717935	1.5082780765709525	1.232104487287482	1.232104487287482
0.27679305990416792	2.8861927929829658	0.024544396001658957	0.024544396001658957
4.7558667030968245	2.4759845565760781	47.512755001872371	47.512755001872371
3.2019762695865417	0.027685478201745641	1.0327441463204627	1.0327441463204627
5.6425582001261212	4.3925925082404484	1999.5306032562758	1999.5306032562758
8.0352559735849276	1.7184712181342421	35.91004628928777	35.91004628928777
0.52808111196473562	3.2950091080522963	0.12198208830780549	0.12198208830780549
0.55655193328745767	3.9055642261149659	0.10140424814474294	0.10140424814474294
3.7565558837898925	3.1857815241045824	67.788324058085138	67.788324058085138
7.5900265374900826	0.691295862924176	4.0598365371189509	4.0598365371189509
1.9606322889408654	1.9366049941033712	3.6834590453912277	3.6834590453912277
6.5638903063466749	2.7115700935430036	164.35774815092751	164.35774815092751
0.73699248823749519	4.4228754762453883	0.25930185543137335	0.25930185543137335
9.5522673424450115	3.3704004124428364	2010.7183730700965	2010.7183730700965
4.7236419066997399	2.1019035360453135	26.137565908832979	26.137565908832979
9.902638523020217	4.4487138064332399	26903.630729160588	26903.630729160588
5.3111051906623388	0.56498571674151465	2.568733870489849	2.568733870489849
4.4532444179763662	1.6385169016501426	11.557594728987405	11.557594728987405
3.004865287294038	1.4700108855030547	5.0397380204216846	5.0397380204216846
8.2173706428210327	0.7704761001621343	5.0673373663890136	5.0673373663890136
7.1298509603371638	3.5741806148706656	1119.6018646966882	1119.6018646966882
7.9324700951221079	0.31455670433329058	1.918293061033278	1.918293061033278
5.6917133745107629	2.5219504806298958	80.294445133587402	80.294445133587402
5.6370505058926321	0.48548750849342565	2.3154015958314837	2.3154015958314837
6.764009826203111	0.98242759722943496	6.5405692273592555	6.5405692273592555
8.847570697410184	0.75453641928560977	5.1809955830731429	5.1809955830731429
8.2042247362193326	0.36355983886331755	2.1493510000585019	2.1493510000585019
8.090455212969621	0.66728586693597691	4.0353157499596159	4.0353157499596159
3.3082299611531378	1.4510346903113869	5.6748106081481779	5.6748106081481779
0.47519203906570018	3.3247250951728646	0.084271121721311126	0.084271121721311126
4.7700155282822774	0.51979051956713485	2.2526211408907297	2.2526211408907297
5.3681457308367486	4.2554473077834096	1275.6420914739026	1275.6420914739026
9.1128269056402704	0.49568017396897779	2.990067730646262	2.990067730646262
5.6234497830601251	2.295496369112227	52.677936334262206	52.677936334262206
2.3023701157284511	0.22341384785187818	1.2047999519326555	1.2047999519326555
4.3897980123323297	2.473312525045575	38.812008810610649	38.812008810610649
1.9575650863999419	0.35565541367415954	1.2698442289811334	1.2698442289811334
3.3742400757436735	2.8574943659987189	32.304266534930285	32.304266534930285
8.7718034828108991	0.90315414656043957	7.1081182607470703	7.1081182607470703
7.6119131075890847	1.6708954311079125	29.708724046522516	29.708724046522516
9.1730720030742106	2.4188325094017822	212.89334955737755	212.89334955737755
1.6067367899152813	3.8928867033233949	6.3346048949951363	6.3346048949951363
1.7472615380473653	3.1386940558077669	5.7635140145894503	5.7635140145894503
6.1880731898701473	0.85515340139408857	4.7522724212715133	4.7522724212715133
9.6688194164957171	2.3699736233726134	216.42582584474528	216.42582584474528
9.8739986230264272	2.9336942838012074	827.06303772834008	827.06303772834008
3.1760930949377411	2.3102081023878718	14.437027765674474	14.437027765674474
5.1123912732566996	4.4594761399764344	1445.746663046604	1445.746663046604
8.5453743688149419	3.6643258784865624	2595.1732646357955	2595.1732646357955
8.7520730019052415	4.0180519764370572	6101.6977420748881	6101.6977420748881
7.5244400707924211	0.14839852105234902	1.3491724774230849	1.3491724774230849
1.6234998524677056	4.8987510460370656	10.738736768965058	10.738736768965058
4.1103913273701789	0.23403168949469527	1.3920925701441651	1.3920925701441651
6.4902712717036612	3.1568546606030519	366.60278616887712	366.60278616887712
7.833508230491848	2.0845771932020214	73.033299756306505	73.033299756306505
9.4478583232157103	1.8551454258927091	64.474093397357933	64.474093397357933
2.0760747492367435	0.2931725706522787	1.2388163877325469	1.2388163877325469
2.4675874757788825	4.2738546837941511	47.480568080475024	47.480568080475024
5.3572066926400943	1.2715041238275662	8.44983415387488	8.44983415387488
6.403602268127063	0.83958928621571682	4.754066410863925	4.754066410863925
9.8337892420053219	3.3790983156705208	2262.0463965023132	2262.0463965023132
0.49322532141110154	3.7014630627792542	0.073083401890019953	0.073083401890019953
4.5540429435097813	3.7400151756954019	290.01150453898242	290.01150453898242
0.83410162182815051	1.7414330737641546	0.72913526090251224	0.72913526090251224
7.7961269045110058	2.7156766052609385	264.27413693768892	264.27413693768892
4.8755801092879922	2.2398039376885497	34.757138011199956	34.757138011199956
9.5074676917419367	0.78442013931508014	5.8507800569633837	5.8507800569633837
0.84948868152849843	3.0167704897466798	0.61134269690099541	0.61134269690099541
1.3736167116392315	2.5673335956465215	2.2591595267022417	2.2591595267022417
6.6274330278869353	2.3996523903872315	93.528361707337211	93.528361707337211
8.8619145963598722	3.1174966409427696	899.31945082124628	899.31945082124628
0.81514191997790086	4.0159060427873623	0.44006921027076679	0.44006921027076679
4.6507298235506873	2.5871869505896439	53.33372369562688	53.33372369562688
4.833216140786762	0.5661810218166724	2.4400659275714509	2.4400659275714509
1.1947915828146083	3.5975469978278891	1.8969774047349239	1.8969774047349239
7.9258386060479245	0.81082562405033709	5.357582967409062	5.357582967409062
0.18717231165510567	1.228053402799725	0.12772438655581156	0.12772438655581156
3.8167408848153093	4.9989682019879114	808.84107189017504	808.84107189017504
0.23637219033241313	0.97471827682947443	0.24515058984158872	0.24515058984158872
5.5003457047996456	3.5579965026988312	430.829052931511	430.829052931511
4.3567870865701162	1.8897261982276206	16.137987383203896	16.137987383203896
2.0079978723561061	0.029897117707034706	1.0210611412650519	1.0210611412650519
6.7363643697955409	2.0065738975850236	45.951228328923953	45.951228328923953
7.7437494458760714	1.4970011686996241	21.41712266147621	21.41712266147621
0.5963121822530334	2.2973323009213726	0.30492177326993825	0.30492177326993825
9.6640518723816839	3.1415452380637365	1244.2921408678706	1244.2921408678706
0.050216527363709615	0.23067146109123501	0.50155943524756841	0.50155943524756841
6.2631063767032016	0.943187676586414	5.6431592855346908	5.6431592855346908
1.0533001023984645	0.13150096659495195	1.0068519752869813	1.0068519752869813
9.1420101140952816	4.3414087436462081	14868.762627757287	14868.762627757287
5.3816127858257623	4.6521910107347821	2513.8786708511907	2513.8786708511907
0.84142225177760888	4.4534785916445303	0.46350179767872923	0.46350179767872923
9.5198499282185534	1.3936881174967333	23.115598624118526	23.115598624118526
0.069932351645492788	2.6785386377243676	0.0008043142060475617	0.0008043142060475617
1.3179392888812878	0.51159869732638696	1.1516972582330995	1.1516972582330995
5.8997488299790639	3.0160030737862487	211.26924202559184	211.26924202559184
2.3134622226151	1.9010682375089438	4.9259239412999953	4.9259239412999953
0.31557494763909671	1.4983972618625803	0.17760557159453408	0.17760557159453408
8.8596442240408955	0.67482211043785467	4.3585040622100575	4.3585040622100575
7.5017891480385082	1.819547675313655	39.120479957069108	39.120479957069108
9.9739981358059087	0.96889524391441961	9.2853803327741122	9.2853803327741122
2.3242527332793768	1.6868154024587061	4.1481303684198583	4.1481303684198583
1.7302361784642983	4.7277225660132691	13.35660919939585	13.35660919939585
1.2428694034193291	1.1552328844588395	1.2855336200488416	1.2855336200488416
3.8809183924105928	0.5740465748451864	2.1780900876523366	2.1780900876523366
7.7663905359158125	0.81729391764104053	5.3403627542504664	5.3403627542504664
1.2936795219429156	1.4274693312117663	1.4442061492301663	1.4442061492301663
9.8539818341638945	0.39983609391693875	2.4962141685084256	2.4962141685084256
9.9475965253282173	4.0436804674088673	10825.636577878191	10825.636577878191
0.26248684911777886	3.0236938637014843	0.017521006970945871	0.017521006970945871
9.37287564252326	4.9723820638812573	68002.229601051993	68002.229601051993
2.2107305283614256	2.8896998457870837	9.8993133791863546	9.8993133791863546
2.6506046158793737	2.3437386082389233	9.8222255736959685	9.8222255736959685
6.3537186744202598	4.3982950838868557	3403.7215425603026	3403.7215425603026
0.31639828501270278	4.153829282322083	0.0083957182681142252	0.0083957182681142252
0.27175702837558069	0.252314086352384	0.71983977771353602	0.71983977771353602
3.4923653946155202	3.6075534364880824	91.061175926853196	91.061175926853196
1.0502507417125901	4.1939785455186964	1.2282941183595901	1.2282941183595901
3.2556826750396284	2.1020995452366482	11.957066895341734	11.957066895341734
8.3821204902940067	1.6082473990909967	30.547910331395713	30.547910331395713
6.904180653551462	1.9816500172189631	46.007284401488029	46.007284401488029
9.2412188407195686	4.8014017242608551	43336.527556066227	43336.527556066227
6.9712159765079997	1.1701777421244319	9.7010977535466392	9.7010977535466392
6.5691906920355798	0.9944119621773323	6.5004523868888251	6.5004523868888251
0.87077620656455479	0.31092794907497134	0.9578891807678982	0.9578891807678982
7.7598202721766318	2.2640778994771371	103.44118401613466	103.44118401613466
4.8896931057437074	2.0478853886061166	25.797030768083051	25.797030768083051
6.8979036675919057	2.8610260638204279	250.95251626982579	250.95251626982579
8.9569485926974384	0.3889896433024384	2.3462830896145084	2.3462830896145084
5.5705038834948803	2.0251280804258736	32.399018899469674	32.399018899469674
8.1972398374312903	3.8478502219022896	3278.3569566628285	3278.3569566628285
0.41904160859996814	3.2017882204919301	0.061737265113325744	0.061737265113325744
5.2211971319354582	4.9025853487890361	3303.1563498624942	3303.1563498624942
6.9470275187290129	1.9623155299359252	44.861654721788113	44.861654721788113
0.21484206600928818	1.8658716053405631	0.0567309953777273	0.0567309953777273
8.1643901824091145	2.9660393200227571	506.75927332624946	506.75927332624946
7.3929729756803608	1.4368829926091036	17.717050182246492	17.717050182246492
0.31125621379558288	4.1689296238775171	0.0077062792188131984	0.0077062792188131984
1.6055454679024004	3.9244764211864451	6.4115211706145026	6.4115211706145026
0.006654447883489914	0.42430200428779768	0.11921806549087556	0.11921806549087556
6.0891274520356875	4.5824558661686341	3937.2134243470578	3937.2134243470578
2.1543577229456807	4.3751796222343122	28.729318538894091	28.729318538894091
0.13774019685687869	4.5816779790626505	0.00011361962847719864	0.00011361962847719864
4.040269911109597	1.0335127790249918	4.2338247390582726	4.2338247390582726
5.832321458502884	1.3378318167806855	10.581983066964243	10.581983066964243
2.1871321237353816	4.7712632537855795	41.843999750792108	41.843999750792108
7.7805276053902075	2.8440844755596077	342.06213400785072	342.06213400785072
7.0430953373488361	2.1198498371038896	62.680356769674788	62.680356769674788
5.7496744965059063	4.3396987142270458	1979.8070838985172	1979.8070838985172
4.0137809226375492	2.8446850121013507	52.109878821296036	52.109878821296036
1.0364870344503689	0.42441370812872753	1.015326032404642	1.015326032404642
4.8925599028363882	1.5976787923497116	12.637387025593453	12.637387025593453
5.3518584709193915	1.3779062992734146	10.088140102747714	10.088140102747714
3.5575845351965771	4.2052927208934356	207.85911352629279	207.85911352629279
2.3156281627846589	0.52260907435455406	1.5508837158646749	1.5508837158646749
8.4638263852409281	4.9860889903795105	42162.887101990324	42162.887101990324
8.1905594831285686	2.007092321083261	68.093342112184786	68.093342112184786
1.9980880697647938	3.0097990452604306	8.0313696755271735	8.0313696755271735
0.45856186032537594	4.5843436508398128	0.028037013643178815	0.028037013643178815
3.2785602207903137	2.0522322391154715	11.436723376933012	11.436723376933012
2.2172371735434884	3.7426479437243527	19.69033643704541	19.69033643704541
3.9644138309018961	4.3074066321481759	377.2246957605613	377.2246957605613
0.28045204789924161	2.9434253445418799	0.023703531541335154	0.023703531541335154
7.1223452196650392	3.3251150768386455	684.02135248885372	684.02135248885372
5.3564172320949535	0.86643608608404599	4.2807816972395427	4.2807816972395427
4.3148642652620159	2.8175522265503119	61.525205753113191	61.525205753113191
3.8455475899136653	4.9569600566551246	793.62325275242199	793.62325275242199
1.3539485169900536	0.80348027768677321	1.2756740841635688	1.2756740841635688
6.4173368781936375	0.22438376296489523	1.5175999956642019	1.5175999956642019
3.0810966791087391	2.6719911040550963	20.221635752281479	20.221635752281479
7.5669163986275398	1.5974795004041908	25.354496025303963	25.354496025303963
4.0085533544089378	4.4680647539097009	494.52465499265941	494.52465499265941
2.3903609912006227	0.40870838827264244	1.4278454573526882	1.4278454573526882
1.7564006689416072	4.1833985948913384	10.552564096223266	10.552564096223266
2.5726698273133648	1.7886551963823245	5.4204528248344053	5.4204528248344053
6.9753143461415599	4.6387414953118498	8186.0487982032155	8186.0487982032155
8.3252048280067967	2.6910683502849349	299.80968556031581	299.80968556031581
1.229411168581108	3.9414819684192386	2.2570423898203149	2.2570423898203149
8.9423662484822994	1.8802483999221078	61.513006286569976	61.513006286569976
7.7293216900958361	0.69950484525707401	4.180798153011529	4.180798153011529
0.73064946754216487	0.64536778310684884	0.81666177072363366	0.81666177072363366
0.95648445072842603	2.5109584484022225	0.89429961851688478	0.89429961851688478
4.5371727805606099	0.56442053675290438	2.3480271900445819	2.3480271900445819
1.0212917910596546	3.3850090524392709	1.073920901682617	1.073920901682617
8.4249437302683123	1.0857382573551977	10.114013088953554	10.114013088953554
2.6043458959291339	4.7107454823479662	90.83445312349572	90.83445312349572
6.5935779513334118	3.0074639596139505	290.72161457411522	290.72161457411522
3.7507923157796004	3.2219556705268944	70.761806585133343	70.761806585133343
9.6960191665698687	2.3146909317802091	192.15821132462466	192.15821132462466
3.7198058647991266	3.2120129668356161	68.001504372394749	68.001504372394749
6.4301447791238564	0.38922426064997157	2.063379561720911	2.063379561720911
5.3264235753590681	1.3305762525774736	9.259298637877361	9.259298637877361
7.1262224122631954	4.2131957915859202	3919.7964929351951	3919.7964929351951
2.3941620998292423	0.16954942245427679	1.1595387473685344	1.1595387473685344
2.3690677844784513	4.979946465835722	73.345898459876878	73.345898459876878
2.771953689585164	3.2595825670305674	27.752200843178095	27.752200843178095
7.5996825987818317	3.8505041366676824	2463.2389340816076	2463.2389340816076
4.510751197797453	3.2965099127359068	143.46233515649448	143.46233515649448
4.3451644308289827	2.652206683603235	49.218043941493612	49.218043941493612
4.0373985496747258	3.9365820945422207	243.20292579386097	243.20292579386097
4.2010082804287761	1.2849902398046513	6.3241652822815322	6.3241652822815322
1.5845706906850057	4.1755743573880739	6.8351150421244435	6.8351150421244435
8.6386776632532598	3.8028441960682779	3640.5169992815809	3640.5169992815809
7.4862908167896789	4.7758061601133566	14973.670171816604	14973.670171816604
3.5535691211282732	1.1462287941942375	4.2774782737830286	4.2774782737830286
1.7199029036253519	2.9455187440697745	4.9394800898780415	4.9394800898780415
6.927374874220888	3.3946749148225486	713.60428038605744	713.60428038605744
7.0189174213602801	4.2969660674599259	4329.0643847571237	4329.0643847571237
7.171604166186329	3.5021665152393284	991.99799352200182	991.99799352200182
4.6247714447102979	0.91503892966445854	4.0605371968997934	4.0605371968997934
1.4251153828835061	3.0974291374059453	2.9959844803775453	2.9959844803775453
2.943420741844434	1.8731062069275104	7.5545785176851563	7.5545785176851563
3.666844370144124	0.25128153506083212	1.3861054785068418	1.3861054785068418
6.6559477519060195	1.1305658163924317	8.5249723163070303	8.5249723163070303
2.0321277034494245	2.0731933730729559	4.349526339854501	4.349526339854501
8.4938509469418904	2.7349909030753232	347.610371871653	347.610371871653
7.0455754871507708	4.9170518789579809	14765.538269584369	14765.538269584369
5.2022572324803305	1.9637631963109876	25.493598560354119	25.493598560354119
6.8137047041771073	2.399147141394895	99.864051388507249	99.864051388507249
1.0203344786270467	1.8874228304981424	1.0387257832108563	1.0387257832108563
7.8020170324702356	4.9793415745959217	27707.853379172742	27707.853379172742
1.1253508110713946	4.1302307041947826	1.6286620473321802	1.6286620473321802
2.3796912459811792	0.84680373592253755	2.083718567984747	2.083718567984747
9.1722163243143715	4.4492203912683586	19154.033040838749	19154.033040838749
1.4362251300213171	4.3427088298715661	4.8169443843680808	4.8169443843680808
3.6915257707060869	1.2498278913882301	5.1157552631090928	5.1157552631090928
9.7823215819594243	2.0664315221081768	111.34749128114186	111.34749128114186
4.8035628828945827	1.1453634338348213	6.0344527105468169	6.0344527105468169
8.0351120207457445	0.34591533148157594	2.0561300745992441	2.0561300745992441
4.5699701850539656	4.7272416965055299	1316.9521120890372	1316.9521120890372
8.422272290532657	4.0567579769465292	5678.6173565775898	5678.6173565775898
9.8614107955291992	2.1650932847416708	141.89619954057201	141.89619954057201
1.4537271628274056	2.2656453500816065	2.3341493392619896	2.3341493392619896
8.4760634144878324	2.8148313970369312	409.93044029487993	409.93044029487993
1.2017130822910387	0.49156515468291073	1.0945290361978739	1.0945290361978739
0.6949738698517467	1.951090533338542	0.49166148606804283	0.49166148606804283
6.6602598689167394	2.9309419273334596	259.18198448117352	259.18198448117352
1.2888048022601208	3.6571675340901431	2.5291398921012767	2.5291398921012767
2.5032054549465466	1.5420423109623091	4.1162188622359146	4.1162188622359146
5.6383750330946301	3.271717331443615	286.78961920859393	286.78961920859393
5.236657145635486	0.58332614748862821	2.6268972249945026	2.6268972249945026
5.7143666194456291	3.1886072299789077	259.22325349388791	259.22325349388791
3.945161028441543	2.0437886891710062	16.528382781127931	16.528382781127931
9.2805040054323324	4.0445478979473233	8191.9921842987078	8191.9921842987078
1.0575064341936871	1.0539689882225176	1.0607023923361574	1.0607023923361574
6.4122610833909777	1.735520827119208	25.152707470171126	25.152707470171126
8.7769556201074117	4.4006803561362684	14169.514838207784	14169.514838207784
4.3939744275904431	2.5083062900368818	40.971661280849268	40.971661280849268
2.0841713900547325	0.018623637663329307	1.0137706195784455	1.0137706195784455
9.0608391563851924	0.96908130791182856	8.4639682466832848	8.4639682466832848
6.9289398687132344	4.8513952918141943	11978.623607824426	11978.623607824426
1.45998045097926	3.8482546926079477	4.2899207609941392	4.2899207609941392
4.6024798678887899	3.728071765149128	296.26569958308011	296.26569958308011
0.80721385238038001	0.13959066162309117	0.97054679100268759	0.97054679100268759
1.6090863145570879	4.1780403949051115	7.296201711164815	7.296201711164815
8.4146416752116764	3.4193054573958488	1455.3899359939976	1455.3899359939976
9.0077302948923688	2.5458537362014804	269.34636398876034	269.34636398876034
0.63363524625102774	4.6143775168551882	0.12179006048782043	0.12179006048782043
5.5709942621505242	0.59783308922107636	2.7921790040218992	2.7921790040218992
1.4965415915801972	2.8724040939503528	3.1836532531246866	3.1836532531246866
6.8657647109050011	0.18865231116710052	1.4382795242296786	1.4382795242296786
3.8477133309909424	2.8822625358681817	48.608009961807852	48.608009961807852
2.551541947418924	1.9771149815962437	6.3722930137083091	6.3722930137083091
3.3548936717913209	1.5513435213418885	6.5389548594137317	6.5389548594137317
7.4618876289037122	4.3116192044064769	5799.5091390993148	5799.5091390993148
8.1877277109181872	2.2029833255294466	102.72679172748167	102.72679172748167
5.0040627879646529	2.1631360637618142	32.563438796033715	32.563438796033715
2.2850700328466673	1.3309823342823539	3.0039238157335708	3.0039238157335708
8.4373920537964775	3.7008643239401251	2677.7559530075509	2677.7559530075509
1.7912155000136378	1.0932550619727379	1.8912770652400615	1.8912770652400615
6.6103042332048787	4.9934413249159988	12466.015822505531	12466.015822505531
2.4537617925718909	2.0367456423954637	6.2228515615452391	6.2228515615452391
4.449537088403968	1.6004256859505561	10.903845979075784	10.903845979075784
7.4968469615891298	4.3243003422868078	6070.6895735323606	6070.6895735323606
2.8114031776238591	0.28322567169262469	1.3401288460823046	1.3401288460823046
4.2206234844082378	3.4555094080445068	144.87543843377671	144.87543843377671
3.5995015504957477	0.03572403766787776	1.0468181000018215	1.0468181000018215
5.7902042730755712	1.1757708026996907	7.8841195670979856	7.8841195670979856
0.1473550603490984	0.14851629912629252	0.75246907449257172	0.75246907449257172
1.4973386035698575	1.5384037377024062	1.8608568965096328	1.8608568965096328
6.7576742019597713	1.1138259807993021	8.399428466031841	8.399428466031841
1.0662718119012646	4.2301880821633873	1.3118572450822041	1.3118572450822041
1.2291514873357325	0.60893454882968745	1.1338714768610996	1.1338714768610996
0.69025015475557072	3.1010320609463764	0.31677728641281894	0.31677728641281894
1.2484483017515646	1.6144483224203474	1.4308209605559745	1.4308209605559745
8.1729262241753666	2.8238535379065395	377.0688472866762	377.0688472866762
0.39045189250617474	4.1102653120837616	0.020952420196389095	0.020952420196389095
2.4223267203635999	3.9768989458765787	33.73297920067963	33.73297920067963
5.420891985302573	2.3287138344498044	51.220135116100792	51.220135116100792
0.96114710883523591	2.3819875337080605	0.90992515301123389	0.90992515301123389
6.6491118937868006	4.1140434187523471	2425.9695444426575	2425.9695444426575
6.0138966777062297	1.6628299404350011	19.751671887584898	19.751671887584898
3.6106561247293594	0.037946319676042457	1.0499251560672334	1.0499251560672334
0.63540167179221552	4.2045853857142514	0.14855934775731405	0.14855934775731405
9.3043934857949999	3.3454872854784403	1740.7388296010004	1740.7388296010004
7.0642535960153836	3.7119556848604889	1418.0658875712265	1418.0658875712265
3.5312214965084903	4.3540452910344696	243.04690231158199	243.04690231158199
2.9295384545551748	0.88432846079595218	2.5870440335417921	2.5870440335417921
1.8702600839299182	2.6435222183687088	5.2333404886956698	5.2333404886956698
1.9830122580173446	3.8638047347717777	14.086635713159009	14.086635713159009
2.3943579734476845	1.2653220657547108	3.0185356633003861	3.0185356633003861
4.4103178057254775	2.9391685465395962	78.380064618485903	78.380064618485903
8.4596944127660709	0.072809006602880089	1.1682069151160683	1.1682069151160683
8.3653700064494334	1.8139494573320283	47.134775847156192	47.134775847156192
8.2505560001964682	1.0706936302209311	9.5779538911833448	9.5779538911833448
8.2558286674418149	4.6451528841630667	18133.994400679498	18133.994400679498
7.0570379993527244	3.6130761689421402	1164.4948494668868	1164.4948494668868
4.1518516359393081	1.5789301119744321	9.4658721697946966	9.4658721697946966
6.731405754873883	4.6925806690656255	7690.4743291496388	7690.4743291496388
7.2459892000924047	1.9185558268993255	44.68331858620143	44.68331858620143
9.217234648893097	0.66902348328890371	4.4191677003374172	4.4191677003374172
9.3423511967290942	1.4345845751294231	24.671836589118236	24.671836589118236
7.8742285506289287	3.3473318016243523	999.78264382979796	999.78264382979796
4.3777590230084993	4.6185958468663966	915.55226135519877	915.55226135519877
7.7418794282205781	2.1644565869900232	83.920768560913785	83.920768560913785
2.8036546289660569	3.4689267823245773	35.737449631902095	35.737449631902095
6.0232203165419325	2.3111101354557109	63.426409301205162	63.426409301205162
3.1599083624251167	1.3210552709709555	4.5719094095251096	4.5719094095251096
9.7743176186882081	0.52027212375406773	3.274269168670211	3.274269168670211
9.4894042302176818	4.0251196390160118	8580.3238151221722	8580.3238151221722
5.3458510959579399	0.47025558312488719	2.1996520711197869	2.1996520711197869
6.2444735960778663	3.1069954353184799	296.21150572040381	296.21150572040381
9.7316402618486464	3.9826424790573443	8621.6765525662286	8621.6765525662286
8.1447835502063661	2.6366395842413608	252.15121833222884	252.15121833222884
6.4632251455855023	1.6891664320945521	23.387496028514629	23.387496028514629
1.7318433365054229	3.3328650746278585	6.2361563164273104	6.2361563164273104
4.4222824087680115	4.1141938160179086	453.22590829745434	453.22590829745434
9.5917861755127429	1.2146185359289219	15.582363076623505	15.582363076623505
4.5631827847256607	1.3863782754369947	8.2034143160043698	8.2034143160043698
1.5918259730996751	4.6919090795389264	8.8567775298366378	8.8567775298366378
1.3555927848475231	3.9108480718117939	3.2865286099241868	3.2865286099241868
8.4767897970541686	1.3844456808468686	19.279065186681787	19.279065186681787
8.5509955850731707	0.57072218382108897	3.4034752457230133	3.4034752457230133
0.28074947579891268	3.4328363576702596	0.012769363428824315	0.012769363428824315
3.0710965792234362	1.4553231357106795	5.1188153896076178	5.1188153896076178
0.4990362357118252	4.8505095540736161	0.03433893148447658	0.03433893148447658
9.2304827975317085	1.5870232310569932	34.027776636841949	34.027776636841949
4.2191752709955521	3.383772398469433	130.50519022574269	130.50519022574269
2.5556831252659156	2.8824642773398073	14.949421459036929	14.949421459036929
6.0122815563527121	0.21260917310902111	1.4643028364121122	1.4643028364121122
6.4644636388308268	4.0497821001695193	1916.3727992341949	1916.3727992341949
0.60927425296986149	0.86249492625570578	0.65223207755262058	0.65223207755262058
9.8020796796065603	1.5553231387273199	34.819311443481467	34.819311443481467
0.423315874381057	0.76047067523398515	0.52010297977764597	0.52010297977764597
0.094056031015195773	4.8652342878363362	1.0122447231046888e-05	1.0122447231046888e-05
8.707064954883533	3.9327743356694755	4969.3962987321147	4969.3962987321147
3.1226447597698144	1.672094923598	6.7125679741097111	6.7125679741097111
1.4410391793101505	1.6217647612220598	1.8085678341413518	1.8085678341413518
7.6786579707243652	1.2623877609329948	13.109114509161321	13.109114509161321
9.2854710134094596	0.79545444285921307	5.8863210120084535	5.8863210120084535
9.1109586162213887	0.98571927870114862	8.8279691513040568	8.8279691513040568
3.0357973654259576	1.6048377953942889	5.9425053940040753	5.9425053940040753
9.6475530312636799	3.8334363819362034	5938.8261444813415	5938.8261444813415
1.6796504762980244	0.53332561444176096	1.318605908793216	1.318605908793216
9.9422380703082247	3.7677553704382465	5731.6055455839942	5731.6055455839942
2.7281559379889675	4.6596164935254087	107.39480374901386	107.39480374901386
0.85638986112610227	4.814007512498943	0.47411115873700471	0.47411115873700471
0.87443942305259492	2.9185290249748768	0.67598416532775485	0.67598416532775485
3.8740344540147116	2.2150226684323928	20.081467113474218	20.081467113474218
8.4057875286231898	0.15557369417586284	1.3926438913480412	1.3926438913480412
7.4643010902123201	1.3462253110400499	14.970630423488609	14.970630423488609
1.1843311654417699	0.89390355971091817	1.1632630070469907	1.1632630070469907
5.1396552418090806	4.9849502030504995	3499.2142113691893	3499.2142113691893
1.4671094660305157	0.12447657643005136	1.0488676348635899	1.0488676348635899
8.5025594236982887	3.7161017353994792	2846.4342969076483	2846.4342969076483
9.947769545366226	3.753877328543878	5563.3956176051797	5563.3956176051797
5.6405900365100736	4.5709822584206963	2718.2608115906587	2718.2608115906587
7.977365363433683	0.208452075908412	1.5416808627949825	1.5416808627949825
7.6189216540980889	1.4028356528188566	17.264406557636743	17.264406557636743
5.1290954856791817	3.134491738165635	168.11906722824401	168.11906722824401
8.8655697442830732	3.6521942098057263	2892.0696123602033	2892.0696123602033
8.9697992538306828	1.0789384284372696	10.665811263733353	10.665811263733353
5.4060670052293798	4.822092013888545	3419.9650113680523	3419.9650113680523
8.6323692179625411	1.0524756249191938	9.6661607792449011	9.6661607792449011
6.9358844136729267	1.7232145887240353	28.144852267775516	28.144852267775516
2.742658695387405	1.0996731728919644	3.0328137211024617	3.0328137211024617
7.8383243794093698	2.9195940077545322	408.10206328874347	408.10206328874347
5.8908916598874654	3.1072941437731245	247.2743231169234	247.2743231169234
4.2701123430385852	0.40702779228322744	1.8055366850839947	1.8055366850839947
9.3546031603859134	4.9951156876390739	70857.21065779902	70857.21065779902
7.3689174537490754	4.7379208937636736	12873.305441997778	12873.305441997778
5.9363131934798599	3.2138655973748103	306.18157384691466	306.18157384691466
2.9908205505422218	3.5017262573985808	46.35403912681695	46.35403912681695
4.3366292185466238	2.9193192134175949	72.452091466480269	72.452091466480269
1.1395759332169877	1.2545065238010145	1.1781071746755609	1.1781071746755609
1.3025290126096216	3.7874795858816839	2.7211654948941284	2.7211654948941284
1.4358881598348554	0.71531740865826154	1.2953618748291367	1.2953618748291367
1.3382998299459115	3.9806197467456799	3.1897823726627945	3.1897823726627945
6.8307847890746416	3.4251531303398441	721.42235668199237	721.42235668199237
9.1458923310241733	3.3940177998654186	1829.8624285168194	1829.8624285168194
3.6513686816455913	3.5710267751238733	101.98688219935138	101.98688219935138
1.00670207304286	3.6120191653664846	1.0244206722248443	1.0244206722248443
8.1459084765758583	0.2171973660594208	1.5770797877350493	1.5770797877350493
3.3242108662000098	4.432412670093294	205.27639133922841	205.27639133922841
4.4690773896594758	3.9164214883116499	351.98751457449066	351.98751457449066
1.8549039123385809	3.6352439009436486	9.4496080546618124	9.4496080546618124
9.3740836725267194	2.0713661364574651	103.09092978532603	103.09092978532603
0.69421641090974384	3.8117709326670783	0.24877960587738787	0.24877960587738787
9.6245226195402207	2.9037458154722815	716.94069055880959	716.94069055880959
2.8563722493419603	4.1971872045726819	81.872880001850859	81.872880001850859
3.008547122191902	3.5506723392154518	49.944575063622999	49.944575063622999
9.9118743517132444	1.7731734014657274	58.392483553267205	58.392483553267205
7.4789956134543001	0.69425244441129652	4.0426657224493026	4.0426657224493026
9.9616240504876856	2.8222339577465707	656.93324939570664	656.93324939570664
3.5887825955109927	2.8249930815268836	36.959140205083145	36.959140205083145
8.2032685834200887	2.859147885351514	410.41554427612863	410.41554427612863
6.1573463593564304	0.74739676395330701	3.8903637523481787	3.8903637523481787
7.4449563303474946	2.6432152111606237	201.61336083885669	201.61336083885669
8.3895139881959206	3.8222556087128674	3394.3621367372007	3394.3621367372007
9.6860870581392238	0.076451639047105183	1.1895772750202764	1.1895772750202764
7.4900572065267301	4.7326139983792102	13759.434649591001	13759.434649591001
6.0987465700577603	1.0018428063231668	6.119101163502294	6.119101163502294
1.0627204650846427	2.7057197650203939	1.1789150976297496	1.1789150976297496
7.8127633019490794	3.0024620582497077	479.30519706638518	479.30519706638518
2.2370265977751744	1.801087085544977	4.2637152070864381	4.2637152070864381
1.1890218129848926	0.63369014390653366	1.1159559423318111	1.1159559423318111
5.8447247941727811	2.4967450357405898	82.113464694725721	82.113464694725721
2.2184826135369677	4.5122177051613992	36.431759228371966	36.431759228371966
1.1679854439743289	4.1701247691963008	1.9108319704861576	1.9108319704861576
1.7468076418752574	0.22037663091745099	1.1307983218037805	1.1307983218037805
5.732845253607028	3.7930204735878812	752.51258489557097	752.51258489557097
7.0738047063901384	1.091142220375747	8.4545857363517527	8.4545857363517527
2.3950122645786815	1.981292441619382	5.6431235884277244	5.6431235884277244
1.1048158014136469	3.1620615997138755	1.3705196220167906	1.3705196220167906
5.6384044310480057	3.0945522317766043	211.10191278448036	211.10191278448036
0.28727659627199598	1.3921188628326455	0.17615280177309076	0.17615280177309076
9.7913556033199818	0.33689480074791178	2.1567996065455484	2.1567996065455484
1.0184019492052634	4.9718727374239426	1.0948972459388369	1.0948972459388369
6.7007715687883431	1.9688747647832225	42.319087704765849	42.319087704765849
5.9631613376576862	1.7224478482275309	21.662966670499848	21.662966670499848
6.3769738207086633	4.9233778474804524	9150.0162473944529	9150.0162473944529
0.7667064438105996	1.6521338131107812	0.64475075157238959	0.64475075157238959
5.7689329026119909	0.39212776387907589	1.9881386661135425	1.9881386661135425
6.0615733207911386	0.96428657729092659	5.6837708569955048	5.6837708569955048
8.7833226449590072	3.4535018313004402	1815.2126917345217	1815.2126917345217
8.6885012460961537	1.1108785510742734	11.042151824967098	11.042151824967098
8.4730284789418846	1.3265954917144616	17.026755927752319	17.026755927752319
5.4730703045999238	2.9543998443880115	151.71538764437855	151.71538764437855
2.4058807475063859	4.6055368437360702	57.012738298982676	57.012738298982676
1.6038082696611566	2.9007315738731414	3.9363362055436593	3.9363362055436593
4.99431774436382	1.1419471530635936	6.2751321027275972	6.2751321027275972
6.4187196760742431	2.5389200779934846	112.21398307792791	112.21398307792791
9.767996866414574	1.2562097843351858	17.514726833440896	17.514726833440896
8.784563034586327	2.6209861016665856	297.49346660592846	297.49346660592846
8.4372125543812544	1.4834646325244711	23.658295100892371	23.658295100892371
2.3302065216304872	3.8519805131128648	26.013340223866859	26.013340223866859
