# arg	result	expected
6109.8861797828949	78.165760917315296	78.165760917315296
1982.3339351321856	44.523408844473998	44.523408844473998
9071.7846054688562	95.245916476607306	95.245916476607306
4708.9933869429469	68.622105672610687	68.622105672610687
5042.0382855807566	71.007311493822641	71.007311493822641
1899.025688980018	43.577811888391295	43.577811888391295
6521.7328164205665	80.757246216179055	80.757246216179055
6271.1032895313547	79.190297950767643	79.190297950767643
2109.0559076955205	45.924458708791775	45.924458708791775
2745.9822776087422	52.402120926626075	52.402120926626075
5197.3063050226956	72.092345675686644	72.092345675686644
1088.2779203445289	32.989057584970944	32.989057584970944
4337.5584387462295	65.860143020997384	65.860143020997384
1514.2171214588468	38.912942852717357	38.912942852717357
4034.3301336846089	63.516376893558792	63.516376893558792
9482.7807454480462	97.379570472702568	97.379570472702568
8319.9785627292695	91.213916497041552	91.213916497041552
951.81925045904313	30.851568038902709	30.851568038902709
4917.9132761298615	70.12783524485738	70.12783524485738
5666.272251056932	75.27464547280799	75.27464547280799
2726.9275372666107	52.219991739434533	52.219991739434533
5375.2461956733951	73.316070514406292	73.316070514406292
6541.7972424878344	80.881377600086878	80.881377600086878
8870.442931907779	94.183028895378911	94.183028895378911
5174.5018910442595	71.934010669809453	71.934010669809453
2306.9507573540031	48.030727220749043	48.030727220749043
8883.3689793176673	94.251625870950718	94.251625870950718
3819.1266291494312	61.799082753301697	61.799082753301697
402.35848923180293	20.058875572469233	20.058875572469233
1340.7165778616245	36.615796834994924	36.615796834994924
7116.0057472729468	84.356420901274291	84.356420901274291
2841.5413222761622	53.306109614904017	53.306109614904017
7131.286097918236	84.44694250189427	84.44694250189427
5304.8346769525697	72.834296021534868	72.834296021534868
4074.2727048085612	63.830029804227422	63.830029804227422
4205.4679466864172	64.849579387120286	64.849579387120286
7054.0281608229934	83.9882620419246	83.9882620419246
5851.0960964194237	76.492457774733737	76.492457774733737
8349.5304486258774	91.375765105556724	91.375765105556724
5324.6059195014604	72.969897351589168	72.969897351589168
5697.4001647415553	75.481124559333082	75.481124559333082
810.74573853739946	28.473597218079057	28.473597218079057
8396.8728937349606	91.634452547799725	91.634452547799725
3858.4729856897625	62.116607969928317	62.116607969928317
7754.8644875480732	88.061708406935153	88.061708406935153
4563.9211482096252	67.556799422483195	67.556799422483195
6797.3349572579054	82.44595173359275	82.44595173359275
2444.4128247595045	49.441003476461766	49.441003476461766
6574.0239397829328	81.080354832616095	81.080354832616095
8541.5836593304612	92.420688481153732	92.420688481153732
9695.0901127551133	98.463648686990638	98.463648686990638
4335.033177608957	65.840968838626281	65.840968838626281
6389.5104681087541	79.934413540782003	79.934413540782003
1760.001772789635	41.952375055408183	41.952375055408183
6316.9164546859502	79.479031540941349	79.479031540941349
1186.3622616973153	34.443609881911556	34.443609881911556
703.33053646739154	26.52037964410373	26.52037964410373
6620.2222345729469	81.364748107352654	81.364748107352654
1625.3573489351911	40.315720865875527	40.315720865875527
9915.6712774382013	99.577463702577816	99.577463702577816
6187.5293177141366	78.660849968164825	78.660849968164825
9253.5408431205815	96.195326513924684	96.195326513924684
1065.8043310244714	32.646658803382486	32.646658803382486
1539.292101574991	39.233813242852023	39.233813242852023
6181.4718757423652	78.622337002548875	78.622337002548875
6046.8712443147051	77.761630926278187	77.761630926278187
4835.3939440676095	69.536996944559007	69.536996944559007
1455.2664365824148	38.147954553061098	38.147954553061098
5417.7708268447032	73.605508128432234	73.605508128432234
2332.4473225329621	48.295417200112908	48.295417200112908
2200.7765778075027	46.912435215063212	46.912435215063212
8978.9386028953959	94.757261478450275	94.757261478450275
3554.4710598129736	59.61938493319915	59.61938493319915
8043.6144420054688	89.686199841477674	89.686199841477674
6642.4740234570027	81.501374365448598	81.501374365448598
3057.8923852551211	55.298213219371938	55.298213219371938
183.91046995163367	13.561359443346145	13.561359443346145
6702.2354283952864	81.867181632173498	81.867181632173498
7512.7054030602494	86.675864016808333	86.675864016808333
9050.5352098124768	95.134300910935778	95.134300910935778
2146.5155135792938	46.330503057697243	46.330503057697243
4994.1684423142706	70.669430748480423	70.669430748480423
2115.8310035081063	45.998163044931545	45.998163044931545
9026.5695935800159	95.008260659692198	95.008260659692198
2052.5134939973595	45.304674085543972	45.304674085543972
9707.2268233640352	98.525259823884937	98.525259823884937
1643.1731759885795	40.536072527917398	40.536072527917398
6646.9185378872608	81.528636305823611	81.528636305823611
354.39970921243292	18.82550687796833	18.82550687796833
4046.3353728360207	63.610811760549169	63.610811760549169
1108.0574600740913	33.287497053309536	33.287497053309536
6976.4413426231376	83.525094089280358	83.525094089280358
14.494432753638195	3.8071554674898942	3.8071554674898942
7026.105742969703	83.821869121188797	83.821869121188797
1485.5969758335325	38.543442708631162	38.543442708631162
3549.2921281153176	59.575935814012333	59.575935814012333
605.60611061763257	24.609065618540509	24.609065618540509
3211.2671021094584	56.668043041113201	56.668043041113201
5840.1184496415035	76.420667686441362	76.420667686441362
7150.2846921279261	84.559356029524764	84.559356029524764
3774.0244944135661	61.433089572424777	61.433089572424777
6669.2259568393674	81.665328976496312	81.665328976496312
9192.1276095325393	95.875584011428785	95.875584011428785
6378.4066885320435	79.864927775163252	79.864927775163252
8692.4173965362843	93.233134649309548	93.233134649309548
6489.190212577224	80.555510131692571	80.555510131692571
5261.9258744627059	72.539133400273712	72.539133400273712
2046.4149595443066	45.237318217864185	45.237318217864185
6258.53008516307	79.110872104680212	79.110872104680212
4352.1261936960927	65.970646455041603	65.970646455041603
7997.9851896006257	89.431455258206697	89.431455258206697
8656.3501999000073	93.039508811579651	93.039508811579651
6835.236456511816	82.675488849548486	82.675488849548486
9833.4973803475241	99.16399235784894	99.16399235784894
7301.9266018507833	85.451311293922132	85.451311293922132
2750.9948404409547	52.449926982227105	52.449926982227105
129.8222480558739	11.39395664621706	11.39395664621706
3875.3285746110892	62.252137108785988	62.252137108785988
6032.8176540915038	77.671215093440523	77.671215093440523
7010.3512454157017	83.727840324564099	83.727840324564099
9515.1695932855037	97.545730779391377	97.545730779391377
1723.4200855631243	41.514095022812725	41.514095022812725
9856.3314952060227	99.279058694198056	99.279058694198056
2255.6421142354393	47.493600771424347	47.493600771424347
9900.4428279028325	99.500968979718138	99.500968979718138
2583.5463294943333	50.828597555847765	50.828597555847765
1718.8856130201884	41.459445401743963	41.459445401743963
4523.3690357403957	67.255996280929452	67.255996280929452
9003.6153061980258	94.887382228608388	94.887382228608388
1555.3435584052077	39.437844241352842	39.437844241352842
5954.8262294113583	77.167520560215991	77.167520560215991
5589.1140597107724	74.760377605458714	74.760377605458714
5488.1922046433256	74.08233395785615	74.08233395785615
1108.9946302957017	33.30157098840386	33.30157098840386
6112.9013611203327	78.185045636108271	78.185045636108271
469.81296301700218	21.675169273087629	21.675169273087629
6492.8385650188284	80.578151908683211	80.578151908683211
133.43421022030995	11.551372655243616	11.551372655243616
6696.2273800417015	81.83047952958421	81.83047952958421
2942.1865485181388	54.241926113645142	54.241926113645142
1436.9796256371817	37.907514105216421	37.907514105216421
4832.3699262385571	69.515249594880672	69.515249594880672
2530.6058530471055	50.305127502542973	50.305127502542973
4484.1503256054239	66.963798619891804	66.963798619891804
4050.1057766223298	63.64044136099568	63.64044136099568
7641.094597028291	87.413354797927141	87.413354797927141
7753.9261150464326	88.056380319920223	88.056380319920223
4809.2546115667774	69.348789546514638	69.348789546514638
4985.9221901186065	70.611062802641669	70.611062802641669
4090.5733240117688	63.957590042244156	63.957590042244156
1376.7387542910733	37.104430386290439	37.104430386290439
7357.0997101038784	85.773537353334561	85.773537353334561
7414.8054418086404	86.109264552710243	86.109264552710243
5312.2178273056697	72.884962971148369	72.884962971148369
8582.0894743460558	92.639567541877355	92.639567541877355
7509.4649977622603	86.657169338504588	86.657169338504588
4826.8148771230262	69.475282490415438	69.475282490415438
5729.7287374821344	75.694971678983634	75.694971678983634
3234.2846467832283	56.870771462880896	56.870771462880896
1511.7640355542228	38.881409896687423	38.881409896687423
869.69237655965594	29.490547240762691	29.490547240762691
8682.302984139551	93.178876276436981	93.178876276436981
535.54700823599467	23.141888605643114	23.141888605643114
4160.2002222453093	64.499614124778375	64.499614124778375
3043.9357810559241	55.17187490973933	55.17187490973933
6636.5269722457342	81.464881834111409	81.464881834111409
261.16691668765168	16.16065953752048	16.16065953752048
5536.1854477118677	74.405547156861005	74.405547156861005
948.88550775742135	30.80398525771335	30.80398525771335
5483.5598136734679	74.05106220489661	74.05106220489661
6187.8926614505854	78.663159493187052	78.663159493187052
1573.5998843507532	39.668625944828911	39.668625944828911
6503.7447117066813	80.645797855230384	80.645797855230384
1308.1109864951782	36.167816999304478	36.167816999304478
1851.7055856268803	43.031448797674479	43.031448797674479
6160.0065206843447	78.485709021989123	78.485709021989123
7203.1871269735038	84.871591990332689	84.871591990332689
6013.1276615211982	77.544359314660653	77.544359314660653
9568.8327997747729	97.820410956889631	97.820410956889631
8540.7340614008372	92.41609200458997	92.41609200458997
9287.449922085103	96.371416520071463	96.371416520071463
9904.5127365846674	99.521418481574443	99.521418481574443
7449.865082930929	86.312600951025274	86.312600951025274
4181.9281835369547	64.667829587337749	64.667829587337749
2380.3160821150323	48.788483088891297	48.788483088891297
4703.3200741469018	68.58075585867293	68.58075585867293
9667.0494757600081	98.32115477230731	98.32115477230731
7236.4610770564186	85.067391385044942	85.067391385044942
7496.9931863931215	86.585178791714242	86.585178791714242
2988.3096879238783	54.665434123620372	54.665434123620372
8206.3477479971461	90.588894175815753	90.588894175815753
2227.2936022108879	47.194211532887039	47.194211532887039
2789.012091776824	52.811098187566827	52.811098187566827
5223.4787214503967	72.273637804184148	72.273637804184148
1422.2087608175998	37.712183188163472	37.712183188163472
7117.7743240037198	84.366903012992722	84.366903012992722
6465.3554271048743	80.407433904489665	80.407433904489665
3707.3257880146807	60.887813132142306	60.887813132142306
6568.3851187530154	81.045574331687078	81.045574331687078
4511.987724503555	67.171331120527569	67.171331120527569
6004.7270184215949	77.490173689453002	77.490173689453002
2156.2827799899405	46.435792014241997	46.435792014241997
6527.766940813076	80.79459722539049	80.79459722539049
8433.274901726294	91.832863952543121	91.832863952543121
1742.9913421750609	41.749147801782264	41.749147801782264
9341.5186857939152	96.651532247522667	96.651532247522667
5542.2215074688265	74.446098000290291	74.446098000290291
8173.4992141655594	90.407406854557877	90.407406854557877
9472.2936865163229	97.32570927825968	97.32570927825968
1132.6152062734045	33.654348994942758	33.654348994942758
200.47589807137459	14.15895116424146	14.15895116424146
2659.4321165219226	51.569682144860295	51.569682144860295
3711.7643604925761	60.924251004772934	60.924251004772934
4605.0935566919206	67.860839640339847	67.860839640339847
2252.0996319566989	47.456291805794294	47.456291805794294
605.34667862396998	24.603793988406949	24.603793988406949
9528.3952330689244	97.613499235858384	97.613499235858384
3718.9088896717453	60.982857342631505	60.982857342631505
3578.5458674304664	59.820948399623909	59.820948399623909
3367.5862353584612	58.030907586892532	58.030907586892532
6707.3557600080858	81.8984478485892	81.8984478485892
8496.3183178571089	92.175475685548321	92.175475685548321
6958.805094459256	83.419452734115055	83.419452734115055
183.06600274334374	13.530188570132486	13.530188570132486
7013.4009583730895	83.746050404619623	83.746050404619623
4808.9979996969487	69.346939367912611	69.346939367912611
6752.6866418818618	82.174732380956755	82.174732380956755
5713.006802312123	75.584434920902353	75.584434920902353
6261.5942440216259	79.130235965916498	79.130235965916498
5652.5554523844075	75.183478586617738	75.183478586617738
5589.4117077906349	74.762368259644063	74.762368259644063
2713.8729342776192	52.094845563429971	52.094845563429971
7887.8312178878386	88.813463044111941	88.813463044111941
3656.9427372491377	60.472661072993454	60.472661072993454
3878.0015649438392	62.273602472828237	62.273602472828237
4053.3557670949658	63.665970243882768	63.665970243882768
7644.3984921927358	87.432250869989247	87.432250869989247
2553.8739771080154	50.535868223550047	50.535868223550047
5322.4756714370633	72.955299131982613	72.955299131982613
7238.4993286822109	85.079370758616989	85.079370758616989
8236.2553780703402	90.753817429738675	90.753817429738675
2223.574272028347	47.154790552268885	47.154790552268885
550.11828743868455	23.454600560203207	23.454600560203207
7439.5344014359862	86.252735617115277	86.252735617115277
9806.0112320094286	99.025306018256913	99.025306018256913
3454.3991343684579	58.774136610999719	58.774136610999719
5592.1137519348104	74.780436960041968	74.780436960041968
1890.3278726118922	43.477900968329784	43.477900968329784
5780.1725524135227	76.027446046894951	76.027446046894951
8914.8680505260872	94.418578947821956	94.418578947821956
7461.5395180135956	86.380203276060868	86.380203276060868
8158.2768062546929	90.323179783789129	90.323179783789129
847.65035630888497	29.114435531345698	29.114435531345698
7697.9059778773408	87.737711264184114	87.737711264184114
5358.5418112308562	73.202061523094116	73.202061523094116
1093.0539753203898	33.061366809622221	33.061366809622221
5132.3676808565142	71.64054495086225	71.64054495086225
250.67039713043451	15.832573926258311	15.832573926258311
8752.8528716347137	93.556682666898325	93.556682666898325
5033.2473456839589	70.945382835558505	70.945382835558505
8762.5514815646002	93.608501118032009	93.608501118032009
9276.9454601860944	96.316901217730702	96.316901217730702
9454.4816737270648	97.234158986063463	97.234158986063463
6604.4610396550233	81.267835209601984	81.267835209601984
6345.9474546689844	79.661455263314039	79.661455263314039
4767.580006873678	69.047664745983099	69.047664745983099
4901.3730607843045	70.009806890065803	70.009806890065803
9287.4345819151586	96.371336931242993	96.371336931242993
5847.0889789652856	76.466260396107288	76.466260396107288
7249.810670139711	85.145820039152312	85.145820039152312
3300.3870580957014	57.448995274901904	57.448995274901904
4400.9172747677931	66.339409665505713	66.339409665505713
3667.9814461779115	60.563862543417024	60.563862543417024
4856.8869715409301	69.691369419325738	69.691369419325738
4616.3163766617772	67.943479279926322	67.943479279926322
4157.8148109076001	64.481119801904811	64.481119801904811
7212.2054069715905	84.924704338440833	84.924704338440833
9307.5403145143737	96.475594398347056	96.475594398347056
2325.4533583661901	48.222954683077958	48.222954683077958
6593.4008808959252	81.19975911845998	81.19975911845998
9903.7516521436155	99.517594686284568	99.517594686284568
8186.514554339913	90.479359824989444	90.479359824989444
2354.1629068984535	48.519716681968099	48.519716681968099
2511.5069585149595	50.114937478909013	50.114937478909013
457.44784619631656	21.388030442196321	21.388030442196321
7415.9626951160981	86.115983969969818	86.115983969969818
9789.7028508085641	98.942927239942549	98.942927239942549
9662.2213487058707	98.296598866419941	98.296598866419941
5035.2594584202088	70.95956213520634	70.95956213520634
6502.2398660762137	80.636467346208903	80.636467346208903
9073.3421697094145	95.254092666454042	95.254092666454042
7959.0065594473817	89.213264481507352	89.213264481507352
615.71449585888763	24.813594980552246	24.813594980552246
4483.5422234810303	66.959257937054758	66.959257937054758
7275.9016643047562	85.29889603215716	85.29889603215716
4198.1391520111492	64.793048639581315	64.793048639581315
761.83236359691125	27.601310903594982	27.601310903594982
7834.6259154631889	88.513422233371983	88.513422233371983
4240.3421316653703	65.117909454046284	65.117909454046284
8931.4604647485448	94.506404358374283	94.506404358374283
4780.0452389313541	69.137871235172938	69.137871235172938
5421.7949865345536	73.63283904980544	73.63283904980544
4629.2396356932022	68.038515825179502	68.038515825179502
6664.0922211802927	81.633891375949318	81.633891375949318
8720.9542819406524	93.386049718042216	93.386049718042216
5472.9548935273697	73.97942209511622	73.97942209511622
1817.0256166576726	42.626583450444073	42.626583450444073
7076.1264796854994	84.119715166454881	84.119715166454881
8879.6007869677924	94.231633685126098	94.231633685126098
1083.6154253135439	32.918314436093837	32.918314436093837
1446.5332812707188	38.033318041826419	38.033318041826419
57.972130353637759	7.6139431540849944	7.6139431540849944
1937.8664052595971	44.021204041457082	44.021204041457082
2318.5392752419334	48.151212604065677	48.151212604065677
3574.1648981657236	59.784319835268874	59.784319835268874
6670.731334269627	81.67454520393504	81.67454520393504
1096.993559702757	33.120893099413202	33.120893099413202
2182.1864464312289	46.713878520534223	46.713878520534223
2778.1272289048825	52.707942749692691	52.707942749692691
1778.9195622138088	42.177239860069186	42.177239860069186
9983.150124549702	99.915715103029228	99.915715103029228
4220.0977456153487	64.962279405939483	64.962279405939483
5688.2722222712091	75.420635255022944	75.420635255022944
7974.9325324988558	89.302477751173598	89.302477751173598
3389.783522299319	58.221847465528946	58.221847465528946
8858.3563322602895	94.118841536964794	94.118841536964794
4617.4860495011135	67.952086424929689	67.952086424929689
7479.4976341276333	86.484088907310763	86.484088907310763
8019.8830458290759	89.553799728593745	89.553799728593745
8609.7212466513101	92.788583600846664	92.788583600846664
3214.9864759187826	56.700850751278701	56.700850751278701
9409.8623315627156	97.004444906214047	97.004444906214047
5299.6035946615948	72.798376318854764	72.798376318854764
6265.5697187989399	79.155351801371836	79.155351801371836
5948.6078148061215	77.127218378508388	77.127218378508388
9223.7377565698771	96.040292359872979	96.040292359872979
6068.2267230127436	77.898823630480734	77.898823630480734
4358.4808403730194	66.018791570075109	66.018791570075109
3080.8463518202393	55.505372278908638	55.505372278908638
6138.1296934359116	78.346216841886573	78.346216841886573
7664.8586050792237	87.549178209045593	87.549178209045593
4461.13291349259	66.791712910304895	66.791712910304895
735.93693250681645	27.128157558279117	27.128157558279117
4629.7852955713806	68.042525640744557	68.042525640744557
5562.6323883209761	74.583056978920993	74.583056978920993
7790.6063472709966	88.264411555683054	88.264411555683054
2507.9198221217275	50.079135596790479	50.079135596790479
4612.0787356406254	67.912287074141645	67.912287074141645
8735.1850282223859	93.4622117661592	93.4622117661592
6045.0484356604902	77.749909554034147	77.749909554034147
1188.4938946472721	34.474539803270353	34.474539803270353
3770.1855943444589	61.401837060013591	61.401837060013591
7130.8968096667832	84.444637542396876	84.444637542396876
4337.5086705813928	65.85976518771831	65.85976518771831
3562.4428540989302	59.686203213966714	59.686203213966714
488.3260378308762	22.098100321766942	22.098100321766942
2036.6863940082919	45.129662019655008	45.129662019655008
5049.0264191222204	71.056501596421285	71.056501596421285
1239.2949443198372	35.203621181915892	35.203621181915892
1656.8651160830063	40.70460804482714	40.70460804482714
1404.1617786279328	37.472146704291347	37.472146704291347
5597.924600197287	74.819279602234118	74.819279602234118
4242.2670619068413	65.132688121302351	65.132688121302351
6898.4344244792055	83.056814437342865	83.056814437342865
1070.1679901817038	32.713422171666842	32.713422171666842
3465.7527532198073	58.870644239890964	58.870644239890964
3600.9778253540435	60.008147991369	60.008147991369
4851.278124779994	69.651117182569251	69.651117182569251
5047.2834965069778	71.044236194831299	71.044236194831299
6591.4136187796412	81.18752132427521	81.18752132427521
4790.3555931616602	69.212394794297211	69.212394794297211
9127.1211826160106	95.535968004809632	95.535968004809632
7655.2282214271709	87.494161070480416	87.494161070480416
1501.3994966523801	38.747896673914831	38.747896673914831
65.287824098026519	8.0800881243973155	8.0800881243973155
6690.3808788466067	81.794748479634109	81.794748479634109
5565.5753798342703	74.602783995198664	74.602783995198664
9290.283683098638	96.386117688693318	96.386117688693318
4140.1921463219587	64.344324895999634	64.344324895999634
465.36609146040064	21.572345525241353	21.572345525241353
2831.6878658139976	53.213606021524207	53.213606021524207
4311.6838318568389	65.663413190732314	65.663413190732314
6358.5546570154329	79.740545878589472	79.740545878589472
9373.5368356985909	96.81702761239157	96.81702761239157
1225.3042051292257	35.004345517795727	35.004345517795727
5251.8198881172148	72.469441063921664	72.469441063921664
7618.7368509368443	87.285375928255263	87.285375928255263
5228.9689033958975	72.311609741423254	72.311609741423254
2094.2794692637272	45.76329827780912	45.76329827780912
3070.1195597497431	55.408659609755432	55.408659609755432
6054.3144146690984	77.809475095704755	77.809475095704755
8462.4737468585117	91.991704771998386	91.991704771998386
8885.7476039292214	94.264243506905743	94.264243506905743
137.40212680139987	11.721865329434555	11.721865329434555
8052.1279296037492	89.733649929130536	89.733649929130536
7845.8801195931774	88.576972851826326	88.576972851826326
9601.2746162828225	97.986093994417502	97.986093994417502
2593.6544439843647	50.927933827953048	50.927933827953048
3903.2388591400431	62.475906229041954	62.475906229041954
9926.8118195872721	99.633387072744199	99.633387072744199
2764.496129367777	52.578475913321952	52.578475913321952
8674.8813033606384	93.13904285186014	93.13904285186014
7280.5702245459934	85.326257532754795	85.326257532754795
8920.0428821630812	94.445978644742098	94.445978644742098
1123.4381106574847	33.517728303951102	33.517728303951102
3889.7136751987423	62.367569098039588	62.367569098039588
5774.1328862353721	75.987715363967695	75.987715363967695
2965.4716213278311	54.456144018171457	54.456144018171457
3736.6009680030525	61.127743030501726	61.127743030501726
8484.0752585526316	92.109040047937924	92.109040047937924
3925.3420335176916	62.652550095887491	62.652550095887491
4746.491078987955	68.894782668849132	68.894782668849132
1973.5507997489742	44.424664317797316	44.424664317797316
7179.9446258737134	84.734553907327054	84.734553907327054
2779.2926070219064	52.71899664278434	52.71899664278434
8794.8048465207648	93.780620847383844	93.780620847383844
3160.7628570716929	56.220662189907486	56.220662189907486
8231.9012975380319	90.729825843203471	90.729825843203471
2551.6590178394222	50.51394874526661	50.51394874526661
1487.2085572286601	38.564343080476036	38.564343080476036
7889.2449579416079	88.821421728891551	88.821421728891551
8893.9866456727541	94.307935221129483	94.307935221129483
3753.6974420263732	61.267425619380916	61.267425619380916
7033.1004918948529	83.863582632122586	83.863582632122586
7860.0743820393382	88.657060531236525	88.657060531236525
2491.2127774482583	49.912050423201997	49.912050423201997
1017.0192010159175	31.890738483389146	31.890738483389146
4213.7514956081804	64.913415374698786	64.913415374698786
17.489762314421089	4.1820763161880592	4.1820763161880592
6074.8823036503481	77.941531314507472	77.941531314507472
4530.8635183087972	67.311689314032208	67.311689314032208
8226.770980167872	90.70154894029028	90.70154894029028
5276.6277037925711	72.640399942405125	72.640399942405125
2364.2894777338961	48.623959914160594	48.623959914160594
6867.3952031339904	82.869748419637375	82.869748419637375
9085.869882045974	95.319829427281149	95.319829427281149
4035.0946319060981	63.522394727419545	63.522394727419545
1379.6315204668426	37.143391343102245	37.143391343102245
721.68156147469199	26.864131504195178	26.864131504195178
6082.6572322333559	77.991392039335693	77.991392039335693
327.57975317746281	18.09916443312958	18.09916443312958
7242.6543898967511	85.103785990382065	85.103785990382065
4718.9089829380064	68.694315506728842	68.694315506728842
1091.324274518536	33.035197509906553	33.035197509906553
6853.0104259141408	82.782911436564859	82.782911436564859
8177.0071738099759	90.42680561542565	90.42680561542565
6990.2808419379244	83.607899399147229	83.607899399147229
8986.4545098914077	94.796911921704535	94.796911921704535
359.44511912360673	18.959037927163042	18.959037927163042
3777.6263964579894	61.462398232236183	61.462398232236183
7844.919767209034	88.571551681163598	88.571551681163598
8906.1558546747638	94.372431645448046	94.372431645448046
8107.4657950357232	90.041467086202701	90.041467086202701
8157.2224134654898	90.317342816678845	90.317342816678845
1561.5536562215545	39.516498531898733	39.516498531898733
4115.580783921062	64.152792487319374	64.152792487319374
4319.3826691675104	65.722010538080085	65.722010538080085
2165.7906469893646	46.538055900406547	46.538055900406547
7634.5168018020868	87.37572203880255	87.37572203880255
9381.1747869712854	96.856464869265622	96.856464869265622
7417.9896732463358	86.127752050348647	86.127752050348647
863.80605243394257	29.39057761313892	29.39057761313892
746.83126842318325	27.328213780325697	27.328213780325697
7614.4818979299444	87.260998721822702	87.260998721822702
5111.6270422967682	71.495643519705226	71.495643519705226
105.01311020010371	10.247590458254258	10.247590458254258
6687.296095976405	81.77588945389958	81.77588945389958
9667.5603284843673	98.323752615959322	98.323752615959322
6653.8008598162414	81.570833389246687	81.570833389246687
1815.4410476323771	42.607992766995928	42.607992766995928
7012.3136737397508	83.739558595324297	83.739558595324297
1846.9674608116129	42.97635932476846	42.97635932476846
5315.5294624679391	72.907677664755852	72.907677664755852
8912.9081591311024	94.408199639285058	94.408199639285058
8299.88313553435	91.103694412105753	91.103694412105753
8666.7762358465061	93.095522104161944	93.095522104161944
8044.3519536756321	89.69031137015655	89.69031137015655
5902.1148334345244	76.825222638366128	76.825222638366128
6088.3874365115735	78.02811952438411	78.02811952438411
7069.9501017288621	84.082995318487917	84.082995318487917
7689.9416594553786	87.692312430767714	87.692312430767714
821.30763897926852	28.658465398190263	28.658465398190263
5265.2795545815916	72.562246069024013	72.562246069024013
2705.5904192347675	52.015290244646025	52.015290244646025
2211.514000693101	47.026737083207259	47.026737083207259
188.94318441766791	13.745660566799542	13.745660566799542
6901.2196411082414	83.073579681558456	83.073579681558456
9244.0377758506056	96.145919184594646	96.145919184594646
8585.381469466307	92.657333597866426	92.657333597866426
4564.7127769624576	67.562658154948707	67.562658154948707
990.72378137006922	31.47576498466827	31.47576498466827
2319.3652284119744	48.159788500490471	48.159788500490471
8785.6461673236572	93.731777788131481	93.731777788131481
166.04528991018978	12.885856196240503	12.885856196240503
5401.5238874462711	73.495060292826963	73.495060292826963
1022.5846925406438	31.977878174460603	31.977878174460603
6054.8794810118388	77.813106100526781	77.813106100526781
1612.1306276420105	40.151346523398324	40.151346523398324
400.75304819130395	20.018817352463756	20.018817352463756
2522.0682949768284	50.220198077833466	50.220198077833466
7452.6554002736511	86.328763458500035	86.328763458500035
3590.8082989421246	59.923353535513385	59.923353535513385
1836.521881971516	42.854659979651174	42.854659979651174
2358.3131495732064	48.562466469210626	48.562466469210626
6474.8306372518828	80.466332321362103	80.466332321362103
4870.0714952595499	69.785897538539615	69.785897538539615
8955.1613798801227	94.631714450706866	94.631714450706866
3482.5963757960626	59.013527057752299	59.013527057752299
6556.585369641839	80.972744609787298	80.972744609787298
2639.567092427752	51.376717415846564	51.376717415846564
4959.5471509024519	70.424052360698838	70.424052360698838
6211.2864540574919	78.811715208194087	78.811715208194087
6350.1989903428048	79.688135819222197	79.688135819222197
678.84649207156565	26.05468272828448	26.05468272828448
8977.7239976098717	94.750852226298591	94.750852226298591
9682.0396788698745	98.397356056297951	98.397356056297951
7419.337526324196	86.135576426492875	86.135576426492875
6316.0606268455695	79.473647373488333	79.473647373488333
3951.3915724289141	62.860095230829188	62.860095230829188
8864.6961728398037	94.152515488646415	94.152515488646415
765.75226579361356	27.672229143919967	27.672229143919967
3897.2119832625067	62.427653994544009	62.427653994544009
8378.7791659225641	91.535671548978996	91.535671548978996
2698.1536028481987	51.943754223661948	51.943754223661948
5191.8865613046937	72.054746972733824	72.054746972733824
8265.4567575276778	90.914557456590401	90.914557456590401
3719.0195360019234	60.983764527962059	60.983764527962059
3452.08223163607	58.754423081467408	58.754423081467408
3574.790822726407	59.789554461681739	59.789554461681739
9557.4714569117132	97.762321253700364	97.762321253700364
4175.9159404425018	64.621327287842846	64.621327287842846
7171.2531035788297	84.683251611985412	84.683251611985412
403.58751977026139	20.089487792630788	20.089487792630788
323.48126979968578	17.985585055807491	17.985585055807491
3176.5120393709294	56.360553930660842	56.360553930660842
3365.6331471059648	58.014077146033827	58.014077146033827
6390.0172498000056	79.937583462348954	79.937583462348954
3741.5691229832992	61.168367012560495	61.168367012560495
6703.2262088611342	81.873232554120733	81.873232554120733
4859.8816838762887	69.71285164068594	69.71285164068594
7582.4945985860149	87.077520627232005	87.077520627232005
5461.7859781062198	73.903896907444732	73.903896907444732
33.576532194367118	5.7945260543349981	5.7945260543349981
1006.0969598569841	31.719031508811614	31.719031508811614
9129.3922807391918	95.547853354950846	95.547853354950846
5831.0119874590464	76.361063294450304	76.361063294450304
3673.9132281087946	60.612814058652603	60.612814058652603
3798.8818959583105	61.635070341148392	61.635070341148392
620.54129894185428	24.910666368884119	24.910666368884119
9221.737905482918	96.029880274229839	96.029880274229839
5314.2266378716131	72.898742361385175	72.898742361385175
2666.7273074919367	51.640365098360185	51.640365098360185
5219.4659888833658	72.245871777447363	72.245871777447363
5805.0764203619683	76.191052101686907	76.191052101686907
1829.9540975827576	42.777962756339363	42.777962756339363
3858.0154190153139	62.112924734030308	62.112924734030308
2001.6475691445273	44.739776140974683	44.739776140974683
2121.7737351652263	46.062715238739742	46.062715238739742
7328.1511228339559	85.60462091986598	85.60462091986598
9298.0576935280533	96.426436694135148	96.426436694135148
6561.0123730448367	81.000076376783966	81.000076376783966
6599.4480690086448	81.236987074907233	81.236987074907233
3454.5229217946353	58.775189678933707	58.775189678933707
9169.7004873120241	95.758553076537368	95.758553076537368
594.19681738147949	24.376152636982717	24.376152636982717
1482.3440302332349	38.501221152493784	38.501221152493784
3773.7351890852542	61.430734889672728	61.430734889672728
2660.7941591105227	51.582886300695918	51.582886300695918
4918.8578047979336	70.134569256522369	70.134569256522369
7696.9643088247849	87.732344712909537	87.732344712909537
7648.7098240013274	87.456902666406648	87.456902666406648
4263.3410491552622	65.294265055633048	65.294265055633048
9744.7174298432419	98.71533533267889	98.71533533267889
2317.7713718464724	48.143238069810721	48.143238069810721
5703.8309646932039	75.523711274626891	75.523711274626891
6849.2766179042974	82.76035655979436	82.76035655979436
7693.5585157041123	87.712932431335986	87.712932431335986
9539.811841155677	97.671960363021668	97.671960363021668
5271.0674054653391	72.602117086661735	72.602117086661735
6427.7639565692061	80.173336942958827	80.173336942958827
8260.8726613705239	90.889342947182342	90.889342947182342
8997.8444413806737	94.856968333278886	94.856968333278886
3955.6416601755491	62.893892073678735	62.893892073678735
1188.2386758315615	34.470838049452198	34.470838049452198
5054.8709264153413	71.097615476296681	71.097615476296681
4698.702584444135	68.547082975456618	68.547082975456618
2394.5242255615017	48.933876052909419	48.933876052909419
1955.7190292470666	44.223512176748997	44.223512176748997
3240.1633821650516	56.922433030968129	56.922433030968129
9141.9964558319789	95.613788000643396	95.613788000643396
7179.9015321208562	84.734299620170674	84.734299620170674
2155.0883440096732	46.422929076154524	46.422929076154524
2892.6095551820167	53.782985740678406	53.782985740678406
2852.4708175195769	53.408527573034412	53.408527573034412
6408.7781388641852	80.054844568359414	80.054844568359414
6622.432372946555	81.378328644342133	81.378328644342133
7309.0680735377391	85.49308786994267	85.49308786994267
5771.2685249804799	75.968865497521278	75.968865497521278
2211.4378529242658	47.025927454163686	47.025927454163686
8302.1852796676922	91.116328282408816	91.116328282408816
1064.5816763429705	32.627927858553484	32.627927858553484
2187.145767131778	46.766930272702076	46.766930272702076
6617.089976066085	81.34549757710063	81.34549757710063
6425.1671084825248	80.15714009670333	80.15714009670333
3512.3981726510547	59.265488883928519	59.265488883928519
5914.3390869790146	76.904740341405585	76.904740341405585
3904.1822745814065	62.483456007021623	62.483456007021623
4193.85969123211	64.760016146014891	64.760016146014891
834.92041914012452	28.894989516179521	28.894989516179521
2546.5422934614589	50.463276681775817	50.463276681775817
4043.5452089247033	63.588876455907787	63.588876455907787
9266.9773806625763	96.265141046292428	96.265141046292428
3674.2232051362776	60.615371030261606	60.615371030261606
4774.1827629714471	69.095461232786107	69.095461232786107
6044.7285438719109	77.747852342504686	77.747852342504686
4100.4862992870958	64.035039621187835	64.035039621187835
6757.4604297757187	82.203773817116925	82.203773817116925
1759.7751651510698	41.949674196006214	41.949674196006214
3797.6615104381608	61.625169455654728	61.625169455654728
4946.0343702385135	70.328048247043753	70.328048247043753
9658.4541275617048	98.277434477919215	98.277434477919215
8852.1778317246408	94.08601294413873	94.08601294413873
1920.2957904059081	43.821179701211925	43.821179701211925
2673.2544901175052	51.703524929326676	51.703524929326676
454.53681576532568	21.319869037246118	21.319869037246118
1381.2949160543542	37.165776139539375	37.165776139539375
1398.0211288399514	37.390120738504592	37.390120738504592
4916.9706160557962	70.1211139105462	70.1211139105462
7533.2899319226899	86.79452708508002	86.79452708508002
8818.5891855350965	93.907343618777205	93.907343618777205
9101.1656178484063	95.40002944364538	95.40002944364538
991.00410637102721	31.480217698914142	31.480217698914142
7509.4640016215053	86.657163590908652	86.657163590908652
2852.4299646874997	53.408145115586066	53.408145115586066
5829.0728098714071	76.348364814653408	76.348364814653408
7623.9587413020972	87.315283549342595	87.315283549342595
741.29459254133394	27.226725703641524	27.226725703641524
8975.2152230871416	94.73761250468128	94.73761250468128
9309.2210852529624	96.484304864848156	96.484304864848156
4802.5130455905764	69.300166273902803	69.300166273902803
364.21934591165552	19.084531587431101	19.084531587431101
1183.10482340621	34.396290837911721	34.396290837911721
4143.2961380307852	64.368440543722869	64.368440543722869
8618.0215832002596	92.833299969355068	92.833299969355068
4540.3572309883302	67.382172946472494	67.382172946472494
1954.1309577409991	44.2055534717189	44.2055534717189
884.17721457450432	29.735117530867509	29.735117530867509
7710.7751540498894	87.811019547946771	87.811019547946771
2277.7505394354703	47.725784848815955	47.725784848815955
8646.14137391648	92.984629772433252	92.984629772433252
9926.7778123125208	99.633216410555178	99.633216410555178
1374.1798466195571	37.069931839963736	37.069931839963736
3161.3272274003575	56.225681208860046	56.225681208860046
2749.5912728069461	52.436545202815815	52.436545202815815
2662.2252494448066	51.596756191109598	51.596756191109598
9038.090100979909	95.068870304531913	95.068870304531913
7142.0929695626919	84.51090444175054	84.51090444175054
7914.6343907088331	88.964230962274002	88.964230962274002
1214.8952921103703	34.855348113458433	34.855348113458433
8485.5262814498146	92.116916369632207	92.116916369632207
71.704296973584533	8.4678389789594206	8.4678389789594206
9835.5827911532451	99.174506760322458	99.174506760322458
5083.1882538945692	71.296481357038715	71.296481357038715
4255.5109002947502	65.234277035119732	65.234277035119732
9506.0596531018145	97.499023857174151	97.499023857174151
9800.311550226179	98.996522919879254	98.996522919879254
8024.8178583480903	89.581347714510812	89.581347714510812
912.79784156856397	30.212544440489683	30.212544440489683
8591.5326996003478	92.69052108819082	92.69052108819082
9086.8706763340724	95.325078947431621	95.325078947431621
1689.6787450522379	41.105702099006145	41.105702099006145
8518.5018698806416	92.29573050732435	92.29573050732435
5632.744526039347	75.051612414653334	75.051612414653334
6077.4478052681343	77.95798743726094	77.95798743726094
892.0459366157919	29.867138072064954	29.867138072064954
7226.6867798796184	85.009921655531585	85.009921655531585
360.9176137895019	18.997831818118136	18.997831818118136
9657.9043421727256	98.274637329133526	98.274637329133526
2490.417006485372	49.904078054657738	49.904078054657738
5662.728469636796	75.251102780203794	75.251102780203794
3239.593564247783	56.917427596894989	56.917427596894989
1078.6042469828026	32.842110878912798	32.842110878912798
6288.8231482340825	79.302100528511119	79.302100528511119
3341.3520443641805	57.804429279806754	57.804429279806754
6673.2818062328515	81.690157339993235	81.690157339993235
1002.5882730437035	31.66367434527622	31.66367434527622
1212.6365391134602	34.822931225177761	34.822931225177761
1552.553924213403	39.402460890322608	39.402460890322608
1676.0500275426982	40.939589977706156	40.939589977706156
2951.7198783601343	54.329732912652297	54.329732912652297
4362.5229495930498	66.049397798867545	66.049397798867545
6414.472852515094	80.090404247419642	80.090404247419642
1723.1857281791115	41.511272302582	41.511272302582
7079.6704520903222	84.140777581921128	84.140777581921128
5466.8204961171532	73.9379503104945	73.9379503104945
2885.7128218741677	53.718831166306735	53.718831166306735
9697.2503137258791	98.474617611473263	98.474617611473263
808.65389766674252	28.43684050077896	28.43684050077896
739.87718979008332	27.200683627256197	27.200683627256197
4024.1487841112785	63.436178826528305	63.436178826528305
5621.688375333335	74.977919251825966	74.977919251825966
6845.720310951051	82.73886819960164	82.73886819960164
3793.2008054872549	61.588966588888752	61.588966588888752
329.70948693695482	18.157904255088329	18.157904255088329
3520.4362209135479	59.333264033875196	59.333264033875196
7576.4963063091718	87.043071558333537	87.043071558333537
5583.5559048601845	74.723195226517078	74.723195226517078
7160.4970631655551	84.619720297136141	84.619720297136141
8701.3876035234425	93.281228569972441	93.281228569972441
1400.2733406841796	37.420226358002964	37.420226358002964
3314.1455172300612	57.568615731404044	57.568615731404044
8045.0635453640452	89.694278219761856	89.694278219761856
532.2024173775834	23.069512725187401	23.069512725187401
8539.7963051276492	92.411018310197448	92.411018310197448
2928.5336060618943	54.115927471141937	54.115927471141937
5092.2776885378626	71.36019680842999	71.36019680842999
7312.0858826359536	85.510735481785872	85.510735481785872
8003.1926724475879	89.460564901232246	89.460564901232246
2949.7538270334171	54.311636202874766	54.311636202874766
7681.3478925226173	87.643299187802242	87.643299187802242
3809.5409073414676	61.721478492834791	61.721478492834791
898.4297834633785	29.973818299699129	29.973818299699129
8922.9161299476436	94.461188484729774	94.461188484729774
1826.0164707335607	42.73191396057004	42.73191396057004
2409.7491401718662	49.089195758047069	49.089195758047069
5884.0093768639581	76.707296764153782	76.707296764153782
5845.1066333982517	76.453297073430733	76.453297073430733
1689.5175200837582	41.103740949988463	41.103740949988463
3312.7656148899605	57.556629634560437	57.556629634560437
3900.1053328207504	62.450823315795851	62.450823315795851
5008.6402695814159	70.771747679292304	70.771747679292304
692.65380897343789	26.318316985959378	26.318316985959378
9291.602225573597	96.392957344266577	96.392957344266577
8010.6261898818402	89.502101594777315	89.502101594777315
3105.8528207339782	55.730178725121441	55.730178725121441
5502.9204213444063	74.181671734630015	74.181671734630015
8765.7785673236813	93.625736671727623	93.625736671727623
479.21038638046781	21.890874500130593	21.890874500130593
5046.6530956355264	71.039799377782074	71.039799377782074
5475.0174206415504	73.993360652436579	73.993360652436579
958.12310154742886	30.953563632438655	30.953563632438655
5653.7702653707947	75.19155714154877	75.19155714154877
4950.954145972124	70.363016890779519	70.363016890779519
6620.8123524038128	81.368374399417689	81.368374399417689
9719.3937299534555	98.58698560131279	98.58698560131279
2546.7818755975018	50.465650452535549	50.465650452535549
6017.845664015761	77.574774663003438	77.574774663003438
1711.777696653445	41.373635284483342	41.373635284483342
2270.2724195542733	47.647375788749095	47.647375788749095
4778.8551073015433	69.129263754950713	69.129263754950713
7948.9331821686728	89.156789882592079	89.156789882592079
4122.7629419358182	64.208745058097946	64.208745058097946
7869.9338653853256	88.712647719394141	88.712647719394141
565.69247829407209	23.784290577901878	23.784290577901878
9819.0032981226486	99.09088403139134	99.09088403139134
446.49331348723553	21.130388389408168	21.130388389408168
3952.5334087681067	62.869176937256832	62.869176937256832
6917.3212361278402	83.170434867973611	83.170434867973611
8802.0596600496137	93.819292579136487	93.819292579136487
8773.8070873748748	93.668602463017862	93.668602463017862
4035.9476213633106	63.529108457173479	63.529108457173479
5593.7120472842271	74.791122783952289	74.791122783952289
3198.3817189385904	56.554236967167988	56.554236967167988
6447.344734191307	80.295359356511426	80.295359356511426
8155.2978445101498	90.306687706449239	90.306687706449239
5378.5315508438334	73.338472515071061	73.338472515071061
2890.4324821390942	53.762742509465554	53.762742509465554
8587.1186313376911	92.666707243419907	92.666707243419907
6204.7440612070041	78.770197798450425	78.770197798450425
6578.6934729169734	81.109145433280048	81.109145433280048
4758.5215363833286	68.982037780739191	68.982037780739191
4796.9758739298786	69.26020411412226	69.26020411412226
277.29965222509844	16.652316722459325	16.652316722459325
9290.4766831684301	96.387118865377602	96.387118865377602
7281.1770932126074	85.329813624621309	85.329813624621309
399.11675523829888	19.977906678085642	19.977906678085642
6363.0469811280836	79.768709285835158	79.768709285835158
3605.6591642263675	60.047141182793766	60.047141182793766
5684.0301823706131	75.39250746838583	75.39250746838583
6525.4643601979496	80.780346373347214	80.780346373347214
6671.0493855171635	81.676492245426189	81.676492245426189
1461.0746671732591	38.224006424932213	38.224006424932213
824.18664289634523	28.708651011434608	28.708651011434608
6675.4763617729895	81.703588426537237	81.703588426537237
1438.3502028414212	37.925587705946249	37.925587705946249
8446.3074940806346	91.903794775192139	91.903794775192139
8115.093115216534	90.083811615720023	90.083811615720023
2659.8047394385321	51.573294828220277	51.573294828220277
9510.7954158826906	97.523307039305692	97.523307039305692
1706.0292198954141	41.304106574230779	41.304106574230779
6495.6581085019634	80.595645716762903	80.595645716762903
507.60040678429709	22.529989054242726	22.529989054242726
9661.6493097538223	98.293689063712648	98.293689063712648
5500.1585820534201	74.163054023235986	74.163054023235986
2319.2162087005904	48.158241337289205	48.158241337289205
1280.1442446257042	35.779103463134796	35.779103463134796
8270.755844488247	90.943696012908163	90.943696012908163
7241.8257828178876	85.09891763599515	85.09891763599515
5818.3443004841147	76.278072212688457	76.278072212688457
5942.6193516672602	77.088386619952431	77.088386619952431
593.89038304270684	24.369866291030544	24.369866291030544
1808.412536302709	42.525433993114156	42.525433993114156
7086.5267305463449	84.181510621670029	84.181510621670029
979.78790533036761	31.30156394384101	31.30156394384101
5138.5278614647632	71.68352573265885	71.68352573265885
8708.5644414958424	93.319689463134424	93.319689463134424
5366.7151929634092	73.257867788814394	73.257867788814394
7382.3962311365931	85.920871917925695	85.920871917925695
1491.5970067164183	38.621198929039195	38.621198929039195
7806.0073769656192	88.351612192226682	88.351612192226682
6103.1297393173099	78.122530292594277	78.122530292594277
2570.8993534578822	50.70403685563786	50.70403685563786
3017.7147580427454	54.933730603726026	54.933730603726026
6699.2901326340561	81.849191398779595	81.849191398779595
1076.8390906438005	32.815226506056611	32.815226506056611
5610.7774004169332	74.90512265804611	74.90512265804611
9268.6136882383362	96.273639633278307	96.273639633278307
1622.1977335532479	40.276515906334893	40.276515906334893
7772.6258135696853	88.162496638705079	88.162496638705079
3645.9094855977714	60.381367039822571	60.381367039822571
8274.4263105203863	90.963873656086051	90.963873656086051
7234.8680442357709	85.058027512021297	85.058027512021297
2992.9076113206593	54.707473084768402	54.707473084768402
1431.5660685107878	37.836041924477087	37.836041924477087
7500.0388400195952	86.602764621111234	86.602764621111234
7887.2753914393097	88.810333809975688	88.810333809975688
4187.2159920739077	64.708701053829756	64.708701053829756
7804.3501296507366	88.342232989950716	88.342232989950716
3656.1249724277754	60.465899252618208	60.465899252618208
4933.0329583014218	70.235553377911259	70.235553377911259
3649.284442446286	60.409307581251795	60.409307581251795
3344.8630448768067	57.834790955590101	57.834790955590101
303.70976919751888	17.4272708476548	17.4272708476548
9397.1147545239855	96.938716488944635	96.938716488944635
8050.6842145811306	89.725605122401547	89.725605122401547
8101.8201798352429	90.01011154217754	90.01011154217754
1590.8413406323366	39.88535245716573	39.88535245716573
2417.1238622541759	49.164253907225884	49.164253907225884
9653.6756664248423	98.253120390269757	98.253120390269757
5388.6058584145258	73.40712403039997	73.40712403039997
8281.4372565514168	91.002402476810559	91.002402476810559
5437.9932282192285	73.742750343469211	73.742750343469211
536.58440414765096	23.164291574482718	23.164291574482718
3735.7124571216359	61.120474941885355	61.120474941885355
2606.8581971172016	51.057401002373801	51.057401002373801
1130.6396339965706	33.624985263886295	33.624985263886295
5772.1715339032735	75.974808547986967	75.974808547986967
6391.1405257789465	79.9446091101767	79.9446091101767
9343.3242164031999	96.660872210027151	96.660872210027151
9156.176898818012	95.687914068695278	95.687914068695278
9058.5278576512064	95.176298823032653	95.176298823032653
3636.3553390222619	60.302200117593237	60.302200117593237
9951.5731075631647	99.757571680365018	99.757571680365018
9054.6418594313891	95.155881896136037	95.155881896136037
5476.3974388188044	74.002685348700723	74.002685348700723
774.83971274284329	27.835942821159179	27.835942821159179
3388.7748758253529	58.213184724986078	58.213184724986078
6612.6800469210193	81.31838689325447	81.31838689325447
912.77296250697282	30.212132703716446	30.212132703716446
1802.978334065856	42.461492367389255	42.461492367389255
8234.8815117403337	90.746247921004056	90.746247921004056
202.91354235759778	14.244772457206812	14.244772457206812
6759.590626979274	82.216729605228608	82.216729605228608
5887.4908843820131	76.729986865514405	76.729986865514405
3817.2650653891292	61.784019498484632	61.784019498484632
6156.5641325933575	78.463775926177277	78.463775926177277
4141.4432405417674	64.354046030857816	64.354046030857816
1114.8482942659439	33.38934402269598	33.38934402269598
2951.3067567094463	54.325930794689988	54.325930794689988
1854.755316320282	43.06687028703481	43.06687028703481
9923.2167055756599	99.615343725631249	99.615343725631249
8427.6064733950589	91.80199602075686	91.80199602075686
5668.7489023769767	75.291094442682777	75.291094442682777
1931.4132340924282	43.947846751489749	43.947846751489749
4813.8343922904705	69.38180159300039	69.38180159300039
5931.2833846735002	77.01482574591401	77.01482574591401
6294.0556049303941	79.335084325476046	79.335084325476046
7767.2605835547638	88.132063311571031	88.132063311571031
5920.292412112437	76.943436445953182	76.943436445953182
9353.8507903433892	96.715307942142175	96.715307942142175
5496.0148613005213	74.135112202656856	74.135112202656856
8348.9950505091638	91.372835408064049	91.372835408064049
9143.6976740173213	95.622683888381431	95.622683888381431
950.66464526059849	30.832850099538291	30.832850099538291
5764.3893807668037	75.923575921888741	75.923575921888741
189.94721987813196	13.782134082867282	13.782134082867282
6733.5253253493775	82.05806069698076	82.05806069698076
3199.9325738762495	56.567946523417746	56.567946523417746
5162.8971646066302	71.853303087656528	71.853303087656528
7237.0309396240909	85.070740796257851	85.070740796257851
1535.6826691467177	39.187787244838383	39.187787244838383
5285.702483838053	72.702836834872215	72.702836834872215
6239.8268563455877	78.992574691204922	78.992574691204922
547.14474980718819	23.391125449776634	23.391125449776634
920.09843275994456	30.333124348802986	30.333124348802986
1529.6347941156448	39.110545817153266	39.110545817153266
896.70123650892219	29.944970137051769	29.944970137051769
4473.9802181009854	66.887818159220785	66.887818159220785
4427.8821441393065	66.542333473806778	66.542333473806778
9091.6799618550522	95.350301320211102	95.350301320211102
412.40103680858465	20.307659560091722	20.307659560091722
618.29319357133772	24.86550207760418	24.86550207760418
4169.1332397803289	64.568825603229996	64.568825603229996
6569.7359008315771	81.053907375471894	81.053907375471894
1660.685130939833	40.751504646329721	40.751504646329721
1895.8646344041647	43.541527699475182	43.541527699475182
5287.1447114785751	72.712754806007553	72.712754806007553
7514.8461781196411	86.688212451980121	86.688212451980121
470.41834021277964	21.689129540227743	21.689129540227743
515.99713741774769	22.715570374035245	22.715570374035245
7890.6819731864471	88.82951071117327	88.82951071117327
6644.1065788926144	81.511389258757049	81.511389258757049
4877.2493174414612	69.837306058019308	69.837306058019308
7976.0893453743083	89.308954452363338	89.308954452363338
7945.9356103831524	89.139977621621341	89.139977621621341
7093.9826631519927	84.225783838157255	84.225783838157255
3731.2955964660405	61.08433184103793	61.08433184103793
8341.5325237008456	91.331990691656586	91.331990691656586
5195.3200110590451	72.078568319987085	72.078568319987085
4094.2714419010485	63.986494214803237	63.986494214803237
9834.0405487867229	99.166731058287496	99.166731058287496
1159.6083238613846	34.053022242693594	34.053022242693594
7941.1511498680729	89.113136797377265	89.113136797377265
7291.7727650322577	85.3918776291531	85.3918776291531
653.84670588333813	25.570426392286425	25.570426392286425
3267.421715680422	57.161365586210607	57.161365586210607
6632.1845280065572	81.438225226281531	81.438225226281531
2019.9258564414113	44.943585264656079	44.943585264656079
9709.200279724364	98.535274291617839	98.535274291617839
8223.940589789363	90.685944830438658	90.685944830438658
5410.7967465589436	73.558118155367083	73.558118155367083
4830.8571815348732	69.50436807521433	69.50436807521433
8599.879688789495	92.735536278114523	92.735536278114523
5509.4454240172772	74.225638589487914	74.225638589487914
3636.4801650695463	60.303235112799264	60.303235112799264
4789.3991136551313	69.205484707898194	69.205484707898194
590.50824487737043	24.300375406099604	24.300375406099604
3255.7575802638607	57.059246229369876	57.059246229369876
1787.8420951072949	42.28288182122045	42.28288182122045
4802.9801194710535	69.303536125302102	69.303536125302102
8679.1123117620191	93.16175348157644	93.16175348157644
7943.1434107747718	89.124314363560586	89.124314363560586
456.60100488218808	21.368224186445349	21.368224186445349
7872.7900731698819	88.728744345729822	88.728744345729822
2219.3098812121343	47.109551910542883	47.109551910542883
297.22543584833937	17.240227256284626	17.240227256284626
177.75581075152911	13.33250954440045	13.33250954440045
4817.8403915878644	69.410664826003966	69.410664826003966
3873.618552906516	62.23840095075159	62.23840095075159
9727.3634033002199	98.627396819039177	98.627396819039177
3356.9833746180389	57.939480275698358	57.939480275698358
8886.790103937572	94.269773013079714	94.269773013079714
5251.0486895201993	72.464120014805943	72.464120014805943
3355.3692098002361	57.925548851955092	57.925548851955092
9989.4431597893326	99.947201860729109	99.947201860729109
2012.3388418697061	44.859099878059368	44.859099878059368
3941.0621650565763	62.777879583947211	62.777879583947211
6560.7020640056226	80.99816086804455	80.99816086804455
9590.2907105776412	97.930029666990507	97.930029666990507
9270.1431774776884	96.281582753285107	96.281582753285107
106.26283596890569	10.30838668118856	10.30838668118856
8357.9255603933725	91.421690863784463	91.421690863784463
4857.4431132077016	69.695359337675427	69.695359337675427
9596.7811396665948	97.963162156325865	97.963162156325865
3141.7978526259135	56.051742636834348	56.051742636834348
6405.5137382575622	80.034453445110515	80.034453445110515
7536.5721884431578	86.813433225758089	86.813433225758089
7767.5692066031806	88.133814206598259	88.133814206598259
1897.5247659988238	43.560587300894184	43.560587300894184
2003.4328607125926	44.759723644283063	44.759723644283063
3984.1722214427105	63.120299598803477	63.120299598803477
5960.7172794700127	77.205681652777429	77.205681652777429
7586.2981613879201	87.099357984935338	87.099357984935338
1226.4418189422081	35.020591356260795	35.020591356260795
6468.1136076257499	80.424583353759132	80.424583353759132
9741.2114195778722	98.697575550658144	98.697575550658144
4786.4092106806756	69.183879702432677	69.183879702432677
3359.5979160621036	57.962038577521611	57.962038577521611
2461.0407449044988	49.608877682371514	49.608877682371514
4112.4336064485669	64.128259031791643	64.128259031791643
4558.0454784562498	67.513298530409912	67.513298530409912
3593.0001827974024	59.941639807377662	59.941639807377662
6421.7105603384616	80.135576121585729	80.135576121585729
533.49680593882101	23.097549782148345	23.097549782148345
8486.7841215660465	92.123743527746669	92.123743527746669
6751.7323567041431	82.168925736583304	82.168925736583304
554.81490056508596	23.554509134454193	23.554509134454193
1502.379882299324	38.760545433460095	38.760545433460095
5466.9547378642528	73.938858104952175	73.938858104952175
5919.8488028555475	76.940553694755451	76.940553694755451
7995.1866258093451	89.415807471662106	89.415807471662106
9184.0621695500449	95.83351276849892	95.83351276849892
5028.9838096890317	70.915328453649792	70.915328453649792
3983.4786276950304	63.11480513869175	63.11480513869175
1440.139427248198	37.949168992854084	37.949168992854084
6225.3532494542278	78.900907785995898	78.900907785995898
157.77062374661986	12.560677678637402	12.560677678637402
442.05433772173649	21.025088292840447	21.025088292840447
2397.1047846505548	48.960236770777108	48.960236770777108
3512.290227647818	59.26457818670287	59.26457818670287
2931.9452660900829	54.147440069592236	54.147440069592236
6101.1343450702025	78.10975832167324	78.10975832167324
4995.0027735980302	70.675333558449026	70.675333558449026
723.26890854877229	26.893659262896382	26.893659262896382
9901.7267844548369	99.507420750689931	99.507420750689931
9491.9749159365911	97.426766937718867	97.426766937718867
3309.3956667914504	57.527347121099289	57.527347121099289
5415.5691597950836	73.590550750725356	73.590550750725356
1799.742102864165	42.423367415425254	42.423367415425254
6001.5138185213227	77.469437964408414	77.469437964408414
568.79792143435009	23.849484720520696	23.849484720520696
4100.6878468786563	64.036613330802055	64.036613330802055
1524.6603288582314	39.046899094015536	39.046899094015536
4299.4753387852743	65.570384616725207	65.570384616725207
219.37117640323567	14.811184166137279	14.811184166137279
468.23968967347207	21.638846773187154	21.638846773187154
3967.8921874299672	62.991207223151129	62.991207223151129
3965.501269494232	62.972226175467483	62.972226175467483
1135.7352128090529	33.700670806514417	33.700670806514417
9310.9888306272496	96.493465222403785	96.493465222403785
8368.6647125105046	91.480406167170599	91.480406167170599
6753.3991155775357	82.179067380796766	82.179067380796766
7075.1929885951349	84.11416639660132	84.11416639660132
7044.0923875616036	83.929091425807798	83.929091425807798
9723.8821603080687	98.609746781482343	98.609746781482343
734.15249488444192	27.095248566574213	27.095248566574213
2866.0556965456744	53.535555442581099	53.535555442581099
1645.0116273728956	40.558742921507019	40.558742921507019
671.37236553017817	25.910854203020367	25.910854203020367
3006.1607731937261	54.828466814180807	54.828466814180807
7129.7734164945623	84.437985625514315	84.437985625514315
3459.5329929704426	58.817794866608544	58.817794866608544
444.11087369857142	21.073938257918748	21.073938257918748
7488.3799644378205	86.535426066078969	86.535426066078969
3196.8745603775133	56.540910501843825	56.540910501843825
667.66968997771903	25.839305137284924	25.839305137284924
8165.4290254844518	90.362763489639093	90.362763489639093
6190.6033443564447	78.680387291601747	78.680387291601747
3222.9665129674195	56.77117677983626	56.77117677983626
180.23528609456142	13.425173596440436	13.425173596440436
5105.7066267120099	71.454227493634065	71.454227493634065
2444.4661816722369	49.441543075355533	49.441543075355533
2898.7559512280786	53.840096129446856	53.840096129446856
8653.9722251201292	93.026728552175413	93.026728552175413
3917.1331449516952	62.587004601208513	62.587004601208513
6611.237418922582	81.309516164607587	81.309516164607587
891.15624207253381	29.852240151662553	29.852240151662553
8933.3931197193197	94.516628800012327	94.516628800012327
6551.8067033772941	80.943231362339958	80.943231362339958
9227.1026165984877	96.057808722656631	96.057808722656631
3166.5801096331625	56.272374302433363	56.272374302433363
6722.9711947919268	81.993726557535652	81.993726557535652
5111.367504181716	71.493828434220219	71.493828434220219
5307.5618261083227	72.853015216312926	72.853015216312926
9611.6233966383807	98.038887165442574	98.038887165442574
1760.3529104602489	41.956559802493921	41.956559802493921
3495.5520713942128	59.123194022263483	59.123194022263483
6501.3635094721258	80.631033166344366	80.631033166344366
267.44554084770709	16.353762284187301	16.353762284187301
6458.1713500012893	80.362748521944482	80.362748521944482
545.23393965768412	23.350244959265076	23.350244959265076
807.44171974617575	28.415518994841108	28.415518994841108
4869.5273200862766	69.781998538923176	69.781998538923176
850.49724652583427	29.163285934987407	29.163285934987407
5099.1428928231153	71.408283082728687	71.408283082728687
8501.5040784933553	92.203601223018154	92.203601223018154
9038.3275322731333	95.070119029446545	95.070119029446545
9897.589186418074	99.486628178957162	99.486628178957162
7219.2914699122148	84.966413775751505	84.966413775751505
3024.8986246678633	54.999078398350122	54.999078398350122
1538.2237702803147	39.220195949030071	39.220195949030071
1051.8522376156118	32.432271545724511	32.432271545724511
9888.2968045521338	99.439915549803914	99.439915549803914
9401.8214660645208	96.962990187310751	96.962990187310751
7815.6214875293326	88.406003684870484	88.406003684870484
3108.3869847050196	55.752910100774287	55.752910100774287
7334.5131604725311	85.64177228708273	85.64177228708273
3635.2026831324119	60.292642031448679	60.292642031448679
5440.0246433008424	73.756522716983085	73.756522716983085
7411.5919072129909	86.090602897255806	86.090602897255806
6666.1328487087376	81.646389073300341	81.646389073300341
9494.010935876724	97.437215353666204	97.437215353666204
7850.6941866080679	88.604143168409834	88.604143168409834
4025.8822058592245	63.449840077491324	63.449840077491324
8220.7642716657956	90.668430402570635	90.668430402570635
4589.2954139045023	67.744338611462595	67.744338611462595
7631.1271353466136	87.356322812642546	87.356322812642546
38.490793338837989	6.2040948847384652	6.2040948847384652
9224.8780995885809	96.046228971202098	96.046228971202098
8205.0433339626288	90.581694254206951	90.581694254206951
599.50981486656588	24.484889521224428	24.484889521224428
5984.1436659087231	77.357247016092316	77.357247016092316
5962.9587979200824	77.220196826478514	77.220196826478514
3130.1000639096005	55.947297199325014	55.947297199325014
5742.6394783498636	75.78020505613496	75.78020505613496
7994.1408243541609	89.409959313010319	89.409959313010319
2490.4507493012147	49.904416130250581	49.904416130250581
4815.6285712082545	69.394730140034795	69.394730140034795
1360.5096973056011	36.885087736178711	36.885087736178711
3778.2046984464414	61.467102570777172	61.467102570777172
9672.0606055098287	98.346634947566102	98.346634947566102
856.17145376270128	29.260407614431848	29.260407614431848
6127.0786526884167	78.275658110861116	78.275658110861116
8918.2300018531078	94.436380711318606	94.436380711318606
9952.416889433809	99.761800752762127	99.761800752762127
1979.5943758752094	44.492632826965966	44.492632826965966
9222.5477715873112	96.034096921808512	96.034096921808512
9037.4571595047219	95.065541388584762	95.065541388584762
5004.7972044386024	70.744591344063906	70.744591344063906
9122.0969075724461	95.50966918366143	95.50966918366143
8172.4702315236373	90.401715866036724	90.401715866036724
9618.8043577453172	98.075503351985489	98.075503351985489
6009.2458994620001	77.519325973991798	77.519325973991798
2360.2312699855106	48.58221145630889	48.58221145630889
592.96746992513295	24.350923389578739	24.350923389578739
4445.857157658912	66.677261173948295	66.677261173948295
4047.1982470273169	63.617593848143272	63.617593848143272
5578.0887734701919	74.686603708229981	74.686603708229981
2625.3341603966028	51.238014797575858	51.238014797575858
4319.4808678023119	65.722757609539727	65.722757609539727
5336.0271411874519	73.04811524733168	73.04811524733168
3326.0564767183268	57.67197306073659	57.67197306073659
8281.9459093219266	91.005197155557696	91.005197155557696
7706.3835214352657	87.786009827507627	87.786009827507627
5379.2163163350815	73.343140894940419	73.343140894940419
2110.437601140793	45.939499356662488	45.939499356662488
5439.7871898544436	73.754912987911823	73.754912987911823
8690.0039284457234	93.220190562161605	93.220190562161605
8753.9045699519502	93.562303145828722	93.562303145828722
2237.7205962561002	47.304551538473547	47.304551538473547
8585.8217437852909	92.659709387550379	92.659709387550379
6580.3626401162655	81.119434416890911	81.119434416890911
1558.9269322590455	39.483248755124563	39.483248755124563
5000.7478516892224	70.715966030941146	70.715966030941146
6677.3276235679268	81.714916775139201	81.714916775139201
2933.3141640021481	54.160079062000527	54.160079062000527
7478.8638835025376	86.480424857319804	86.480424857319804
9286.2721364613481	96.365305667866522	96.365305667866522
5188.1050694987325	72.028501785742648	72.028501785742648
3260.7054845252883	57.102587371548132	57.102587371548132
9084.0417446179817	95.310239453156242	95.310239453156242
2469.8205087375395	49.697288746344498	49.697288746344498
1760.5763363870292	41.959222304363905	41.959222304363905
5464.4443786397842	73.921880242860325	73.921880242860325
3983.1610139143368	63.112288929449683	63.112288929449683
664.93571792875696	25.786347510431892	25.786347510431892
1581.4323465536072	39.767227041291264	39.767227041291264
5115.8399587176909	71.52510020068263	71.52510020068263
9879.6308647505812	99.396332249990905	99.396332249990905
7199.5647659552906	84.850249062423444	84.850249062423444
6414.4457869766338	80.090235278569594	80.090235278569594
9621.9059436695479	98.091314313090678	98.091314313090678
8983.3097122425133	94.78032344449197	94.78032344449197
2785.301293827692	52.775953746263006	52.775953746263006
4809.2506297358468	69.348760837781711	69.348760837781711
9869.6967701123413	99.346347542888267	99.346347542888267
4194.0966891686539	64.76184593700718	64.76184593700718
2829.153266151855	53.189785355384309	53.189785355384309
7375.278756259012	85.879443152939757	85.879443152939757
7215.1291541493338	84.941916355526928	84.941916355526928
7664.2791003276479	87.545868550878225	87.545868550878225
8653.5186082540076	93.024290420588571	93.024290420588571
901.51401839140397	30.025223036497231	30.025223036497231
1786.9196015054038	42.271971819462166	42.271971819462166
7595.5331816337266	87.152356145050533	87.152356145050533
9092.4743015329859	95.354466605046809	95.354466605046809
4852.0933647734901	69.656969247688991	69.656969247688991
2464.2576363333328	49.641289632052597	49.641289632052597
5073.7216478865457	71.230061405887795	71.230061405887795
2804.4451319791451	52.957012113403309	52.957012113403309
3863.2059725475115	62.154693889902731	62.154693889902731
9669.0953955206041	98.331558492279598	98.331558492279598
2977.4571094659063	54.566080209832798	54.566080209832798
1873.5340466422545	43.284339507982033	43.284339507982033
5134.0294840411625	71.652142215297118	71.652142215297118
4619.2501476675916	67.965065641604369	67.965065641604369
1241.3822453626203	35.233254822150911	35.233254822150911
4401.5042382382071	66.343833460527492	66.343833460527492
1163.7082472845682	34.113168238739831	34.113168238739831
9810.4387894748306	99.047659182207994	99.047659182207994
8028.5437272095414	89.602141309287589	89.602141309287589
2896.6312443289412	53.820360871411303	53.820360871411303
5072.556246207253	71.221880389436876	71.221880389436876
4416.9567421387719	66.460189152144096	66.460189152144096
4950.8056366336968	70.361961574658338	70.361961574658338
9714.3980340308208	98.561645856949951	98.561645856949951
8342.8126812656938	91.338998687667328	91.338998687667328
1563.3316814676878	39.538989383489401	39.538989383489401
1824.9229899346767	42.719117382439876	42.719117382439876
740.12926335859891	27.205316821507498	27.205316821507498
5191.3567109202877	72.051070158050308	72.051070158050308
7509.4533872096126	86.657102347179901	86.657102347179901
5263.2314372799883	72.548131866230634	72.548131866230634
3234.8135149146406	56.87542100868037	56.87542100868037
9877.6710945442173	99.386473398265906	99.386473398265906
4009.8139010754276	63.323091373332588	63.323091373332588
8915.9236632969078	94.424168851501719	94.424168851501719
2189.7926410492437	46.795220279952133	46.795220279952133
464.29252123166879	21.547448137347235	21.547448137347235
1168.987313919539	34.190456474278591	34.190456474278591
4552.0450502264976	67.468845034034018	67.468845034034018
2688.0339245998034	51.846252753692852	51.846252753692852
3932.5829952585341	62.710310119298036	62.710310119298036
8042.4601789382268	89.67976460126458	89.67976460126458
184.34855312044957	13.577501726033754	13.577501726033754
5036.0855761029588	70.965382941987698	70.965382941987698
1555.5145490634372	39.440012031735449	39.440012031735449
9668.5429070655027	98.32874913811068	98.32874913811068
2290.514057081044	47.859315259216196	47.859315259216196
1960.6056944294705	44.278727335250622	44.278727335250622
2910.0954874128374	53.945300883513823	53.945300883513823
647.26529920099131	25.44140914338259	25.44140914338259
5125.5456072460693	71.592915901268256	71.592915901268256
3982.9397400793482	63.110535888069819	63.110535888069819
940.10880355556787	30.66119377251264	30.66119377251264
517.2499992820791	22.743130815305072	22.743130815305072
2985.8817309851411	54.643222187066726	54.643222187066726
5177.4519154370946	71.954512821900849	71.954512821900849
1507.1038830483838	38.82143587051339	38.82143587051339
3823.3892470468445	61.833560847219893	61.833560847219893
5504.81878991549	74.194466032956186	74.194466032956186
2779.4197941878406	52.720202903515464	52.720202903515464
4069.8291527047563	63.795212615875464	63.795212615875464
4329.4525947909924	65.798575932849729	65.798575932849729
7142.3906185487394	84.512665432754744	84.512665432754744
5086.668524679435	71.320884211284394	71.320884211284394
2250.3848842275588	47.438221765023599	47.438221765023599
7915.4299420433663	88.968702036409226	88.968702036409226
3026.0161138768531	55.00923662328767	55.00923662328767
4860.3203225010029	69.715997608160237	69.715997608160237
2822.9902246096899	53.131819323355472	53.131819323355472
4139.8482639785097	64.341652636363875	64.341652636363875
1677.0912926195224	40.952305095312063	40.952305095312063
7686.8426777434406	87.674641018617464	87.674641018617464
9701.686112742902	98.497137586545634	98.497137586545634
7597.8681885902606	87.165751236309902	87.165751236309902
8118.8627531095472	90.104732134941429	90.104732134941429
3545.2461204850242	59.54196940381653	59.54196940381653
4693.738500033638	68.510864102225696	68.510864102225696
7625.7751975052033	87.325684638055961	87.325684638055961
6783.0744645931954	82.35942243965286	82.35942243965286
6998.9479866507354	83.659715434913693	83.659715434913693
8259.9646228675156	90.884347513020714	90.884347513020714
4114.1918550625669	64.141966410943212	64.141966410943212
5397.0436695103472	73.464574248479437	73.464574248479437
9859.4906896001539	99.294968098087196	99.294968098087196
3325.3504049658191	57.665851289700207	57.665851289700207
9858.8215805109739	99.291598740834942	99.291598740834942
3635.8257417840173	60.297808764365705	60.297808764365705
1955.5030846214365	44.221070595604495	44.221070595604495
2844.6799438982207	53.335541095016751	53.335541095016751
3992.0898327159452	63.182986892959924	63.182986892959924
2443.6068297123747	49.432851725470734	49.432851725470734
9264.2380741174802	96.250912069016152	96.250912069016152
7323.5945351160117	85.578002635700798	85.578002635700798
5221.4068759033416	72.259303040531336	72.259303040531336
7501.9717425693325	86.613923491372518	86.613923491372518
4415.7915536001447	66.45142250998201	66.45142250998201
1081.5712762465769	32.887250968218318	32.887250968218318
2706.5828848606702	52.024829503427206	52.024829503427206
4942.4892606449203	70.302839634291587	70.302839634291587
7614.5681470901482	87.261492922652593	87.261492922652593
9173.2375912689822	95.777020162818715	95.777020162818715
3583.9693097685104	59.866261865666125	59.866261865666125
6806.4120035754831	82.500981834008996	82.500981834008996
1385.1414894202262	37.217489026265945	37.217489026265945
4727.0577178238027	68.753601489840534	68.753601489840534
7996.3532568666842	89.422330862412011	89.422330862412011
9074.4515515796193	95.259915765129776	95.259915765129776
3986.7227188081583	63.140499830205322	63.140499830205322
2907.1215619982008	53.917729570134917	53.917729570134917
7527.0319129315212	86.758468825420849	86.758468825420849
6091.4084068497596	78.047475339371232	78.047475339371232
7169.2196597518268	84.671244586056645	84.671244586056645
6260.3167401099345	79.122163393766826	79.122163393766826
5306.7219466752804	72.847250783233264	72.847250783233264
821.06685535770021	28.654264174075387	28.654264174075387
3511.0338414926368	59.253977431836901	59.253977431836901
7156.0607651284272	84.593503090535435	84.593503090535435
4324.0203645655201	65.757283737739044	65.757283737739044
9990.691656342733	99.953447446012248	99.953447446012248
3979.5163554060036	63.083407924794329	63.083407924794329
7298.0061842691193	85.428368732342761	85.428368732342761
4305.4389401810085	65.615843667372047	65.615843667372047
1699.5102058236764	41.225116201457531	41.225116201457531
5937.7782013401275	77.056980224637186	77.056980224637186
8429.8241549213599	91.814073839043658	91.814073839043658
4928.443730115413	70.202875511729673	70.202875511729673
184.84845262794838	13.595898375169931	13.595898375169931
4269.4805392495591	65.341262149192985	65.341262149192985
2104.8787354085189	45.878957435936996	45.878957435936996
7697.4011235254311	87.734834151125128	87.734834151125128
3169.5822057619143	56.299042671806724	56.299042671806724
1281.9257696163411	35.803990973302696	35.803990973302696
4892.7049388888881	69.947873011900001	69.947873011900001
2304.3829160281434	48.00398854291322	48.00398854291322
7339.7124040390081	85.672121510086399	85.672121510086399
9290.8907470742288	96.389266762820796	96.389266762820796
520.25535065891154	22.809106748378191	22.809106748378191
5761.6314997199424	75.905411531194147	75.905411531194147
2433.9262177664782	49.334837769739124	49.334837769739124
5105.8835198704674	71.455465290420349	71.455465290420349
724.58166193653733	26.918054571913945	26.918054571913945
8712.8706190876528	93.342758792997188	93.342758792997188
5381.4612624790252	73.358443702678329	73.358443702678329
1010.4102233779743	31.786950520268128	31.786950520268128
2382.3353788366612	48.80917310134091	48.80917310134091
8441.115609755152	91.875544133110594	91.875544133110594
7095.3405058200633	84.233844182846497	84.233844182846497
4789.3048696793949	69.204803804933903	69.204803804933903
1214.4679907254069	34.849217935635323	34.849217935635323
128.54334397050079	11.337695708145496	11.337695708145496
2388.2289536982594	48.869509448103315	48.869509448103315
1165.6041170344456	34.140944876122653	34.140944876122653
3375.4331567285822	58.098478093049756	58.098478093049756
8384.9618848339305	91.569437504190944	91.569437504190944
1754.7091164717831	41.889248220417883	41.889248220417883
540.15662830395115	23.241269937418462	23.241269937418462
7129.0382160972977	84.43363202005051	84.43363202005051
5826.6778693435281	76.33267890846966	76.33267890846966
8641.1892455364432	92.957997211302072	92.957997211302072
1747.4303817783937	41.802277231969001	41.802277231969001
1570.3878479945527	39.628119410269179	39.628119410269179
3865.8399037467138	62.175878793521797	62.175878793521797
506.15556347261338	22.497901312624993	22.497901312624993
6684.2376911616993	81.757187397571954	81.757187397571954
5606.5472463105261	74.87688058613638	74.87688058613638
2404.491556542022	49.035615184700418	49.035615184700418
1126.1067875051101	33.557514620500577	33.557514620500577
1387.1808841770444	37.244877287716285	37.244877287716285
9336.9090218559631	96.627682482071165	96.627682482071165
5391.1138445097295	73.424204759123739	73.424204759123739
9543.8376280885459	97.692566902956059	97.692566902956059
1029.241175813072	32.081788849954613	32.081788849954613
7994.8636975003792	89.414001685979699	89.414001685979699
7424.0664120814881	86.163022301225524	86.163022301225524
3368.9099665822437	58.04231186455484	58.04231186455484
666.87611430661582	25.823944592308429	25.823944592308429
4810.0327983016687	69.354399992370119	69.354399992370119
9726.9422386451879	98.625261665788187	98.625261665788187
4716.9112370655002	68.679773129106209	68.679773129106209
357.3511687589251	18.903734254345757	18.903734254345757
5415.6724974206163	73.591252859430355	73.591252859430355
8907.5918377191156	94.38003940303858	94.38003940303858
2969.5314815990037	54.493407689361874	54.493407689361874
9513.4048590042512	97.536684683273151	97.536684683273151
6931.9879674791473	83.25856092606422	83.25856092606422
9190.2944834765767	95.866023613564863	95.866023613564863
5161.5551320929299	71.843963783277786	71.843963783277786
6566.9807685764899	81.036909915028787	81.036909915028787
1932.3194855727979	43.958156075668121	43.958156075668121
1451.1421790977201	38.093860123354787	38.093860123354787
1306.8777491404976	36.150764157075542	36.150764157075542
2699.2737405971125	51.954535322694518	51.954535322694518
9114.4182069919407	95.469462169805595	95.469462169805595
723.37130912801706	26.895563000763101	26.895563000763101
9298.6349124398712	96.429429700895099	96.429429700895099
7093.3865339878066	84.222244888080525	84.222244888080525
5822.2455705089706	76.303640611106957	76.303640611106957
543.97958294200566	23.323369888204528	23.323369888204528
1590.7487601500104	39.884191857802641	39.884191857802641
9405.7428459003349	96.983209092607026	96.983209092607026
4305.2745246786753	65.614590791063193	65.614590791063193
8281.9628621998636	91.005290297871497	91.005290297871497
625.19150647437073	25.003829836134518	25.003829836134518
6741.5484968274586	82.106933305461226	82.106933305461226
9541.1877614929926	97.679003688064881	97.679003688064881
5035.4959439720369	70.961228455911311	70.961228455911311
620.0540378977438	24.900884279433608	24.900884279433608
9562.120364465145	97.786094944348534	97.786094944348534
1972.763619352794	44.415803711660942	44.415803711660942
8292.5771490392617	91.063588491994224	91.063588491994224
9030.7823441336477	95.030428517047355	95.030428517047355
645.6377365201032	25.40940252190325	25.40940252190325
1511.0332061241895	38.87201057475918	38.87201057475918
6482.8344622587574	80.516050960406375	80.516050960406375
6991.2004685807851	83.613398857962864	83.613398857962864
1895.9338085252537	43.542322038738973	43.542322038738973
6030.936994748211	77.659107609785281	77.659107609785281
205.52913913646657	14.336287494901411	14.336287494901411
2742.6637486944323	52.370447283696485	52.370447283696485
8198.1715081891052	90.543754661429332	90.543754661429332
1858.5843518861641	43.11130190432857	43.11130190432857
4850.3559625625167	69.644497001288741	69.644497001288741
5992.2235361642624	77.409453790633748	77.409453790633748
4770.5430246367378	69.069117734605072	69.069117734605072
8653.1957855165801	93.022555251490374	93.022555251490374
7848.7315516059807	88.593067175744523	88.593067175744523
7912.4250309935933	88.951812971932128	88.951812971932128
8560.8915215053621	92.525085903798882	92.525085903798882
9868.0268675934985	99.337942738882504	99.337942738882504
9646.0406118602386	98.214258699336725	98.214258699336725
5584.289018081633	74.728100591956931	74.728100591956931
3889.8847822769048	62.368940846200886	62.368940846200886
8357.1214618057456	91.417293012896337	91.417293012896337
8635.4009192332323	92.92685790035749	92.92685790035749
155.93507587956208	12.48739668143693	12.48739668143693
4707.2023917009374	68.609054735515315	68.609054735515315
2789.1010662571862	52.811940565152369	52.811940565152369
9200.5223123132346	95.919353168759613	95.919353168759613
1466.1614646853329	38.290487913910589	38.290487913910589
7653.2882283861318	87.483073953686215	87.483073953686215
6857.8872756731944	82.812361853005939	82.812361853005939
2250.0651144938956	47.434851264591266	47.434851264591266
7827.6914340948579	88.47424164181831	88.47424164181831
5387.3161424473128	73.398338826211273	73.398338826211273
4472.8601866471727	66.879445172991481	66.879445172991481
8966.2629846429627	94.690353176250028	94.690353176250028
8884.7058964033986	94.258717880116521	94.258717880116521
6618.0568095626231	81.351440119782907	81.351440119782907
6798.219120929235	82.451313639803431	82.451313639803431
2193.0136554988167	46.829623695891648	46.829623695891648
5183.6006953154401	71.997226997402066	71.997226997402066
1315.8018026304273	36.273982447898206	36.273982447898206
8202.0486394435229	90.565162393955447	90.565162393955447
9658.1414491194755	98.275843670352046	98.275843670352046
2553.2402355814875	50.529597619429815	50.529597619429815
6138.015625269275	78.345488863554067	78.345488863554067
6121.4987310612159	78.240007228151612	78.240007228151612
1801.8304148029858	42.447973035269726	42.447973035269726
9126.8217933469259	95.534401099012115	95.534401099012115
8188.9390218787948	90.492756737093572	90.492756737093572
2249.3792253090514	47.427620911332369	47.427620911332369
4587.725616704508	67.732751433147229	67.732751433147229
5231.4766711268257	72.328947670533864	72.328947670533864
4119.0364701817034	64.179720084943526	64.179720084943526
866.93748470561729	29.443802144179976	29.443802144179976
1605.7933063854496	40.072350896665014	40.072350896665014
2757.7651598684779	52.514428111410275	52.514428111410275
6683.116313002577	81.750329130851682	81.750329130851682
821.63296218952269	28.664140702095409	28.664140702095409
1529.9882052150849	39.115063661140638	39.115063661140638
4009.7568382996806	63.322640803267838	63.322640803267838
9970.8715668608129	99.854251621354678	99.854251621354678
6151.2257742552865	78.429750568615773	78.429750568615773
6872.1868296209423	82.898653967485757	82.898653967485757
9730.1828132659048	98.641689022775282	98.641689022775282
4085.0958513017886	63.91475456654581	63.91475456654581
415.50446348207231	20.383926596268743	20.383926596268743
2530.9097881696503	50.308148327777381	50.308148327777381
6220.2323453115941	78.868449619043446	78.868449619043446
7569.2922780391682	87.001679742630074	87.001679742630074
8770.9162422396912	93.65316995296898	93.65316995296898
2119.7159402169555	46.040372937422603	46.040372937422603
6636.3444871872443	81.463761803560516	81.463761803560516
9201.5926364444877	95.924932298357589	95.924932298357589
3207.5207425768626	56.634978084015032	56.634978084015032
9128.2652263173277	95.541955319730235	95.541955319730235
4630.9090778817317	68.0507830805916	68.0507830805916
3052.9966635701521	55.253928942385194	55.253928942385194
1357.7996415949315	36.848332955439538	36.848332955439538
2941.2535784726751	54.233325349573349	54.233325349573349
6891.5056008306065	83.015092608697401	83.015092608697401
4255.5090157534387	65.234262590707957	65.234262590707957
7247.1444521776748	85.13016182398384	85.13016182398384
2168.963424840314	46.572131418266807	46.572131418266807
1126.8815935865396	33.569057085157155	33.569057085157155
6332.3944191026803	79.576343338348238	79.576343338348238
3859.1208631074824	62.121822760665054	62.121822760665054
1900.1406475727917	43.590602743857438	43.590602743857438
3727.9839592205576	61.05721873145351	61.05721873145351
3605.3573357969626	60.044627867919729	60.044627867919729
8316.5811783215413	91.195291426265754	91.195291426265754
8114.9860388202815	90.083217298341879	90.083217298341879
8944.5780266413021	94.575779281173794	94.575779281173794
1516.5720618575456	38.943190185930398	38.943190185930398
740.34488022414803	27.209279303652053	27.209279303652053
114.80816403980853	10.714857163761378	10.714857163761378
1509.8971062160713	38.857394485684075	38.857394485684075
1065.4230208961592	32.640818324548164	32.640818324548164
8830.9908088882075	93.973351589097888	93.973351589097888
3441.9868807350617	58.668448767076342	58.668448767076342
2031.7283929357995	45.074697923955071	45.074697923955071
6287.085301433277	79.291142641743264	79.291142641743264
7683.5018836425288	87.65558672236773	87.65558672236773
6094.2293297773567	78.065545087300563	78.065545087300563
1477.2666600422422	38.43522681138024	38.43522681138024
9734.5393708866559	98.66376929190703	98.66376929190703
4140.9154870809289	64.349945509541257	64.349945509541257
5324.0193847465189	72.965878222265772	72.965878222265772
3799.2569655205843	61.638112929587521	61.638112929587521
624.53164372471815	24.990631118975731	24.990631118975731
7270.8750920481671	85.269426478944766	85.269426478944766
1943.9443913270961	44.090184750430524	44.090184750430524
5870.8341566136323	76.621368798877725	76.621368798877725
2461.5586680297347	49.614097472691519	49.614097472691519
2367.1814420357564	48.653688884150981	48.653688884150981
7284.2119344501489	85.347594778354178	85.347594778354178
3945.6619135461478	62.814504006209809	62.814504006209809
9322.4710907610552	96.552944495551529	96.552944495551529
4503.619226321116	67.109010023402348	67.109010023402348
7526.3103505907602	86.75431027096441	86.75431027096441
3055.1125381251723	55.273072450562871	55.273072450562871
4979.3389724491426	70.564431354961982	70.564431354961982
5940.6632558776118	77.075698218554024	77.075698218554024
193.78679912813249	13.920732708019807	13.920732708019807
7833.846908376172	88.509021621392762	88.509021621392762
1983.3187077114264	44.534466514278876	44.534466514278876
6395.255287429437	79.97034004822936	79.97034004822936
6602.3795722335108	81.255027981248716	81.255027981248716
7741.0650049725336	87.983322311518407	87.983322311518407
6746.4985102004548	82.137071473241946	82.137071473241946
8433.82034656223	91.835833673802028	91.835833673802028
9513.3185731675148	97.53624235722593	97.53624235722593
9452.0415019970951	97.22161026231305	97.22161026231305
473.33378697180456	21.756235588258473	21.756235588258473
4415.4734086041562	66.449028650569119	66.449028650569119
8657.4974330129007	93.045673908102259	93.045673908102259
6638.7511396606942	81.478531771631069	81.478531771631069
4176.279913974764	64.624143429331141	64.624143429331141
6295.4916067835211	79.344134041424397	79.344134041424397
1894.311193337996	43.523685429177476	43.523685429177476
8980.288472977938	94.764383989861599	94.764383989861599
9371.4518844409122	96.806259531297414	96.806259531297414
6139.6631467815932	78.356002621251633	78.356002621251633
932.56079949266382	30.537858462778033	30.537858462778033
677.72757450470704	26.033201387933584	26.033201387933584
3664.9252969944068	60.538626487511316	60.538626487511316
5823.0984974302664	76.30922943805858	76.30922943805858
6770.2307528805004	82.281411952399679	82.281411952399679
4809.1259229235866	69.347861704046693	69.347861704046693
4716.5498916778788	68.677142425102971	68.677142425102971
677.9271451774714	26.037034108697391	26.037034108697391
5449.8281169220772	73.822951152890639	73.822951152890639
9359.0188119326976	96.742021954953458	96.742021954953458
7965.1438991223977	89.247654866233873	89.247654866233873
6298.852273180717	79.365309003245983	79.365309003245983
3505.4386193002147	59.206744711225383	59.206744711225383
2536.2989437418287	50.361681303763369	50.361681303763369
8513.7231464310971	92.26983876885825	92.26983876885825
6327.0418955579862	79.54270485442386	79.54270485442386
7575.6975577019248	87.038483199685444	87.038483199685444
5195.8888307152083	72.082514042694214	72.082514042694214
6466.82140921679	80.416549349103448	80.416549349103448
5959.1334881449957	77.195424010397119	77.195424010397119
5106.9087576484599	71.462638893679681	71.462638893679681
419.65323728269067	20.48543964094231	20.48543964094231
564.21427866568877	23.753195125407629	23.753195125407629
3107.8928994875987	55.748478898420167	55.748478898420167
1606.4752310339795	40.080858661385733	40.080858661385733
3606.4525682943349	60.053747329324381	60.053747329324381
8103.7198946031604	90.020663708968286	90.020663708968286
1798.6691037843484	42.410719208524966	42.410719208524966
5107.7818020838395	71.468747030319761	71.468747030319761
1171.2007773685598	34.222810775395992	34.222810775395992
8251.9622010249041	90.840311541874982	90.840311541874982
7054.660434209226	83.992026015623807	83.992026015623807
6490.2849318635645	80.562304658342313	80.562304658342313
8999.8390830493827	94.867481694463578	94.867481694463578
6065.6595008757085	77.88234396110397	77.88234396110397
5563.9916002577984	74.592168491456249	74.592168491456249
902.55396686723498	30.042535959323324	30.042535959323324
7076.008643650428	84.119014756774391	84.119014756774391
4693.6288781163303	68.510064064459399	68.510064064459399
8542.5652631789781	92.425998848695045	92.425998848695045
7584.9389577638085	87.091555031264704	87.091555031264704
4034.217131773763	63.515487337922259	63.515487337922259
8550.157495643909	92.467061679518665	92.467061679518665
6264.9954461329926	79.151724214529864	79.151724214529864
3630.3631419371764	60.252494902179578	60.252494902179578
4364.1378409227436	66.061621543243575	66.061621543243575
5551.0720619951071	74.505516990321638	74.505516990321638
2972.1839242977098	54.51773953767443	54.51773953767443
4860.7844088561133	69.7193259351818	69.7193259351818
8062.5293553049569	89.791588444046127	89.791588444046127
6777.8247726785903	82.327545649549094	82.327545649549094
7641.0869465434616	87.413311037527123	87.413311037527123
6737.9512523478443	82.085024531566319	82.085024531566319
9412.7254934293524	97.019201673840584	97.019201673840584
3000.3958691635585	54.775869405821012	54.775869405821012
6946.5012850261819	83.345673463150931	83.345673463150931
2715.2692090012006	52.108245115348112	52.108245115348112
7955.636408760467	89.194374311166442	89.194374311166442
3264.7824097655966	57.138274473119999	57.138274473119999
3247.3222737708184	56.985281202875697	56.985281202875697
3424.5519780088366	58.519671718225119	58.519671718225119
467.96055732026389	21.632396014317596	21.632396014317596
3843.6295613060961	61.997012519202052	61.997012519202052
7055.1811699269419	83.995125870058331	83.995125870058331
2657.4846028835386	51.550796336075535	51.550796336075535
3428.3335186275635	58.55197279876711	58.55197279876711
9027.5146503128126	95.013234079852339	95.013234079852339
8420.4696283324865	91.763116927949255	91.763116927949255
2694.9131762900165	51.91255316674394	51.91255316674394
4942.7273722584541	70.304533084705525	70.304533084705525
3061.9246487507539	55.33466046476434	55.33466046476434
8912.99218328598	94.408644642776125	94.408644642776125
2056.6023334405977	45.349777655911367	45.349777655911367
8478.0341240242451	92.076240822615276	92.076240822615276
5437.2082816261154	73.737427956405668	73.737427956405668
7465.3287159540414	86.402133746534531	86.402133746534531
2321.1221725059177	48.178025826157693	48.178025826157693
8880.1350701885676	94.234468588667525	94.234468588667525
8152.43844900146	90.290854736243688	90.290854736243688
3302.4734033795226	57.467150646082345	57.467150646082345
1238.0881955744553	35.186477453340729	35.186477453340729
2952.7854891248303	54.339538911595767	54.339538911595767
37.185236652205411	6.0979698795751203	6.0979698795751203
2941.8286909730436	54.238627296171899	54.238627296171899
1416.4515803518116	37.63577527236302	37.63577527236302
3946.7411302303763	62.823093924371285	62.823093924371285
1882.6450182827816	43.389457455501578	43.389457455501578
3680.655004981244	60.668402030886263	60.668402030886263
5851.8110707498372	76.497131127577831	76.497131127577831
6667.8399750584531	81.656842793843396	81.656842793843396
6352.7743265646241	79.704293024683579	79.704293024683579
471.56298992646913	21.715501143802072	21.715501143802072
1110.1053358474098	33.318243288736127	33.318243288736127
2440.7033890109037	49.403475475020009	49.403475475020009
176.03854633072322	13.267951851386981	13.267951851386981
6383.0329763312975	79.893885725575373	79.893885725575373
9613.5197997082796	98.048558376491599	98.048558376491599
4638.6193526377174	68.107410409130352	68.107410409130352
223.72268559908522	14.95736225405687	14.95736225405687
6377.3123016196623	79.858075994977881	79.858075994977881
8817.0981119118387	93.899404214892854	93.899404214892854
471.38855709375628	21.711484451638867	21.711484451638867
8144.1125607605882	90.244737025272499	90.244737025272499
2339.1243215978889	48.364494431327294	48.364494431327294
2465.03993487357	49.64916852147244	49.64916852147244
7208.979357496919	84.905708627258505	84.905708627258505
6935.7398169115722	83.281089191433921	83.281089191433921
2642.4057629319013	51.404336032400039	51.404336032400039
5817.8942184173729	76.275121883988973	76.275121883988973
8672.3189576848836	93.125286349545704	93.125286349545704
19.482110503685409	4.4138543817943754	4.4138543817943754
1942.8162940833263	44.077389828383964	44.077389828383964
3476.8749365394497	58.965031472385817	58.965031472385817
3406.3044111864465	58.363553791612503	58.363553791612503
607.79548195607663	24.653508512097758	24.653508512097758
8419.5252601807933	91.757971098868538	91.757971098868538
4464.1157651374442	66.814038683030105	66.814038683030105
6227.6679300167434	78.915574698640725	78.915574698640725
1417.1908614438996	37.645595511877609	37.645595511877609
2019.7649895505729	44.941795575506028	44.941795575506028
3060.3407501279157	55.32034661973762	55.32034661973762
7540.8722677363385	86.838195903279441	86.838195903279441
7280.3397136375506	85.324906760204257	85.324906760204257
7719.068305365965	87.858228444272456	87.858228444272456
5641.2968858260638	75.108567326411332	75.108567326411332
4108.257551345253	64.095690583261941	64.095690583261941
2896.3186563420618	53.817456799277146	53.817456799277146
7942.3692675389257	89.119971204769399	89.119971204769399
2767.0089377748441	52.602366275433312	52.602366275433312
4705.3876224431488	68.595828025056662	68.595828025056662
5348.5475061412126	73.13376447401852	73.13376447401852
7554.2468750881562	86.915170569286445	86.915170569286445
190.57479221208297	13.804882911929495	13.804882911929495
5796.7911055947852	76.136660720015726	76.136660720015726
6571.6678662730592	81.065824280476292	81.065824280476292
250.03513128677716	15.81249921064906	15.81249921064906
4472.7778237701787	66.878829413874897	66.878829413874897
950.10274512556703	30.823736715809897	30.823736715809897
5810.943592209358	76.22954540209038	76.22954540209038
2375.8129237536309	48.742311432200573	48.742311432200573
4123.1105049179787	64.211451509197161	64.211451509197161
9666.3005660761501	98.31734621152134	98.31734621152134
6344.9954124330006	79.65547948781051	79.65547948781051
5710.4090145856044	75.567248293064139	75.567248293064139
9192.0650213276458	95.875257607620782	95.875257607620782
7847.4270607747922	88.585704607316814	88.585704607316814
5975.9055625385336	77.303981543892903	77.303981543892903
9996.9908704153986	99.984953220049064	99.984953220049064
1776.1046637945019	42.14385677408395	42.14385677408395
597.9928093960043	24.453891498000974	24.453891498000974
4007.3167631321039	63.30337086705655	63.30337086705655
7216.0371519759774	84.947261003377719	84.947261003377719
9475.7052380609239	97.343234166843473	97.343234166843473
9607.0257016192845	98.015436037489948	98.015436037489948
8877.3728038684003	94.219811100789201	94.219811100789201
9191.32775539268	95.871412607683425	95.871412607683425
2613.5594696600374	51.122983771098859	51.122983771098859
5147.1658022730307	71.743750963223491	71.743750963223491
2354.4063433943284	48.522225251881515	48.522225251881515
7240.7961623326191	85.092867869949117	85.092867869949117
3414.9174537316139	58.437295058306844	58.437295058306844
9621.7145660901879	98.090338800975644	98.090338800975644
5332.4113031323886	73.023361351915241	73.023361351915241
6150.934754722588	78.427895258782684	78.427895258782684
8616.967523009951	92.827622629311961	92.827622629311961
2181.5848336759996	46.707438740269197	46.707438740269197
2714.179289223071	52.097785838009187	52.097785838009187
6487.6836287193892	80.54615837344069	80.54615837344069
6369.4462946846415	79.808810883790528	79.808810883790528
4633.0248223021945	68.066326640286633	68.066326640286633
7419.3058271964219	86.135392419123633	86.135392419123633
4217.4462373862443	64.941868139022958	64.941868139022958
2877.2744111290026	53.640231274007412	53.640231274007412
2916.1486058231289	54.001375962313489	54.001375962313489
8856.1081778015487	94.106897610119674	94.106897610119674
8043.1221956059144	89.683455528909647	89.683455528909647
1467.2623421375313	38.304860554993951	38.304860554993951
173.75028451609103	13.181437118770132	13.181437118770132
3126.835943760705	55.918118206541116	55.918118206541116
7295.193764186577	85.411906454466745	85.411906454466745
5720.4550492017743	75.633689908676104	75.633689908676104
4164.7308875597491	64.534726214339429	64.534726214339429
5197.9577919928925	72.096863953939717	72.096863953939717
8514.4216751053282	92.27362394045943	92.27362394045943
6089.1897647555415	78.033260631320161	78.033260631320161
4074.4549751743812	63.83145756736549	63.83145756736549
4976.1647740934741	70.54193627972991	70.54193627972991
5139.0470908735906	71.687147319959593	71.687147319959593
3877.8889199767259	62.272698030330481	62.272698030330481
5922.1477356330524	76.955491913397921	76.955491913397921
4073.8944763326172	63.827066956994173	63.827066956994173
9134.286231871416	95.573459871825378	95.573459871825378
9968.6214067348519	99.842983763181138	99.842983763181138
4481.1067362026215	66.941069129515867	66.941069129515867
1079.3050315257783	32.852778140147876	32.852778140147876
7263.2139946058714	85.224491753285747	85.224491753285747
9219.8952119289679	96.020285418910149	96.020285418910149
5381.9669955243535	73.361890621250708	73.361890621250708
655.9579408967661	25.611675870523705	25.611675870523705
6452.1004844276431	80.324968001410639	80.324968001410639
3156.6181464043598	56.183789000069758	56.183789000069758
8933.7814826263966	94.518683246363508	94.518683246363508
1850.133999285762	43.013184017063445	43.013184017063445
5162.1999587823721	71.848451331830191	71.848451331830191
4403.9015955442619	66.361898673442596	66.361898673442596
1846.9162906786735	42.975763991797443	42.975763991797443
7891.9950092598856	88.836901168714149	88.836901168714149
5304.4179934877247	72.831435475951764	72.831435475951764
3514.2836705295517	59.281393965809812	59.281393965809812
590.35301058205937	24.2971811241975	24.2971811241975
6945.9010556537114	83.342072542346287	83.342072542346287
5714.0247778162175	75.591168649626113	75.591168649626113
5572.7138373371445	74.650611768003245	74.650611768003245
3649.6694131060904	60.412493849419015	60.412493849419015
534.50848008416108	23.119439441391332	23.119439441391332
3599.7974637690049	59.99831217433541	59.99831217433541
1582.9194752332542	39.785920565361486	39.785920565361486
8624.8024292067639	92.869814413547545	92.869814413547545
6251.9970212354101	79.069570766733079	79.069570766733079
9467.8365149859874	97.302808361249205	97.302808361249205
4625.4905791022529	68.010959257330384	68.010959257330384
4168.3815574518321	64.563004557190737	64.563004557190737
8543.6827789671315	92.432044113322149	92.432044113322149
5055.6550912268931	71.103129967863538	71.103129967863538
8759.2371888749749	93.590796496637296	93.590796496637296
7801.9419662822029	88.328602198167971	88.328602198167971
6434.3080351442404	80.214138623712969	80.214138623712969
1345.2116832614149	36.677127521950446	36.677127521950446
1114.0520528447664	33.377418307064531	33.377418307064531
3804.7110951843561	61.682340221366083	61.682340221366083
5154.0230016411533	71.791524580838598	71.791524580838598
1684.057456115698	41.037269111329742	41.037269111329742
8926.1206812440378	94.478149226390101	94.478149226390101
8122.1378407712309	90.122904085316904	90.122904085316904
9472.2721899202497	97.325598841827059	97.325598841827059
3142.6973587649186	56.059765953533187	56.059765953533187
780.98588436176306	27.946124675198941	27.946124675198941
4497.5214245484995	67.063562569762865	67.063562569762865
2085.12774603866	45.663199034218572	45.663199034218572
6923.5721035199613	83.208005044706852	83.208005044706852
1740.7015617306386	41.721715709335811	41.721715709335811
4779.8721990567892	69.136619812200749	69.136619812200749
3572.4242248350147	59.769760120273318	59.769760120273318
8924.8563918736527	94.471458080595184	94.471458080595184
2118.7843468158703	46.030254689887066	46.030254689887066
8852.2002525756943	94.086132094882586	94.086132094882586
7712.8198727749941	87.82266149904018	87.82266149904018
597.99433426208645	24.453922676374162	24.453922676374162
693.26729340388704	26.329969491130957	26.329969491130957
7072.9530241000939	84.100850317342775	84.100850317342775
8770.9811644007132	93.653516561850012	93.653516561850012
9215.0068493275176	95.994827200883677	95.994827200883677
6477.3613868077136	80.482056303301007	80.482056303301007
7948.9371809177592	89.156812307965339	89.156812307965339
8975.9398783732231	94.741436965950768	94.741436965950768
3790.3941749118403	61.566177199106981	61.566177199106981
1817.6831391210671	42.634295339797362	42.634295339797362
8731.5884663942234	93.442969058106371	93.442969058106371
7731.1861839963858	87.927164084805923	87.927164084805923
1527.5760090443291	39.08421687899515	39.08421687899515
8628.4657394508231	92.889535144981878	92.889535144981878
3309.0484002984799	57.524328768778169	57.524328768778169
509.64164416301327	22.575244055447403	22.575244055447403
7623.0359654939339	87.309999229721299	87.309999229721299
179.86182999346678	13.411257584338122	13.411257584338122
7311.9092934931077	85.509702920154666	85.509702920154666
2186.967456921293	46.765023863153253	46.765023863153253
5072.8933316182893	71.224246795724625	71.224246795724625
6126.6571228699777	78.272965466181091	78.272965466181091
4244.271156639832	65.148071012423941	65.148071012423941
6169.484968785724	78.546069085510098	78.546069085510098
9890.5471883329392	99.451230200198822	99.451230200198822
6504.1191580671775	80.648119370926295	80.648119370926295
3816.9741014369229	61.781664767444738	61.781664767444738
770.60154497843712	27.759710823033391	27.759710823033391
1014.8674118096872	31.856983721151114	31.856983721151114
2843.3201637127236	53.322792159757761	53.322792159757761
5135.7573399991361	71.664198453615157	71.664198453615157
1422.3735183758326	37.714367532491281	37.714367532491281
4051.703707477408	63.652994489477145	63.652994489477145
2082.5705124244496	45.63518940931931	45.63518940931931
879.02006303980761	29.64827251358513	29.64827251358513
3138.9219290644937	56.026082578246481	56.026082578246481
6079.1172176821083	77.968693830806913	77.968693830806913
3726.4423783742991	61.044593359070703	61.044593359070703
9691.1275261040246	98.443524551409809	98.443524551409809
2614.6178030643891	51.133333580594851	51.133333580594851
7699.5434157223608	87.747042204978968	87.747042204978968
7244.4579692379148	85.11438168275626	85.11438168275626
561.21923042833612	23.690066070577686	23.690066070577686
5638.0415675155937	75.086893446963117	75.086893446963117
9456.115915493494	97.242562263103153	97.242562263103153
7064.9917165785091	84.053505082051814	84.053505082051814
7568.7759286820692	86.998712224274158	86.998712224274158
9171.2431691113743	95.766607797871671	95.766607797871671
2333.6611276106291	48.307982027928148	48.307982027928148
3656.8229439046795	60.471670589662722	60.471670589662722
1298.0662031972372	36.028685837777061	36.028685837777061
4754.0835268526198	68.949862413587311	68.949862413587311
5777.2667494929628	76.008333421362181	76.008333421362181
5285.6822322209509	72.702697558075187	72.702697558075187
9487.5691820339998	97.404153823304682	97.404153823304682
572.65278409493851	23.930164731880524	23.930164731880524
3113.5711400779974	55.799382972197797	55.799382972197797
5580.0406163795133	74.699669452946793	74.699669452946793
7701.7758906170184	87.759762366457096	87.759762366457096
4438.6887058779193	66.623484642263492	66.623484642263492
3795.9997498407342	61.611685172869066	61.611685172869066
5871.6945820244555	76.626983380689438	76.626983380689438
2857.9151980958027	53.459472482393636	53.459472482393636
929.98436808035092	30.495645067457598	30.495645067457598
458.94676396425461	21.42304282692481	21.42304282692481
2337.4704360953001	48.347393270943783	48.347393270943783
7964.6520484395296	89.244899285278649	89.244899285278649
8304.3667012014448	91.128298026471697	91.128298026471697
3753.5375591745974	61.266120810563791	61.266120810563791
1892.8486280282166	43.506880237822344	43.506880237822344
2832.2909011453344	53.219271896046592	53.219271896046592
388.57345906766744	19.712266715618156	19.712266715618156
4466.2990047692838	66.830374866293269	66.830374866293269
9673.8775882454611	98.355872159446903	98.355872159446903
4699.5590180897243	68.553329737436712	68.553329737436712
625.7470933689882	25.014937404858486	25.014937404858486
4727.6980981339648	68.758258399511291	68.758258399511291
4840.2643363266443	69.572008281539809	69.572008281539809
952.72229299087269	30.866199846934069	30.866199846934069
3899.004204013037	62.44200672634598	62.44200672634598
2783.3918293077459	52.757860355664029	52.757860355664029
5752.9666387498937	75.848313354681096	75.848313354681096
9559.0614738074801	97.770452969225218	97.770452969225218
3440.3595462462754	58.654578220683469	58.654578220683469
9687.2259742381102	98.423706363040964	98.423706363040964
8989.9524468417894	94.815359762233612	94.815359762233612
6591.7486976404034	81.189584908659327	81.189584908659327
7931.5159351386874	89.059058692188557	89.059058692188557
8211.9131124242722	90.619606666682643	90.619606666682643
3722.6291478894009	61.013352209900752	61.013352209900752
8036.1482792162351	89.644566367495102	89.644566367495102
9733.5655851127758	98.658834298367708	98.658834298367708
2343.1381211589492	48.405971957589585	48.405971957589585
2220.8274772448276	47.125656252670133	47.125656252670133
663.18458980780304	25.752370566761481	25.752370566761481
7137.299394669607	84.482538992797842	84.482538992797842
7401.422990474176	86.031523236975033	86.031523236975033
9388.0935869619789	96.89217505537782	96.89217505537782
2686.1938884850447	51.828504594335392	51.828504594335392
1110.8854949523754	33.32994891913841	33.32994891913841
7149.3261273837124	84.553687840233863	84.553687840233863
509.1533721109675	22.564427138993967	22.564427138993967
1480.8690668406809	38.482061624095465	38.482061624095465
341.98703353024752	18.492891432392273	18.492891432392273
8860.2698391526374	94.129006364417961	94.129006364417961
1845.7637657918008	42.962352889382124	42.962352889382124
4266.984688648251	65.322160777551218	65.322160777551218
8160.4112798132001	90.334994768435124	90.334994768435124
4276.3817917985325	65.394050125363336	65.394050125363336
7638.8430169595413	87.400474924107485	87.400474924107485
3568.2110435085306	59.734504630979664	59.734504630979664
7089.9025670573701	84.201559172365506	84.201559172365506
9013.2411953569972	94.938091382526736	94.938091382526736
576.88004127861529	24.018327195677372	24.018327195677372
7635.860413906862	87.383410404417504	87.383410404417504
4487.0077109310805	66.985130521117	66.985130521117
132.10764069714705	11.493808798529191	11.493808798529191
3627.8825365893445	60.231906300476197	60.231906300476197
7704.2560585291412	87.773891667905104	87.773891667905104
1659.7574447438376	40.740120823873823	40.740120823873823
4718.3612287990954	68.69032849535003	68.69032849535003
1771.7582644492768	42.092258961111561	42.092258961111561
7794.1060602634661	88.28423449440713	88.28423449440713
3634.2441736271562	60.284692697459747	60.284692697459747
6407.7606853992011	80.048489588493808	80.048489588493808
6762.0983085698617	82.231978624923414	82.231978624923414
3752.5045998750147	61.257690128464809	61.257690128464809
527.02658310435584	22.957059548303565	22.957059548303565
7574.1459483014642	87.029569390532231	87.029569390532231
4289.8722280894235	65.497116181473388	65.497116181473388
9207.6853575560745	95.956684798694852	95.956684798694852
4891.3012479268518	69.937838456209462	69.937838456209462
3102.3958406715019	55.699154757244763	55.699154757244763
3702.6778818290286	60.84963337464761	60.84963337464761
9151.9574350771527	95.665863478448529	95.665863478448529
8434.969225065739	91.842088527350782	91.842088527350782
3776.12248805543	61.450162636525462	61.450162636525462
3553.4510765794303	59.610830195354858	59.610830195354858
5888.329792114263	76.735453293209019	76.735453293209019
2409.1776183864376	49.083374154457204	49.083374154457204
9244.2493263295019	96.147019331487868	96.147019331487868
7009.2263389017553	83.721122417832859	83.721122417832859
1894.6253565089075	43.52729438534984	43.52729438534984
4087.5843993229932	63.934219314252935	63.934219314252935
207.65297390535144	14.41016911439111	14.41016911439111
6559.2074228787314	80.988933953218151	80.988933953218151
1070.493731437977	32.718400502438641	32.718400502438641
9061.3743433241016	95.191251401187614	95.191251401187614
735.5793512154504	27.121566164501829	27.121566164501829
8061.65680942166	89.78672958417441	89.78672958417441
2740.1812676077625	52.346740754394276	52.346740754394276
2142.5791597420325	46.288002330431503	46.288002330431503
5978.7463212671364	77.322353309163688	77.322353309163688
9616.7979200841401	98.065273772544685	98.065273772544685
6126.6952968545174	78.273209317457514	78.273209317457514
4256.0487126826029	65.238399065907515	65.238399065907515
9555.4665700079568	97.752066832410023	97.752066832410023
2957.1201421527876	54.379409174362934	54.379409174362934
2897.0705344019102	53.824441793686169	53.824441793686169
5582.3357043868837	74.715029976483876	74.715029976483876
509.18442596851173	22.565115243856205	22.565115243856205
1763.3953513498527	41.992801184844204	41.992801184844204
5038.9789353323158	70.985765723363969	70.985765723363969
8297.7504976593791	91.091989206841774	91.091989206841774
784.34003330649375	28.006071365089639	28.006071365089639
6235.5154997307618	78.965280343520348	78.965280343520348
6508.7194037005893	80.676634806495173	80.676634806495173
1671.2605712634288	40.881053940223076	40.881053940223076
7444.8726576910931	86.283675499430899	86.283675499430899
6019.4276071801778	77.584970240248069	77.584970240248069
7179.7220728978527	84.733240660899142	84.733240660899142
7692.3692860726924	87.706153068485975	87.706153068485975
1500.2710703198625	38.733332806768161	38.733332806768161
8602.1119109606989	92.747570916766861	92.747570916766861
9064.7916863715036	95.209199588965689	95.209199588965689
3222.7078592302832	56.768898696648002	56.768898696648002
7349.6491931208529	85.730095025730918	85.730095025730918
7928.0686233788092	89.039702511738042	89.039702511738042
7982.5126736949578	89.344908493405256	89.344908493405256
2277.4427221429687	47.722559886734587	47.722559886734587
3567.560089361979	59.729055654362888	59.729055654362888
7128.6924725322742	84.431584567223865	84.431584567223865
1709.5114433093595	41.346238563010296	41.346238563010296
2557.8903702249904	50.575590656214686	50.575590656214686
4553.213399638641	67.477502914961519	67.477502914961519
7384.1200315416463	85.930902657551826	85.930902657551826
5147.2216123531789	71.744139916464107	71.744139916464107
3838.8687666813248	61.958605267398688	61.958605267398688
7231.8673262208858	85.040386442095183	85.040386442095183
9988.9483020766038	99.944726234437226	99.944726234437226
5851.2080202555135	76.493189371704943	76.493189371704943
6966.1569859231986	83.463506911243542	83.463506911243542
6410.0797595839276	80.06297371184715	80.06297371184715
5709.6503853201266	75.562228562424806	75.562228562424806
9666.677628626323	98.31926377178749	98.31926377178749
2867.9972265658253	53.553685462027964	53.553685462027964
9521.6947087099488	97.579171490179959	97.579171490179959
4002.0263855445733	63.261571159311032	63.261571159311032
1156.6849515891336	34.01007132584602	34.01007132584602
2394.8327955202549	48.937028879165261	48.937028879165261
4037.7233327250651	63.54308249310121	63.54308249310121
17.406970043551869	4.1721661092952509	4.1721661092952509
6693.425591893576	81.8133582729225	81.8133582729225
2880.2126718997961	53.667612876853354	53.667612876853354
1589.625337582848	39.870105813539645	39.870105813539645
5819.3974144214199	76.284975024059747	76.284975024059747
7016.753597557903	83.766064713330678	83.766064713330678
5095.3028161378252	71.381389844537381	71.381389844537381
3170.6616465191528	56.308628526356003	56.308628526356003
1638.4484554886076	40.477752599281096	40.477752599281096
8932.8706052018006	94.513864618910816	94.513864618910816
8630.0611173757516	92.898122248922505	92.898122248922505
5430.1651631332525	73.689654383320672	73.689654383320672
6566.4808375457351	81.033825267882634	81.033825267882634
1125.026970849862	33.541421717778483	33.541421717778483
3761.7781405911978	61.33333629105136	61.33333629105136
5236.9026813124319	72.366447206647038	72.366447206647038
338.82557799026262	18.407215378493909	18.407215378493909
7248.0754740192133	85.135629873861944	85.135629873861944
3821.0101098839573	61.814319618385817	61.814319618385817
5121.3352909753385	71.563505301063458	71.563505301063458
7695.2641373505267	87.722654641492284	87.722654641492284
3668.4996359007387	60.568140436212325	60.568140436212325
8921.1598621943231	94.451891787270853	94.451891787270853
1258.1051659021302	35.469778204862379	35.469778204862379
1773.2117776919845	42.109521223732578	42.109521223732578
9435.1548261177213	97.134725130190802	97.134725130190802
5974.7184611014263	77.296303023504464	77.296303023504464
4717.0435662601885	68.68073650056607	68.68073650056607
1080.0686715322702	32.864398237793282	32.864398237793282
8377.7658927066568	91.530136527302616	91.530136527302616
9445.1176632908846	97.18599520142233	97.18599520142233
5461.0963299556706	73.899230915860485	73.899230915860485
2507.3405947892152	50.073352142524023	50.073352142524023
9391.931620047766	96.911978723209273	96.911978723209273
9835.0120918427638	99.171629470543465	99.171629470543465
6775.6783911240291	82.314508995219242	82.314508995219242
4596.2988967151678	67.796009445358706	67.796009445358706
8251.2070854296198	90.836155166484346	90.836155166484346
697.91132495137799	26.418011373897507	26.418011373897507
3668.7133494028899	60.569904650766041	60.569904650766041
6419.2338414060387	80.120121326705686	80.120121326705686
8454.4662308785882	91.948171438471732	91.948171438471732
9660.9891100825171	98.290330704919882	98.290330704919882
3615.7864508830517	60.131409852780365	60.131409852780365
8427.3120135594345	91.800392229877943	91.800392229877943
9406.0856148562198	96.984976232693995	96.984976232693995
1735.8361566981357	41.663367083063939	41.663367083063939
4611.3607102253618	67.907000450803025	67.907000450803025
9519.3906611233197	97.567364733927917	97.567364733927917
3732.9637077896436	61.09798448222039	61.09798448222039
6498.6624870903888	80.614282153290858	80.614282153290858
9383.1579227098191	96.866701826323265	96.866701826323265
5038.7663005370296	70.984267979158801	70.984267979158801
3897.8288266126974	62.4325942646363	62.4325942646363
9256.6122871889002	96.211289811481578	96.211289811481578
691.50783385104648	26.296536537176269	26.296536537176269
6508.0785055766464	80.672662690509028	80.672662690509028
3682.5490307050795	60.68400967886911	60.68400967886911
7393.5951706886126	85.986017297515374	85.986017297515374
5762.6821979928536	75.91233231822649	75.91233231822649
3643.5053545598812	60.361455868458648	60.361455868458648
338.7847604013657	18.406106606269717	18.406106606269717
6662.6203743135447	81.624875952821796	81.624875952821796
4376.2227232575542	66.153025049936716	66.153025049936716
25.788261056548215	5.0782143570893314	5.0782143570893314
7942.8108428716805	89.122448591091128	89.122448591091128
6320.5634621090985	79.501971435361895	79.501971435361895
9588.2865806255813	97.919796673734879	97.919796673734879
1749.7185933904868	41.829637739173485	41.829637739173485
3795.8570866333957	61.610527401032655	61.610527401032655
205.74344821144106	14.343759904970561	14.343759904970561
7333.6327512155021	85.636632063711502	85.636632063711502
8179.0436804466426	90.438065439540679	90.438065439540679
7653.4162989554297	87.483805924041903	87.483805924041903
2555.9749714076179	50.556651109499114	50.556651109499114
6386.1226883502213	79.913219734598485	79.913219734598485
5634.0439508201389	75.06026878995398	75.06026878995398
1189.6203568855508	34.490873530334817	34.490873530334817
654.51552362023324	25.583501003971939	25.583501003971939
7836.7138715159508	88.525216020724571	88.525216020724571
1754.1695492776855	41.882807323264345	41.882807323264345
8280.1530602642142	90.995346365977497	90.995346365977497
7228.589772839784	85.021113688540822	85.021113688540822
5313.4162558648259	72.893183877951344	72.893183877951344
1329.8652430470283	36.467317464368399	36.467317464368399
6808.1647696667123	82.511603848590369	82.511603848590369
1757.2084513448278	41.919070258592662	41.919070258592662
1896.85223733469	43.55286715400824	43.55286715400824
1616.4984995993427	40.205702326900628	40.205702326900628
4933.3871369191775	70.238074695418419	70.238074695418419
9813.5896036176891	99.063563451037282	99.063563451037282
3555.6999258533738	59.629689969455434	59.629689969455434
3617.253269845763	60.143605394470349	60.143605394470349
4272.1248661195514	65.361493756794999	65.361493756794999
3372.3162640927117	58.071647678473113	58.071647678473113
2032.319080651544	45.081249768074798	45.081249768074798
2220.8870964524253	47.126288804152885	47.126288804152885
1114.8568359643384	33.389471932996159	33.389471932996159
4781.2816136566589	69.146812028152524	69.146812028152524
2948.4833694982849	54.299938945622074	54.299938945622074
5601.8235279925766	74.845330702673607	74.845330702673607
2996.3885785976436	54.739278206765235	54.739278206765235
2846.0582459810657	53.348460577424966	53.348460577424966
132.50346163078444	11.511014795872015	11.511014795872015
6456.3870505120167	80.351646221543064	80.351646221543064
5985.9907532239886	77.369184778075493	77.369184778075493
9988.2755112702289	99.941360363316193	99.941360363316193
856.99817265976128	29.274531126215518	29.274531126215518
6229.9132029416096	78.929799207533847	78.929799207533847
4459.3378656523728	66.778273904409758	66.778273904409758
729.60997187406565	27.011293413571771	27.011293413571771
920.38205425525609	30.337799100383933	30.337799100383933
5697.957591434315	75.484816959666233	75.484816959666233
187.33736487548396	13.687124054215479	13.687124054215479
3144.8426966463926	56.078897070523709	56.078897070523709
6548.5529613493163	80.923129952747857	80.923129952747857
3897.9901122208462	62.43388592920391	62.43388592920391
8834.961445046205	93.99447560918783	93.99447560918783
4078.7418440470747	63.865028333565114	63.865028333565114
3973.1724909690629	63.033106309058439	63.033106309058439
3220.4605679273236	56.749101912958267	56.749101912958267
6240.8490145911037	78.999044390366549	78.999044390366549
9483.0368756653879	97.380885576510281	97.380885576510281
976.70963409925389	31.252354056922719	31.252354056922719
658.98623805551256	25.670727259965048	25.670727259965048
671.74467733966264	25.918037683043494	25.918037683043494
4749.5814866543033	68.917207478642837	68.917207478642837
6293.7093240445556	79.332901901068482	79.332901901068482
4618.9961042156528	67.963196689205645	67.963196689205645
8958.9099455399028	94.651518453429489	94.651518453429489
2501.8683828964504	50.018680339413699	50.018680339413699
5266.1231705901282	72.568058886745263	72.568058886745263
7781.016409250833	88.210069772395215	88.210069772395215
5402.6917119723958	73.503004781929803	73.503004781929803
3680.7710710584302	60.669358584531203	60.669358584531203
8069.0742491349365	89.828025967038457	89.828025967038457
7781.4156400453157	88.212332698128535	88.212332698128535
3546.2290613302298	59.550223016628827	59.550223016628827
637.04877705003605	25.239825218294126	25.239825218294126
9928.3757660701358	99.641235269692118	99.641235269692118
8021.9255976183649	89.565203051287526	89.565203051287526
7631.3560832263775	87.357633228163735	87.357633228163735
8697.504628585757	93.260412976706021	93.260412976706021
474.48372861391545	21.78264741976777	21.78264741976777
6424.8772257799428	80.155331861205227	80.155331861205227
9036.600330978079	95.061034767027863	95.061034767027863
3149.8248878787695	56.123300757161189	56.123300757161189
8008.8641502815653	89.492257487905434	89.492257487905434
4397.7359015349612	66.315427326791479	66.315427326791479
8159.8174764823152	90.331708034788733	90.331708034788733
2355.4454441303042	48.532931542719567	48.532931542719567
7809.957945517398	88.373966446671375	88.373966446671375
3506.564799534533	59.216254521326597	59.216254521326597
1521.2711588271111	39.003476240293132	39.003476240293132
7521.5205493592748	86.726700325558767	86.726700325558767
3480.2635270423302	58.993758373596862	58.993758373596862
2579.792432388545	50.791657114023607	50.791657114023607
5307.2607209147536	72.850948661735032	72.850948661735032
3194.7596638831537	56.522205051494176	56.522205051494176
7201.4068390057846	84.861103215818403	84.861103215818403
1855.8630414602464	43.079728892603846	43.079728892603846
6704.1889517250665	81.879111815682677	81.879111815682677
7875.9270638017997	88.746420005551769	88.746420005551769
6483.5768695472516	80.520661134563795	80.520661134563795
8981.7736108155532	94.772219615325852	94.772219615325852
8396.1465849755605	91.630489385223527	91.630489385223527
8796.2081669663057	93.788102480892036	93.788102480892036
5797.9239145993351	76.144099670291823	76.144099670291823
2930.8992583450827	54.137780323403383	54.137780323403383
7395.9612701151664	85.99977482595618	85.99977482595618
9070.0899791148149	95.237020003330713	95.237020003330713
7806.3767004232332	88.353702245142131	88.353702245142131
9634.1988614340062	98.153954894512566	98.153954894512566
1005.5321892444795	31.710127550113693	31.710127550113693
7713.6880120431051	87.827603929761764	87.827603929761764
1753.6999462869746	41.877200793355023	41.877200793355023
3598.0089614537878	59.983405717363098	59.983405717363098
8332.6232933279807	91.283203785406116	91.283203785406116
6656.5482895807663	81.587672411834163	81.587672411834163
7807.7665755254775	88.36156729894212	88.36156729894212
3361.9809725050086	57.982591978153309	57.982591978153309
4859.8349825664554	69.712516685072103	69.712516685072103
8929.6790597665586	94.496979103919287	94.496979103919287
206.71189469305972	14.377478732137277	14.377478732137277
7705.3193141031488	87.779948246186322	87.779948246186322
9355.8741468813441	96.725767750281221	96.725767750281221
6314.2862504682216	79.462483289085682	79.462483289085682
2847.2555986189141	53.359681395402973	53.359681395402973
9981.7316024353659	99.908616257234627	99.908616257234627
7755.2205989038912	88.063730325849193	88.063730325849193
205.95097820405516	14.350992237613927	14.350992237613927
7693.3754851242629	87.711889075109212	87.711889075109212
790.49158698072529	28.115682225063033	28.115682225063033
4591.4319465046028	67.760105862554568	67.760105862554568
4416.3509325152354	66.455631307777338	66.455631307777338
8971.8338033313466	94.719764586549445	94.719764586549445
4960.3854070375737	70.43000359958512	70.43000359958512
2529.5482145154137	50.294614170062125	50.294614170062125
4890.4460011331439	69.93172385357839	69.93172385357839
2185.8186924104189	46.752739945487889	46.752739945487889
784.36501092345407	28.006517293720297	28.006517293720297
1305.3378083041955	36.129459009293171	36.129459009293171
7520.3013080483097	86.719670825299545	86.719670825299545
6378.5150853300274	79.865606398061161	79.865606398061161
254.19786301717292	15.94358375702191	15.94358375702191
5208.9484313609746	72.173045047032446	72.173045047032446
7955.2076365323028	89.191970695417993	89.191970695417993
6353.9856275802058	79.711891381275137	79.711891381275137
7775.0903578758243	88.176472813760384	88.176472813760384
9578.8072785402965	97.871381304957055	97.871381304957055
4260.3945825485089	65.271698174235581	65.271698174235581
4672.0929065341425	68.352709577120223	68.352709577120223
7970.1686928517965	89.275801272527346	89.275801272527346
1879.0725493206821	43.348270430556767	43.348270430556767
208.43752475254277	14.437365575219836	14.437365575219836
6881.7781698412118	82.956483591345716	82.956483591345716
1123.651443376132	33.52091053918631	33.52091053918631
9233.9283742121497	96.09333158035551	96.09333158035551
1189.633529583549	34.491064488988293	34.491064488988293
8346.0542730666457	91.356741804130934	91.356741804130934
4139.8303917012481	64.341513750464784	64.341513750464784
6342.4991826029518	79.639809031683086	79.639809031683086
9096.4644497495628	95.375387022803551	95.375387022803551
152.93921023026786	12.36685935192391	12.36685935192391
762.34518197081866	27.610599087502948	27.610599087502948
235.86950701565007	15.358043723588302	15.358043723588302
853.61413173713652	29.216675576409042	29.216675576409042
1294.3476668815638	35.977043609523612	35.977043609523612
2703.1963147029496	51.992271682462096	51.992271682462096
2288.5908029677321	47.839218252054792	47.839218252054792
8939.0686772313093	94.546648154396834	94.546648154396834
1596.9481062004265	39.9618331186199	39.9618331186199
3214.5736302128739	56.697210074331473	56.697210074331473
5592.0447707563771	74.77997573385791	74.77997573385791
4404.4645915414931	66.366140399615631	66.366140399615631
9759.563862851719	98.790504922546674	98.790504922546674
8460.9355085746211	91.983343647502949	91.983343647502949
3336.0191610480829	57.758282185744434	57.758282185744434
9673.5902088738876	98.354411232409333	98.354411232409333
3515.3124226437626	59.290070185856273	59.290070185856273
6745.1016613667043	82.128567876024135	82.128567876024135
8411.0863290322231	91.711974839887858	91.711974839887858
1191.5091415650563	34.518243604868665	34.518243604868665
7876.1529150221086	88.747692448998976	88.747692448998976
9983.446352321771	99.917197480322528	99.917197480322528
2748.9438368310739	52.430371320743802	52.430371320743802
545.50551364842227	23.356059463197603	23.356059463197603
9130.1628510564333	95.551885648878923	95.551885648878923
9082.5262895659234	95.302289004860341	95.302289004860341
3131.9429927644601	55.96376499811695	55.96376499811695
9183.7086114273679	95.831668103124287	95.831668103124287
5156.931968820033	71.811781546066882	71.811781546066882
1193.0438184769819	34.540466390553874	34.540466390553874
9188.5830727428201	95.857097143314434	95.857097143314434
4825.0677633625219	69.462707716893107	69.462707716893107
8005.1876455298898	89.471714220360667	89.471714220360667
1162.8252557885744	34.100223691180886	34.100223691180886
4993.5596371824622	70.665123202202523	70.665123202202523
1704.2655628082471	41.282751395809932	41.282751395809932
4567.8531769421379	67.585894807586428	67.585894807586428
3117.640410654476	55.83583446725298	55.83583446725298
7914.8314341560799	88.965338386115747	88.965338386115747
7090.5968527032537	84.205681831472944	84.205681831472944
8950.4439373468831	94.606785894812447	94.606785894812447
7972.5321330546331	89.289037026135702	89.289037026135702
4745.1398080032295	68.884975197812395	68.884975197812395
2615.1747003974215	51.138778831698957	51.138778831698957
3638.6438329594025	60.321172344040221	60.321172344040221
1604.8901240317125	40.061079915944759	40.061079915944759
5067.4787498029928	71.186225843227518	71.186225843227518
8929.2728320478072	94.494829657753272	94.494829657753272
1968.8859849575069	44.372130723659268	44.372130723659268
5395.7097526420193	73.455495047287101	73.455495047287101
813.43960313236573	28.520862594465225	28.520862594465225
6582.8300306419287	81.134641372486072	81.134641372486072
4595.2795895660884	67.788491571697392	67.788491571697392
6004.2891958130749	77.487348617778082	77.487348617778082
4928.3627253679178	70.202298576100191	70.202298576100191
6934.3715810233489	83.272874220981166	83.272874220981166
7017.3574478963274	83.769669021050376	83.769669021050376
4633.0260965170837	68.066336000383359	68.066336000383359
6396.3228579523184	79.977014560136709	79.977014560136709
7877.9829808879576	88.758002348452834	88.758002348452834
9986.5036391232989	99.932495411269002	99.932495411269002
9259.5624537141193	96.226620296642025	96.226620296642025
1429.7009524527252	37.811386544964535	37.811386544964535
9824.5386906043677	99.118810982599911	99.118810982599911
3062.9790352900154	55.34418700541201	55.34418700541201
4244.4098885381891	65.149135746671178	65.149135746671178
1150.8733744263045	33.924524675023889	33.924524675023889
254.25958738563472	15.945519351392564	15.945519351392564
9062.8799596894078	95.199159448439502	95.199159448439502
4719.4795391058278	68.69846824424711	68.69846824424711
3601.0558395671487	60.008798018016897	60.008798018016897
4905.706626689187	70.040749758188539	70.040749758188539
4185.1257124270423	64.692547580281939	64.692547580281939
9809.1975125890585	99.04139292532723	99.04139292532723
3752.9155820358233	61.261044571863309	61.261044571863309
7283.783314508416	85.345083716101755	85.345083716101755
1896.4668867167588	43.548442988432534	43.548442988432534
898.19533495450423	29.969907156254326	29.969907156254326
3906.6844734212791	62.503475690726823	62.503475690726823
527.59380124200379	22.969410119591746	22.969410119591746
4776.6967867052253	69.113651232627163	69.113651232627163
5857.3428250874686	76.533279199884461	76.533279199884461
6599.6614479649343	81.238300375899883	81.238300375899883
4580.9845143396742	67.682970637669811	67.682970637669811
7709.2599751626913	87.802391625528585	87.802391625528585
8653.0527348500436	93.021786345189284	93.021786345189284
2729.9457135677226	52.248882414533256	52.248882414533256
6545.6716149313233	80.905325009737922	80.905325009737922
8154.2416316399358	90.300839595431981	90.300839595431981
1671.8867766312314	40.888712093085438	40.888712093085438
320.27627736656495	17.896264341101048	17.896264341101048
1541.9717504661564	39.267948131601635	39.267948131601635
2338.3215966350217	48.356195018167234	48.356195018167234
7516.606839185717	86.698366992612478	86.698366992612478
2551.6160662963471	50.513523598105358	50.513523598105358
8112.5841167227718	90.06988462700933	90.06988462700933
5067.4024553697591	71.185689962026487	71.185689962026487
9438.7545768714153	97.15325304317615	97.15325304317615
3506.9508982257462	59.219514505150634	59.219514505150634
2862.9376723073046	53.506426458018147	53.506426458018147
362.72078105702275	19.045229876717759	19.045229876717759
7722.8074041148839	87.879505028845514	87.879505028845514
7047.8261423161084	83.95133198655104	83.95133198655104
9883.7835162968477	99.417219415435511	99.417219415435511
5904.7169042647793	76.842155775750982	76.842155775750982
9694.5871549795957	98.461094626149645	98.461094626149645
2331.0858909231401	48.281320310479707	48.281320310479707
507.81339468962716	22.534715323021658	22.534715323021658
9587.2226626943011	97.914363924269566	97.914363924269566
3995.8461195309487	63.212705364752019	63.212705364752019
2198.3283554682002	46.886334421323667	46.886334421323667
5408.0370248880336	73.539356979022017	73.539356979022017
909.84320455900126	30.16360728691118	30.16360728691118
3210.6453504472966	56.662556864717082	56.662556864717082
3470.4678468950324	58.910676849744583	58.910676849744583
6058.5509488510124	77.83669410278813	77.83669410278813
4220.6735016859875	64.966710719305993	64.966710719305993
922.65339331215853	30.375210177250768	30.375210177250768
9768.6146858076972	98.836302469323982	98.836302469323982
1762.9395369235122	41.987373541619775	41.987373541619775
1661.3674036326113	40.75987492169979	40.75987492169979
9898.2493141176201	99.489945794123443	99.489945794123443
1791.7520494193886	42.329092234766726	42.329092234766726
1244.104390818294	35.271864011110807	35.271864011110807
587.9785555157265	24.248269124119489	24.248269124119489
8034.1383098075812	89.63335489541592	89.63335489541592
6955.5738598317466	83.400083092475072	83.400083092475072
8816.6161318757258	93.896837709667977	93.896837709667977
3345.9138831946871	57.843875070699468	57.843875070699468
6738.8622700085125	82.0905735758285	82.0905735758285
4526.7601661247418	67.281202175085582	67.281202175085582
5688.5982046332665	75.422796319370619	75.422796319370619
5705.6882660646434	75.536006421207119	75.536006421207119
246.51237328853944	15.700712508944919	15.700712508944919
3203.8724224841749	56.602759848652035	56.602759848652035
7673.343654095519	87.597623564201328	87.597623564201328
4831.0273533448408	69.505592245119672	69.505592245119672
5718.2062891527694	75.618822320588734	75.618822320588734
628.30482825076103	25.066009420144265	25.066009420144265
5890.6863351957236	76.75080673970615	76.75080673970615
3912.2724554189913	62.548161087429193	62.548161087429193
8696.8130562119622	93.256705154170888	93.256705154170888
7718.5022577626696	87.855007015893349	87.855007015893349
2957.0626131562162	54.378880212415339	54.378880212415339
8619.1519663398358	92.839388011446061	92.839388011446061
8455.7725995891815	91.955274995995637	91.955274995995637
6917.9119259365998	83.173985872606821	83.173985872606821
5733.5281087611747	75.720064109594986	75.720064109594986
782.51343168745416	27.973441541709775	27.973441541709775
2260.8881180574513	47.54879723039744	47.54879723039744
8164.9277130828268	90.359989558890646	90.359989558890646
468.45902674441942	21.643914311982005	21.643914311982005
5091.7636075746823	71.356594702765079	71.356594702765079
8329.5345079449526	91.266283522147177	91.266283522147177
7372.6696796593715	85.864251465085118	85.864251465085118
7584.9875113185872	87.091833780892387	87.091833780892387
7434.8404908346884	86.225521110832887	86.225521110832887
3508.6331933621605	59.233716693806748	59.233716693806748
6923.8576107796853	83.209720650773036	83.209720650773036
9354.048847421067	96.716331854661789	96.716331854661789
4615.6934206008818	67.938894755514539	67.938894755514539
9471.601511728586	97.322153242355796	97.322153242355796
9509.4143367352517	97.516226017700518	97.516226017700518
3155.3761476580821	56.172734913462087	56.172734913462087
4834.5299391001927	69.530784111069778	69.530784111069778
4548.606840257964	67.443360238484289	67.443360238484289
6471.9806345149918	80.448621085230485	80.448621085230485
1883.0493575331495	43.394116623491136	43.394116623491136
7093.331889839299	84.221920482967491	84.221920482967491
9476.1415346484919	97.345475162682789	97.345475162682789
5313.5320690387325	72.893978276938157	72.893978276938157
3076.4304097923027	55.465578603240971	55.465578603240971
2593.1284500048819	50.922769465189951	50.922769465189951
3122.0605325860674	55.875401856148358	55.875401856148358
8548.7085173558935	92.459226242468048	92.459226242468048
2738.4204420310757	52.329919186169931	52.329919186169931
3023.4097926736913	54.985541669366967	54.985541669366967
4929.5407764043694	70.210688476928993	70.210688476928993
2579.7884388857374	50.791617801422092	50.791617801422092
9711.2303669188677	98.545575075286195	98.545575075286195
8122.9160748381855	90.127221608336427	90.127221608336427
5502.6673413718981	74.179965903011166	74.179965903011166
7287.3850794577047	85.366182294030835	85.366182294030835
7077.6760138962672	84.128924953884123	84.128924953884123
5172.3425682515053	71.919000050414397	71.919000050414397
416.78380353550898	20.415283577151431	20.415283577151431
7226.5249730046007	85.008969956144043	85.008969956144043
5172.3295818940078	71.918909765749419	71.918909765749419
9993.03095563631	99.96514870511777	99.96514870511777
9857.025591933294	99.282554318134331	99.282554318134331
5500.2234619515611	74.163491435824142	74.163491435824142
8440.3140285706177	91.87118170879603	91.87118170879603
5705.0541515118412	75.531808872235018	75.531808872235018
3430.8551236112912	58.573501889602703	58.573501889602703
196.63480424104	14.022653252542472	14.022653252542472
7174.8165707858725	84.704288975150916	84.704288975150916
9474.1603482643495	97.335298572842262	97.335298572842262
4936.9189749944262	70.263212102738564	70.263212102738564
7962.4798159113507	89.23272838993185	89.23272838993185
8390.4807003052319	91.599567140381353	91.599567140381353
8200.6513467430414	90.557447770699909	90.557447770699909
2668.559004944671	51.658097186643168	51.658097186643168
2132.103844369919	46.174710008509194	46.174710008509194
954.80108267740366	30.899855706417203	30.899855706417203
7220.9975753255785	84.97645306392576	84.97645306392576
7144.0925855706637	84.522734134495806	84.522734134495806
6207.2298426433545	78.785974910788241	78.785974910788241
8332.5754759590436	91.282941867355717	91.282941867355717
198.97253208870993	14.105762371765303	14.105762371765303
4083.3973481182329	63.901465930902027	63.901465930902027
1743.7751569322204	41.758533941366046	41.758533941366046
4938.5880353407911	70.275088298349303	70.275088298349303
6004.899352195258	77.491285653260761	77.491285653260761
7457.3420577420347	86.355903433071873	86.355903433071873
2420.0495007443919	49.19399862528347	49.19399862528347
6640.7271405709225	81.490656768557969	81.490656768557969
8516.9054719601172	92.287081826007025	92.287081826007025
8409.9657524472768	91.705865420087918	91.705865420087918
5709.7023114396297	75.562572160029262	75.562572160029262
1969.2127423956288	44.375812582933385	44.375812582933385
5717.5020605844429	75.61416574018682	75.61416574018682
6115.797210309308	78.20356264460915	78.20356264460915
3025.587285693508	55.005338701743376	55.005338701743376
5234.0505556388016	72.346738389776789	72.346738389776789
7738.3420237596947	87.967846533603947	87.967846533603947
5200.7086427857676	72.115938895543522	72.115938895543522
9954.9908479047572	99.774700440065246	99.774700440065246
1964.507269082924	44.322762426127326	44.322762426127326
8315.6701336065853	91.190296268882605	91.190296268882605
3930.8826743608315	62.696751705019231	62.696751705019231
1542.9764752783449	39.28073924047694	39.28073924047694
9800.2278491441994	98.996100171391603	98.996100171391603
1811.0655622468591	42.556615963288941	42.556615963288941
2085.515702900218	45.667446862072531	45.667446862072531
4370.4842430196395	66.10963804937704	66.10963804937704
9136.0018860960754	95.582435029120674	95.582435029120674
3386.1803467190475	58.190895737383592	58.190895737383592
6320.0757052246436	79.498903798886715	79.498903798886715
3869.4797585409442	62.205142540958335	62.205142540958335
827.41754861725815	28.764866566999022	28.764866566999022
6297.3456021178617	79.355816435330439	79.355816435330439
2265.3144141062612	47.595319245764713	47.595319245764713
4000.2314772943487	63.247383165585191	63.247383165585191
1396.1824019960241	37.365524243559385	37.365524243559385
1437.7762885212114	37.918020630317869	37.918020630317869
8466.8796243606012	92.015648801497889	92.015648801497889
924.54739025309527	30.406370882647195	30.406370882647195
9425.5173687646202	97.085103742874068	97.085103742874068
2400.8506778664878	48.998476281069067	48.998476281069067
1881.4446518151071	43.37562278302304	43.37562278302304
7867.7362882559946	88.70026092552375	88.70026092552375
3611.5131745008348	60.095866534237068	60.095866534237068
1872.1104116068896	43.267891231337927	43.267891231337927
9151.3981536550145	95.662940335612802	95.662940335612802
1611.0723872229573	40.13816621649471	40.13816621649471
6223.397859592772	78.888515384641209	78.888515384641209
6996.3976871271352	83.644471946011677	83.644471946011677
9493.987038843361	97.437092725734388	97.437092725734388
7967.931979807915	89.263273409661124	89.263273409661124
279.147562888918	16.707709684122417	16.707709684122417
4628.2277710771586	68.031079449595381	68.031079449595381
6096.6139882563839	78.080817031178555	78.080817031178555
8245.4824614064346	90.804638986157727	90.804638986157727
1915.7193952458379	43.768931849496141	43.768931849496141
6713.457622151026	81.935691991652973	81.935691991652973
6208.5339823702825	78.794250947453534	78.794250947453534
7890.156128936379	88.826550810759159	88.826550810759159
6651.0610328876255	81.554037502061334	81.554037502061334
6807.7787217039677	82.509264459840921	82.509264459840921
880.74639298180819	29.677371733052915	29.677371733052915
828.89046676772978	28.790457911740997	28.790457911740997
6544.5343490314608	80.898296329598068	80.898296329598068
8600.6662980059391	92.739777323465361	92.739777323465361
4149.0203935542822	64.412889964309798	64.412889964309798
7572.5240493366146	87.02025080023968	87.02025080023968
6124.3641959068436	78.258317103722874	78.258317103722874
2489.5312551677771	49.895202726993475	49.895202726993475
7345.2202926504915	85.7042606446756	85.7042606446756
801.90699899336119	28.317962479552818	28.317962479552818
8878.554528461822	94.226081996768926	94.226081996768926
1625.2716238891232	40.314657680415984	40.314657680415984
8635.9714867801522	92.929927831566474	92.929927831566474
316.05168053497579	17.777842403817619	17.777842403817619
5916.200337925733	76.916840405243718	76.916840405243718
3208.2367080478912	56.641298608417259	56.641298608417259
7326.9404802149138	85.597549498889947	85.597549498889947
3566.0417324248833	59.716343930492627	59.716343930492627
3290.8003706961963	57.365498086360205	57.365498086360205
9535.8698863348818	97.651778715673586	97.651778715673586
944.56067841609411	30.733705901112774	30.733705901112774
1029.3203735221136	32.083023135641589	32.083023135641589
5704.4606962360958	75.527880257796824	75.527880257796824
9763.9164845436771	98.812532021721196	98.812532021721196
3035.6327815899085	55.096576859092693	55.096576859092693
9186.2375067446392	95.844861660626535	95.844861660626535
3893.1636826541717	62.39522163318415	62.39522163318415
833.34213111623933	28.867665841148973	28.867665841148973
3850.1279063841703	62.049398920409942	62.049398920409942
477.03166100921635	21.841054484827794	21.841054484827794
6004.9002025162472	77.491291139819367	77.491291139819367
6058.1889542393583	77.834368721274785	77.834368721274785
1244.7423700032646	35.280906592706266	35.280906592706266
4445.4182509548455	66.673969815474806	66.673969815474806
3323.9920198107102	57.654072014131927	57.654072014131927
3281.7800867101641	57.286822976232187	57.286822976232187
906.00111124619593	30.099852345920169	30.099852345920169
2561.8940454974377	50.615156282455928	50.615156282455928
8193.489671918087	90.517896970257141	90.517896970257141
5572.9771672380202	74.6523754962829	74.6523754962829
1025.2569995814156	32.019634594751636	32.019634594751636
1861.1499239514164	43.141046857388801	43.141046857388801
7406.9467682671984	86.063620469204054	86.063620469204054
7911.1911741080985	88.944877166187027	88.944877166187027
6910.1815784085811	83.127501937737676	83.127501937737676
856.21267644582667	29.261112016562642	29.261112016562642
2212.8925952742329	47.041392361134818	47.041392361134818
3096.7383756774298	55.648345668828554	55.648345668828554
4080.9694358131237	63.882465793151127	63.882465793151127
2789.3719518220896	52.814505127115311	52.814505127115311
1681.549288763744	41.006698096332315	41.006698096332315
7470.9354131543796	86.434573020027003	86.434573020027003
6362.1719555307445	79.76322433008049	79.76322433008049
5696.2070079173563	75.47322046870238	75.47322046870238
2273.1702162032334	47.677774866317257	47.677774866317257
1594.2259815038731	39.927759535239055	39.927759535239055
2585.2823160497137	50.84567155667937	50.84567155667937
9008.3796734412335	94.912484286532262	94.912484286532262
621.04841106655761	24.920842904415526	24.920842904415526
3691.0787844798647	60.754249106378268	60.754249106378268
7600.9199243848743	87.183254839360487	87.183254839360487
1345.0343363854658	36.674709765524604	36.674709765524604
5500.8005995522317	74.167382315626	74.167382315626
5936.509488329345	77.048747480600525	77.048747480600525
4513.7787917778905	67.184661878868539	67.184661878868539
8855.6635350260094	94.104535145900428	94.104535145900428
1001.950510333197	31.653601854025982	31.653601854025982
698.33404548228259	26.426010775035316	26.426010775035316
6347.1858008971212	79.669227440066976	79.669227440066976
7546.8671993792523	86.872706872637806	86.872706872637806
8792.6197430497286	93.768970043664922	93.768970043664922
9369.8155035065029	96.797807327989119	96.797807327989119
5925.6499119199816	76.97824310751696	76.97824310751696
7625.3963510114072	87.323515452662619	87.323515452662619
6174.1745959715763	78.575916131926689	78.575916131926689
2396.8732989762457	48.957872696597484	48.957872696597484
8244.0133320616005	90.796549119785382	90.796549119785382
1594.4130219128863	39.930101701759867	39.930101701759867
2207.607631317203	46.985185232338956	46.985185232338956
2885.8821542260498	53.72040724181128	53.72040724181128
4595.2838458553224	67.788522965582615	67.788522965582615
9328.0890477537905	96.582032737739524	96.582032737739524
6865.3288720223482	82.857280138937384	82.857280138937384
3891.6836792202798	62.38336059575726	62.38336059575726
6192.2402200186179	78.69078866054538	78.69078866054538
2793.9507604546466	52.857835374281521	52.857835374281521
9089.259260036577	95.33760674590367	95.33760674590367
4593.704422566102	67.776872328000664	67.776872328000664
463.61206283926668	21.53165258031224	21.53165258031224
100.05503426930406	10.002751334972997	10.002751334972997
2888.010713216217	53.740215046240905	53.740215046240905
5888.4234620550824	76.736063634089817	76.736063634089817
9374.1662745223202	96.820278219608113	96.820278219608113
7373.6614838139221	85.87002669042279	85.87002669042279
1996.8097514663625	44.6856772519603	44.6856772519603
4483.4783868505247	66.958781252726851	66.958781252726851
6599.5226098053608	81.237445859685678	81.237445859685678
6483.3202511139361	80.51906762446977	80.51906762446977
9515.9813897080876	97.54989179752117	97.54989179752117
7462.1999898605609	86.384026242474718	86.384026242474718
3814.7122923774946	61.763357198078978	61.763357198078978
6379.0361640670772	79.868868553818118	79.868868553818118
5428.3825247273235	73.677557809195349	73.677557809195349
6018.6722760728626	77.580102320587741	77.580102320587741
1140.6771542853282	33.773912333120784	33.773912333120784
482.75311659395913	21.971643465930335	21.971643465930335
7945.523408869698	89.137665489229065	89.137665489229065
7693.5989512516944	87.713162930381742	87.713162930381742
3755.1681090403017	61.279426474472665	61.279426474472665
3037.6197743065181	55.114605816484961	55.114605816484961
2523.7796522438198	50.237233724039982	50.237233724039982
5817.7226641751431	76.273997300358815	76.273997300358815
8437.8886318465466	91.857980773836672	91.857980773836672
2545.2085191991823	50.450059655060691	50.450059655060691
2975.2980818091919	54.546293016200394	54.546293016200394
3313.4967163444694	57.562980433126199	57.562980433126199
5146.6831235500476	71.740386976584176	71.740386976584176
2233.6701679800208	47.261719900782502	47.261719900782502
5348.7280350327756	73.134998701256407	73.134998701256407
7110.6237225191808	84.324514362782907	84.324514362782907
27.482341126103616	5.2423602629067396	5.2423602629067396
6454.2249813588805	80.338191300021691	80.338191300021691
7952.2304349145943	89.17527928139387	89.17527928139387
5848.5636668228617	76.475902523754911	76.475902523754911
982.28945108958567	31.341497269428366	31.341497269428366
5338.7138653714164	73.066503032315822	73.066503032315822
1844.4633522486222	42.94721588471856	42.94721588471856
9113.8436086212932	95.466452791655001	95.466452791655001
7606.942309133372	87.217786655781239	87.217786655781239
8917.6103485626809	94.433099856791102	94.433099856791102
9767.233998892787	98.829317506966461	98.829317506966461
3958.0793204001739	62.913268238108358	62.913268238108358
6015.7444367439484	77.561230242589289	77.561230242589289
3496.3977717618272	59.130345608340789	59.130345608340789
9232.7069359147954	96.086975891193475	96.086975891193475
9867.4094852206854	99.334835205081433	99.334835205081433
887.16446549553916	29.785306201137821	29.785306201137821
1570.8973689067088	39.63454766875369	39.63454766875369
1515.462830659643	38.928945922791733	38.928945922791733
707.64097138564784	26.601521974985715	26.601521974985715
2494.5741839163616	49.945712367693403	49.945712367693403
285.87729667053344	16.907906336106002	16.907906336106002
9807.8078268014797	99.034376995069138	99.034376995069138
6949.4775120055783	83.363526269019943	83.363526269019943
4053.5833313201788	63.667757391949806	63.667757391949806
592.23549913895681	24.335889117493874	24.335889117493874
9763.4107719683998	98.8099730390025	98.8099730390025
9231.972785559783	96.083155576613862	96.083155576613862
1684.305698220353	41.040293593252386	41.040293593252386
6646.5355922301742	81.526287737331529	81.526287737331529
3080.6526767548221	55.503627599958023	55.503627599958023
1801.9290727282316	42.449135123441934	42.449135123441934
5231.8152654978212	72.331288288663998	72.331288288663998
5790.7288177817654	76.096838421722651	76.096838421722651
3624.9427089686005	60.207497115962234	60.207497115962234
1470.4467762650486	38.346404997927102	38.346404997927102
1735.1715849978875	41.655390827573413	41.655390827573413
211.07900962558756	14.528558415258809	14.528558415258809
6472.4311419236101	80.451421006242086	80.451421006242086
9121.3011465473337	95.50550322650173	95.50550322650173
3039.1110719784383	55.128133216883356	55.128133216883356
2940.7207107078189	54.228412393392254	54.228412393392254
4604.7776609056609	67.858512074062318	67.858512074062318
684.53749029061669	26.163667370814373	26.163667370814373
5345.3117992698581	73.111639287256153	73.111639287256153
1949.9683591482619	44.158446068088288	44.158446068088288
2150.831224168222	46.377054932026702	46.377054932026702
6634.6445504621133	81.453327436404422	81.453327436404422
5912.6519518445875	76.893770565921571	76.893770565921571
7388.7259618209509	85.957698676854719	85.957698676854719
2454.5010565954299	49.542921357096311	49.542921357096311
5088.4581701903544	71.333429541767828	71.333429541767828
9149.9184200523723	95.655205922377121	95.655205922377121
9998.3917037594874	99.99195819544434	99.99195819544434
3561.6082881545399	59.679211524236308	59.679211524236308
7347.5010795858088	85.717565758634379	85.717565758634379
9662.1518344680553	98.296245271465253	98.296245271465253
7147.4825487308144	84.542785314483311	84.542785314483311
2794.2775081842119	52.860926100326807	52.860926100326807
449.60334636477427	21.203852158623778	21.203852158623778
8209.3082777020536	90.605233169514293	90.605233169514293
9430.7268399047753	97.111929441777519	97.111929441777519
4372.9877873216838	66.128570129118046	66.128570129118046
7067.0019432256213	84.065462249520891	84.065462249520891
2514.2343335340265	50.142141293866047	50.142141293866047
258.22648094234034	16.069426901490306	16.069426901490306
3123.1832980799873	55.885447999277837	55.885447999277837
8918.5135195601451	94.437881803649887	94.437881803649887
442.07181561528705	21.025503932493201	21.025503932493201
2196.7785848695476	46.869804617360501	46.869804617360501
385.11558814811815	19.624362108056356	19.624362108056356
7192.123727617608	84.806389662675812	84.806389662675812
3334.1172087503192	57.741815080150701	57.741815080150701
9048.7667962200139	95.125006156215377	95.125006156215377
160.39726550197298	12.664804203065003	12.664804203065003
1767.3670891112647	42.040065284336379	42.040065284336379
4710.7316844173174	68.634770229216315	68.634770229216315
126.77657426374989	11.259510391830982	11.259510391830982
409.09178067630995	20.226017420053559	20.226017420053559
3885.4769096808632	62.333593749124262	62.333593749124262
1183.063471470869	34.395689722272891	34.395689722272891
7546.9041891595316	86.87291976881825	86.87291976881825
2664.9061306695221	51.622728818510964	51.622728818510964
3586.3845621296659	59.886430534217567	59.886430534217567
7066.7911837947386	84.064208696654831	84.064208696654831
9754.5583617234515	98.765167755253941	98.765167755253941
2960.914032279582	54.414281510276162	54.414281510276162
1106.0157671966879	33.256815349589438	33.256815349589438
4766.0138383295562	69.036322601436098	69.036322601436098
5753.1448857782161	75.84948836859887	75.84948836859887
9928.2253709077795	99.640480583484646	99.640480583484646
9454.6131957578764	97.234835299690189	97.234835299690189
4055.0842096908905	63.679543102089625	63.679543102089625
1409.6999513533042	37.54597117339361	37.54597117339361
1231.5707679565678	35.093742575515762	35.093742575515762
2905.4476875939645	53.90220484909652	53.90220484909652
5857.827331095049	76.536444463373456	76.536444463373456
4548.7040701560645	67.444081060950523	67.444081060950523
1600.3566423612001	40.004457781117345	40.004457781117345
8081.7671460463871	89.898649300456057	89.898649300456057
147.80117006778974	12.157350454263863	12.157350454263863
3338.7146530235968	57.78161172054304	57.78161172054304
4482.8967920325349	66.954438180247138	66.954438180247138
7981.219528857956	89.337671387035584	89.337671387035584
4062.4841578240721	63.73761964353605	63.73761964353605
4947.8774686316801	70.341150606395971	70.341150606395971
9182.7385842336007	95.82660687008385	95.82660687008385
7122.4689117111739	84.394720875841358	84.394720875841358
2656.2387237718021	51.538710924622492	51.538710924622492
1351.4018433541266	36.761417863762091	36.761417863762091
7866.3653508005245	88.692532666513273	88.692532666513273
6543.0341784036982	80.889023843805276	80.889023843805276
868.72026413073854	29.474060869360002	29.474060869360002
9442.5991575281605	97.173037194111416	97.173037194111416
7589.883166066481	87.119935526069355	87.119935526069355
2617.6450548870948	51.16292656687159	51.16292656687159
5998.7986672669003	77.451911966502806	77.451911966502806
6681.6963144473439	81.741643697978958	81.741643697978958
8442.2792097992042	91.881876394636194	91.881876394636194
8103.5083376782195	90.019488654836394	90.019488654836394
4863.6487993816772	69.739865209087384	69.739865209087384
8964.0076507582526	94.67844343227371	94.67844343227371
2243.8258369414552	47.369038801114122	47.369038801114122
2179.9429703163369	46.689859394908623	46.689859394908623
178.22567953370373	13.350119083128201	13.350119083128201
6012.6070806403068	77.541002576961219	77.541002576961219
4615.1761243341016	67.935087578762278	67.935087578762278
9994.6225298609006	99.973109033684153	99.973109033684153
1555.2764655842893	39.436993617468985	39.436993617468985
6714.8989697837933	81.944487122586793	81.944487122586793
7626.0344913556801	87.327169262238655	87.327169262238655
5423.6998497114455	73.645772789152304	73.645772789152304
247.8094112716397	15.741963386809147	15.741963386809147
2871.3918232153669	53.585369488465474	53.585369488465474
9378.0082676974307	96.840117036780939	96.840117036780939
3649.2205669256332	60.408778889542482	60.408778889542482
5239.5557778811644	72.384775870905088	72.384775870905088
6811.6934521576122	82.53298402552528	82.53298402552528
5849.493844559981	76.481983790694002	76.481983790694002
3556.6434678965115	59.63760112459682	59.63760112459682
2432.9982003775353	49.325431578218705	49.325431578218705
5720.2391579957657	75.63226267933392	75.63226267933392
3790.9967919211322	61.571071063618277	61.571071063618277
5247.38673771297	72.438848263297018	72.438848263297018
8137.2872918389503	90.206913769616079	90.206913769616079
7859.6984041272854	88.654940099958807	88.654940099958807
5774.5013154752187	75.990139593734256	75.990139593734256
3681.0348482785844	60.671532437203069	60.671532437203069
9283.5110526162589	96.350978472542039	96.350978472542039
1446.5624359778592	38.03370131840785	38.03370131840785
6362.8651865777019	79.767569767278871	79.767569767278871
2678.0162600600966	51.749553235367131	51.749553235367131
5001.1581181644369	70.718866776585415	70.718866776585415
238.19792523496804	15.433662081144838	15.433662081144838
3147.6139471333727	56.103600126314291	56.103600126314291
6802.2105490038284	82.475514845339575	82.475514845339575
4582.8087850243346	67.696445881776796	67.696445881776796
7082.5821628421772	84.158078417001519	84.158078417001519
528.52990760973535	22.989778328851614	22.989778328851614
20.074208426255623	4.4804250274115311	4.4804250274115311
8634.5511478370227	92.922285528483542	92.922285528483542
7532.7659771396329	86.791508669567634	86.791508669567634
8372.8951401315826	91.503525287999608	91.503525287999608
6427.2146178932844	80.169910926065555	80.169910926065555
4615.7143852586969	67.939049045881532	67.939049045881532
1307.6514195866166	36.161463183707276	36.161463183707276
7564.1096436932876	86.971889962753409	86.971889962753409
7331.0862316513949	85.621762605376176	85.621762605376176
2972.4040343061301	54.519758201097424	54.519758201097424
8061.2335253613019	89.784372389415864	89.784372389415864
7899.983574427245	88.881851772041998	88.881851772041998
5287.4882054133268	72.715116759951144	72.715116759951144
918.04371936037433	30.299236283450682	30.299236283450682
1301.7769879551713	36.080146728570426	36.080146728570426
4568.1645426578534	67.588198249826519	67.588198249826519
190.6961358985636	13.809277167852182	13.809277167852182
6108.5643267190335	78.157305011873547	78.157305011873547
5492.6987658982644	74.112743613350759	74.112743613350759
8007.4456043142081	89.484331613496494	89.484331613496494
1861.3129068300777	43.142935769718754	43.142935769718754
4547.7990018678702	67.437370959045182	67.437370959045182
9183.5287352485793	95.830729597810006	95.830729597810006
315.22515151036885	17.754581141507362	17.754581141507362
5834.7396175733511	76.385467319205105	76.385467319205105
5993.7651394855538	77.41941061184562	77.41941061184562
6173.0022280769499	78.568455680870741	78.568455680870741
2047.1911223676814	45.245896193662489	45.245896193662489
8160.7686500962554	90.336972774696491	90.336972774696491
6670.479862677038	81.673005715946545	81.673005715946545
9458.1379361236832	97.252958495480655	97.252958495480655
1894.9337848578002	43.530837171570688	43.530837171570688
671.58536472260766	25.91496410807099	25.91496410807099
8782.784489594922	93.716511296542194	93.716511296542194
6736.2144534549971	82.074444582068281	82.074444582068281
4079.0555981040957	63.867484670245908	63.867484670245908
181.68737668585291	13.479145992452672	13.479145992452672
5183.4344299129352	71.996072322821433	71.996072322821433
6663.7344061537833	81.631699762737895	81.631699762737895
887.85070998699825	29.796823823807099	29.796823823807099
9555.47889121152	97.752129855116308	97.752129855116308
3522.4938226116674	59.350600861420666	59.350600861420666
4962.3045733020017	70.443626917571478	70.443626917571478
4296.5248390773968	65.547882033498212	65.547882033498212
8621.1910389374734	92.850369083474689	92.850369083474689
6823.9770364372953	82.607366720149699	82.607366720149699
9213.3382493236331	95.986135714089627	95.986135714089627
2618.0306587803575	51.166694819778591	51.166694819778591
6192.5770146814139	78.692928619294719	78.692928619294719
2628.1227999245184	51.265220178250658	51.265220178250658
9548.8583164228403	97.718259892523875	97.718259892523875
7935.7175855528403	89.082644693300622	89.082644693300622
9567.3606907650537	97.812886118164684	97.812886118164684
3014.182684831726	54.901572699074165	54.901572699074165
4249.3012028335006	65.186664302090961	65.186664302090961
2288.6961864899367	47.840319673784961	47.840319673784961
486.37186849465945	22.053840221028615	22.053840221028615
5257.9381206979151	72.511641277093673	72.511641277093673
4671.6712960627528	68.349625427377092	68.349625427377092
6569.803563474331	81.054324767246882	81.054324767246882
7949.6608672689981	89.160870718432292	89.160870718432292
5952.3922673886564	77.151748310642034	77.151748310642034
2080.1605702227862	45.608777337512414	45.608777337512414
1746.1414003871644	41.786856789990374	41.786856789990374
8548.0598158235916	92.455718134810851	92.455718134810851
4537.8486059899797	67.363555473193216	67.363555473193216
9511.0582254087785	97.524654449061131	97.524654449061131
3879.9764459318144	62.289456940415	62.289456940415
1463.5289971463708	38.256097515904187	38.256097515904187
758.75184328385319	27.545450500651704	27.545450500651704
4710.2528740244425	68.631282036870346	68.631282036870346
6720.0537791144725	81.975934146031378	81.975934146031378
3577.4194997881987	59.811533167008839	59.811533167008839
8765.8089084911062	93.625898705919539	93.625898705919539
4466.4563546854006	66.831552089453979	66.831552089453979
924.92890052365658	30.412643760838296	30.412643760838296
5362.9067499079511	73.231869769301611	73.231869769301611
8666.5478881382314	93.094295679908512	93.094295679908512
5120.1723300880385	71.555379462958882	71.555379462958882
8434.1002929658625	91.837357828749958	91.837357828749958
8763.0808769925752	93.611328785529878	93.611328785529878
6333.8408427729401	79.585431096231048	79.585431096231048
5935.1178906988944	77.039716320213003	77.039716320213003
6181.8919577126844	78.625008475119955	78.625008475119955
8.6283429994735332	2.9374041260053976	2.9374041260053976
2851.1944698285097	53.396577323162859	53.396577323162859
780.93677856255124	27.945246081624532	27.945246081624532
9038.8299781742826	95.072761494416909	95.072761494416909
451.78769046773704	21.25529793881368	21.25529793881368
4418.5565927245079	66.472224219778511	66.472224219778511
5815.2197315556668	76.257588026082146	76.257588026082146
9571.6010170780792	97.834559420881945	97.834559420881945
9441.6859323417884	97.168338116599429	97.168338116599429
868.85541332708465	29.476353460478869	29.476353460478869
457.44440109892219	21.387949904067995	21.387949904067995
3381.2875119907517	58.14883930046026	58.14883930046026
6597.5607989695709	81.225370414480537	81.225370414480537
9643.3629066595986	98.200625795661807	98.200625795661807
4872.5165419715495	69.803413540969103	69.803413540969103
525.74950221567701	22.929228120799817	22.929228120799817
7782.12176080068	88.2163349998212	88.2163349998212
4451.7281650795721	66.72127220819138	66.72127220819138
2175.2363284955404	46.639428904045772	46.639428904045772
4207.1832386106998	64.862803197292507	64.862803197292507
7797.5529904999612	88.303754113287624	88.303754113287624
5434.6803061813007	73.720284224772911	73.720284224772911
4454.2241175062909	66.739973909991093	66.739973909991093
7610.120104990775	87.236002344162785	87.236002344162785
4762.6356516751539	69.011851530553457	69.011851530553457
8175.7091013086629	90.419627854292031	90.419627854292031
5710.5986465835649	75.568503006104109	75.568503006104109
4484.8804818929839	66.969250271247503	66.969250271247503
1520.0164391166761	38.987388205888784	38.987388205888784
2913.115084966716	53.973281213640476	53.973281213640476
7486.1345752506877	86.522451278559416	86.522451278559416
7576.5134534145955	87.043170056096855	87.043170056096855
8430.6779173871764	91.818723130890774	91.818723130890774
1059.3875215811647	32.548233770531461	32.548233770531461
8617.7248696051938	92.831701856667451	92.831701856667451
690.84887753671751	26.284004214288156	26.284004214288156
6206.1805738601206	78.779315647320274	78.779315647320274
8568.944561161883	92.568593816487692	92.568593816487692
4640.5334175255266	68.121460770637668	68.121460770637668
8595.0494577555473	92.709489577688586	92.709489577688586
8091.5305444767018	89.952935163210228	89.952935163210228
9757.0527834216118	98.777794991696453	98.777794991696453
997.23918532387029	31.579094118164161	31.579094118164161
2715.5878956441748	52.1113029547734	52.1113029547734
613.41085022448453	24.767132458653435	24.767132458653435
5407.3089338456248	73.534406462863529	73.534406462863529
3585.3635471478419	59.877905333669126	59.877905333669126
2108.7273918042874	45.920881870934139	45.920881870934139
1043.9521512097847	32.310248392882784	32.310248392882784
3179.9938691245866	56.39143435952473	56.39143435952473
4648.8760122213553	68.182666508588198	68.182666508588198
5417.9642740754798	73.606822197915051	73.606822197915051
7394.7978184725198	85.993010288467744	85.993010288467744
7238.7055103973989	85.080582452151788	85.080582452151788
6105.5802470134986	78.138212463643541	78.138212463643541
8286.5515789543933	91.03049807045106	91.03049807045106
6876.2738518157494	82.923301018566249	82.923301018566249
4443.857086074614	66.662261333340723	66.662261333340723
3686.8487224534088	60.719426236200626	60.719426236200626
2812.0507901127521	53.028773228434694	53.028773228434694
3566.6641153119017	59.721554863482091	59.721554863482091
9966.5992332461119	99.8328564814516	99.8328564814516
2910.9291121058322	53.953026904019318	53.953026904019318
4700.2308949212493	68.558229957615225	68.558229957615225
9256.3008302280596	96.209671188649537	96.209671188649537
5088.1480800011968	71.331255982221407	71.331255982221407
9842.0056246632794	99.206882950041731	99.206882950041731
5940.2404436239749	77.072955332100605	77.072955332100605
2909.061510265069	53.935716461961171	53.935716461961171
760.57264148058493	27.578481493377858	27.578481493377858
1080.6792242417871	32.873685893762918	32.873685893762918
9061.352080342187	95.191134462943481	95.191134462943481
9289.0229546080336	96.379577476807981	96.379577476807981
8584.1300988713501	92.650580672067832	92.650580672067832
1525.7709957646082	39.061118721365474	39.061118721365474
229.89844460089182	15.162402336071017	15.162402336071017
9561.2715885835332	97.781754885988491	97.781754885988491
9766.2016848206586	98.824094657227491	98.824094657227491
170.91388064597743	13.073403560128382	13.073403560128382
755.9976343943697	27.495411151578907	27.495411151578907
6639.7300003626324	81.484538412895432	81.484538412895432
2472.3072570817121	49.722301405724494	49.722301405724494
3457.1529813506768	58.797559314572545	58.797559314572545
58.91288251579055	7.6754727877695297	7.6754727877695297
4614.60479133628	67.93088245662851	67.93088245662851
2266.6674901243146	47.609531504986627	47.609531504986627
215.68137903280794	14.686094750913462	14.686094750913462
8615.9227140166186	92.821994775034966	92.821994775034966
20.490051207870899	4.5265937754420706	4.5265937754420706
9791.4171396278853	98.951589879232785	98.951589879232785
6254.9306951981798	79.088119810741361	79.088119810741361
1129.7875402857185	33.612312331729257	33.612312331729257
7641.0310175745044	87.412991125887601	87.412991125887601
7386.9733198134873	85.947503278533276	85.947503278533276
2836.2604725586361	53.256553329694896	53.256553329694896
2958.6156407941717	54.393158032919651	54.393158032919651
4114.0615492998995	64.140950642315076	64.140950642315076
3006.6911875584478	54.833303635276692	54.833303635276692
1968.5733182348474	44.368607350635287	44.368607350635287
4796.9930012856248	69.260327759010963	69.260327759010963
5037.9088176388213	70.9782277718937	70.9782277718937
7065.854737929375	84.058638687105656	84.058638687105656
8056.6148021033459	89.758647505983205	89.758647505983205
8220.1851449394344	90.665236694884513	90.665236694884513
9274.4947668567092	96.304178345784706	96.304178345784706
9.6331853256951057	3.1037373158331403	3.1037373158331403
6776.2534778000181	82.318002148983297	82.318002148983297
7650.405249237735	87.466595047696558	87.466595047696558
3861.1482750585515	62.138138651383429	62.138138651383429
6300.2427643419369	79.374068588815177	79.374068588815177
8753.1708063253245	93.558381806898112	93.558381806898112
207.76520267965907	14.414062670866221	14.414062670866221
5909.5519625149909	76.873610312739899	76.873610312739899
9833.0052996802933	99.161511180902707	99.161511180902707
2038.8205551678918	45.153300601040137	45.153300601040137
9164.7469976774628	95.732685106380799	95.732685106380799
4341.4164496695457	65.889425932159597	65.889425932159597
4696.273783916582	68.529364391599188	68.529364391599188
1234.4580994124756	35.134855904250919	35.134855904250919
2486.1450975042749	49.861258482957233	49.861258482957233
3071.6646111406371	55.422600183865761	55.422600183865761
142.83627973766687	11.95141329457177	11.95141329457177
9194.88380077906	95.88995672529559	95.88995672529559
5033.7406075281833	70.948859099552706	70.948859099552706
5634.419905675697	75.062773101422891	75.062773101422891
1547.8491333746183	39.342713853706357	39.342713853706357
6809.7369947432262	82.52113059540099	82.52113059540099
2588.0596708404742	50.872975840228513	50.872975840228513
2513.6751279592081	50.136564780200167	50.136564780200167
4275.4163976997861	65.386668348370421	65.386668348370421
4554.7370150008701	67.48879177315942	67.48879177315942
3206.6769175490886	56.627527913101488	56.627527913101488
5110.014796368876	71.484367496459498	71.484367496459498
6309.9987948271801	79.435500847084612	79.435500847084612
1601.0851270328731	40.013561788884438	40.013561788884438
5088.6711432028442	71.334922325624248	71.334922325624248
5356.2467156057119	73.186383402964466	73.186383402964466
8040.5238164084158	89.668967967789257	89.668967967789257
1109.4129186598755	33.307850706100439	33.307850706100439
2398.1615981841142	48.971028151184598	48.971028151184598
4926.5687679477751	70.189520357014658	70.189520357014658
377.07871014535215	19.418514622528473	19.418514622528473
9946.5853844144003	99.732569326245681	99.732569326245681
4837.3432739697673	69.551012026927168	69.551012026927168
8618.5447830757512	92.836117880250413	92.836117880250413
6736.9985530739241	82.079221201677612	82.079221201677612
7074.8896194821355	84.112363059672361	84.112363059672361
542.2940381944004	23.287207608350133	23.287207608350133
976.14978465614581	31.243395856662985	31.243395856662985
588.69097774848592	24.262954843721857	24.262954843721857
6183.8715194261176	78.637596093892128	78.637596093892128
6755.7218106217106	82.193198080021872	82.193198080021872
9470.6859840541583	97.317449535292269	97.317449535292269
1512.4140181783609	38.889767525383341	38.889767525383341
3089.9704853544031	55.587502960237416	55.587502960237416
4636.2092118077981	68.089714434764659	68.089714434764659
7202.7203537508503	84.86884206674938	84.86884206674938
3704.6021341990131	60.865442857166606	60.865442857166606
4848.414518655858	69.630557362812041	69.630557362812041
1027.430427570295	32.053555615099789	32.053555615099789
8779.5627348887319	93.699320888087186	93.699320888087186
2759.0522600592899	52.526681411062796	52.526681411062796
7018.4981935095939	83.776477566854012	83.776477566854012
9022.5152212470912	94.986921316816506	94.986921316816506
6601.2944006051766	81.248350140819326	81.248350140819326
2023.9226579310396	44.988027940009104	44.988027940009104
8842.8263972459081	94.036303613263684	94.036303613263684
944.73559965360539	30.736551525075246	30.736551525075246
4253.011254381564	65.215115229381937	65.215115229381937
2703.6899305798684	51.997018477792246	51.997018477792246
1464.0904646552419	38.263435086976209	38.263435086976209
3902.4834144626598	62.469860048367806	62.469860048367806
1226.1757045042782	35.016791750591288	35.016791750591288
1306.1909512917023	36.141263830858243	36.141263830858243
7117.6165870479435	84.365968180587743	84.365968180587743
228.08509032361823	15.102486229876796	15.102486229876796
3172.9092707112304	56.328583070331447	56.328583070331447
7213.0693534063184	84.92979072979233	84.92979072979233
2660.6599021892202	51.581584913505907	51.581584913505907
7513.7120029415364	86.681670513099462	86.681670513099462
3204.318913054829	56.606703781927003	56.606703781927003
2765.5599189377285	52.58859114805918	52.58859114805918
4612.6691638425291	67.916633926031182	67.916633926031182
183.80023221744418	13.55729442836749	13.55729442836749
8053.1607724634405	89.739404792228484	89.739404792228484
2723.4688998308197	52.186865204099199	52.186865204099199
3120.51310343044	55.861552998734645	55.861552998734645
5306.5384414168384	72.845991251522122	72.845991251522122
7187.4885032971633	84.779056985184511	84.779056985184511
8524.2750747520877	92.327000789325368	92.327000789325368
7036.9087650839956	83.886284725716607	83.886284725716607
233.06125210155326	15.266343769925832	15.266343769925832
7880.7810536808984	88.77376331822876	88.77376331822876
4606.2753147756875	67.869546298584368	67.869546298584368
7261.7422349403059	85.215856710710284	85.215856710710284
5737.1903248535791	75.744242849563022	75.744242849563022
3136.7611485301618	56.006795556701526	56.006795556701526
86.000692473048318	9.2736558310651311	9.2736558310651311
3209.7611755080161	56.654754218053192	56.654754218053192
4910.6662697974853	70.076146225356069	70.076146225356069
6416.1107664257588	80.100629001436431	80.100629001436431
3381.1215936531721	58.14741261357355	58.14741261357355
8083.6827908474752	89.909303138482144	89.909303138482144
9972.7752941733052	99.863783696459777	99.863783696459777
5830.4400306381885	76.357318121043178	76.357318121043178
6188.0430438760241	78.664115350495265	78.664115350495265
676.83831407172477	26.016116429469729	26.016116429469729
75.020820650826451	8.6614560352648819	8.6614560352648819
428.54353342028094	20.701293037399402	20.701293037399402
538.03417740396662	23.195563744043096	23.195563744043096
6388.7602457466674	79.929720666011761	79.929720666011761
6651.3611135413139	81.555877247083259	81.555877247083259
4010.6757065465022	63.329895835588601	63.329895835588601
6472.1548013243846	80.449703550257937	80.449703550257937
4563.1918573901839	67.551401594564894	67.551401594564894
6122.8910813714974	78.248904665634129	78.248904665634129
1417.3071216728133	37.647139621395056	37.647139621395056
7331.9601791434807	85.626865989264616	85.626865989264616
5615.276610442219	74.935149365582902	74.935149365582902
8081.3483477308482	89.896319989924223	89.896319989924223
6567.5110792968035	81.040181880945966	81.040181880945966
1910.5812929010049	43.710196669667418	43.710196669667418
9442.6432122011356	97.173263875415529	97.173263875415529
8184.8593608552992	90.470212561125877	90.470212561125877
5445.8738062489119	73.796163899276721	73.796163899276721
4576.3200528131702	67.648503699735812	67.648503699735812
5554.5185081376476	74.528642199745249	74.528642199745249
9196.7462590860523	95.899667669320166	95.899667669320166
5218.1829038515316	72.236991243071103	72.236991243071103
3549.5742733897	59.578303713597791	59.578303713597791
5089.3189016405058	71.339462442889953	71.339462442889953
5524.1325901634455	74.324508677578521	74.324508677578521
264.40109564634781	16.260414989979431	16.260414989979431
7342.8943450049001	85.690689955239009	85.690689955239009
7813.288355113239	88.392807145792347	88.392807145792347
8957.2065651713474	94.642519858525262	94.642519858525262
7565.9759356396498	86.982618583482818	86.982618583482818
6571.4757210584075	81.064639153322631	81.064639153322631
3609.4710095185255	60.078873237757428	60.078873237757428
929.2471823980992	30.483555934275437	30.483555934275437
4974.0334119179033	70.52682760423798	70.52682760423798
7259.4140314758006	85.202194992123296	85.202194992123296
2589.6147009022166	50.888257003971127	50.888257003971127
8247.6261740010741	90.816442200743992	90.816442200743992
6029.9404784432709	77.652691379264311	77.652691379264311
4097.4755901487615	64.011527009975026	64.011527009975026
1466.0771986239261	38.289387545688506	38.289387545688506
918.00967741465149	30.298674515804343	30.298674515804343
2686.5346123348904	51.831791521564163	51.831791521564163
2269.3654854291035	47.637857691431755	47.637857691431755
1330.8475889274257	36.480783831044882	36.480783831044882
9954.1356056552995	99.77041448072319	99.77041448072319
2420.2461169602561	49.195996960731023	49.195996960731023
7747.0885681981827	88.01754693354151	88.01754693354151
6959.395497612365	83.42299142090485	83.42299142090485
6982.2209849209785	83.559685165281579	83.559685165281579
6953.1297371114106	83.385428805705686	83.385428805705686
1773.1711922046511	42.10903931704749	42.10903931704749
3843.847043771234	61.998766469755139	61.998766469755139
1160.4192627581792	34.064927165020904	34.064927165020904
9919.5289764025747	99.596832160478755	99.596832160478755
7520.6392448662418	86.721619247257152	86.721619247257152
2192.4379627476033	46.823476619614688	46.823476619614688
3590.2732453908925	59.918888886484638	59.918888886484638
8914.2476701346404	94.415293624150962	94.415293624150962
924.93288443887729	30.412709258447812	30.412709258447812
6546.2843636793314	80.90911174694314	80.90911174694314
2952.1359959218025	54.333562334176122	54.333562334176122
2304.5112573950992	48.005325302460967	48.005325302460967
411.9978561034124	20.297730319013809	20.297730319013809
4582.6708993130378	67.69542746237029	67.69542746237029
4748.4395261711088	68.908921963495473	68.908921963495473
1532.3428131796065	39.145150570404077	39.145150570404077
9259.2584691668908	96.225040759497162	96.225040759497162
878.15914134011894	29.633750038429476	29.633750038429476
5325.0031986140666	72.972619513171281	72.972619513171281
5828.2699320827505	76.343106644167619	76.343106644167619
1930.0561828192981	43.932404701077978	43.932404701077978
1905.3506698740553	43.650322677777027	43.650322677777027
9984.6032632124661	99.922986660790244	99.922986660790244
2212.1736072642393	47.03374966196337	47.03374966196337
6380.3760508634095	79.877256155074647	79.877256155074647
4965.0787060074081	70.4633146112742	70.4633146112742
4732.5970951402214	68.793873965202906	68.793873965202906
7860.3218121065465	88.658455953769845	88.658455953769845
5874.8500973571108	76.64757072051998	76.64757072051998
6677.6888612518042	81.717127098618704	81.717127098618704
3727.3285397903128	61.05185123966605	61.05185123966605
574.78166957075211	23.974604680176732	23.974604680176732
7709.8360872311869	87.805672295308952	87.805672295308952
5837.3513183290224	76.402560940907094	76.402560940907094
9394.8727929163852	96.927151990122894	96.927151990122894
6141.4001615097413	78.367085957752323	78.367085957752323
2468.0673529190176	49.679647270477048	49.679647270477048
4154.4777844730406	64.455238611559267	64.455238611559267
3737.8441335680664	61.137910772024803	61.137910772024803
8703.3457157959147	93.291723726147936	93.291723726147936
3697.0889136275932	60.803691611838779	60.803691611838779
898.07868855387119	29.967961034309145	29.967961034309145
9868.7503628737559	99.341584257921696	99.341584257921696
3293.4615804950813	57.388688611041474	57.388688611041474
6715.7997209482146	81.949983044221639	81.949983044221639
3692.2381045630591	60.763789419053346	60.763789419053346
5580.1052624403446	74.700102158165379	74.700102158165379
2173.8582732915006	46.624653063497433	46.624653063497433
2531.6782247741639	50.315785045790193	50.315785045790193
1904.9952548018875	43.646251325880066	43.646251325880066
7888.9860144393188	88.81996405335525	88.81996405335525
4892.084446932563	69.943437482958771	69.943437482958771
9971.7989978312507	99.858895436667282	99.858895436667282
3787.8167872382533	61.545241792020391	61.545241792020391
4957.5620985970854	70.409957382440481	70.409957382440481
6900.4761883746287	83.069104896914766	83.069104896914766
6596.5098471506963	81.218900799941238	81.218900799941238
1647.4875444857919	40.589254051852095	40.589254051852095
3019.130891588492	54.946618563734127	54.946618563734127
853.74433141406155	29.218903665505	29.218903665505
9688.655702788461	98.430969226095002	98.430969226095002
7689.3724474931723	87.689066864080459	87.689066864080459
9986.1742628221309	99.930847403702785	99.930847403702785
9355.3959593055351	96.723295845962241	96.723295845962241
1307.2355158269236	36.15571207744253	36.15571207744253
2268.3347150261034	47.627037646972163	47.627037646972163
6034.887927378918	77.684541109405529	77.684541109405529
7753.7485317955116	88.055371964437867	88.055371964437867
2813.9757767459159	53.046920520855082	53.046920520855082
3396.1228135767265	58.276262865567539	58.276262865567539
715.65988460357642	26.751820211035668	26.751820211035668
2777.2704081430938	52.699814118676869	52.699814118676869
8886.8028650100841	94.269840696853223	94.269840696853223
1602.4641766664943	40.030790357754547	40.030790357754547
2131.0001841027142	46.162757544396264	46.162757544396264
9747.5140542018817	98.729499412292583	98.729499412292583
6334.2267111899146	79.587855299599042	79.587855299599042
1556.5974609658001	39.453738238166991	39.453738238166991
6638.8362961577786	81.479054340104966	81.479054340104966
7263.4377595717433	85.225804540477895	85.225804540477895
7480.1337299891966	86.487766360273156	86.487766360273156
219.99073897499704	14.832084781816649	14.832084781816649
64.208675349792728	8.0130315954570364	8.0130315954570364
2663.8179527256716	51.612188024977897	51.612188024977897
3761.3940460287909	61.33020500559892	61.33020500559892
2389.9201534807353	48.886809606280664	48.886809606280664
7623.0087422152683	87.309843329462396	87.309843329462396
5264.9781424231769	72.560169117933953	72.560169117933953
9794.8854961252182	98.969113849348062	98.969113849348062
2197.1373211258542	46.873631405363234	46.873631405363234
7721.367336365478	87.871311224798944	87.871311224798944
468.17836619719151	21.637429750254338	21.637429750254338
972.79769839686969	31.189705006570193	31.189705006570193
9863.5719843421084	99.315517339145487	99.315517339145487
5411.3208919840908	73.561680867038987	73.561680867038987
3744.5947726981854	61.193094158558331	61.193094158558331
4757.87043556555	68.977318268874086	68.977318268874086
2014.5798621261079	44.884071363080551	44.884071363080551
9364.1463326062076	96.768519326308834	96.768519326308834
5661.8123313163715	75.245015325378006	75.245015325378006
7145.2057103631669	84.529318643670422	84.529318643670422
2240.9748634841967	47.338936019773371	47.338936019773371
8174.9590589758318	90.415480195461171	90.415480195461171
2261.8548913791287	47.558962261377495	47.558962261377495
252.7968247080791	15.899585677245778	15.899585677245778
7323.5117594340991	85.577519007237527	85.577519007237527
8351.9431951874012	91.388966484950473	91.388966484950473
8940.7065829759395	94.555309649833731	94.555309649833731
8788.4058602182522	93.746497855750604	93.746497855750604
2437.0498187910985	49.366484772475935	49.366484772475935
1432.3296359599292	37.846131056687014	37.846131056687014
8271.9673307995308	90.950356408315031	90.950356408315031
1264.2808761964245	35.55672757997317	35.55672757997317
8068.8573821606678	89.826818835805753	89.826818835805753
8880.9472161528411	94.238777666907595	94.238777666907595
6703.3591198077347	81.874044237522156	81.874044237522156
6808.0352078998994	82.510818732454112	82.510818732454112
1342.406246928475	36.638862522306489	36.638862522306489
9081.8314646141553	95.298643561249889	95.298643561249889
4374.2805237500206	66.138343823760962	66.138343823760962
9228.0562021725982	96.06277219699939	96.06277219699939
4989.114535744663	70.633664323356911	70.633664323356911
6742.7151085027572	82.114037219605493	82.114037219605493
5514.9356513894636	74.262612742816046	74.262612742816046
4022.5036867976819	63.42321094676366	63.42321094676366
5990.6074757508059	77.39901469496111	77.39901469496111
7605.7256374142098	87.210811470907728	87.210811470907728
4129.9959341884542	64.265044419096569	64.265044419096569
7366.3467226620905	85.827424070993132	85.827424070993132
3809.1936363516961	61.718665218487153	61.718665218487153
2930.9189839814899	54.137962503048541	54.137962503048541
6634.5801765856859	81.452932277393714	81.452932277393714
3047.196380689049	55.201416473574746	55.201416473574746
9203.2706025079133	95.933678145414149	95.933678145414149
2053.6254940220215	45.316944888441249	45.316944888441249
1746.0801480681059	41.78612386986984	41.78612386986984
3059.2753904505948	55.310716777588361	55.310716777588361
9803.0176619118938	99.01018968728367	99.01018968728367
4335.639240492781	65.845571153212589	65.845571153212589
992.10759247314604	31.497739481955623	31.497739481955623
8424.5494490494821	91.785344413198573	91.785344413198573
4477.3438842341629	66.912957521201847	66.912957521201847
5921.2566207048667	76.949701888343057	76.949701888343057
5005.0677805404512	70.746503663011154	70.746503663011154
4868.8997508460388	69.777501752685581	69.777501752685581
2289.9373732310073	47.853290098289037	47.853290098289037
6777.2778911130727	82.32422420595941	82.32422420595941
8122.921786420794	90.127253294554549	90.127253294554549
7427.5324419219032	86.183133163757176	86.183133163757176
4172.7699092287921	64.596980651024182	64.596980651024182
2382.8707212233257	48.814656827876256	48.814656827876256
3448.5434144334581	58.724300033576036	58.724300033576036
1078.2611677070806	32.836887302347655	32.836887302347655
3378.3894270043252	58.123914415706082	58.123914415706082
4221.8586051389502	64.975830930731078	64.975830930731078
4056.400984115975	63.689881332249122	63.689881332249122
460.55885130455681	21.46063492314607	21.46063492314607
9355.581222468727	96.724253537924639	96.724253537924639
3095.3966275596799	55.63628876515471	55.63628876515471
9397.5481129849122	96.940951681861023	96.940951681861023
4390.2848003893478	66.259224266432128	66.259224266432128
1524.7091822912887	39.047524662791218	39.047524662791218
8982.7932491356842	94.77759887829869	94.77759887829869
585.84919283416207	24.204321780090474	24.204321780090474
978.27875745916253	31.27744806500624	31.27744806500624
6260.7114968431451	79.124657957195268	79.124657957195268
5661.4219757559922	75.242421384189868	75.242421384189868
5466.0697339953404	73.932873162047073	73.932873162047073
8605.7690885822885	92.767284581269749	92.767284581269749
7257.3557225461764	85.190115169227099	85.190115169227099
7325.9256844767306	85.591621578731235	85.591621578731235
2361.0858090149991	48.591005433258935	48.591005433258935
1705.6176743279691	41.299124377254891	41.299124377254891
724.99775550063339	26.925782356333368	26.925782356333368
8965.4522168569092	94.686071926429122	94.686071926429122
2798.3759295666596	52.899677972239672	52.899677972239672
613.88069574572648	24.776615905844093	24.776615905844093
1718.4740008019701	41.454481070228944	41.454481070228944
6739.735677664281	82.095893183911954	82.095893183911954
1248.91669711899	35.340015522336572	35.340015522336572
2294.9541643884468	47.905679876069463	47.905679876069463
8584.7050136486905	92.653683216851618	92.653683216851618
2348.1678872225043	48.457898089191865	48.457898089191865
9586.0721374897093	97.908488587505573	97.908488587505573
2691.5902445934498	51.880538206474398	51.880538206474398
9194.7948814641641	95.889493071264923	95.889493071264923
6109.3157231446457	78.162111813490853	78.162111813490853
9363.1249432950863	96.763241694845505	96.763241694845505
8717.8094260149501	93.369210267705228	93.369210267705228
48.41434409235066	6.9580416851547149	6.9580416851547149
6403.3633121874109	80.021017940210001	80.021017940210001
9813.6532005202753	99.063884440901447	99.063884440901447
6019.2740134454607	77.583980391866078	77.583980391866078
9315.1400041597135	96.514972953214439	96.514972953214439
344.38814809641212	18.557697812401518	18.557697812401518
3748.3717320611504	61.223947374055768	61.223947374055768
5917.3783028737535	76.924497417102131	76.924497417102131
199.00886343683516	14.107050132357053	14.107050132357053
1868.0164147556789	43.220555465607781	43.220555465607781
4102.8456004332547	64.053458926378482	64.053458926378482
5040.161366151503	70.994093882177992	70.994093882177992
7974.7385671654802	89.30139174260097	89.30139174260097
6027.1626482403462	77.634803073366172	77.634803073366172
8990.2375004497499	94.816862954063978	94.816862954063978
4981.465707621338	70.579499202114903	70.579499202114903
7436.3464331344621	86.234253247386917	86.234253247386917
1183.1894154358495	34.397520483835017	34.397520483835017
3850.9169390006286	62.055756695093393	62.055756695093393
6426.6070933922238	80.166121855757893	80.166121855757893
2061.6604139737697	45.405510832648602	45.405510832648602
613.11071254805347	24.761072524187103	24.761072524187103
4966.0917169077284	70.470502459594599	70.470502459594599
4753.6797813416606	68.946934531867768	68.946934531867768
8923.6450455827708	94.465046687030068	94.465046687030068
476.01612092642853	21.817793676869083	21.817793676869083
3340.2102436958585	57.794552024354843	57.794552024354843
9199.3858816652519	95.913429099710811	95.913429099710811
3195.3812324741361	56.5277032301343	56.5277032301343
4134.2075892360026	64.297803922342496	64.297803922342496
4434.1177394365332	66.589171337662194	66.589171337662194
9591.0625741955137	97.933970481113008	97.933970481113008
2388.6199712716711	48.873509913568427	48.873509913568427
3090.1596476668101	55.589204416566446	55.589204416566446
2877.4772989346548	53.642122431300713	53.642122431300713
6830.7033503095518	82.648069247318489	82.648069247318489
9130.4679278982057	95.55348202916629	95.55348202916629
8180.1512688658231	90.444188695934599	90.444188695934599
2844.6653344098049	53.33540413655647	53.33540413655647
7209.1255235302797	84.906569377936123	84.906569377936123
4298.224352732871	65.560844661526986	65.560844661526986
7054.538531592958	83.991300332790175	83.991300332790175
8446.5693404843842	91.905219332116189	91.905219332116189
6023.7203778078383	77.612630272448811	77.612630272448811
4150.7294323574679	64.426154877948974	64.426154877948974
7770.8434683589858	88.152387763230706	88.152387763230706
4940.7405773734263	70.290401744288147	70.290401744288147
7314.1474787934067	85.522789236515237	85.522789236515237
4079.751664704183	63.872933741172268	63.872933741172268
3124.1441804238852	55.89404423034609	55.89404423034609
1937.474013987013	44.016746971885745	44.016746971885745
9523.4713182087871	97.588274491399773	97.588274491399773
6738.3050967447271	82.087179856203662	82.087179856203662
4392.9441691753636	66.279289142049223	66.279289142049223
3925.8688812408755	62.656754474205535	62.656754474205535
9304.5984657198751	96.460346597552075	96.460346597552075
3468.8273587649796	58.896751682626601	58.896751682626601
6756.160728603707	82.195868075005492	82.195868075005492
6157.2155618856868	78.467926963095479	78.467926963095479
7346.6585918817482	85.712651294203638	85.712651294203638
6758.3881606502864	82.209416496228016	82.209416496228016
3188.8338419490424	56.469760420503313	56.469760420503313
4369.261101841219	66.100386548349462	66.100386548349462
3590.6774721701368	59.922261907993231	59.922261907993231
42.680340238629	6.5330192283988415	6.5330192283988415
9266.6711614602063	96.263550534250541	96.263550534250541
6687.4995511892539	81.777133424871607	81.777133424871607
255.50475668727611	15.984516154306208	15.984516154306208
2479.3655981782576	49.793228436989878	49.793228436989878
6925.8043012032022	83.221417322725301	83.221417322725301
3352.8744907394052	57.904011007350825	57.904011007350825
3535.6642090714518	59.461451454462932	59.461451454462932
5925.0844831216145	76.974570366593241	76.974570366593241
8079.3956552926729	89.885458530802822	89.885458530802822
3248.6052346127231	56.996537040531884	56.996537040531884
8558.1881227746053	92.510475746126204	92.510475746126204
1167.8919624013968	34.174434339157635	34.174434339157635
7128.8605624349266	84.432579982107185	84.432579982107185
7353.6594132712225	85.753480473221742	85.753480473221742
174.5123648389183	13.210312821387626	13.210312821387626
2241.411887896717	47.34355170344444	47.34355170344444
8.6286457469722375	2.9374556587244407	2.9374556587244407
2510.8752808121371	50.108634792939	50.108634792939
6789.9448813386989	82.401121845146619	82.401121845146619
3842.1423566636145	61.985017194993297	61.985017194993297
418.03568068998544	20.445920881437097	20.445920881437097
9709.8168392401494	98.538402865279636	98.538402865279636
3025.6818062024586	55.00619788898755	55.00619788898755
8405.4263498612108	91.681112285253235	91.681112285253235
1352.535905432447	36.776839252883697	36.776839252883697
5941.7823058858876	77.082957298522786	77.082957298522786
7377.2810319170976	85.891099841119143	85.891099841119143
712.16935290950482	26.686501323881046	26.686501323881046
2195.2375152485538	46.853361835075972	46.853361835075972
1096.3903211038776	33.11178522979209	33.11178522979209
858.01080594668986	29.291821485641513	29.291821485641513
4366.9582730278798	66.082965074426554	66.082965074426554
7928.5679517336093	89.042506432229374	89.042506432229374
3174.4420035090648	56.342186712170346	56.342186712170346
4739.5496106788278	68.844386922092838	68.844386922092838
7448.2216487000051	86.303080180837142	86.303080180837142
3673.7757957055328	60.611680357052741	60.611680357052741
2964.1610098246733	54.444109046109602	54.444109046109602
1523.865989257436	39.036726159572297	39.036726159572297
315.29189302188655	17.756460599508184	17.756460599508184
2727.2435767053548	52.223017690529481	52.223017690529481
9907.2794302787315	99.535317502275205	99.535317502275205
8553.1169631610064	92.483063115151012	92.483063115151012
6844.540470225339	82.731737986248902	82.731737986248902
4367.6711423982615	66.088358599667629	66.088358599667629
2790.4742102626533	52.824939283094814	52.824939283094814
4486.3168326999339	66.979973370403286	66.979973370403286
2479.60129642635	49.795595150839901	49.795595150839901
2976.1122502687458	54.553755601871678	54.553755601871678
8196.8587943425118	90.536505313285161	90.536505313285161
2666.1704987509161	51.634973600757426	51.634973600757426
8480.0229002969845	92.087039806353772	92.087039806353772
1256.4723521961378	35.446753761044718	35.446753761044718
895.2495991716263	29.920721902581601	29.920721902581601
6876.2702469683836	82.923279282529478	82.923279282529478
3846.3623988291988	62.019048677234629	62.019048677234629
3117.6017299731266	55.835488087533783	55.835488087533783
6647.2476348625396	81.530654571532409	81.530654571532409
7789.577768393322	88.258584672502664	88.258584672502664
2429.075732382465	49.285654427860294	49.285654427860294
6664.888085658562	81.638765826404807	81.638765826404807
4904.2511662694151	70.030358890051502	70.030358890051502
337.12954781293945	18.361087871173087	18.361087871173087
3077.5794166379701	55.475935473302023	55.475935473302023
2888.4764779298448	53.744548355436429	53.744548355436429
2621.2345703970354	51.197993812228965	51.197993812228965
5117.7035478890521	71.538126533262329	71.538126533262329
6797.5380448797287	82.447183365350497	82.447183365350497
5223.5567882435425	72.274177880094513	72.274177880094513
3796.4076212119398	61.614995100315795	61.614995100315795
6397.749068400758	79.985930440301544	79.985930440301544
7763.1227913619796	88.108585230736622	88.108585230736622
3187.4900260959494	56.457860622733037	56.457860622733037
6069.4832134367407	77.906888100069438	77.906888100069438
7156.2060824326354	84.594362001451586	84.594362001451586
4314.7971948541754	65.687115896910683	65.687115896910683
8506.2834142253832	92.229514875799836	92.229514875799836
2741.9453392946803	52.363587914644278	52.363587914644278
9967.6640805587776	99.838189489587492	99.838189489587492
9231.0189720861654	96.078191969281804	96.078191969281804
5311.7580794903261	72.881808975150491	72.881808975150491
8881.6980034357803	94.24276101343689	94.24276101343689
1969.8993190828903	44.383547842448223	44.383547842448223
1047.0580461350451	32.35827631588316	32.35827631588316
6401.7023458761714	80.010638954305136	80.010638954305136
7955.383703547971	89.192957701535889	89.192957701535889
1207.0683609910529	34.742889358702634	34.742889358702634
5389.7209498412594	73.414718890977568	73.414718890977568
5924.4276342763378	76.970303587009042	76.970303587009042
6273.7743915991359	79.207161239367338	79.207161239367338
1160.6101121591812	34.06772830934257	34.06772830934257
2512.4950657111376	50.124794919392315	50.124794919392315
8228.6958791719535	90.712159489078161	90.712159489078161
1981.0993075693468	44.509541758698738	44.509541758698738
5727.1916411638649	75.678211138767438	75.678211138767438
7738.7616893984105	87.970231836675353	87.970231836675353
6200.1333146621873	78.740925284518895	78.740925284518895
1613.7502784157157	40.171510780847115	40.171510780847115
3842.4513130867408	61.987509331209147	61.987509331209147
4910.4153907769469	70.074356156706472	70.074356156706472
1625.9219026085198	40.322721914678823	40.322721914678823
4338.1916445839506	65.864950046166058	65.864950046166058
4801.2513605621634	69.291062631209257	69.291062631209257
3664.0404733143178	60.531318119749528	60.531318119749528
5275.0338790027008	72.629428463968381	72.629428463968381
6192.1678165568646	78.69032860877418	78.69032860877418
6638.2874635335183	81.475686333614391	81.475686333614391
5658.9814254967478	75.226201721851865	75.226201721851865
8191.916970840166	90.509209315075594	90.509209315075594
4647.7156479257228	68.174156745248581	68.174156745248581
4614.5554717724617	67.930519442828214	67.930519442828214
5457.057306537703	73.871897948663147	73.871897948663147
4500.7336029294675	67.087507055557424	67.087507055557424
5283.7832427804624	72.689636419371794	72.689636419371794
5996.4734033967488	77.436899494987202	77.436899494987202
5413.535762004115	73.576733836207453	73.576733836207453
1819.6330771105931	42.657157396040738	42.657157396040738
8520.4272184735164	92.306160241196878	92.306160241196878
5966.6928302896868	77.244370864741242	77.244370864741242
2248.5335746218861	47.418704902410461	47.418704902410461
7723.5691354162718	87.883838875052973	87.883838875052973
1657.3195794575815	40.710190118170431	40.710190118170431
7760.908165207491	88.096016738598863	88.096016738598863
27.516286242498843	5.2455968433057114	5.2455968433057114
2429.6024490230798	49.290997646863261	49.290997646863261
2956.0497010115696	54.369565944667698	54.369565944667698
9984.8986844302653	99.924464894390425	99.924464894390425
9169.5083536715283	95.757549852069261	95.757549852069261
23.218091775321216	4.8185155157290112	4.8185155157290112
5256.2787860071485	72.500198523915429	72.500198523915429
8390.4655295801585	91.599484330317921	91.599484330317921
9554.109193005419	97.745123627756584	97.745123627756584
2709.87225309325	52.056433349714325	52.056433349714325
3444.911426998965	58.69336782805162	58.69336782805162
4272.9714250900633	65.367969412320463	65.367969412320463
2427.4355977447849	49.269012550941035	49.269012550941035
8817.1902275423035	93.89989471528871	93.89989471528871
954.34478452859241	30.892471324395405	30.892471324395405
7145.2481507917673	84.529569682991806	84.529569682991806
1564.1091126981623	39.54881935909291	39.54881935909291
4659.6081535803023	68.261322530260884	68.261322530260884
5617.4251665601396	74.949484098025252	74.949484098025252
3893.2237613324983	62.395703067859557	62.395703067859557
8076.890089363229	89.871519901263653	89.871519901263653
5821.7218498412039	76.300208714270269	76.300208714270269
9718.9706005912049	98.584839608284625	98.584839608284625
3253.290184934719	57.037620786062938	57.037620786062938
3970.8561564495517	63.0147296784613	63.0147296784613
211.76929105479496	14.552295044246284	14.552295044246284
676.26750449212102	26.005143808333784	26.005143808333784
3496.9238223317693	59.134793669478285	59.134793669478285
9830.3133901767796	99.147936893194	99.147936893194
1358.108706898993	36.852526465616883	36.852526465616883
705.53915572876701	26.561987044059165	26.561987044059165
8768.6283859241103	93.64095464017926	93.64095464017926
7391.2752889158364	85.972526361133745	85.972526361133745
5583.6493327011085	74.723820383470141	74.723820383470141
2086.8431073418146	45.681977927206859	45.681977927206859
4558.4833655474304	67.516541421694811	67.516541421694811
3824.1743159820912	61.839908764341587	61.839908764341587
5747.4153355577555	75.811709752239167	75.811709752239167
5261.4994464321953	72.536194044298981	72.536194044298981
4484.5438930125074	66.966737213429383	66.966737213429383
1160.8061517894168	34.070605392176653	34.070605392176653
8618.8460268963026	92.83774031554357	92.83774031554357
8811.035573803325	93.867116573394995	93.867116573394995
2206.8344852818555	46.976956960640344	46.976956960640344
1880.8106806515107	43.368314247287856	43.368314247287856
5261.5194943874312	72.536332236937866	72.536332236937866
6151.6152078590467	78.432233219888914	78.432233219888914
7733.8095886035471	87.942080874877803	87.942080874877803
1156.5273347633197	34.007754038797088	34.007754038797088
8106.1947523732415	90.034408713409348	90.034408713409348
7911.7823881358063	88.948200589645467	88.948200589645467
7049.7447098930534	83.962757874506792	83.962757874506792
5949.8678186383759	77.135386293441073	77.135386293441073
4584.0550410806154	67.705649993782757	67.705649993782757
8401.1086160874183	91.657561696171143	91.657561696171143
2171.113937891806	46.595213680074544	46.595213680074544
3246.5767308899358	56.978739288351541	56.978739288351541
4481.5707180070167	66.944534638811376	66.944534638811376
3361.026459447723	57.974360362557888	57.974360362557888
3454.7563347797886	58.777175287519462	58.777175287519462
7050.5399221133148	83.967493246573198	83.967493246573198
944.85458622606529	30.738487051676199	30.738487051676199
5807.6014183315947	76.207620474146779	76.207620474146779
3490.433265756129	59.079888843464566	59.079888843464566
475.83540913915266	21.813651898275829	21.813651898275829
6779.6919575273841	82.338884845055944	82.338884845055944
4314.9238638285133	65.688080074154342	65.688080074154342
9324.6676466037261	96.564318703151045	96.564318703151045
8455.7593075948862	91.95520272173232	91.95520272173232
2558.1551525055179	50.578208276939961	50.578208276939961
6918.4259719537267	83.177076000264194	83.177076000264194
9534.548489357072	97.645012618961104	97.645012618961104
4202.3315819447562	64.8253930334769	64.8253930334769
4096.228123112408	64.001782187001695	64.001782187001695
3037.8570765432128	55.116758581607577	55.116758581607577
2352.4117676604901	48.501667679168413	48.501667679168413
6111.7918014704073	78.177949585995208	78.177949585995208
8326.9465933446136	91.252104596796087	91.252104596796087
3761.2285668195063	61.328855906657076	61.328855906657076
5991.1933475096848	77.402799351894785	77.402799351894785
3231.3103680980444	56.844615999213545	56.844615999213545
55.777747059308354	7.4684501109204948	7.4684501109204948
406.25640007650782	20.155803136479275	20.155803136479275
1671.9590849391648	40.889596292200842	40.889596292200842
797.37130483188309	28.237763807211842	28.237763807211842
2389.4270426601406	48.881765952757277	48.881765952757277
9993.6447564095979	99.968218731802949	99.968218731802949
6128.615215848823	78.285472572175379	78.285472572175379
4012.9245276952843	63.347648162305788	63.347648162305788
2107.4577433505206	45.907055485519003	45.907055485519003
5897.7353132476273	76.796714208666685	76.796714208666685
306.76742545612927	17.514777345319846	17.514777345319846
6847.843740748759	82.751699322423335	82.751699322423335
7631.4736356208559	87.358306048256537	87.358306048256537
5589.7535486896586	74.764654407612014	74.764654407612014
393.81552041320401	19.844785723539673	19.844785723539673
8981.0236969792295	94.768263131595006	94.768263131595006
4157.5761358435102	64.479269039308363	64.479269039308363
4457.7713495345233	66.766543639269841	66.766543639269841
8964.8655383658042	94.682973856791193	94.682973856791193
1416.1120376726349	37.63126409878673	37.63126409878673
6352.7185064391733	79.703942853783417	79.703942853783417
4994.6974433076039	70.673173434533169	70.673173434533169
6286.4569484882086	79.287180227879261	79.287180227879261
4180.2457992097388	64.654820386493526	64.654820386493526
7776.81063312058	88.18622700354392	88.18622700354392
8871.0188202840527	94.18608612891849	94.18608612891849
280.09027060489711	16.735897663552354	16.735897663552354
7763.2095999543171	88.109077852139151	88.109077852139151
4157.625773697333	64.479653951439076	64.479653951439076
65.961883663924553	8.1216921675180807	8.1216921675180807
1725.9821410574348	41.544941221013119	41.544941221013119
7569.1933945026813	87.001111455559467	87.001111455559467
8655.5980018355986	93.035466365443654	93.035466365443654
5702.7846163207032	75.516783673039882	75.516783673039882
859.82043719875094	29.322694917056157	29.322694917056157
8933.8215474028766	94.518895187168141	94.518895187168141
2394.8889618470557	48.93760273907025	48.93760273907025
6049.3227233886619	77.777392109716956	77.777392109716956
1469.7866804366188	38.337797021172442	38.337797021172442
3134.4759249894701	55.98639053367765	55.98639053367765
947.14248489284671	30.775680088226267	30.775680088226267
1192.8469008878826	34.537615738320483	34.537615738320483
9526.914944224065	97.605916543127989	97.605916543127989
2303.7917638431309	47.997830824352164	47.997830824352164
2574.053356419191	50.735129411672844	50.735129411672844
1869.4075883748856	43.236646359019169	43.236646359019169
5117.8589379964624	71.539212589994747	71.539212589994747
2780.5383584450183	52.73081033366563	52.73081033366563
1449.1370067885218	38.067532186740472	38.067532186740472
4841.462696825778	69.580620123894974	69.580620123894974
5176.3964811111673	71.947178409658065	71.947178409658065
3952.8122072403908	62.871394188775476	62.871394188775476
4867.8307007862841	69.769840911286906	69.769840911286906
776.92885706233233	27.873443580984613	27.873443580984613
3066.3141726373128	55.37430968090991	55.37430968090991
9217.1587035138709	96.006034724458189	96.006034724458189
1948.4421833276922	44.141162006994016	44.141162006994016
9748.9147015645976	98.736592515463073	98.736592515463073
3116.4438013980366	55.825118015083824	55.825118015083824
6261.0275657715574	79.126655216630738	79.126655216630738
6849.4099732410523	82.761162227466642	82.761162227466642
2833.0845452156454	53.226727733495373	53.226727733495373
1210.5944974627637	34.793598512697187	34.793598512697187
1229.3552085192082	35.062162062816498	35.062162062816498
9459.4551424603123	97.259730322782161	97.259730322782161
3805.1303970172307	61.685739008438823	61.685739008438823
4302.1312840696073	65.590634118520356	65.590634118520356
3260.4154077497242	57.100047353305442	57.100047353305442
3398.2086595207393	58.29415630679236	58.29415630679236
1531.1242439643433	39.129582721571964	39.129582721571964
8197.2026010409136	90.538404012004278	90.538404012004278
6879.6758542393909	82.943811428215611	82.943811428215611
4989.8660093943645	70.63898363789194	70.63898363789194
7473.0443661259997	86.446771866426573	86.446771866426573
4077.3029618911573	63.853762315866376	63.853762315866376
1774.9623383636199	42.130301902118148	42.130301902118148
8513.0767120313976	92.266335746204845	92.266335746204845
7082.501684086772	84.157600275238195	84.157600275238195
594.83291207219793	24.389196626215426	24.389196626215426
4358.3063953449773	66.017470379778842	66.017470379778842
3618.2726108836855	60.152079023785085	60.152079023785085
4244.3830270513754	65.148929592521895	65.148929592521895
4750.892738495967	68.926720061932201	68.926720061932201
8921.9877929840441	94.456274502989174	94.456274502989174
5204.2489133053014	72.140480406671131	72.140480406671131
6389.0407685051869	79.931475455574983	79.931475455574983
3163.1858608677985	56.242207112344005	56.242207112344005
5827.0143092481976	76.334882650385978	76.334882650385978
9799.9963963990303	98.994931165181541	98.994931165181541
8109.966890494291	90.055354590908649	90.055354590908649
2062.4722359749808	45.414449638578475	45.414449638578475
9312.5504694592819	96.50155682401855	96.50155682401855
6967.7486120542808	83.473041229215326	83.473041229215326
4504.2511645526392	67.113718154730776	67.113718154730776
4765.7994781963262	69.034770066947615	69.034770066947615
9721.8882144504787	98.599635975243231	98.599635975243231
7982.4946323412369	89.344807528704408	89.344807528704408
1017.1470598412633	31.892743059217459	31.892743059217459
9379.7371167234523	96.849042931375692	96.849042931375692
7103.2062215105807	84.280521008775096	84.280521008775096
4606.9460725082135	67.874487640852308	67.874487640852308
7618.5495473255378	87.284302983557922	87.284302983557922
4278.3690859876115	65.40924312348838	65.40924312348838
9393.0277354874106	96.91763376954377	96.91763376954377
6012.808856104245	77.542303654871162	77.542303654871162
6383.2442621871051	79.895208005155766	79.895208005155766
9953.2875738233724	99.766164473850409	99.766164473850409
1488.3701403915368	38.579400466978967	38.579400466978967
875.85255536515706	29.594806222801274	29.594806222801274
3722.4634000000615	61.011993902838988	61.011993902838988
8228.770712181602	90.71257196321578	90.71257196321578
1296.7784857750023	36.010810679225237	36.010810679225237
7157.8366784392238	84.603999187031476	84.603999187031476
6873.1202438174669	82.904283627671902	82.904283627671902
7467.7571079913751	86.416185451519297	86.416185451519297
1176.6178340663662	34.30186341973809	34.30186341973809
1246.1305631535924	35.300574544242089	35.300574544242089
2562.7654919122724	50.62376410256622	50.62376410256622
1121.0341687500659	33.48184834727715	33.48184834727715
1884.1598115424802	43.406909721177804	43.406909721177804
8244.5899890953278	90.799724609138153	90.799724609138153
6377.2796640898996	79.857871647633459	79.857871647633459
387.53309966891123	19.685860399507845	19.685860399507845
6945.6810960998318	83.340752912964689	83.340752912964689
4296.0440805288217	65.544214699154196	65.544214699154196
308.34322968778446	17.559704715278798	17.559704715278798
5882.5000474652643	76.697457894413063	76.697457894413063
6639.9432684916892	81.485847044082988	81.485847044082988
4153.8544865924141	64.450403308221539	64.450403308221539
1263.9664280517752	35.552305523717799	35.552305523717799
6076.8026340789529	77.953849385895964	77.953849385895964
27.946012971870232	5.2863988661346992	5.2863988661346992
441.75729000684782	21.018022980452937	21.018022980452937
8162.3868869896878	90.345929000645555	90.345929000645555
2070.8774111070111	45.506894105256308	45.506894105256308
11.97547409756319	3.460559795403511	3.460559795403511
5408.4650086249285	73.54226681728629	73.54226681728629
5357.0912972976657	73.192153249495718	73.192153249495718
8293.018822661601	91.06601354326213	91.06601354326213
6752.2305673366009	82.171957305011304	82.171957305011304
7692.5805477066851	87.707357432011861	87.707357432011861
48.674546332466313	6.9767145801205253	6.9767145801205253
3638.9869837688925	60.324016641540808	60.324016641540808
3484.9501589853789	59.0334664320619	59.0334664320619
6129.2363364452285	78.289439495025306	78.289439495025306
5494.1342662346078	74.122427552223414	74.122427552223414
7708.5045806318076	87.798089846145331	87.798089846145331
5618.2403169711788	74.954921899573606	74.954921899573606
4000.3811503167135	63.24856638941877	63.24856638941877
8417.5267670763951	91.747080428078988	91.747080428078988
7148.7857854517015	84.550492520456089	84.550492520456089
9819.7781258922168	99.094793636659929	99.094793636659929
4914.7940238415385	70.105591958427524	70.105591958427524
1060.894830595711	32.571380544823562	32.571380544823562
880.85142674522501	29.679141273716546	29.679141273716546
9785.9959934717008	98.924193165634165	98.924193165634165
5412.7762722831667	73.571572446721333	73.571572446721333
5482.978983724789	74.047140280532034	74.047140280532034
7076.172260780816	84.119987284716203	84.119987284716203
2189.9729524833451	46.797146841269559	46.797146841269559
881.00373089388006	29.681707007749402	29.681707007749402
5772.2265177687796	75.975170403025615	75.975170403025615
4649.2575900412285	68.185464653701885	68.185464653701885
2414.3021090413959	49.135548323402233	49.135548323402233
8419.2845976969074	91.756659691255692	91.756659691255692
2368.5248430446863	48.667492672673063	48.667492672673063
6160.4182720180715	78.488332075653588	78.488332075653588
7474.6097719425707	86.455825552374264	86.455825552374264
2755.6806393582233	52.494577237636875	52.494577237636875
9827.0348133773459	99.131401752307255	99.131401752307255
1095.0680114533895	33.091811849057002	33.091811849057002
5613.0525449712186	74.92030796100093	74.92030796100093
263.28427141409355	16.226036836334792	16.226036836334792
2802.5913991672091	52.939506978883067	52.939506978883067
3529.9932814022027	59.413746569310057	59.413746569310057
585.03193431939769	24.187433396691716	24.187433396691716
5051.5065487657012	71.073951267434836	71.073951267434836
9741.5929789346483	98.699508504017629	98.699508504017629
504.56472334645662	22.462518188005028	22.462518188005028
1169.232314601976	34.194039167696701	34.194039167696701
3147.0952466062645	56.098977233156972	56.098977233156972
8498.5861441739435	92.187776544257446	92.187776544257446
8916.9222013592189	94.429456216581158	94.429456216581158
2375.9906416237641	48.744134433014239	48.744134433014239
5804.1793319428334	76.185164775977441	76.185164775977441
4432.3070678409667	66.575574108234065	66.575574108234065
2423.5208277953079	49.229267999791624	49.229267999791624
1266.2250009006648	35.584055430777767	35.584055430777767
1433.0343974020207	37.85544078995806	37.85544078995806
3968.6946167921665	62.997576277124871	62.997576277124871
5494.6419246011556	74.125851931705682	74.125851931705682
7135.7356946516002	84.473283910663739	84.473283910663739
9207.5563032396876	95.956012335026131	95.956012335026131
4031.1278412213951	63.491163489271443	63.491163489271443
7344.7289197327	85.701393919426422	85.701393919426422
440.88581887562566	20.997281225806965	20.997281225806965
9412.3518090210891	97.017275827664264	97.017275827664264
8412.7725007941062	91.721167136022132	91.721167136022132
6929.624992136346	83.244369131709718	83.244369131709718
8217.920148586576	90.652744848606631	90.652744848606631
8778.5101554209996	93.693703926256433	93.693703926256433
545.79103466377467	23.362171017775182	23.362171017775182
2914.8356215109288	53.989217641219149	53.989217641219149
4501.4398304639171	67.092770329327706	67.092770329327706
4395.8681042236858	66.301343155502408	66.301343155502408
8530.0300584622928	92.358161839992746	92.358161839992746
9865.0023459187869	99.322718176250021	99.322718176250021
1705.3253745403424	41.295585412248876	41.295585412248876
999.50326866697776	31.614921614120409	31.614921614120409
7024.4431516337581	83.811951126517499	83.811951126517499
5607.4997683006741	74.883240904094649	74.883240904094649
9618.4551122513658	98.073722842825575	98.073722842825575
6779.7188474211889	82.339048132834208	82.339048132834208
5960.4736055096882	77.204103553565645	77.204103553565645
1045.9053107520858	32.340459346646355	32.340459346646355
873.74110308985701	29.559112014569333	29.559112014569333
3056.1624694922775	55.282569309794908	55.282569309794908
506.31059308748559	22.501346472766592	22.501346472766592
5993.6055543420453	77.418379951675846	77.418379951675846
9137.8171183892391	95.59193019491363	95.59193019491363
5941.9861049016235	77.08427923319789	77.08427923319789
7813.235850816618	88.392510151124327	88.392510151124327
1066.6483975891733	32.659583548924402	32.659583548924402
5584.6228013209666	74.730333876686018	74.730333876686018
167.02543061183761	12.923831885777437	12.923831885777437
7709.8582980165211	87.805798772156962	87.805798772156962
5877.6476590511802	76.665818061579316	76.665818061579316
1740.6096238599378	41.720613896009944	41.720613896009944
8124.4981624650727	90.13599814982399	90.13599814982399
2793.9704885891988	52.858021988996136	52.858021988996136
1453.4394164382877	38.124000530352106	38.124000530352106
7684.5134375861489	87.66135658079989	87.66135658079989
113.65642612755926	10.660976790499042	10.660976790499042
4708.4646169828857	68.618252797509243	68.618252797509243
5780.946223784591	76.032533982398562	76.032533982398562
1997.0701457705204	44.688590778525565	44.688590778525565
848.58406236172584	29.130466222869241	29.130466222869241
4700.6670396589925	68.561410718121834	68.561410718121834
8470.5692403654866	92.035695468472923	92.035695468472923
7234.4381847241093	85.055500614152578	85.055500614152578
337.96634419693771	18.383860970887962	18.383860970887962
7186.1557172361836	84.771196271116665	84.771196271116665
7533.5852167510229	86.796228125138157	86.796228125138157
5689.2238151034853	75.426943561989077	75.426943561989077
899.16774199782344	29.986125825084898	29.986125825084898
465.23150488724491	21.569225875938269	21.569225875938269
2701.386759533993	51.974866613912468	51.974866613912468
6359.1183635685011	79.744080429637535	79.744080429637535
6175.7567712133787	78.585983299907738	78.585983299907738
3954.689386359837	62.886321138701035	62.886321138701035
5477.5188062774241	74.01026149310259	74.01026149310259
3742.556912686412	61.176440830489739	61.176440830489739
4318.2437436083956	65.713345247433537	65.713345247433537
2541.5392467655684	50.413681146743968	50.413681146743968
2214.8155702170147	47.061827102408749	47.061827102408749
8905.1757750387951	94.367238886378331	94.367238886378331
6513.4419537049707	80.705897886740416	80.705897886740416
8202.667902794934	90.568581212222455	90.568581212222455
7010.9981730239833	83.731703512014988	83.731703512014988
1814.3925609497958	42.59568711677035	42.59568711677035
9661.3944743716511	98.292392759417808	98.292392759417808
9618.8044273163541	98.075503706666495	98.075503706666495
7736.3651971958679	87.956609741371153	87.956609741371153
4304.2790830296299	65.607004832027116	65.607004832027116
536.52779142357679	23.163069559615298	23.163069559615298
7423.0822531912499	86.157311083803265	86.157311083803265
3399.7066232276329	58.307003209114022	58.307003209114022
645.55928218979943	25.407858669903678	25.407858669903678
5163.5541086014937	71.857874367403141	71.857874367403141
1403.3906120567021	37.461855427310354	37.461855427310354
9413.65844610981	97.024009637356315	97.024009637356315
8981.6120004409004	94.771366986241688	94.771366986241688
7388.4682498914244	85.956199601258689	85.956199601258689
4322.6152667481092	65.746598898711937	65.746598898711937
334.0945629607607	18.27825382690482	18.27825382690482
2793.1066029387071	52.849849601855134	52.849849601855134
4784.3214234274765	69.168789373730377	69.168789373730377
9688.7049602228308	98.431219438869249	98.431219438869249
9040.8858278366024	95.083572860071911	95.083572860071911
5639.2639232516976	75.095032613693547	75.095032613693547
267.82272475998082	16.365290243682843	16.365290243682843
4269.2841658508514	65.339759456634454	65.339759456634454
6957.9959304961494	83.414602621460403	83.414602621460403
1404.6846844265403	37.479123314540594	37.479123314540594
7187.4886444892209	84.779057817890504	84.779057817890504
1009.8834806964979	31.778663922457437	31.778663922457437
8324.1922663462501	91.237011493944991	91.237011493944991
1855.8839828148118	43.079971945380976	43.079971945380976
2374.5863246366903	48.729727319539663	48.729727319539663
3920.4382863230726	62.613403407921155	62.613403407921155
4355.2001427468786	65.99394019716415	65.99394019716415
1618.9030695098522	40.235594558920738	40.235594558920738
2766.6243676236663	52.598710703054941	52.598710703054941
2158.6101624378416	46.460845477001833	46.460845477001833
6915.2437515492375	83.157944608733786	83.157944608733786
5707.1284595736424	75.545538978642824	75.545538978642824
763.0527629965062	27.623409691718113	27.623409691718113
1942.0024027357331	44.068156334656585	44.068156334656585
9048.2827541085699	95.122461879981685	95.122461879981685
8847.3258871035214	94.06022478765145	94.06022478765145
5743.9440254543561	75.788812007144926	75.788812007144926
9670.9422451172959	98.340948974053006	98.340948974053006
7512.2506044491092	86.673240417380896	86.673240417380896
7609.2308924875315	87.230905603963166	87.230905603963166
4586.9445356207107	67.726985283716203	67.726985283716203
1320.2790480012573	36.335644317959428	36.335644317959428
4597.6199325766602	67.805751471218571	67.805751471218571
275.88516474923097	16.609791231356009	16.609791231356009
877.48213423174207	29.622324929548355	29.622324929548355
357.18114494569778	18.899236623358568	18.899236623358568
4841.2878741710865	69.579363852877293	69.579363852877293
3853.9953122655729	62.080555025431053	62.080555025431053
8852.9886739554659	94.090321893144065	94.090321893144065
1271.5180588725048	35.658351881046109	35.658351881046109
730.76817939504224	27.032724231846153	27.032724231846153
9710.1219018438605	98.539950790752172	98.539950790752172
9105.7166847792159	95.423879007191985	95.423879007191985
2168.3206337967476	46.565229880209415	46.565229880209415
9214.4904347277443	95.992137358888641	95.992137358888641
9542.5418110007377	97.685934560717271	97.685934560717271
7078.1674819906511	84.131845825410551	84.131845825410551
8162.1189402003401	90.344446094933474	90.344446094933474
6745.7570522995893	82.132557809309631	82.132557809309631
8414.1895490879488	91.728891572328223	91.728891572328223
4551.9283509651641	67.467980190347802	67.467980190347802
8503.6176953991799	92.215062193760843	92.215062193760843
5108.2785368811255	71.472222134764536	71.472222134764536
1789.5808112503294	42.303437345567197	42.303437345567197
4824.106624560909	69.455788992429632	69.455788992429632
1177.0918931686679	34.308772830992773	34.308772830992773
6004.330169567128	77.487613007287351	77.487613007287351
9470.3886306103741	97.315921773419859	97.315921773419859
3554.2688623974618	59.61768917357886	59.61768917357886
4646.9242247153597	68.168352075690962	68.168352075690962
6228.1747486044305	78.918785777560146	78.918785777560146
6498.5309827072078	80.613466509679441	80.613466509679441
2145.8333735017472	46.323140799191791	46.323140799191791
6970.6718517223535	83.490549475508629	83.490549475508629
4854.285676054089	69.672703952509906	69.672703952509906
7976.3765440161442	89.310562331765354	89.310562331765354
8093.7074495480583	89.965034594269227	89.965034594269227
8774.4104885494362	93.671823343785917	93.671823343785917
3063.6684431786371	55.350415022641315	55.350415022641315
5034.6296362329367	70.955124101314468	70.955124101314468
1356.846837529808	36.835401959661141	36.835401959661141
1120.3465993436694	33.471578978943754	33.471578978943754
4093.1701298257094	63.977887819352944	63.977887819352944
1347.2199887965517	36.704495484838795	36.704495484838795
1536.2344481555074	39.1948268034891	39.1948268034891
8081.5480062778215	89.897430476503729	89.897430476503729
7006.0308979943666	83.702036402911773	83.702036402911773
6427.5947901973395	80.172281932082612	80.172281932082612
1174.1020552500261	34.265172628341247	34.265172628341247
5771.2691231316512	75.968869434339027	75.968869434339027
4611.0101965514223	67.904419565676449	67.904419565676449
5023.8148046895349	70.878874177638679	70.878874177638679
6392.8691228809012	79.955419596678382	79.955419596678382
9921.2366212773395	99.60540457865396	99.60540457865396
3567.0501455636781	59.724786693329243	59.724786693329243
3033.367912811882	55.076019398753594	55.076019398753594
9926.8436436522188	99.633546778443147	99.633546778443147
6727.5763629045805	82.021804191962161	82.021804191962161
280.33119112961549	16.743093833865217	16.743093833865217
4661.1553296224374	68.272654332627482	68.272654332627482
7333.9336870136422	85.638389096325497	85.638389096325497
4100.3155367524223	64.033706255006223	64.033706255006223
6228.0880362775006	78.918236398677209	78.918236398677209
4935.5082197706333	70.253172311082395	70.253172311082395
7628.5676981467577	87.341672173978651	87.341672173978651
1974.1540480163858	44.431453363764568	44.431453363764568
8682.5439306431399	93.180169191964552	93.180169191964552
5688.4469768670606	75.421793779166109	75.421793779166109
3465.3726186612034	58.867415593528506	58.867415593528506
7957.2162702540872	89.203230155942705	89.203230155942705
9437.7060901186578	97.147856847789797	97.147856847789797
6436.8859728706875	80.230206112602545	80.230206112602545
1805.0947825772116	42.486407033040713	42.486407033040713
3788.8721038486487	61.553814697780098	61.553814697780098
3464.9823099123578	58.864100349129245	58.864100349129245
5712.9702357708393	75.584193028508537	75.584193028508537
9899.3475621562648	99.495465033117284	99.495465033117284
444.37348985859643	21.080168164855717	21.080168164855717
366.7304398428364	19.150207305479395	19.150207305479395
561.85803807917216	23.703544842052047	23.703544842052047
9377.6478153755797	96.838255949679208	96.838255949679208
4550.3609276860971	67.456363137113286	67.456363137113286
9632.9523844434989	98.147605087661205	98.147605087661205
2022.9729184248019	44.977471231993491	44.977471231993491
2196.6202055661624	46.868115020407664	46.868115020407664
9909.0273987721248	99.544097759596596	99.544097759596596
7426.2464019130184	86.175671752026503	86.175671752026503
9216.4239801389103	96.002208204493456	96.002208204493456
1069.9734973198626	32.710449359797288	32.710449359797288
2087.503518548448	45.689205711507483	45.689205711507483
6831.0741026592295	82.650312175207361	82.650312175207361
6439.4278751259471	80.246045853524436	80.246045853524436
9096.5941512493573	95.376066973058585	95.376066973058585
7998.712964201065	89.435524061756723	89.435524061756723
3052.8819095481731	55.252890508535145	55.252890508535145
180.44583775048935	13.433012981103284	13.433012981103284
4193.567088225037	64.757756973393057	64.757756973393057
6424.8935207981858	80.155433507643053	80.155433507643053
7050.4272876756659	83.966822541261294	83.966822541261294
696.32914540507181	26.388049291394616	26.388049291394616
2264.6695453751831	47.58854426619061	47.58854426619061
2618.444445076077	51.170738172085002	51.170738172085002
2144.911454395447	46.313188773776382	46.313188773776382
6392.1808259657682	79.951115226529325	79.951115226529325
7695.3032464063945	87.722877554298194	87.722877554298194
3032.4428182593106	55.067620415806154	55.067620415806154
8752.1735708325195	93.553052172724534	93.553052172724534
5094.0454057429615	71.37258161046833	71.37258161046833
9868.5845755444952	99.340749823748041	99.340749823748041
8518.7744650191544	92.297207243876855	92.297207243876855
922.56685422069995	30.373785641910032	30.373785641910032
9149.894078332245	95.655078685515932	95.655078685515932
2536.2270335839198	50.360967361478671	50.360967361478671
9367.3363287137254	96.78500053579441	96.78500053579441
7245.3190450224592	85.119439877283369	85.119439877283369
1546.6453714885749	39.327412468767569	39.327412468767569
971.01799238292824	31.161161601951367	31.161161601951367
2828.1846556818423	53.180679345809814	53.180679345809814
9084.928959867384	95.314893693836666	95.314893693836666
1876.7637626095313	43.321631578341218	43.321631578341218
2945.9801390494899	54.276884021187968	54.276884021187968
7717.2837902755427	87.84807220580052	87.84807220580052
8141.8992513334724	90.232473374797124	90.232473374797124
8443.8378026486789	91.890357506371032	91.890357506371032
7697.7262930706311	87.7366872697541	87.7366872697541
5757.7031969960926	75.879530816921189	75.879530816921189
5667.3008976658075	75.281477786144762	75.281477786144762
2045.4382689411736	45.226521742680738	45.226521742680738
5529.597296718518	74.361262070506299	74.361262070506299
7348.7731341324879	85.724985471754309	85.724985471754309
7775.6341123113634	88.17955609046443	88.17955609046443
645.70369712437014	25.410700445370846	25.410700445370846
7853.6192103622916	88.620647765418028	88.620647765418028
5428.830217143558	73.680595933689062	73.680595933689062
9634.6121370684214	98.156060113822932	98.156060113822932
9392.3079493238256	96.91392030726972	96.91392030726972
6056.5608976858439	77.823909550252253	77.823909550252253
839.10305304455642	28.967275554400285	28.967275554400285
3978.8872646953027	63.078421545686311	63.078421545686311
158.83148262528229	12.602836292885911	12.602836292885911
8786.5249472779215	93.736465408494695	93.736465408494695
3054.4592349292093	55.26716235640481	55.26716235640481
3939.2308579514242	62.763292281009484	62.763292281009484
6811.8770508993712	82.534096292982881	82.534096292982881
8948.2990742494021	94.595449543037759	94.595449543037759
9804.8113918998861	99.019247582982004	99.019247582982004
8353.1001013438836	91.395295838155064	91.395295838155064
8404.3137620944362	91.675044380106172	91.675044380106172
8742.2356272334291	93.499923140254126	93.499923140254126
1849.3917626895729	43.004555138840502	43.004555138840502
4970.4254697003144	70.501244454976217	70.501244454976217
7091.7384846933228	84.212460388551307	84.212460388551307
5947.1148525828012	77.117539202069992	77.117539202069992
6953.1655132081423	83.385643327902329	83.385643327902329
7326.1605546390119	85.592993607181498	85.592993607181498
4285.710232430607	65.465336113324938	65.465336113324938
9364.8535505056589	96.772173430721594	96.772173430721594
2016.1126050078008	44.90114258020391	44.90114258020391
7027.1056368269501	83.827833306288852	83.827833306288852
9934.3906443815358	99.671413376060514	99.671413376060514
4949.2892354445748	70.351185032269171	70.351185032269171
7039.1516614133043	83.899652331897684	83.899652331897684
6754.2781495225754	82.184415490545263	82.184415490545263
591.46580831131575	24.320070072088932	24.320070072088932
9702.2763297997499	98.500133653715167	98.500133653715167
3139.248455676729	56.028996561394251	56.028996561394251
526.08291358155736	22.936497413109034	22.936497413109034
5485.64486739729	74.065139353121381	74.065139353121381
1996.6331207063856	44.683700839415543	44.683700839415543
6394.2171011473429	79.963848713949119	79.963848713949119
7202.3618321936337	84.866729830915688	84.866729830915688
7554.7955918291755	86.918327134322922	86.918327134322922
8327.5988536577734	91.255678473494314	91.255678473494314
1839.0168009669005	42.883759174854305	42.883759174854305
9959.8429460630323	99.799012750943746	99.799012750943746
6989.6979359057586	83.604413375764793	83.604413375764793
5409.2739041660161	73.547766139876856	73.547766139876856
4620.6353445163249	67.975255383972808	67.975255383972808
3978.9607468052136	63.079004009299432	63.079004009299432
3188.0447446481676	56.462773086770788	56.462773086770788
1011.0633535739782	31.797222419167028	31.797222419167028
9761.5538492087671	98.800576158283448	98.800576158283448
116.43760203110254	10.790625655220486	10.790625655220486
4165.0527669468847	64.537220012539152	64.537220012539152
7248.7389498108569	85.13952636590632	85.13952636590632
2776.9385791996633	52.696665731331272	52.696665731331272
6350.0097546555699	79.686948458675275	79.686948458675275
1762.0967522514813	41.977336173838872	41.977336173838872
263.0469065385206	16.218720866286606	16.218720866286606
4220.8766543803413	64.968274214268163	64.968274214268163
4746.9689564478022	68.898250750275238	68.898250750275238
9364.3926129141473	96.769791840812317	96.769791840812317
9169.4681954115731	95.75734016466609	95.75734016466609
1525.1901815165243	39.053683328420178	39.053683328420178
2645.9960428181689	51.439246133843845	51.439246133843845
8284.6109016426199	91.019837956582961	91.019837956582961
6169.566592750577	78.546588676724696	78.546588676724696
8450.3274929796717	91.925662863966735	91.925662863966735
3655.6669028922383	60.462111300319627	60.462111300319627
9728.1590027395596	98.631430095784168	98.631430095784168
8881.0665144419672	94.239410622318559	94.239410622318559
7767.0219161408668	88.130709268341121	88.130709268341121
278.28518942629165	16.681882070866333	16.681882070866333
1817.0778286693819	42.627195880908964	42.627195880908964
5453.2905956860886	73.846398664295663	73.846398664295663
7543.0193041800485	86.850557304947955	86.850557304947955
2654.9228770469153	51.525943727863108	51.525943727863108
1163.8468056685233	34.115199041901008	34.115199041901008
8532.1783004183926	92.36979105973117	92.36979105973117
2897.3666064894155	53.82719207323948	53.82719207323948
1719.7966110660293	41.470430562824269	41.470430562824269
8270.7811040028482	90.943834887269006	90.943834887269006
8114.7377064939592	90.081838938234156	90.081838938234156
3448.6893253298917	58.725542358754694	58.725542358754694
6370.7249325563353	79.81682111282268	79.81682111282268
4585.3333153754038	67.715089273923311	67.715089273923311
9694.2081281410356	98.459169852995586	98.459169852995586
6898.1047338224689	83.054829683905012	83.054829683905012
6193.2928547150623	78.697476800181221	78.697476800181221
6659.0152105576362	81.60278923270721	81.60278923270721
529.28299576323991	23.006151259244557	23.006151259244557
2363.4068800181913	48.614883317953066	48.614883317953066
2805.6857794676866	52.968724540691809	52.968724540691809
7488.5479635488109	86.536396756213577	86.536396756213577
6092.4379296231909	78.054070551273568	78.054070551273568
2268.9835641863624	47.633848933152173	47.633848933152173
5933.730401702669	77.030710769813552	77.030710769813552
1263.8822329816237	35.551121402589025	35.551121402589025
4562.3982998348911	67.545527607939306	67.545527607939306
2944.4453503403356	54.262743667643051	54.262743667643051
6545.5838702777037	80.904782740439416	80.904782740439416
840.59502746360101	28.993016874130245	28.993016874130245
2223.5241547568698	47.154259136973721	47.154259136973721
1183.1060132391256	34.396308133855378	34.396308133855378
3473.9117090577097	58.939899126633307	58.939899126633307
5305.0569693007519	72.835822019805278	72.835822019805278
2236.6833713568899	47.293587000320564	47.293587000320564
7902.3271422378584	88.895034407090805	88.895034407090805
3612.7330042676272	60.106014709574843	60.106014709574843
8721.2088149012088	93.387412507795759	93.387412507795759
8214.6532140980999	90.634724107805937	90.634724107805937
3975.2463770691684	63.049554931570839	63.049554931570839
5799.8825948516596	76.156960252176944	76.156960252176944
6787.6021533071817	82.386905229576271	82.386905229576271
9127.349165627651	95.537161176306938	95.537161176306938
5956.4282728165908	77.177900158119044	77.177900158119044
6719.1315025222993	81.970308664310267	81.970308664310267
8156.3547327988235	90.312539178116481	90.312539178116481
1108.2111165799595	33.289804994621996	33.289804994621996
1188.1473297558784	34.469513047849667	34.469513047849667
1685.0231301491319	41.049033242564093	41.049033242564093
4452.7448031379972	66.728890318496966	66.728890318496966
952.4401233543764	30.861628656867357	30.861628656867357
7497.0874581460303	86.585723177357764	86.585723177357764
1938.9211598553784	44.033182486113567	44.033182486113567
8644.141021819858	92.973872791337769	92.973872791337769
1592.3498352142199	39.904258359405951	39.904258359405951
6735.6125991168292	82.07077798532697	82.07077798532697
4651.2634473172575	68.200171900936269	68.200171900936269
2381.8574190856261	48.804276647499101	48.804276647499101
3862.6135246597091	62.14992779287607	62.14992779287607
4627.1382711842816	68.023071609449403	68.023071609449403
8827.3137591945851	93.953785230796242	93.953785230796242
2560.5637709586581	50.602013506960944	50.602013506960944
5597.8878866164741	74.819034253433628	74.819034253433628
228.97660770847091	15.1319730276151	15.1319730276151
1365.5384625027275	36.953192859382632	36.953192859382632
395.21399740640123	19.87998987440389	19.87998987440389
3827.6277151078466	61.867824554511749	61.867824554511749
2918.9277556029897	54.027102047055884	54.027102047055884
2672.9188116148234	51.700278641558825	51.700278641558825
926.40094527903659	30.436835336135665	30.436835336135665
989.43039803301065	31.455212573324165	31.455212573324165
5517.3044100689285	74.27855955838757	74.27855955838757
8904.4929462104064	94.363620883317139	94.363620883317139
8949.5327523620927	94.601970129390494	94.601970129390494
3463.9915844248485	58.855684384983995	58.855684384983995
7959.1603226281741	89.214126250432869	89.214126250432869
3609.9457677968294	60.082824232860673	60.082824232860673
1840.4679721913578	42.900675661245216	42.900675661245216
8561.6396334268629	92.529128567315837	92.529128567315837
1735.8209428803991	41.663184502392504	41.663184502392504
752.62532687089686	27.434017694659616	27.434017694659616
1754.5021425408588	41.886777657643457	41.886777657643457
8243.4965328419348	90.793703156341934	90.793703156341934
4658.4662169620251	68.252957569339259	68.252957569339259
3801.2752455414416	61.654482769231322	61.654482769231322
851.12092488361395	29.173976843817744	29.173976843817744
9636.122003637538	98.163750965606127	98.163750965606127
5164.7790405363567	71.866397158451989	71.866397158451989
9435.6386877794648	97.137215771193823	97.137215771193823
4966.9162937767715	70.47635272754097	70.47635272754097
1550.0914552152603	39.371200835322007	39.371200835322007
6407.7488978970532	80.048415961198472	80.048415961198472
2373.8278759254576	48.721944500660662	48.721944500660662
9919.3630878836339	99.595999356819718	99.595999356819718
7569.1685209673151	87.00096850591558	87.00096850591558
1143.079459925844	33.809458143038079	33.809458143038079
2639.6458322332956	51.377483708656804	51.377483708656804
236.43513406228038	15.376447381052634	15.376447381052634
2039.5585821127602	45.161472320029162	45.161472320029162
3932.0284461248962	62.70588844857312	62.70588844857312
9320.0438302528237	96.540374094224561	96.540374094224561
7065.6252678085766	84.057273735284667	84.057273735284667
8336.8795851526993	91.306514472696307	91.306514472696307
1116.3311170770123	33.411541674652071	33.411541674652071
6511.4811998330988	80.693749447110832	80.693749447110832
3149.0247615559542	56.116172014455458	56.116172014455458
8515.5009594229996	92.279472036975804	92.279472036975804
817.73208764427454	28.596015240663768	28.596015240663768
6744.1075530179087	82.122515505906833	82.122515505906833
5982.768149139255	77.348355826993867	77.348355826993867
6730.2565998659766	82.038141128782144	82.038141128782144
6564.233952923817	81.019960213047611	81.019960213047611
2260.5109607109625	47.544831061966796	47.544831061966796
3943.2459727939786	62.795270305923346	62.795270305923346
8155.9278415102244	90.310175736238193	90.310175736238193
5357.755886784651	73.196693141047376	73.196693141047376
5451.1732940740412	73.832061423706989	73.832061423706989
5497.6001131471612	74.14580307169895	74.14580307169895
7331.332991001319	85.623203578243434	85.623203578243434
6997.9815804808713	83.653939419975146	83.653939419975146
2223.8852649014739	47.158088011511595	47.158088011511595
8952.7142280933513	94.618783695909727	94.618783695909727
2323.6634415923795	48.204392347506875	48.204392347506875
4805.1562808473482	69.319234566225177	69.319234566225177
8888.9413337849692	94.281182288858517	94.281182288858517
9170.1177834855971	95.760731949403961	95.760731949403961
2414.6946146136429	49.139542271104268	49.139542271104268
5835.1274869697409	76.388006172237155	76.388006172237155
9523.9414386858371	97.590683155134414	97.590683155134414
7743.6525811357596	87.998026007040409	87.998026007040409
431.44030069765654	20.771141054300713	20.771141054300713
413.92027390110985	20.345030693049097	20.345030693049097
7370.2401582830671	85.850102843753589	85.850102843753589
7971.5367905544244	89.283463141583084	89.283463141583084
96.680705623711873	9.8326347244119603	9.8326347244119603
5960.8570607889314	77.206586900269926	77.206586900269926
2863.7609892374435	53.514119531553945	53.514119531553945
7476.136553351791	86.464654936868811	86.464654936868811
8055.5533823723235	89.752734679074393	89.752734679074393
5809.333845154476	76.218986119958828	76.218986119958828
1576.259709709105	39.702137344343377	39.702137344343377
5990.53818710413	77.398567086892058	77.398567086892058
2249.4991219050194	47.428884889959406	47.428884889959406
9340.7582108226179	96.6475980602861	96.6475980602861
7536.2866341878198	86.811788566921138	86.811788566921138
4731.1539864696542	68.783384523223731	68.783384523223731
7057.3020008722388	84.007749647709517	84.007749647709517
4461.9994217008953	66.798199239956276	66.798199239956276
4834.5037132657226	69.530595519280013	69.530595519280013
2874.3604516190403	53.613062322712366	53.613062322712366
2100.1281130205662	45.827154755892998	45.827154755892998
3387.2598052990711	58.200170148368734	58.200170148368734
559.47095869156806	23.653138453312451	23.653138453312451
1566.420919310699	39.578035819260904	39.578035819260904
2877.7936032129469	53.645070632938371	53.645070632938371
3652.3913082463932	60.435017235427289	60.435017235427289
1406.925826027742	37.509009931318396	37.509009931318396
5131.2551305679663	71.632779721074385	71.632779721074385
801.35428731723312	28.308201767636763	28.308201767636763
5987.6406685564334	77.379846656325398	77.379846656325398
2415.1697854568711	49.144376946471418	49.144376946471418
1453.7746762133249	38.128397241600979	38.128397241600979
6781.1608665773847	82.3478042608143	82.3478042608143
4467.055341902892	66.836033259783548	66.836033259783548
4671.4052758875296	68.347679374559092	68.347679374559092
6197.2077541153649	78.722345964251886	78.722345964251886
1705.651449071044	41.299533279094618	41.299533279094618
193.85166223793681	13.923062243556078	13.923062243556078
2556.0983499464742	50.557871295639757	50.557871295639757
3684.655489146618	60.701363157235754	60.701363157235754
3968.7482987767949	62.998002339572601	62.998002339572601
892.33495189201108	29.871976029248735	29.871976029248735
647.97806186202752	25.455413213342805	25.455413213342805
7002.3432750562879	83.680005228586637	83.680005228586637
5601.0174928602928	74.839945836834303	74.839945836834303
7126.1159680387518	84.416325246001747	84.416325246001747
4962.5871830468641	70.44563281742073	70.44563281742073
431.89256488811338	20.782025043005635	20.782025043005635
7938.1844222217615	89.096489393363655	89.096489393363655
6095.4358051982081	78.073272028256937	78.073272028256937
7076.4241433548295	84.121484433852146	84.121484433852146
5013.7118491265919	70.807569151373869	70.807569151373869
900.16775911204707	30.002795854920706	30.002795854920706
4850.6395345119181	69.6465328247711	69.6465328247711
308.74983873172101	17.571278801832296	17.571278801832296
7622.4083890580332	87.306405200638252	87.306405200638252
5152.7062178026626	71.782353108564664	71.782353108564664
1272.148949156322	35.667197102608469	35.667197102608469
2357.9119883443905	48.558335930552545	48.558335930552545
3932.0093578208653	62.705736243352291	62.705736243352291
8433.1697760124298	91.832291575526028	91.832291575526028
2044.445960908294	45.215549990111739	45.215549990111739
6644.4760017857707	81.513655308701317	81.513655308701317
5637.7165147512078	75.084728905092334	75.084728905092334
99.472088081612995	9.9735694754492492	9.9735694754492492
7492.1228473454503	86.557049668674878	86.557049668674878
8266.2488613934511	90.918913661533878	90.918913661533878
3379.6024948496397	58.134348666254439	58.134348666254439
1937.3053902918011	44.014831480897449	44.014831480897449
7194.7228600871586	84.821712197332815	84.821712197332815
7053.832067354806	83.98709464765885	83.98709464765885
3960.4150851265463	62.931828871617469	62.931828871617469
2266.3543250109519	47.606242500442647	47.606242500442647
8530.8290470830489	92.362487228761054	92.362487228761054
4123.0475259202913	64.210961104162664	64.210961104162664
4329.5454048078009	65.799281187622412	65.799281187622412
6986.0865399341174	83.582812467241837	83.582812467241837
8257.3344691525108	90.86987657718322	90.86987657718322
1406.7451298777191	37.506601150700384	37.506601150700384
7373.1068583394699	85.866797182260555	85.866797182260555
8140.8872802999576	90.226865623826015	90.226865623826015
1002.3974666348541	31.660661184423393	31.660661184423393
3391.9614713870278	58.240548343804491	58.240548343804491
5338.0361832573335	73.061865451529044	73.061865451529044
1866.7620306725948	43.206041599209186	43.206041599209186
156.43698925999837	12.507477333978997	12.507477333978997
9166.3127149336342	95.74086230514969	95.74086230514969
5405.5475444197009	73.522428852831709	73.522428852831709
210.50820491279129	14.508900885759447	14.508900885759447
344.49547452114865	18.560589282701901	18.560589282701901
177.60769505558125	13.326953705013807	13.326953705013807
7347.0183434835171	85.714749859540021	85.714749859540021
8458.9085818123021	91.972325086475351	91.972325086475351
3051.8548687526404	55.243595726134991	55.243595726134991
6106.7452498160746	78.14566686525923	78.14566686525923
1937.8529121256986	44.021050783979462	44.021050783979462
1211.8769132938994	34.812022539546582	34.812022539546582
5642.5083375048416	75.116631563887651	75.116631563887651
8818.5744348227599	93.9072650800925	93.9072650800925
136.29317793434973	11.674466922919853	11.674466922919853
7420.9322020904856	86.144832706846003	86.144832706846003
2067.4074258453575	45.46875219142656	45.46875219142656
6689.5319792362516	81.789559108948936	81.789559108948936
9255.3117876133001	96.20453101394601	96.20453101394601
292.49401790993733	17.102456487590821	17.102456487590821
2148.2421445856926	46.34913315894584	46.34913315894584
6271.2432156093619	79.191181425770893	79.191181425770893
3327.440728773377	57.683972893459561	57.683972893459561
2021.4863046824992	44.960941990604461	44.960941990604461
1081.1066064720899	32.880185621010263	32.880185621010263
460.39375625842058	21.456788116081601	21.456788116081601
5226.2577518451026	72.292861001935051	72.292861001935051
8779.2333818102888	93.69756337178832	93.69756337178832
4402.3265168721646	66.350030270318371	66.350030270318371
5605.7349900002982	74.871456443696204	74.871456443696204
3090.2498732602098	55.590015949450937	55.590015949450937
1614.171965221225	40.176759018383066	40.176759018383066
9771.4336975829101	98.850562454560219	98.850562454560219
9157.8102579299994	95.696448512627668	95.696448512627668
8718.8560282583312	93.374814742832726	93.374814742832726
2646.8323104546866	51.447374184254407	51.447374184254407
8501.086284185847	92.201335587863625	92.201335587863625
8329.4839235529271	91.266006396428494	91.266006396428494
1741.6043435829636	41.732533395217736	41.732533395217736
405.72061570455833	20.142507681630864	20.142507681630864
944.17893767173143	30.727494816071996	30.727494816071996
8747.0253220645063	93.525532995351099	93.525532995351099
5517.7553816557402	74.281595174415443	74.281595174415443
5910.8836447926697	76.882271329563807	76.882271329563807
2058.1757972368332	45.367122426233223	45.367122426233223
2387.5385115580279	48.86244479718578	48.86244479718578
4016.5990755099779	63.376644558622523	63.376644558622523
7915.6456744418911	88.969914434273178	88.969914434273178
2676.2248432904184	51.732241815819449	51.732241815819449
1292.2075418889126	35.94728838019514	35.94728838019514
3005.0814692314016	54.818623379572401	54.818623379572401
6392.1047064000295	79.950639186938517	79.950639186938517
2686.8743594002872	51.835068818323059	51.835068818323059
7721.5213621857847	87.87218764879924	87.87218764879924
9252.7571261524354	96.19125285675635	96.19125285675635
8863.2158945650826	94.14465409445765	94.14465409445765
6288.4804705193446	79.299939914979404	79.299939914979404
5652.1699941506322	75.180915092532842	75.180915092532842
104.61102463118051	10.227953100751906	10.227953100751906
9727.1399650525709	98.626264073281064	98.626264073281064
2593.2307963237013	50.923774372327323	50.923774372327323
5393.9419595726349	73.443460972183459	73.443460972183459
7010.8615667587901	83.730887770038549	83.730887770038549
3058.2335011290529	55.301297463342152	55.301297463342152
2142.6665559719809	46.288946369214116	46.288946369214116
1969.2662193985821	44.37641512558875	44.37641512558875
2591.6482082917541	50.9082332073286	50.9082332073286
2150.6410821352551	46.375004928681733	46.375004928681733
456.42116229353428	21.364015593832875	21.364015593832875
571.90602895033669	23.914556842022741	23.914556842022741
8646.9756470248631	92.989115744934708	92.989115744934708
4940.6252246009426	70.289581195230795	70.289581195230795
3401.3656353186502	58.321227999062657	58.321227999062657
7178.8644669471969	84.728179886901842	84.728179886901842
6400.7288244520123	80.004555023148598	80.004555023148598
7507.5497506174515	86.646117920062935	86.646117920062935
6670.8550044088925	81.675302291506043	81.675302291506043
6352.5998754050543	79.703198652281543	79.703198652281543
1537.2273345612036	39.207490796545542	39.207490796545542
7517.9196056323863	86.705937545432178	86.705937545432178
855.52716924814217	29.249396049288645	29.249396049288645
5916.5762851746076	76.919284221673621	76.919284221673621
7864.0001500511362	88.67919795561491	88.67919795561491
8346.2114422459963	91.357601994831256	91.357601994831256
1076.762452809777	32.814058767695549	32.814058767695549
6726.9392917822943	82.017920552659064	82.017920552659064
4182.0957586612549	64.669125235008821	64.669125235008821
1393.3872519654258	37.328102710497163	37.328102710497163
2909.1006296561168	53.936079109035326	53.936079109035326
7694.9752394021634	87.721007970737332	87.721007970737332
7938.0703866535023	89.095849435613459	89.095849435613459
5192.3833534291389	72.058194214323322	72.058194214323322
6825.6229203464127	82.617328208714255	82.617328208714255
7550.7059640513389	86.894798256577701	86.894798256577701
7744.0582272087131	88.00033083579126	88.00033083579126
5789.7373180882514	76.090323419527209	76.090323419527209
5030.3531631255537	70.924982644520639	70.924982644520639
625.82534151725304	25.016501384431297	25.016501384431297
6003.1787744121038	77.480183107760553	77.480183107760553
9479.9870416274589	97.365225011948993	97.365225011948993
7600.4077114093234	87.180317224757346	87.180317224757346
2709.0623883374165	52.048654049239509	52.048654049239509
957.77045332750447	30.947866700751838	30.947866700751838
5753.3522021679428	75.850854986400407	75.850854986400407
2837.6272133854013	53.269383452273985	53.269383452273985
9133.4054285133861	95.568851769357295	95.568851769357295
1823.4393965944607	42.701749338808831	42.701749338808831
5441.2391616998775	73.76475555236307	73.76475555236307
2343.1977158431387	48.40658752528563	48.40658752528563
4781.0841835433357	69.145384397972194	69.145384397972194
9791.7341483561086	98.953191703734902	98.953191703734902
5002.6844074036799	70.729657198403558	70.729657198403558
4154.2783488167124	64.45369150651274	64.45369150651274
1444.0617415325341	38.000812379902278	38.000812379902278
8896.1287880885084	94.319291706885224	94.319291706885224
8242.8658072777907	90.790229690632415	90.790229690632415
2878.0374495879751	53.647343360020869	53.647343360020869
4017.0177720100055	63.37994771226942	63.37994771226942
9759.2250149309948	98.788789925431288	98.788789925431288
298.01164114987262	17.263013675192191	17.263013675192191
4326.6500565053602	65.777276140817506	65.777276140817506
1437.1464385647598	37.909714303391418	37.909714303391418
4628.4258394214139	68.032535153567622	68.032535153567622
7407.826751368264	86.068732716174367	86.068732716174367
4193.3679641404378	64.756219501608015	64.756219501608015
2441.4666570870595	49.411199713091968	49.411199713091968
8655.098126886156	93.03277985143815	93.03277985143815
4780.8334044458943	69.143570955265929	69.143570955265929
7181.2331991344681	84.742157154125294	84.742157154125294
238.97268370431502	15.458741336354491	15.458741336354491
2443.5468203411019	49.43224474309357	49.43224474309357
476.62855770768169	21.831824424625665	21.831824424625665
831.16606206641586	28.829950781546884	28.829950781546884
7868.6168439969033	88.705224445896661	88.705224445896661
951.94624475863498	30.853626120095431	30.853626120095431
7619.4706823539836	87.289579460288294	87.289579460288294
5622.6105242806316	74.984068469779842	74.984068469779842
2304.2756028958211	48.002870777650593	48.002870777650593
6349.6053600348214	79.684411022701426	79.684411022701426
901.82263702270063	30.030361919608971	30.030361919608971
4016.270236133963	63.37405017934362	63.37405017934362
5827.1237495208961	76.335599490152006	76.335599490152006
3890.0053727086174	62.369907589386543	62.369907589386543
9652.8430339788047	98.248883118225848	98.248883118225848
6076.3325178954155	77.950833978190474	77.950833978190474
8070.1296393288239	89.83390027895274	89.83390027895274
4766.376419933923	69.038948572048255	69.038948572048255
6738.2380174897726	82.086771269734882	82.086771269734882
2936.2543481027265	54.187215725692404	54.187215725692404
9920.2075791937514	99.600238851087866	99.600238851087866
2731.1686210217094	52.260583818224895	52.260583818224895
2370.9797495716821	48.692707355123332	48.692707355123332
7672.7682350306068	87.594339058129819	87.594339058129819
118.50403580632302	10.88595589768409	10.88595589768409
6104.6458092805924	78.132232844585928	78.132232844585928
2140.411036823386	46.264576479455485	46.264576479455485
6428.234990345989	80.17627448532383	80.17627448532383
8933.3036789888702	94.516155650708043	94.516155650708043
717.63732320145073	26.788753670177542	26.788753670177542
1730.567315008426	41.600087920681439	41.600087920681439
6266.8709142857069	79.163570626176963	79.163570626176963
8998.3216056244273	94.859483477533374	94.859483477533374
3323.7481432628047	57.651956976869435	57.651956976869435
6151.9100341659669	78.434112694451812	78.434112694451812
8124.5302115695686	90.136175931584589	90.136175931584589
6272.4242547027134	79.198637959896217	79.198637959896217
473.8550365529756	21.768211606674896	21.768211606674896
695.55509812414584	26.373378587586117	26.373378587586117
4039.287910269732	63.555392456263945	63.555392456263945
9327.2578990716647	96.577729829768032	96.577729829768032
5831.050813918092	76.361317523456151	76.361317523456151
2978.1956166264022	54.572846880352522	54.572846880352522
3803.532885044569	61.672788854117577	61.672788854117577
6247.9605221165039	79.044041661067055	79.044041661067055
3590.3058689911804	59.919161117218422	59.919161117218422
9998.907278675093	99.994536244112325	99.994536244112325
8012.7787030819827	89.514125718134466	89.514125718134466
3870.6252966305915	62.214349603854188	62.214349603854188
2878.8531251111353	53.654945020111008	53.654945020111008
8203.9967262028895	90.575916921678967	90.575916921678967
23.098415798682463	4.8060811269351733	4.8060811269351733
7653.220669434053	87.482687826986961	87.482687826986961
9976.7157211458743	99.883510757010711	99.883510757010711
8115.0383860154898	90.08350784697214	90.08350784697214
8503.4583858641381	92.214198396256407	92.214198396256407
3581.0932708783312	59.842236513004181	59.842236513004181
5941.2960591046449	77.079803185430137	77.079803185430137
8785.0761712002113	93.728737168491776	93.728737168491776
7181.4186670538948	84.743251454342342	84.743251454342342
6920.1540285829369	83.187463169536173	83.187463169536173
2533.7714593198079	50.33658172065131	50.33658172065131
9469.1399695418841	97.309506059489806	97.309506059489806
4515.9114213304792	67.20053140660778	67.20053140660778
2622.3860024824289	51.209237472182977	51.209237472182977
3059.2774866058385	55.310735726491998	55.310735726491998
3626.8647960595458	60.223457191193745	60.223457191193745
3860.8995420202509	62.13613716687135	62.13613716687135
8800.7934410713478	93.812544156265943	93.812544156265943
3283.5838470681833	57.302564053174649	57.302564053174649
451.80500034196643	21.255705124553419	21.255705124553419
9632.1536617326783	98.143536016044777	98.143536016044777
6612.6768155237369	81.318367024453565	81.318367024453565
6151.9871317822881	78.434604173045258	78.434604173045258
1882.2843675651839	43.385301284711439	43.385301284711439
4939.5775635706668	70.282128336943998	70.282128336943998
2944.9162211616735	54.267082298218995	54.267082298218995
1951.9230839578099	44.180573603766284	44.180573603766284
3262.3515029834248	57.116998371618102	57.116998371618102
6170.7704970297218	78.554251934759847	78.554251934759847
1280.9120038497781	35.789831011752177	35.789831011752177
4834.280317355021	69.528989043096416	69.528989043096416
5130.3416376442665	71.626403215883087	71.626403215883087
1284.7130204700056	35.842893583944999	35.842893583944999
8924.8130794565477	94.471228844852803	94.471228844852803
5856.9005682375373	76.530389834611043	76.530389834611043
915.15531005058585	30.25153401152718	30.25153401152718
1888.8661007704141	43.461087201891466	43.461087201891466
8226.7255771459677	90.701298651926521	90.701298651926521
507.22515246663255	22.521659629490731	22.521659629490731
7141.3922364766513	84.506758525437789	84.506758525437789
9482.3986600143799	97.377608617250303	97.377608617250303
651.20875068255691	25.518792108611976	25.518792108611976
7961.0953077766362	89.224970203282425	89.224970203282425
6557.6157633084931	80.979106955488788	80.979106955488788
4144.0525128610252	64.374315630234278	64.374315630234278
7045.4527081329006	83.937195021831059	83.937195021831059
842.04051231437609	29.017934321973645	29.017934321973645
7106.2139882494967	84.298362903733164	84.298362903733164
8717.7093044990797	93.368674106999507	93.368674106999507
4203.4370434586926	64.833918927199619	64.833918927199619
227.21800494534472	15.073752185350028	15.073752185350028
5512.6657254223419	74.247328069246649	74.247328069246649
5054.7724081656979	71.09692263498961	71.09692263498961
7432.8118785480037	86.213756898467224	86.213756898467224
7722.5280050384936	87.87791534303993	87.87791534303993
3815.4142819639519	61.769039833592622	61.769039833592622
4120.9004911579468	64.19424032697907	64.19424032697907
5092.9877835119023	71.365172062511718	71.365172062511718
880.6294845661057	29.67540201187013	29.67540201187013
2361.6725114948581	48.597042209324407	48.597042209324407
9951.8513443683805	99.758966235463674	99.758966235463674
6399.7548964837224	79.998468088356063	79.998468088356063
8611.829570441203	92.799943806239469	92.799943806239469
430.00440579948082	20.736547586314384	20.736547586314384
2334.3519452611254	48.315131638660837	48.315131638660837
348.17275403535541	18.659387825846682	18.659387825846682
197.17638485118007	14.041950891923104	14.041950891923104
2010.9793310900129	44.843944196401957	44.843944196401957
9379.6921884195217	96.848810980928008	96.848810980928008
5164.3794176314059	71.863616786461606	71.863616786461606
3552.1274954250766	59.599727309989234	59.599727309989234
4598.8806459518919	67.81504734166225	67.81504734166225
6323.9588723098041	79.523322819848289	79.523322819848289
6641.9935749735223	81.498426825145046	81.498426825145046
633.69821262915832	25.173363156899761	25.173363156899761
8241.7741859659	90.784217714126385	90.784217714126385
5468.6068365196079	73.950029320613581	73.950029320613581
7055.6948130097444	83.998183391129032	83.998183391129032
8167.6652379162651	90.375136170941758	90.375136170941758
9227.4669824862576	96.059705300850567	96.059705300850567
8089.2893507988028	89.940476709870751	89.940476709870751
2274.1006038091859	47.687530904935578	47.687530904935578
7905.5562572929339	88.913195068521375	88.913195068521375
399.38297695276356	19.984568470516535	19.984568470516535
4302.8559860958676	65.596158318120033	65.596158318120033
553.17236484789942	23.519616596532764	23.519616596532764
5132.1688192233551	71.639157024795836	71.639157024795836
1873.5815882778484	43.284888682747564	43.284888682747564
1579.4327005481275	39.742077204747709	39.742077204747709
5324.7408880475123	72.970822169189731	72.970822169189731
3929.3019219533203	62.684144103220554	62.684144103220554
3603.0727209459642	60.025600546316603	60.025600546316603
191.73965204851498	13.847008776212824	13.847008776212824
6278.5708705423431	79.237433518144329	79.237433518144329
2709.4472829513738	52.052351368131042	52.052351368131042
5673.9102048942423	75.325362295140948	75.325362295140948
8199.1767102729937	90.549305410218324	90.549305410218324
1702.1498111017397	41.257118308259727	41.257118308259727
9176.9279217740823	95.796283444474412	95.796283444474412
8792.0587279747833	93.765978520862163	93.765978520862163
9690.0307566536412	98.43795384227387	98.43795384227387
1466.8837505543772	38.299918414461111	38.299918414461111
638.88911861416352	25.276256024462239	25.276256024462239
8004.2215301031083	89.466315058255915	89.466315058255915
7378.0497944671897	85.895574941129468	85.895574941129468
6280.543059766178	79.249877348587603	79.249877348587603
2642.0586783490908	51.400959897156497	51.400959897156497
3234.9377883320908	56.87651350366064	56.87651350366064
9097.3388690150077	95.379971005526144	95.379971005526144
2036.5512053989714	45.128164214811257	45.128164214811257
3641.2488597410324	60.342761452729626	60.342761452729626
1987.9341063733807	44.586254679815625	44.586254679815625
3163.0540910390282	56.241035650484143	56.241035650484143
960.55749260370442	30.992861962130963	30.992861962130963
6571.6355604999944	81.065625023803989	81.065625023803989
1909.3443817783193	43.696045379168119	43.696045379168119
5536.8662392024717	74.410121886759953	74.410121886759953
3193.3103651163874	56.509382982973612	56.509382982973612
3722.3629344207161	61.011170570811998	61.011170570811998
657.48341837921305	25.641439475567925	25.641439475567925
9804.5267280007356	99.01781015555099	99.01781015555099
4102.9533020762728	64.05429963770014	64.05429963770014
7116.2472644767486	84.357852417405397	84.357852417405397
5589.8056125274179	74.765002591636531	74.765002591636531
3758.309662882984	61.305054138162085	61.305054138162085
972.83723389676004	31.190338790990392	31.190338790990392
5695.2736105086924	75.467036582263461	75.467036582263461
8574.202447126183	92.596989406385035	92.596989406385035
1830.378856669779	42.782927163411564	42.782927163411564
9190.7871862894535	95.868593325913849	95.868593325913849
7478.1866131196539	86.476509024819293	86.476509024819293
4924.7170321054227	70.176328146358742	70.176328146358742
2787.6088121047037	52.797810675298877	52.797810675298877
1898.0916836073211	43.567094045934724	43.567094045934724
6826.2835454480301	82.621326214531507	82.621326214531507
6240.0240301328377	78.99382273401406	78.99382273401406
2068.7727184119631	45.483763239335893	45.483763239335893
7746.6253278458526	88.014915371463331	88.014915371463331
2343.1650881382388	48.406250506915313	48.406250506915313
6213.0739710033668	78.823054819027192	78.823054819027192
6871.5155096769413	82.894604828522716	82.894604828522716
7726.0069273018626	87.89770717886708	87.89770717886708
3580.2137307058347	59.834887237345363	59.834887237345363
847.00637994672024	29.103374030285909	29.103374030285909
5672.1704904235985	75.313813410446812	75.313813410446812
3083.5234620674705	55.529482818296358	55.529482818296358
6374.5856852068246	79.841002531323625	79.841002531323625
2452.7013596273023	49.524755018347157	49.524755018347157
5493.5896009139715	74.118753368590674	74.118753368590674
3344.299058158093	57.82991490706253	57.82991490706253
4792.6569888886188	69.229018401885625	69.229018401885625
6572.4082985639834	81.070391010306494	81.070391010306494
9929.7665548338591	99.648214007245812	99.648214007245812
8189.2906586165163	90.494699616146121	90.494699616146121
461.38457116335928	21.479864319016524	21.479864319016524
4982.6138516067213	70.587632426698661	70.587632426698661
8604.3370944032267	92.759566053336115	92.759566053336115
4307.33989970109	65.630327590993247	65.630327590993247
8919.2683093064279	94.441877942501904	94.441877942501904
1329.1510604401783	36.457524058007259	36.457524058007259
3852.6564682458102	62.069770969819196	62.069770969819196
5762.8527710776043	75.913455797227442	75.913455797227442
7183.4797452104449	84.755411303411449	84.755411303411449
2373.2380046529252	48.715890679047682	48.715890679047682
6270.8300805203844	79.18857291630141	79.18857291630141
9353.6635267143156	96.714339819461699	96.714339819461699
7946.7242971388077	89.144401378543165	89.144401378543165
356.96027964291795	18.893392486340773	18.893392486340773
4936.5572279687767	70.260637827796415	70.260637827796415
9852.3169897034368	99.258838345526883	99.258838345526883
590.69775414729611	24.304274400757084	24.304274400757084
6948.1248451917236	83.35541281279653	83.35541281279653
9331.6147799294031	96.600283539591146	96.600283539591146
7859.787880677909	88.655444732277488	88.655444732277488
5790.4967626713651	76.095313670891485	76.095313670891485
6539.6701345082674	80.868226977647211	80.868226977647211
79.797641897404517	8.9329525856462784	8.9329525856462784
6407.8375009838328	80.048969393639496	80.048969393639496
5259.302059355954	72.521045630602671	72.521045630602671
1995.7349597654556	44.673649501305079	44.673649501305079
316.33342525236094	17.785764680000714	17.785764680000714
6522.2156484966736	80.760235564890934	80.760235564890934
7006.8020417594753	83.706642757665747	83.706642757665747
411.76386161691335	20.291965444897478	20.291965444897478
2304.8687170211815	48.009048282809999	48.009048282809999
4092.8538871560199	63.975416271846328	63.975416271846328
8446.6537857945114	91.905678746171674	91.905678746171674
4973.5910703324053	70.523691553494317	70.523691553494317
2213.8035672536416	47.051074028693982	47.051074028693982
7098.7623507776398	84.254153314703956	84.254153314703956
3654.9084706337308	60.455839011907948	60.455839011907948
3259.5253724229333	57.092253173464201	57.092253173464201
6830.1504919732024	82.6447245259684	82.6447245259684
7753.7460005151379	88.055357591205876	88.055357591205876
8502.9877715370894	92.211646615474166	92.211646615474166
3617.6802504741145	60.147154965751412	60.147154965751412
4922.4301858073413	70.160032681059533	70.160032681059533
6260.2364302008227	79.121655886367947	79.121655886367947
9248.0044049154003	96.16654514390855	96.16654514390855
1714.0578049898199	41.401181202833087	41.401181202833087
6999.6194904613803	83.663728643070769	83.663728643070769
7560.8089379293606	86.952912187743095	86.952912187743095
2105.8602452968144	45.889652921947608	45.889652921947608
9969.0078105283792	99.844918801751646	99.844918801751646
3445.4844314002662	58.698248963663865	58.698248963663865
4223.7924149280361	64.990710220215604	64.990710220215604
6208.1673948416264	78.791924680398736	78.791924680398736
5188.8412332724183	72.033611829981268	72.033611829981268
3023.1155401146716	54.982865877604738	54.982865877604738
60.596212919808252	7.7843569368193961	7.7843569368193961
4035.661502767091	63.526856547188693	63.526856547188693
491.48308413953424	22.169417767265209	22.169417767265209
3884.2176361018505	62.32349184779244	62.32349184779244
8232.543324407583	90.733363898885528	90.733363898885528
8698.9887083827471	93.268369281245327	93.268369281245327
4840.8628440839666	69.576309503192007	69.576309503192007
9410.5009968021077	97.007736788372227	97.007736788372227
1005.9684717185855	31.717006033334634	31.717006033334634
9975.9791755466031	99.879823665976716	99.879823665976716
6127.6575733213976	78.279355984329598	78.279355984329598
6742.7985358609103	82.114545214967308	82.114545214967308
578.40377000111573	24.050026403335107	24.050026403335107
6791.3689505411103	82.409762471087788	82.409762471087788
7590.874468037613	87.125624634992505	87.125624634992505
901.66846183828591	30.027794821436455	30.027794821436455
5509.1796031871772	74.223847941124532	74.223847941124532
4636.3787110382791	68.090959099121804	68.090959099121804
4849.0671183113045	69.635243363625179	69.635243363625179
1135.4261877332826	33.696085644081606	33.696085644081606
836.83346096953255	28.928073924295973	28.928073924295973
4110.7044507430355	64.114775603935755	64.114775603935755
8766.9304719526044	93.631888114854362	93.631888114854362
4077.9578606679256	63.858890224211741	63.858890224211741
7673.0683661544572	87.596052229278328	87.596052229278328
1949.8119156478015	44.156674644359278	44.156674644359278
2427.4110165565248	49.268763091400267	49.268763091400267
105.54439658845973	10.273480256877887	10.273480256877887
686.41907635024984	26.199600690664159	26.199600690664159
4645.4173263301127	68.157298408388471	68.157298408388471
8973.5883721238824	94.72902602752697	94.72902602752697
4467.5512258118779	66.83974286165288	66.83974286165288
9908.1260115917175	99.539570079399667	99.539570079399667
8278.822058444237	90.988032501226428	90.988032501226428
5476.1325880444292	74.000895859742329	74.000895859742329
8928.0623802604878	94.48842458344032	94.48842458344032
9306.8327661117783	96.471927347346892	96.471927347346892
40.89771249519697	6.3951319372783049	6.3951319372783049
4793.8273825677925	69.237470942891846	69.237470942891846
1129.5937996266814	33.609430218715126	33.609430218715126
1075.9263863527299	32.801316838699172	32.801316838699172
2976.60056746195	54.558230978120527	54.558230978120527
4282.5808653798958	65.441430801747416	65.441430801747416
8024.0826737572488	89.577244173714391	89.577244173714391
2100.6295886063899	45.832625809639033	45.832625809639033
6099.2176601264018	78.097488180647659	78.097488180647659
8843.7555037016828	94.041243631194519	94.041243631194519
3425.7233222171612	58.529678986110639	58.529678986110639
2955.2633979872976	54.362334368451265	54.362334368451265
3474.5830966509684	58.945594378638411	58.945594378638411
6914.1295410790108	83.151244976121745	83.151244976121745
2980.7211709007029	54.59598127060913	54.59598127060913
6102.8417573358211	78.120687127903707	78.120687127903707
4592.8723995106266	67.770734093048063	67.770734093048063
8707.2549032238767	93.312672790055032	93.312672790055032
1193.6355954552382	34.549031758578103	34.549031758578103
8084.953408161623	89.916368966732762	89.916368966732762
6521.5531043086648	80.756133539865971	80.756133539865971
3310.6150813780046	57.537944709365526	57.537944709365526
5579.8966918047345	74.698706091904526	74.698706091904526
2506.5529453282775	50.0654865683764	50.0654865683764
1925.4219193841102	43.879629891147786	43.879629891147786
235.0091881405292	15.33000939792697	15.33000939792697
8769.7442833299629	93.646912833952854	93.646912833952854
9216.3500583859823	96.001823203447458	96.001823203447458
8810.5718924443318	93.86464665913536	93.86464665913536
2610.2417705178032	51.090525251927126	51.090525251927126
6433.2834893950076	80.207752052996767	80.207752052996767
359.29720119451497	18.955136538535275	18.955136538535275
5128.5112474506959	71.613624733361291	71.613624733361291
8458.4470527159519	91.969815987181093	91.969815987181093
5403.9152284057445	73.511327211564776	73.511327211564776
7964.9770477041138	89.246720094937459	89.246720094937459
8576.4653173695351	92.609207519390509	92.609207519390509
2389.914438561435	48.886751155721477	48.886751155721477
7504.1651699396634	86.626584660482052	86.626584660482052
1454.6059724033605	38.139296957381902	38.139296957381902
1646.9159006246596	40.582211628060136	40.582211628060136
9124.5520535768592	95.522521185199352	95.522521185199352
3494.9809668050639	59.118364040330682	59.118364040330682
2619.4634242325887	51.180693862359746	51.180693862359746
1603.2055072324961	40.040048791584859	40.040048791584859
8066.8258256783547	89.815509939421688	89.815509939421688
2798.7764684905223	52.903463671961234	52.903463671961234
3829.4816630640312	61.882805875816842	61.882805875816842
132.15439750816512	11.495842618449728	11.495842618449728
5938.8354609884409	77.063840165076385	77.063840165076385
649.13496978628405	25.478127281774146	25.478127281774146
6523.2999919342892	80.766948635777297	80.766948635777297
8178.2700072168927	90.433787973394615	90.433787973394615
78.474331189843809	8.8585738801369036	8.8585738801369036
6304.7653333021817	79.402552435687994	79.402552435687994
6717.8407838288886	81.962435199479572	81.962435199479572
7624.532296694907	87.318567880462325	87.318567880462325
9044.5738548879963	95.102964490535186	95.102964490535186
1338.76909339541	36.589193669653476	36.589193669653476
2240.6837727917232	47.335861382166939	47.335861382166939
2544.9292941217268	50.447292237757686	50.447292237757686
6743.5917395161187	82.119374933788421	82.119374933788421
3480.8139965560404	58.998423678569928	58.998423678569928
8011.3333464116813	89.50605200997127	89.50605200997127
2808.1298450406057	52.991790355116386	52.991790355116386
5133.700869120119	71.649849051621302	71.649849051621302
1203.699257193882	34.694369243349591	34.694369243349591
9885.9445994120906	99.428087577968085	99.428087577968085
1202.5289426077363	34.677499082369479	34.677499082369479
7688.9259590040447	87.686520965334495	87.686520965334495
2839.2449666469815	53.284565932800668	53.284565932800668
4565.6707305963155	67.569747155042066	67.569747155042066
3142.2664083735758	56.0559221525574	56.0559221525574
1467.7779129207775	38.31158979892087	38.31158979892087
2391.0250655730147	48.89810901837631	48.89810901837631
1.0744278922193928	1.0365461360785602	1.0365461360785602
4808.1028093979376	69.340484634864922	69.340484634864922
8951.8451371009378	94.614190992160033	94.614190992160033
9140.4834078515578	95.605875383532563	95.605875383532563
1337.3531860296766	36.569839841455099	36.569839841455099
5443.9389555319276	73.783053308547267	73.783053308547267
4922.028649284247	70.157171046759345	70.157171046759345
7000.0589375305435	83.666354871779518	83.666354871779518
3316.6964953461393	57.590767448838008	57.590767448838008
9869.2759280608752	99.344229465333697	99.344229465333697
6297.6317451724508	79.357619326517423	79.357619326517423
14.332554720274333	3.7858360662176502	3.7858360662176502
9479.235104853944	97.361363511682313	97.361363511682313
3885.4528569748804	62.333400813487472	62.333400813487472
5862.1393994212631	76.564609314103237	76.564609314103237
9292.12546684464	96.395671411348346	96.395671411348346
1083.6624318185857	32.919028415470976	32.919028415470976
489.63267682286727	22.12764508082293	22.12764508082293
2051.3042755902557	45.291326714838632	45.291326714838632
346.68246747750106	18.619411040027583	18.619411040027583
7176.4393836751287	84.713867717600579	84.713867717600579
5708.3233012374931	75.553446653594122	75.553446653594122
6785.3315872941403	82.373124180731068	82.373124180731068
9563.6280682801971	97.793803833781809	97.793803833781809
7496.4283694050982	86.581917104006763	86.581917104006763
9571.7437761552337	97.835289012478697	97.835289012478697
8452.7220818766618	91.938686535520304	91.938686535520304
156.79789530312445	12.521896633622418	12.521896633622418
4254.9200225126951	65.229747987499508	65.229747987499508
973.00011103652287	31.192949700798142	31.192949700798142
1580.033897327372	39.749640216326135	39.749640216326135
2666.8041999154625	51.64110959221793	51.64110959221793
2167.1910668347864	46.553099433171866	46.553099433171866
8944.3732977598684	94.57469692132176	94.57469692132176
8499.3260147226829	92.191789302099366	92.191789302099366
2525.7679700854424	50.257019112611943	50.257019112611943
9310.4057702553528	96.490443932315671	96.490443932315671
7755.0674763822099	88.062860936845624	88.062860936845624
5963.1085500005311	77.221166463609777	77.221166463609777
6313.8685558090638	79.459854994890748	79.459854994890748
77.248227948293717	8.7890971065459116	8.7890971065459116
9035.3265324564763	95.054334632653536	95.054334632653536
9470.5589211742827	97.316796706294653	97.316796706294653
6946.8586068779805	83.347817049266382	83.347817049266382
5371.2702314086027	73.288950268158445	73.288950268158445
3972.7082770604839	63.029423899163824	63.029423899163824
5004.5303893307482	70.742705555631304	70.742705555631304
1995.5503632082373	44.671583397146755	44.671583397146755
9618.6148584621515	98.074537258465568	98.074537258465568
7407.5395180340784	86.067064072350448	86.067064072350448
7632.229201023486	87.362630460760997	87.362630460760997
8912.5332537469912	94.406214063201318	94.406214063201318
4532.4885132777636	67.323758906330852	67.323758906330852
112.64236693395748	10.613310837526502	10.613310837526502
4512.0060151792532	67.171467269810719	67.171467269810719
590.30767487627202	24.296248164609121	24.296248164609121
8046.539432294011	89.702505161751262	89.702505161751262
5710.3617504049807	75.566935563148121	75.566935563148121
2195.5392579516215	46.856581799696201	46.856581799696201
2749.957096528462	52.440033338361467	52.440033338361467
6625.7774316239693	81.398878564903882	81.398878564903882
9466.9368759062672	97.298185368002976	97.298185368002976
9519.2711929823545	97.56675249787888	97.56675249787888
5690.7649750121118	75.437159112814626	75.437159112814626
7306.3805598901363	85.477368700084213	85.477368700084213
2769.3245489201381	52.624372195021365	52.624372195021365
2647.9221879259994	51.457965252485444	51.457965252485444
6022.0266910524242	77.601718351157814	77.601718351157814
9051.6874285862941	95.140356466571504	95.140356466571504
9363.8108839741435	96.766786057893555	96.766786057893555
8077.8577398684611	89.876903261452327	89.876903261452327
6817.4036414787715	82.567570156077451	82.567570156077451
8329.9558088376525	91.268591579127886	91.268591579127886
8567.2586760729228	92.55948722887851	92.55948722887851
2538.6374346570533	50.384892920964447	50.384892920964447
9779.2842963661424	98.890263910893381	98.890263910893381
1270.1181606851062	35.638717158241064	35.638717158241064
4654.4137067965748	68.223263677403878	68.223263677403878
9446.2086530280176	97.191607935191698	97.191607935191698
9043.8519819981029	95.099169197202258	95.099169197202258
9837.6689726279892	99.185023933192596	99.185023933192596
6441.7678230667789	80.260624362552647	80.260624362552647
3605.0130017942879	60.04176048213683	60.04176048213683
591.06912777385492	24.311913289041133	24.311913289041133
4916.8760949528505	70.120439922699077	70.120439922699077
2936.800721015471	54.192257020864808	54.192257020864808
1289.1457021545682	35.904675213049458	35.904675213049458
107.61544342536995	10.373786359154016	10.373786359154016
7491.3355846030863	86.552501896843438	86.552501896843438
1222.66331465138	34.966602846879191	34.966602846879191
6500.4090662808112	80.625114364451051	80.625114364451051
9111.985983659315	95.456723093029524	95.456723093029524
4410.0282638485487	66.408043668282744	66.408043668282744
4256.9769732276927	65.245513050536218	65.245513050536218
2321.9226946733993	48.18633306938181	48.18633306938181
6571.6962487094434	81.065999338251814	81.065999338251814
1424.5818246633735	37.743632902297222	37.743632902297222
4055.2308611060084	63.680694571479108	63.680694571479108
4612.1500934855021	67.912812439815085	67.912812439815085
4396.7910384834568	66.308302937742695	66.308302937742695
8561.7321353851275	92.529628419145439	92.529628419145439
4167.6597967455655	64.55741473096306	64.55741473096306
684.07735632702759	26.154872515977356	26.154872515977356
6407.7190749376778	80.048229680222647	80.048229680222647
7526.789880250336	86.757073949334739	86.757073949334739
7303.2154102849281	85.458852147012408	85.458852147012408
8945.7169030051245	94.581800062195498	94.581800062195498
7538.2832841690952	86.823287683484409	86.823287683484409
4908.5420502258794	70.06098807628878	70.06098807628878
7036.0947196166171	83.881432508133869	83.881432508133869
3586.8775537270312	59.890546447056494	59.890546447056494
6804.8945085939895	82.491784491511581	82.491784491511581
9837.5707811405227	99.184528940457866	99.184528940457866
5044.6380277312555	71.025615292873425	71.025615292873425
5291.0090111418258	72.739322317037193	72.739322317037193
3132.3426694237683	55.967335736336139	55.967335736336139
4247.5631885342973	65.173331881485836	65.173331881485836
9348.8496104766436	96.68944932347398	96.68944932347398
7831.798013593545	88.497446367641274	88.497446367641274
8917.0664159380358	94.430219823624455	94.430219823624455
1325.5803159398827	36.408519826269824	36.408519826269824
6545.4005824107098	80.903649994364969	80.903649994364969
5994.3606073715337	77.423256243660617	77.423256243660617
2159.5370424072148	46.470819256897279	46.470819256897279
8143.7499227712706	90.24272781100575	90.24272781100575
5403.3281697268494	73.507334122023835	73.507334122023835
9445.5704032740814	97.188324418492172	97.188324418492172
6172.199811485897	78.563349034304139	78.563349034304139
7524.143388481074	86.74182029725381	86.74182029725381
7611.087276355127	87.241545586693533	87.241545586693533
8673.2090883659093	93.130065437354389	93.130065437354389
8197.8434067415656	90.541942804103584	90.541942804103584
3756.6164182636639	61.29124259030538	61.29124259030538
3668.2645600348701	60.566199815036029	60.566199815036029
2759.5970857325901	52.531867335290777	52.531867335290777
6546.5841028010009	80.910964045678014	80.910964045678014
6718.5291074524202	81.966634110791816	81.966634110791816
6912.2345293723301	83.139849226302601	83.139849226302601
960.80172800545063	30.996801899638786	30.996801899638786
6474.5504829268775	80.464591485490544	80.464591485490544
8767.1807875067461	93.633224805657235	93.633224805657235
3521.4526062985674	59.341828471143081	59.341828471143081
7652.2793651558659	87.477307715520524	87.477307715520524
767.83007901896974	27.709747003878793	27.709747003878793
8214.5211323798085	90.633995456339719	90.633995456339719
4483.2846787249282	66.957334764198379	66.957334764198379
5642.1255892537101	75.114083827559995	75.114083827559995
6355.1702267029677	79.719321539404532	79.719321539404532
8222.1920367441271	90.676303612046993	90.676303612046993
271.59746033793186	16.48021420788977	16.48021420788977
568.47281799805728	23.842668013417821	23.842668013417821
7654.4535455011655	87.489733943481426	87.489733943481426
156.63814448694603	12.515516149442101	12.515516149442101
1212.2175413225641	34.8169145864846	34.8169145864846
7573.4459607126537	87.025547747271631	87.025547747271631
5875.6916565130205	76.653060320596595	76.653060320596595
3695.2336993746694	60.788433927636838	60.788433927636838
5445.3530180419821	73.792635256114693	73.792635256114693
8703.310799162371	93.291536589137451	93.291536589137451
4895.91686665407	69.970828683488307	69.970828683488307
9415.8772356296176	97.035443192833498	97.035443192833498
5409.9821397354899	73.552580782291315	73.552580782291315
657.98328937949816	25.651184950787325	25.651184950787325
2373.3403146107025	48.716940735340749	48.716940735340749
1639.7597618163218	40.493947224447282	40.493947224447282
1159.6871241093781	34.054179245863175	34.054179245863175
3789.5468624962036	61.559295500323941	61.559295500323941
4026.2617018105352	63.452830526388148	63.452830526388148
6411.3124989899416	80.070671902950465	80.070671902950465
6134.7185035356442	78.324443844406858	78.324443844406858
3782.0312387996269	61.498221427937466	61.498221427937466
2227.4487412889448	47.195855128273124	47.195855128273124
6560.240240951669	80.995309993552524	80.995309993552524
9829.9873814500424	99.146292827568914	99.146292827568914
754.31715901471432	27.464834953349243	27.464834953349243
1717.1103786483909	41.438030583612331	41.438030583612331
8182.284405609028	90.45598048558773	90.45598048558773
5902.7770286954137	76.82953226914384	76.82953226914384
8300.0786338550606	91.104767349766391	91.104767349766391
3761.3244978091552	61.329638004876202	61.329638004876202
7023.7076975397613	83.80756348647634	83.80756348647634
8981.7695061460181	94.772197959876493	94.772197959876493
3112.4336719843636	55.789189561996359	55.789189561996359
8474.7652052824415	92.058487958919031	92.058487958919031
3134.2044722549772	55.98396620689693	55.98396620689693
1458.0043142518934	38.183822677305287	38.183822677305287
4855.6841897655131	69.682739539756284	69.682739539756284
9660.5253852936003	98.287971722350647	98.287971722350647
3491.2373415813736	59.086693439228547	59.086693439228547
6275.0881043304917	79.215453696425243	79.215453696425243
7384.5043139174759	85.933138624848766	85.933138624848766
6231.1991273033636	78.937944787683463	78.937944787683463
2098.5897935924236	45.810367752206744	45.810367752206744
4514.8303149839694	67.192487042704187	67.192487042704187
6471.6083664158432	80.446307351026647	80.446307351026647
5367.8922554904793	73.265901041961385	73.265901041961385
2831.4529616542804	53.211398794377509	53.211398794377509
1521.531940876697	39.006819158663745	39.006819158663745
2694.8174947805342	51.911631594282738	51.911631594282738
6598.139555476615	81.228932994817896	81.228932994817896
9796.2093996278672	98.975802091359014	98.975802091359014
1336.325498785973	36.555786119108049	36.555786119108049
333.95559174572958	18.274451886328343	18.274451886328343
3439.8291787037979	58.650056936918638	58.650056936918638
9157.319422015149	95.693883932125715	95.693883932125715
3257.010129974477	57.070221043679837	57.070221043679837
8069.968213664959	89.833001807047282	89.833001807047282
721.14714560125037	26.854183018689106	26.854183018689106
8554.6683915357517	92.491450369943664	92.491450369943664
5047.8982477618947	71.048562601659256	71.048562601659256
3578.3802585229178	59.819564178644079	59.819564178644079
9286.1313511555836	96.364575187957854	96.364575187957854
9265.8473704425232	96.259271607687353	96.259271607687353
6960.6779126345327	83.430677287401508	83.430677287401508
4646.272835782881	68.16357411244573	68.16357411244573
5434.4613861203397	73.718799407751746	73.718799407751746
613.56638531455633	24.770272209133196	24.770272209133196
4149.1900270819679	64.414206717788332	64.414206717788332
8233.7248200531249	90.739874476732254	90.739874476732254
417.97118018819629	20.444343476575526	20.444343476575526
2680.5077098752672	51.77361982588495	51.77361982588495
7981.6809537416366	89.340253826265993	89.340253826265993
5125.4854249332293	71.592495590901351	71.592495590901351
8818.8017439780633	93.908475357541946	93.908475357541946
9294.2800748962054	96.406846618361115	96.406846618361115
422.04256913173396	20.543674674501005	20.543674674501005
3094.4780010509476	55.628032511054599	55.628032511054599
3416.7037900895025	58.452577274997061	58.452577274997061
7543.5367745202439	86.85353633859846	86.85353633859846
1780.173926063261	42.192107390639556	42.192107390639556
8557.0958397551585	92.504571993794769	92.504571993794769
2765.5629378494018	52.588619851156025	52.588619851156025
1907.5164511360581	43.675123939561502	43.675123939561502
8152.5226754720479	90.291321152545152	90.291321152545152
9038.1263945326191	95.069061184659958	95.069061184659958
5076.5404034666972	71.249844936439672	71.249844936439672
3686.2594450226425	60.714573580176307	60.714573580176307
6540.9359460970991	80.876052982926282	80.876052982926282
5693.2412939935139	75.45357045225569	75.45357045225569
2165.8739082764882	46.538950442360516	46.538950442360516
2952.2628644806955	54.334729818788055	54.334729818788055
6753.7727541367085	82.181340668893384	82.181340668893384
742.67178606125697	27.252005175055597	27.252005175055597
154.01997139595065	12.410478290378283	12.410478290378283
3237.9902474141963	56.903341267575811	56.903341267575811
9713.0539914377878	98.554827337060402	98.554827337060402
9994.0506274636318	99.970248711622361	99.970248711622361
2560.4101558008247	50.600495608252935	50.600495608252935
3370.5406884055196	58.056357863764752	58.056357863764752
2998.8115834380028	54.76140596659296	54.76140596659296
3292.1218531686495	57.377015024909142	57.377015024909142
4747.6891287291537	68.903476898696141	68.903476898696141
5262.0313271782652	72.539860264397149	72.539860264397149
7408.7824549680399	86.074284516155231	86.074284516155231
2159.4424830818566	46.469801840354954	46.469801840354954
3623.7232849473171	60.19736941883189	60.19736941883189
2877.8621750665206	53.645709754522969	53.645709754522969
5487.0900120678298	74.074894613950207	74.074894613950207
8080.0408506357326	89.889047445368632	89.889047445368632
4016.070573964771	63.372474892217767	63.372474892217767
6276.2702883229458	79.22291517182984	79.22291517182984
9502.4375798120636	97.480447166660369	97.480447166660369
9351.3793127338758	96.702530022403636	96.702530022403636
4827.409471697345	69.479561539328557	69.479561539328557
682.50095205623211	26.12471917660039	26.12471917660039
4812.0620118013376	69.369027755918111	69.369027755918111
5821.3318503043783	76.297652980313742	76.297652980313742
6856.8714305840758	82.806228211313169	82.806228211313169
5721.5912452326702	75.641200712526171	75.641200712526171
7793.8330996605	88.282688561577572	88.282688561577572
2575.8128590565088	50.752466531751033	50.752466531751033
6844.8625047078558	82.73368422056312	82.73368422056312
6312.3106430484795	79.450051246355272	79.450051246355272
1900.2918210326623	43.592336723702509	43.592336723702509
348.82440442035244	18.676841393028759	18.676841393028759
1163.6451475975621	34.112243367998566	34.112243367998566
5080.7249014954268	71.279203850039082	71.279203850039082
9078.4206142301591	95.28074629341522	95.28074629341522
295.90771453839545	17.201968333257547	17.201968333257547
3850.5743676904563	62.05299644409169	62.05299644409169
8901.6141287130977	94.348365797787395	94.348365797787395
6443.3405676037773	80.270421498854589	80.270421498854589
8275.0295648394203	90.967189496210224	90.967189496210224
9328.2764007949609	96.583002649508472	96.583002649508472
5058.8685114037335	71.125723275083345	71.125723275083345
9779.3695080559592	98.890694749586828	98.890694749586828
7570.5133468560834	87.008696961028463	87.008696961028463
1311.5219789130444	36.214941376634101	36.214941376634101
779.29335642050592	27.915826271498858	27.915826271498858
1753.0099100449743	41.868961177045868	41.868961177045868
1020.9606054178749	31.952474167392342	31.952474167392342
7712.3722720756059	87.820113140872266	87.820113140872266
9853.0464949596389	99.262513039715245	99.262513039715245
4058.5483256891312	63.706736894061144	63.706736894061144
4512.1253425597824	67.17235549360899	67.17235549360899
3240.117267930259	56.92202796747722	56.92202796747722
3183.9535234651817	56.426532087885583	56.426532087885583
3159.3890399731781	56.208442781962731	56.208442781962731
1288.737751983293	35.898993746110669	35.898993746110669
9349.6863077495436	96.693775951451727	96.693775951451727
4349.0052727228858	65.94698835218243	65.94698835218243
1046.7276712510613	32.35317096129932	32.35317096129932
3790.049955635588	61.56338161306271	61.56338161306271
1010.4087310226467	31.786927045920102	31.786927045920102
2143.2449424752708	46.295193513746874	46.295193513746874
9122.706376483733	95.512859744035168	95.512859744035168
2706.0183142907781	52.019403248122501	52.019403248122501
767.48614414953192	27.703540281876105	27.703540281876105
8625.6332739067493	92.874287474557505	92.874287474557505
350.48234108072523	18.721173603188589	18.721173603188589
9309.2813830123268	96.484617338787885	96.484617338787885
1119.6991278212629	33.461905621486395	33.461905621486395
5789.4724050678005	76.088582619653266	76.088582619653266
3746.3257832850809	61.20723636372648	61.20723636372648
2575.7738021936934	50.752081752315277	50.752081752315277
1174.1664492344808	34.266112257367055	34.266112257367055
7252.3036061207513	85.160457996189464	85.160457996189464
3098.365995714953	55.662967902501869	55.662967902501869
9930.8382099684059	99.653591054052868	99.653591054052868
17.126223814858129	4.1383842033888216	4.1383842033888216
451.79130117726248	21.25538287533919	21.25538287533919
7580.5158010960604	87.066157610727601	87.066157610727601
6240.513380969478	78.996920072680538	78.996920072680538
3818.704662375013	61.795668637656256	61.795668637656256
6759.3024861041476	82.214977261470722	82.214977261470722
7574.5206644050613	87.031722173039071	87.031722173039071
2552.7978854108919	50.525220290572626	50.525220290572626
3731.5664385826176	61.086548753245324	61.086548753245324
6090.6232840953808	78.042445400534319	78.042445400534319
7500.7351663974878	86.60678475961042	86.60678475961042
2928.1883773810487	54.112737662966644	54.112737662966644
1380.5393998607938	37.155610610791932	37.155610610791932
5770.9865110657165	75.967009359759032	75.967009359759032
2918.9035114997159	54.026877676761181	54.026877676761181
2623.2234837636101	51.217413872272097	51.217413872272097
9262.4353921837046	96.241547120688494	96.241547120688494
6253.8752186963056	79.081446741295181	79.081446741295181
6367.5990745973222	79.797237261682952	79.797237261682952
3406.6842245529815	58.366807558345876	58.366807558345876
4330.3424549653892	65.805337587200242	65.805337587200242
7464.1437977726828	86.395276478362419	86.395276478362419
6111.3025711662312	78.174820570092976	78.174820570092976
5536.7465759026354	74.409317802964935	74.409317802964935
8704.3404594576314	93.297054934534941	93.297054934534941
2304.3085293482191	48.003213739792663	48.003213739792663
9351.2757433161987	96.701994515708918	96.701994515708918
6827.1632423640131	82.626649710393153	82.626649710393153
5381.1225061440982	73.356134754661781	73.356134754661781
1190.7342604281871	34.507017553364228	34.507017553364228
455.1834226267776	21.335028067166391	21.335028067166391
4469.7127763374838	66.855910556490699	66.855910556490699
9304.5126070498191	96.459901550073226	96.459901550073226
1771.6540244378498	42.091020710335002	42.091020710335002
9424.3652944724272	97.079170239925446	97.079170239925446
7087.6792078759163	84.188355536118635	84.188355536118635
1210.4307786106447	34.791245718005626	34.791245718005626
7925.274072041313	89.024008402460254	89.024008402460254
2061.3686078788187	45.40229738547179	45.40229738547179
6977.961076157736	83.534191060653342	83.534191060653342
6136.4989994984453	78.335809177530336	78.335809177530336
2453.3946934130854	49.531754394661668	49.531754394661668
5048.0185959106975	71.049409539493695	71.049409539493695
4803.5434191960767	69.307600010360161	69.307600010360161
7478.0012360519995	86.475437183352824	86.475437183352824
1522.0248541133419	39.01313694274458	39.01313694274458
8084.3764901229333	89.913160828228769	89.913160828228769
1629.778764928021	40.370518512003549	40.370518512003549
2359.815410946323	48.577931316044356	48.577931316044356
52.170673571018973	7.2229269393383024	7.2229269393383024
5134.6902723954627	71.65675315275918	71.65675315275918
8988.610395863343	94.80828231680681	94.80828231680681
3409.9217387589861	58.394535178893122	58.394535178893122
6230.0118150579028	78.930423887483983	78.930423887483983
3928.1471280026576	62.674932213785901	62.674932213785901
1523.5487923827222	39.032663147455395	39.032663147455395
1416.9149908499101	37.641931284804052	37.641931284804052
9418.3484358591068	97.04817585024	97.04817585024
1452.9070274364622	38.117017556945115	38.117017556945115
9408.1370593690153	96.995551750423147	96.995551750423147
3106.7388940890555	55.738127830857898	55.738127830857898
5145.4900220486297	71.73207108433877	71.73207108433877
2553.2781276772625	50.529972567549081	50.529972567549081
3936.4177811507871	62.740878071244644	62.740878071244644
9088.3762663021243	95.332975754993214	95.332975754993214
2146.8261259906985	46.333855073700683	46.333855073700683
1128.1784560318633	33.588367867937009	33.588367867937009
7451.7607095629037	86.323581422244658	86.323581422244658
1239.2882992163538	35.203526800824285	35.203526800824285
1834.898771791743	42.835718411061379	42.835718411061379
1576.3540057147275	39.703324869772899	39.703324869772899
3104.1853657830175	55.71521664485401	55.71521664485401
8395.6880983952906	91.62798752780337	91.62798752780337
4366.2621686461071	66.077697967212103	66.077697967212103
914.22873664301062	30.236215646853207	30.236215646853207
6123.6318901174454	78.253638190932989	78.253638190932989
9893.365019183022	99.465396089207943	99.465396089207943
131.44319411031677	11.464867819138464	11.464867819138464
8944.4171336481486	94.574928673767175	94.574928673767175
4268.1604744511842	65.331160057442602	65.331160057442602
8089.6598192998172	89.9425362067349	89.9425362067349
7297.6522753436775	85.426297329005649	85.426297329005649
9393.7506375917983	96.921363164122894	96.921363164122894
3520.7637463850801	59.336024019014623	59.336024019014623
3169.8639780360359	56.30154507680971	56.30154507680971
2232.9876786697387	47.254499030988981	47.254499030988981
165.2619649868503	12.855425507809935	12.855425507809935
9593.376551533489	97.94578373535785	97.94578373535785
3300.0540850054676	57.446097213000186	57.446097213000186
4367.809785390843	66.089407512784092	66.089407512784092
3654.1576394503427	60.449628943859885	60.449628943859885
2645.0387547132163	51.429940255781126	51.429940255781126
7539.1025086184409	86.828005324425376	86.828005324425376
4863.9227489317045	69.741829262872827	69.741829262872827
6151.4379261284976	78.431103053115976	78.431103053115976
8441.4183605557828	91.877191731984183	91.877191731984183
6573.7994951979836	81.078970733464445	81.078970733464445
6651.8021766306083	81.558581256852477	81.558581256852477
5748.4188586181936	75.818327986168313	75.818327986168313
2518.8260202677839	50.187907111850997	50.187907111850997
7517.5171919065506	86.703616948236657	86.703616948236657
7881.0393787758167	88.775218269378627	88.775218269378627
5594.5580471553894	74.796778320696333	74.796778320696333
3070.5740393329638	55.41276061822731	55.41276061822731
8463.0998882612166	91.99510795831057	91.99510795831057
5646.3532756251543	75.142220326692197	75.142220326692197
3773.6255945698099	61.429842866230821	61.429842866230821
6539.0891384311371	80.864634658366796	80.864634658366796
3188.4365579370601	56.466242640510977	56.466242640510977
343.372697645149	18.53031833631438	18.53031833631438
169.02137528741966	13.000822100445021	13.000822100445021
7484.2557921048783	86.511593397098395	86.511593397098395
6092.1117843475704	78.051981296745893	78.051981296745893
2340.3816750439128	48.37749140916582	48.37749140916582
2513.1345894696765	50.131173828962716	50.131173828962716
4736.6224074095944	68.823124074758439	68.823124074758439
1887.3513682397909	43.443657399438536	43.443657399438536
6645.0167433947308	81.516972118662082	81.516972118662082
9507.906343922099	97.508493701431462	97.508493701431462
6754.5626132928874	82.186146115345295	82.186146115345295
4716.662700747167	68.677963720156754	68.677963720156754
3646.7898099102199	60.388656301578855	60.388656301578855
4470.915306071648	66.864903395366156	66.864903395366156
3649.6202490795899	60.412086945242919	60.412086945242919
8823.3779988060851	93.932837702297093	93.932837702297093
5236.4111686604656	72.363051128738803	72.363051128738803
7090.3355676185656	84.204130347736296	84.204130347736296
8534.4782258574924	92.382239775064406	92.382239775064406
8396.686262171921	91.633434193922483	91.633434193922483
9304.1966988885088	96.458264025891054	96.458264025891054
5713.5647662101183	75.588125828135986	75.588125828135986
840.40522720291551	28.989743482875379	28.989743482875379
9633.7803558890118	98.151822988108634	98.151822988108634
9187.2095088009482	95.849932231592888	95.849932231592888
912.13923939832807	30.201642991703746	30.201642991703746
1422.8867063456371	37.721170532548925	37.721170532548925
2796.2350654717693	52.879438967067053	52.879438967067053
8466.4642488585177	92.013391682181336	92.013391682181336
3961.4830058127541	62.940313041903075	62.940313041903075
2885.3142299465517	53.715121054937143	53.715121054937143
3974.7202614179778	63.04538255429955	63.04538255429955
1534.1148442597425	39.167778137899816	39.167778137899816
6542.4200876496734	80.885227870419413	80.885227870419413
2201.0076871620959	46.914898349693736	46.914898349693736
9581.4765445761604	97.885016956509546	97.885016956509546
6828.930823385951	82.637345210176917	82.637345210176917
8557.927330915647	92.509066209294573	92.509066209294573
8315.8494195710628	91.191279295616113	91.191279295616113
3034.3199081088396	55.084661277971378	55.084661277971378
2423.2282675331853	49.226296504339885	49.226296504339885
8223.7411927670928	90.684845441601169	90.684845441601169
8581.8981125732316	92.638534706531445	92.638534706531445
5568.7834741330034	74.624282067789466	74.624282067789466
3516.2467305252603	59.297948788514262	59.297948788514262
4056.7284153382416	63.692451792486693	63.692451792486693
902.68428680258899	30.044704804717071	30.044704804717071
4319.662207801367	65.724137178066982	65.724137178066982
7295.0853653591848	85.411271887024284	85.411271887024284
7906.6496812308633	88.919343684211157	88.919343684211157
2331.5173852856569	48.285788647237162	48.285788647237162
7894.8055439958889	88.852718270156984	88.852718270156984
7781.0264034535749	88.210126422387447	88.210126422387447
8231.4904901551126	90.727561910122503	90.727561910122503
8225.878751356684	90.696630319746077	90.696630319746077
758.00125926785495	27.531822665196994	27.531822665196994
8998.6860740818065	94.861404554654399	94.861404554654399
8130.0208110179119	90.16662803397891	90.16662803397891
7272.6944711769438	85.28009422589156	85.28009422589156
2807.5729908737544	52.986535939555004	52.986535939555004
8150.801852658692	90.281791368241542	90.281791368241542
2609.5181734360835	51.083443241779264	51.083443241779264
6197.5270810074226	78.724374122678313	78.724374122678313
6762.2958924365603	82.23317999710676	82.23317999710676
4271.8363322317509	65.359286503386429	65.359286503386429
4241.4396773822327	65.12633628097187	65.12633628097187
2139.8555209172932	46.258572404661315	46.258572404661315
790.38085784133887	28.113712985682607	28.113712985682607
2499.2939930226971	49.992939431710724	49.992939431710724
9805.4171850535004	99.022306502391174	99.022306502391174
9661.609983170978	98.293489017182509	98.293489017182509
2744.8237210955449	52.391065279258683	52.391065279258683
8112.1934421706856	90.067715870730765	90.067715870730765
4348.8459266029613	65.945780203155991	65.945780203155991
9024.8155823894649	94.999029376038706	94.999029376038706
915.87287450524298	30.263391655682661	30.263391655682661
7168.4136812556135	84.666484994096763	84.666484994096763
9334.425562699882	96.614830966575113	96.614830966575113
2959.9947137135855	54.405833452981724	54.405833452981724
8202.7513443170646	90.569041864850618	90.569041864850618
9987.2794621637931	99.936377071433768	99.936377071433768
2788.0692873826306	52.802171237389764	52.802171237389764
1227.2582751748828	35.032246219374557	35.032246219374557
9257.4801168021531	96.215799725420112	96.215799725420112
4141.4979193370236	64.354470857408373	64.354470857408373
9479.4055295351645	97.362238724955191	97.362238724955191
4546.2218545982041	67.425676523103604	67.425676523103604
7694.0441858983004	87.715700908664587	87.715700908664587
8192.6496951343324	90.513257013181956	90.513257013181956
3155.0206325701565	56.169570343471172	56.169570343471172
7611.731340409613	87.245236777772647	87.245236777772647
1116.8981885807523	33.420026759126813	33.420026759126813
3915.0153810770553	62.570083754754997	62.570083754754997
3341.5842645462276	57.806437916085329	57.806437916085329
1548.3894501042575	39.349580049909775	39.349580049909775
4004.5926997224924	63.281851266555819	63.281851266555819
6172.2634189733317	78.563753849808705	78.563753849808705
3473.0733368522001	58.932786603487536	58.932786603487536
6152.3190862375432	78.436720266961331	78.436720266961331
9536.9998244183716	97.65756409218065	97.65756409218065
2957.8709808043241	54.386312439843941	54.386312439843941
7882.2599955697615	88.782092764080318	88.782092764080318
5270.3729899351738	72.597334592498456	72.597334592498456
484.56684829143933	22.012879145887286	22.012879145887286
8480.3965493642172	92.089068566058458	92.089068566058458
3019.4618634513358	54.949630239441426	54.949630239441426
4844.9091647085916	69.605381722310753	69.605381722310753
1398.3174022305238	37.394082449373244	37.394082449373244
6212.9317249723317	78.822152501516555	78.822152501516555
1443.6657040225364	37.995601114109725	37.995601114109725
6793.1133490694747	82.420345480163292	82.420345480163292
7171.6744403814982	84.68573929760251	84.68573929760251
806.10656764165776	28.39201591366238	28.39201591366238
5796.7632585697083	76.136477844524094	76.136477844524094
1243.9623299533234	35.269850154959876	35.269850154959876
3990.0888134797824	63.167149797024898	63.167149797024898
9988.0619469859521	99.940291909649488	99.940291909649488
1629.4944099392665	40.366996543454484	40.366996543454484
4901.1666362849819	70.008332620374432	70.008332620374432
4766.4323268694452	69.039353465030686	69.039353465030686
5650.2835090944382	75.168367742651157	75.168367742651157
4619.2736102633226	67.965238249147063	67.965238249147063
7234.0548275471028	85.053247013545004	85.053247013545004
2658.7887195720882	51.56344363570075	51.56344363570075
5556.5116250063438	74.542012482937054	74.542012482937054
3936.2015805652572	62.739155083291145	62.739155083291145
475.27347737438674	21.800767816166172	21.800767816166172
5339.9871744687334	73.075215870148028	73.075215870148028
4069.8729002965028	63.795555490147613	63.795555490147613
1701.1847056565196	41.245420420411762	41.245420420411762
9063.188309532301	95.200778933432588	95.200778933432588
1531.1812665524267	39.130311352612907	39.130311352612907
4286.1660506361477	65.468817391458572	65.468817391458572
6676.8842548475286	81.712203830563325	81.712203830563325
3651.3378004761967	60.426300569174316	60.426300569174316
5397.3137298354104	73.466412256455058	73.466412256455058
7762.7315862678988	88.10636518588143	88.10636518588143
4240.440188944609	65.118662370664595	65.118662370664595
5623.8980264598258	74.992653149890799	74.992653149890799
2178.1285985326253	46.670425309103678	46.670425309103678
2900.9038595756392	53.860039543019639	53.860039543019639
4395.3896665489819	66.297735003158152	66.297735003158152
9375.5833626359836	96.827596080022474	96.827596080022474
6442.4607145235177	80.264940755746636	80.264940755746636
908.68237633916169	30.144358947225296	30.144358947225296
2034.4581450326957	45.104968074843988	45.104968074843988
4372.5608349798958	66.125341851516325	66.125341851516325
6813.2271099028076	82.542274683357306	82.542274683357306
195.38061327625621	13.977861541604145	13.977861541604145
5133.6848469413435	71.649737242653885	71.649737242653885
8275.9232544517399	90.972101517178004	90.972101517178004
399.49235650889239	19.987304883572783	19.987304883572783
4582.2718961645796	67.692480351694755	67.692480351694755
2591.8120671507409	50.909842537084522	50.909842537084522
8312.5859756334376	91.173384140512397	91.173384140512397
7185.5201161432824	84.767447266879998	84.767447266879998
4985.0943926324126	70.605200889399171	70.605200889399171
6567.7456270811053	81.041628975984338	81.041628975984338
1732.6808265920561	41.625482899205579	41.625482899205579
4118.8667964547894	64.178398207300162	64.178398207300162
4749.4647958959104	68.91636087240758	68.91636087240758
5972.2242397332275	77.280167182358156	77.280167182358156
9707.1042393994157	98.524637727826317	98.524637727826317
5558.805886693458	74.557399945903811	74.557399945903811
2378.2409605545527	48.767211941575589	48.767211941575589
3823.3689243570552	61.833396513187395	61.833396513187395
8459.0850889441172	91.97328464801133	91.97328464801133
1204.8395386043771	34.710798587822453	34.710798587822453
6371.7470985180626	79.82322405489559	79.82322405489559
1149.7672170992528	33.908217545297966	33.908217545297966
1121.9409744678646	33.495387361066072	33.495387361066072
4951.8923382613257	70.369683374741186	70.369683374741186
1033.7578787056375	32.152105354169848	32.152105354169848
569.40106314771981	23.862126123791228	23.862126123791228
3605.0860795836547	60.042369037069605	60.042369037069605
3685.6055206469814	60.709188107295432	60.709188107295432
3259.6764028098646	57.093575845359908	57.093575845359908
284.18305865506943	16.85772993777838	16.85772993777838
9340.2150459302084	96.644787991542557	96.644787991542557
5815.8593876054947	76.261781959284789	76.261781959284789
8448.918528812872	91.917998938254044	91.917998938254044
6541.5556836282485	80.879884295344098	80.879884295344098
1196.379367524366	34.588717344307028	34.588717344307028
4722.9221730522577	68.723519795280112	68.723519795280112
5495.2697877564942	74.130086926675688	74.130086926675688
4499.7724096950551	67.080342945568304	67.080342945568304
9324.1239338896594	96.56150337422082	96.56150337422082
7447.720167073956	86.300174780089264	86.300174780089264
4109.1817700285401	64.10289985662537	64.10289985662537
4793.6356351227469	69.236086220429499	69.236086220429499
2201.4696167127586	46.919821149624589	46.919821149624589
7924.1457914820076	89.017671231514512	89.017671231514512
874.44158599779291	29.570958489670112	29.570958489670112
2515.9798781404606	50.159544237766561	50.159544237766561
4395.8265561075095	66.301029826900191	66.301029826900191
3319.233098944243	57.612785898134135	57.612785898134135
7014.1581689893446	83.750571156197765	83.750571156197765
9478.4975046784293	97.357575486853762	97.357575486853762
9303.1290377466048	96.45272955052441	96.45272955052441
2359.7336729271537	48.577090000607832	48.577090000607832
2873.1572886250806	53.601840347371287	53.601840347371287
224.98915872875995	14.999638619938814	14.999638619938814
9865.3166511193231	99.324300405889204	99.324300405889204
4352.6218408756349	65.974402921706201	65.974402921706201
5405.1079590714744	73.519439327782379	73.519439327782379
496.42014155573258	22.28048791107889	22.28048791107889
3324.1376743067217	57.65533517643204	57.65533517643204
1232.2117882395355	35.102874358655242	35.102874358655242
1770.5306888037337	42.077674470005277	42.077674470005277
9807.0390456869409	99.030495533885627	99.030495533885627
2482.5854614230884	49.825550287207953	49.825550287207953
1740.227814804588	41.716037860810651	41.716037860810651
6225.4553717214731	78.901554938552849	78.901554938552849
2712.5617172293432	52.082259140991027	52.082259140991027
4785.7479617146	69.17910061365788	69.17910061365788
4094.5203481057365	63.988439175414619	63.988439175414619
4359.5337896455985	66.026765706383031	66.026765706383031
7756.3158672982099	88.069948718607819	88.069948718607819
8651.1642545333416	93.011635049241775	93.011635049241775
8103.142004217596	90.017453886552445	90.017453886552445
7876.0474407036272	88.747098210046431	88.747098210046431
5001.5296023957299	70.72149321384363	70.72149321384363
5367.1528533010269	73.260854849646861	73.260854849646861
5764.572761769823	75.924783580658456	75.924783580658456
3742.0943450760619	61.172660111164546	61.172660111164546
2669.6949777390496	51.66909112553703	51.66909112553703
7142.2995466427283	84.512126624779285	84.512126624779285
8380.488076932601	91.545005745439767	91.545005745439767
9863.1494951715995	99.313390311536537	99.313390311536537
1984.0567614582433	44.54275206426118	44.54275206426118
3808.6339173101123	61.714130612932664	61.714130612932664
5635.9050868648619	75.072665377385277	75.072665377385277
9103.9358655953565	95.414547452657118	95.414547452657118
9927.0887276787907	99.634776698092679	99.634776698092679
1093.5737124940754	33.069226064334728	33.069226064334728
216.58928184586287	14.716972577465206	14.716972577465206
7073.0067135079726	84.101169513318737	84.101169513318737
8475.111286462432	92.060367620721735	92.060367620721735
8436.3354814752038	91.849526299677805	91.849526299677805
4364.2883212794432	66.062760472746234	66.062760472746234
6358.0039480000669	79.737092673360408	79.737092673360408
7263.0257056715354	85.22338708166636	85.22338708166636
4840.4102429179102	69.573056874898853	69.573056874898853
6723.8070295910411	81.998823342722673	81.998823342722673
9593.1137801848035	97.944442313920007	97.944442313920007
4739.7762922663715	68.846033235520338	68.846033235520338
2226.0218299483463	47.180735792782485	47.180735792782485
1219.4488093041421	34.920607229888518	34.920607229888518
2902.9896317588864	53.879398955063394	53.879398955063394
6108.8473279058462	78.159115449868324	78.159115449868324
7394.4281504061519	85.990860853966055	85.990860853966055
3370.8207774813054	58.058770030730976	58.058770030730976
9549.3218313215202	97.720631554045539	97.720631554045539
1016.2665576314045	31.878935955131947	31.878935955131947
1350.425291022307	36.748133163771833	36.748133163771833
7829.1238234535867	88.482336222850648	88.482336222850648
3102.3573885750116	55.69880957951446	55.69880957951446
2597.0051771705198	50.960820020585615	50.960820020585615
3190.7416708069281	56.486650376942407	56.486650376942407
2674.0168753020148	51.710897065338315	51.710897065338315
1846.1759330447014	42.967149463802009	42.967149463802009
8607.8078712029419	92.778272624591054	92.778272624591054
1854.882965429633	43.068352248833868	43.068352248833868
6066.7485984298364	77.889335588576159	77.889335588576159
2741.9625481231365	52.363752234949096	52.363752234949096
7755.7805110103936	88.066909284988498	88.066909284988498
4367.8826387012223	66.089958682853037	66.089958682853037
7897.937974423683	88.870343615987466	88.870343615987466
8164.5773301367572	90.358050721209992	90.358050721209992
3514.363164828857	59.282064444727773	59.282064444727773
6510.2683074527067	80.686233692326397	80.686233692326397
3980.621325598323	63.092165326594419	63.092165326594419
9047.8682185699417	95.12028289786538	95.12028289786538
8940.5150633364865	94.554296905727597	94.554296905727597
6748.9321691288342	82.151884757008673	82.151884757008673
5635.1151709377791	75.067404184091643	75.067404184091643
3125.6193897501112	55.907239153352144	55.907239153352144
3517.5228709455105	59.308708221858197	59.308708221858197
9334.9565345478804	96.617578807108799	96.617578807108799
2205.2188092704519	46.959757338283296	46.959757338283296
7741.9419495148513	87.988305754315164	87.988305754315164
5767.1623988610318	75.941835630046711	75.941835630046711
8085.293356275999	89.918259304081275	89.918259304081275
2893.0972346535827	53.787519320503925	53.787519320503925
8751.1510216760944	93.547586936682094	93.547586936682094
6674.1205220892089	81.695290697133871	81.695290697133871
4066.4634609784521	63.76882828607134	63.76882828607134
4849.7482052039513	69.640133581175377	69.640133581175377
8865.1523191788001	94.154937837475103	94.154937837475103
7497.6258712031786	86.588832254530246	86.588832254530246
5543.3146466786466	74.453439454995276	74.453439454995276
5291.8647629412253	72.745204398236623	72.745204398236623
4477.4479132825882	66.913734862751369	66.913734862751369
9137.0596348689396	95.587968044461221	95.587968044461221
8475.5050473358442	92.06250619734314	92.06250619734314
869.95918198355264	29.495070469208116	29.495070469208116
2971.9919827445274	54.515979150562153	54.515979150562153
9492.0124260332741	97.426959441590256	97.426959441590256
5092.6467075281889	71.362782369581055	71.362782369581055
7811.8334330272564	88.384576895673689	88.384576895673689
5715.4274612220424	75.600446170786867	75.600446170786867
3797.621806787954	61.624847316548816	61.624847316548816
3914.9007232540143	62.56916751287342	62.56916751287342
382.80380061742432	19.56537248859383	19.56537248859383
6303.3146626443768	79.393416998164128	79.393416998164128
9022.3827853473558	94.986224187233361	94.986224187233361
9900.9637386151335	99.503586561566379	99.503586561566379
4207.0257661456544	64.861589297099826	64.861589297099826
3412.6726766393144	58.418085184635366	58.418085184635366
7025.0816749659907	83.815760301783286	83.815760301783286
544.81442695249552	23.341260183471146	23.341260183471146
1805.344613953444	42.489347064334183	42.489347064334183
8502.8578581466809	92.210942182295696	92.210942182295696
2483.4158274922875	49.833882324100415	49.833882324100415
3872.8163984422263	62.231956408602699	62.231956408602699
4287.0907760784667	65.475879345591579	65.475879345591579
6531.6007808026789	80.818319586605355	80.818319586605355
8711.2967777749527	93.334327970875506	93.334327970875506
7182.3737123620531	84.748886201306817	84.748886201306817
7428.5006153025579	86.188749934678583	86.188749934678583
695.30096242049649	26.368560112764907	26.368560112764907
882.91258818789538	29.713845058960231	29.713845058960231
1838.5133875052857	42.877889261311424	42.877889261311424
7319.4212003517387	85.553615939665221	85.553615939665221
2263.0120899503727	47.571126641591881	47.571126641591881
6378.4745287734168	79.865352492638607	79.865352492638607
5762.820295804846	75.913241900243236	75.913241900243236
164.6759477292278	12.832612661856034	12.832612661856034
6277.1096804375093	79.228212654568381	79.228212654568381
1330.4607691753868	36.475481753849209	36.475481753849209
6384.0322126510318	79.900139002701565	79.900139002701565
2504.566200098544	50.045641169821614	50.045641169821614
5826.7460465196509	76.333125486381405	76.333125486381405
23.943329132772824	4.8931921209751028	4.8931921209751028
5721.1772995499723	75.638464418244055	75.638464418244055
4591.676154659589	67.761907844006203	67.761907844006203
4175.6389430305398	64.619184017059055	64.619184017059055
986.91855693048637	31.415259937337559	31.415259937337559
2486.7163075110661	49.866986148263123	49.866986148263123
320.37630730679956	17.899058838575829	17.899058838575829
2959.8078195577809	54.404115832883278	54.404115832883278
6575.0685498344328	81.086796396419757	81.086796396419757
7044.8088458694065	83.933359553096679	83.933359553096679
9473.4425410671902	97.331611211708548	97.331611211708548
9477.5959906114185	97.352945464487192	97.352945464487192
7875.7153205266859	88.745227029551771	88.745227029551771
1167.1561691813956	34.163667384831442	34.163667384831442
9982.9139485457981	99.914533219876461	99.914533219876461
1900.7184753068339	43.59723013342515	43.59723013342515
3220.209017754979	56.74688553352491	56.74688553352491
5868.293246501561	76.60478605479922	76.60478605479922
6126.9260730919996	78.274683474875829	78.274683474875829
1770.9614584503247	42.082792902210336	42.082792902210336
2818.6095886941744	53.090579095487122	53.090579095487122
8005.1175010888628	89.471322227230232	89.471322227230232
4069.5180579670377	63.7927743397874	63.7927743397874
8496.8829204354788	92.178538285413694	92.178538285413694
8919.0335918585115	94.440635278774522	94.440635278774522
6945.0960388658377	83.33724280815774	83.33724280815774
3609.2474463372637	60.077012628269586	60.077012628269586
3068.778441788324	55.396556226793777	55.396556226793777
4461.346299102529	66.793310287052918	66.793310287052918
4755.6054906275085	68.960898273061304	68.960898273061304
1809.758137043852	42.541252180017601	42.541252180017601
3492.4228899241539	59.096724866308399	59.096724866308399
8773.5188119614668	93.667063645453666	93.667063645453666
4961.6216828782053	70.438779680501312	70.438779680501312
331.08283175488947	18.195681678763492	18.195681678763492
1497.0073340471072	38.691179021155548	38.691179021155548
3055.2237580504725	55.274078536421321	55.274078536421321
9088.7585236573395	95.334980587701068	95.334980587701068
3882.9250948755075	62.313121370025328	62.313121370025328
9898.0642011146465	99.489015479673171	99.489015479673171
3200.1135770938745	56.569546375182064	56.569546375182064
783.40249950472537	27.989328314640304	27.989328314640304
9613.5232380807975	98.048575910518949	98.048575910518949
3197.0326026563466	56.542308076840534	56.542308076840534
2147.7218865935611	46.343520438067294	46.343520438067294
4400.2994008172391	66.334752587291973	66.334752587291973
1682.4189553784461	41.01730068371694	41.01730068371694
8674.480117655854	93.136889134519919	93.136889134519919
3416.7806374736442	58.453234619425849	58.453234619425849
2516.2020770491959	50.161759110394001	50.161759110394001
2426.1624517309679	49.256090503926188	49.256090503926188
1386.8365036302107	37.240253807274335	37.240253807274335
4234.0266130367845	65.069398437643358	65.069398437643358
6510.5380662616926	80.687905328256562	80.687905328256562
2199.1763703260303	46.89537685450486	46.89537685450486
2516.1672213118582	50.161411675827644	50.161411675827644
8583.1414165506321	92.645244975393268	92.645244975393268
5935.8836509811008	77.044686065822219	77.044686065822219
7620.303323475041	87.294348748788096	87.294348748788096
9555.1872168445007	97.750637935741892	97.750637935741892
5678.27169507486	75.354307740665092	75.354307740665092
7030.6173293842958	83.848776552698112	83.848776552698112
1767.2066367175155	42.038156913898064	42.038156913898064
5575.0369654228325	74.666170153710397	74.666170153710397
5757.6167605535647	75.878961251150272	75.878961251150272
5596.0505298463258	74.806754573676869	74.806754573676869
6637.8345655345975	81.472906941722641	81.472906941722641
9836.5091416217183	99.179176955758805	99.179176955758805
6103.5733576879311	78.125369488329014	78.125369488329014
2229.3705521722059	47.216210692644594	47.216210692644594
2292.1981717479352	47.87690645549204	47.87690645549204
5350.0204882113503	73.143834246034373	73.143834246034373
9784.75216915694	98.917906210943116	98.917906210943116
357.7599914648668	18.914544442435478	18.914544442435478
3917.6971337560412	62.591510077294359	62.591510077294359
7598.7240617521056	87.170660555900952	87.170660555900952
4386.7858665648264	66.232815632168524	66.232815632168524
3566.0130135663808	59.716103469385715	59.716103469385715
3618.6595609766077	60.155295369373825	60.155295369373825
1417.2322414494517	37.646145107427024	37.646145107427024
7195.0499067448445	84.823640022960845	84.823640022960845
5750.6162107221935	75.832817504838843	75.832817504838843
6733.0456983306194	82.055138159231802	82.055138159231802
9310.9652055704773	96.493342804415676	96.493342804415676
8114.7590566020535	90.081957442109641	90.081957442109641
6216.9739006671862	78.847789446928601	78.847789446928601
5446.7772725797495	73.802285009203814	73.802285009203814
6265.9005535144452	79.157441554881274	79.157441554881274
3960.0154055915987	62.928653295550497	62.928653295550497
7665.9289473380286	87.55529080151598	87.55529080151598
7849.574615060521	88.59782511473135	88.59782511473135
1866.7654471060137	43.206081135715301	43.206081135715301
6967.0494947290908	83.468853440843972	83.468853440843972
8722.2916012133919	93.393209609764412	93.393209609764412
1333.5958452003799	36.518431581879035	36.518431581879035
5895.4386969933339	76.781760184260776	76.781760184260776
5502.1806386233138	74.176685276596942	74.176685276596942
8319.1757202875924	91.209515513939621	91.209515513939621
2662.1269799237602	51.595803898415618	51.595803898415618
1041.0985197404666	32.266058323576907	32.266058323576907
2533.0525929533865	50.329440618323851	50.329440618323851
3169.3590805942476	56.297061029810848	56.297061029810848
7554.7193253486321	86.91788840824789	86.91788840824789
4241.7140551520206	65.12844275085979	65.12844275085979
1623.1706042845337	40.288591490452156	40.288591490452156
8004.0633204103915	89.465430868075472	89.465430868075472
8568.4536092407361	92.565941950810057	92.565941950810057
5399.577107170805	73.481814805915107	73.481814805915107
8155.6773159536297	90.308788697189541	90.308788697189541
5321.1389563275461	72.946137363999924	72.946137363999924
981.00764499119146	31.32104156938577	31.32104156938577
4448.301197288225	66.695586040518634	66.695586040518634
8046.4657374004455	89.702094386923008	89.702094386923008
8012.9263932214944	89.514950668709488	89.514950668709488
7466.1915866517847	86.407126943625343	86.407126943625343
9432.344738929678	97.12025915806484	97.12025915806484
7710.2237278141229	87.807879645360543	87.807879645360543
3806.9224945579022	61.70026332648753	61.70026332648753
6207.9413200915815	78.790490035863982	78.790490035863982
324.14038743571092	18.003899228659076	18.003899228659076
9648.1078834178516	98.224782429984799	98.224782429984799
3746.1227096651833	61.20557743919408	61.20557743919408
1433.3799482088953	37.860004598638064	37.860004598638064
7624.900772609778	87.320677806632816	87.320677806632816
7456.2404525692473	86.349524912238209	86.349524912238209
3047.4714832152217	55.203908224103316	55.203908224103316
7708.9155978396375	87.800430510559778	87.800430510559778
1900.5384619706097	43.595165580263711	43.595165580263711
9999.1369334373812	99.995684574072399	99.995684574072399
314.69406331530018	17.739618465888725	17.739618465888725
954.05912759031162	30.887847571339631	30.887847571339631
3164.7454391888896	56.256070243031459	56.256070243031459
9962.2650405938602	99.811146875456046	99.811146875456046
7370.1434513727772	85.849539610721138	85.849539610721138
1263.7984275417607	35.549942722060194	35.549942722060194
8986.7957228367632	94.798711609582355	94.798711609582355
1041.2645649045173	32.268631283407686	32.268631283407686
5400.6123154694042	73.488858444456767	73.488858444456767
7806.9936375241832	88.357193467901538	88.357193467901538
7039.4890509553734	83.901662980869304	83.901662980869304
1423.0993570735941	37.723989145815345	37.723989145815345
197.83126463901516	14.065250251560231	14.065250251560231
9524.811293838542	97.595139703975747	97.595139703975747
259.14798182899381	16.098073854626019	16.098073854626019
6560.4559815683015	80.996641791918151	80.996641791918151
3289.7551064419854	57.356386797304317	57.356386797304317
9855.2795811209089	99.273760788643983	99.273760788643983
9081.7778315058058	95.298362165914511	95.298362165914511
876.95784532344612	29.613474050226632	29.613474050226632
1276.5618909368466	35.729006296521128	35.729006296521128
6583.6606676511774	81.139760091161094	81.139760091161094
9911.1116434344767	99.554566160646175	99.554566160646175
5885.2860096924587	76.715617769085711	76.715617769085711
2504.6275967332795	50.046254572478041	50.046254572478041
3942.8200002679655	62.791878457870375	62.791878457870375
1021.2128255017293	31.956420724194526	31.956420724194526
3688.5846563592127	60.733719269934497	60.733719269934497
6696.7468953895959	81.833653806912452	81.833653806912452
9775.8274829200182	98.872784338866566	98.872784338866566
8710.5730956857769	93.330451063336113	93.330451063336113
6401.1862298020151	80.007413592754105	80.007413592754105
9310.4071930693062	96.490451305138507	96.490451305138507
927.2851408074049	30.451356961675859	30.451356961675859
2803.4642952456088	52.947750615541814	52.947750615541814
9254.1784054454456	96.198640351334731	96.198640351334731
8755.4083353055066	93.570338971842503	93.570338971842503
9008.2857372607432	94.911989428421222	94.911989428421222
1132.8251365903373	33.657467768540421	33.657467768540421
6706.3993894863424	81.892608881915237	81.892608881915237
1490.4173360286634	38.605923587302811	38.605923587302811
1736.5855169052766	41.672359147344615	41.672359147344615
5853.3376280674784	76.507108349927051	76.507108349927051
9761.0662913066353	98.798108743571788	98.798108743571788
1682.6783563831568	41.020462654425984	41.020462654425984
1617.7923679180942	40.221789715502396	40.221789715502396
5777.0184428595421	76.0066999866429	76.0066999866429
6290.7264361108919	79.314099856903695	79.314099856903695
1901.7350895943493	43.608887736267128	43.608887736267128
4199.9936757375835	64.807358191316396	64.807358191316396
3409.9547544763009	58.394817873474878	58.394817873474878
28.319906753798545	5.3216451172356978	5.3216451172356978
6100.3050833206898	78.104449830471822	78.104449830471822
6799.2860436940073	82.457783402744994	82.457783402744994
945.45931054344362	30.748322076878335	30.748322076878335
7443.4826265045504	86.275620116603918	86.275620116603918
7149.8875499888645	84.557007692969265	84.557007692969265
2342.9650857073784	48.404184588807802	48.404184588807802
514.80747643982568	22.689369238474342	22.689369238474342
152.83591066457018	12.362682179226731	12.362682179226731
4376.3817918994673	66.154227316925613	66.154227316925613
8190.8410564847645	90.503265446528303	90.503265446528303
2344.172545467593	48.416655661740961	48.416655661740961
8200.9734700507615	90.559226311021234	90.559226311021234
793.06916915299132	28.161483788198932	28.161483788198932
5785.8082479625864	76.06450057656717	76.06450057656717
2389.9887273153818	48.887510954387743	48.887510954387743
5037.9507516001413	70.978523171450547	70.978523171450547
9753.6503663230651	98.760570909260466	98.760570909260466
8007.1459293167209	89.482657142692858	89.482657142692858
6441.2242296000786	80.257237864257945	80.257237864257945
2033.280033487305	45.091906518657034	45.091906518657034
7238.4651109256029	85.079169665233593	85.079169665233593
9502.3645711959707	97.480072687683048	97.480072687683048
8171.9295014617501	90.398725109714633	90.398725109714633
8277.0061795662477	90.97805328520856	90.97805328520856
3183.6600099972179	56.423931181700006	56.423931181700006
413.17733775775412	20.326764074927276	20.326764074927276
662.90675593653657	25.746975665824067	25.746975665824067
4688.5212194763608	68.472777214571636	68.472777214571636
3375.7890663527951	58.101540998090535	58.101540998090535
5561.8018685078487	74.577489019863421	74.577489019863421
8128.1701402140197	90.156364945654389	90.156364945654389
3844.6775930546996	62.005464219330698	62.005464219330698
2191.2821456594302	46.811132710707078	46.811132710707078
8096.1126196636624	89.978400850780091	89.978400850780091
961.52787940144867	31.008513015000393	31.008513015000393
6206.7021260192241	78.782625787791716	78.782625787791716
906.26970920642259	30.104313797301916	30.104313797301916
5417.0788221259081	73.600807211102705	73.600807211102705
4162.0308441949901	64.513803516728032	64.513803516728032
6749.4221850313088	82.154867080601548	82.154867080601548
2772.2011195700534	52.651696264888308	52.651696264888308
4586.4803185010232	67.723558076204355	67.723558076204355
3248.7681585160753	56.997966266491261	56.997966266491261
3033.9747960900072	55.081528628842605	55.081528628842605
5685.0732269611899	75.399424579775072	75.399424579775072
4137.1466198468297	64.320654690751013	64.320654690751013
3129.8456739083431	55.945023674213807	55.945023674213807
9415.7229010053034	97.034647940853077	97.034647940853077
6763.9080176642328	82.242981570856443	82.242981570856443
5730.9938067085541	75.703327580156966	75.703327580156966
3842.5293330637378	61.988138648161858	61.988138648161858
6815.7424900301467	82.557510197620104	82.557510197620104
5137.0223036366569	71.673023541892363	71.673023541892363
1931.8227671661773	43.952505812139734	43.952505812139734
8186.898111435532	90.481479383548603	90.481479383548603
1387.6529421956102	37.251213969421322	37.251213969421322
6253.4520698595397	79.078771297103117	79.078771297103117
47.289617456599146	6.8767446845581777	6.8767446845581777
7270.9509204888664	85.269871118050048	85.269871118050048
476.99309014780812	21.840171477069681	21.840171477069681
8020.0342296226254	89.554643819416896	89.554643819416896
7007.1230370557105	83.708560118160619	83.708560118160619
5831.4624200138196	76.364012597648511	76.364012597648511
8989.2621888683552	94.811719680999119	94.811719680999119
740.11109008810899	27.204982817272814	27.204982817272814
5833.7137400222191	76.378751888350592	76.378751888350592
4042.8020718723433	63.583032893000187	63.583032893000187
609.40006510166961	24.686029755747878	24.686029755747878
968.14309597813428	31.114997926693395	31.114997926693395
8947.172006644947	94.589492051944902	94.589492051944902
2445.8009739110257	49.455039924268846	49.455039924268846
4095.4157851694122	63.99543565887658	63.99543565887658
2882.9952140879604	53.693530467719853	53.693530467719853
2459.8983545350461	49.597362374778015	49.597362374778015
2823.2043183245719	53.133834026207559	53.133834026207559
3428.761298238222	58.555625675405622	58.555625675405622
5766.3831537258829	75.936704917489564	75.936704917489564
2065.1238465379774	45.443633729467294	45.443633729467294
8190.8775018168235	90.50346679446497	90.50346679446497
5236.1264945659987	72.361084116851089	72.361084116851089
1854.6305809243677	43.065422103171912	43.065422103171912
6116.2959972943445	78.206751609399717	78.206751609399717
2005.5875927803315	44.78378716433361	44.78378716433361
3229.994186450841	56.833037807694573	56.833037807694573
3490.3703854244068	59.079356677475822	59.079356677475822
4348.9586147566097	65.946634597654864	65.946634597654864
2293.0163877875584	47.885450690032755	47.885450690032755
9826.6071491961084	99.129244671772355	99.129244671772355
4052.6659529753206	63.660552565739806	63.660552565739806
578.98455611140832	24.062097915838685	24.062097915838685
8575.7092461656448	92.605125377409024	92.605125377409024
288.80059694609042	16.994134192305605	16.994134192305605
5598.7230598948545	74.82461533409213	74.82461533409213
6443.6126781133653	80.272116442220238	80.272116442220238
4210.8103057242461	64.890756704820802	64.890756704820802
5989.8983757628939	77.394433751807327	77.394433751807327
313.76159126480297	17.713316777633796	17.713316777633796
715.57819801149446	26.750293419166347	26.750293419166347
4536.018186266595	67.349967975245505	67.349967975245505
6664.6940263948409	81.63757729376124	81.63757729376124
2704.7219733845141	52.006941588450616	52.006941588450616
3389.1626843767717	58.216515563684951	58.216515563684951
3199.5789389278602	56.564820683246758	56.564820683246758
5557.7460187135966	74.550291875442028	74.550291875442028
1323.0465915282086	36.373707420720926	36.373707420720926
3464.1409900947929	58.85695362567445	58.85695362567445
6088.781248926206	78.030643012384601	78.030643012384601
9600.9320686977117	97.984346039036822	97.984346039036822
6973.2711955150571	83.506114719312961	83.506114719312961
5368.8201222338985	73.272232955150884	73.272232955150884
5791.4990093189108	76.101898854883444	76.101898854883444
6504.12250855822	80.648140143206149	80.648140143206149
1245.9648317096319	35.298227033515886	35.298227033515886
3830.9116756947874	61.894358997365721	61.894358997365721
4721.7681059139077	68.715122832706243	68.715122832706243
3836.1876231511733	61.936964917173441	61.936964917173441
6775.0162508265112	82.310486882453262	82.310486882453262
1351.0098994653702	36.756086563525372	36.756086563525372
7562.8022197957171	86.964373278922196	86.964373278922196
4890.6571636226245	69.933233613373147	69.933233613373147
5022.8865440000327	70.872325656775459	70.872325656775459
2280.1024378741113	47.750418195803391	47.750418195803391
8339.0245945273182	91.318259918415649	91.318259918415649
9860.475506118486	99.29992701970373	99.29992701970373
5822.4303498147965	76.304851417290607	76.304851417290607
7348.061998950192	85.720837600610224	85.720837600610224
4987.236920141755	70.620371849359131	70.620371849359131
5317.6279869036389	72.922067900626885	72.922067900626885
1790.8012368822629	42.317859549866917	42.317859549866917
3746.5854136845687	61.209357239596699	61.209357239596699
8583.0572529004257	92.644790748861993	92.644790748861993
4215.6233852377136	64.927832131049271	64.927832131049271
1553.5595789611004	39.415220143506751	39.415220143506751
927.51698817973386	30.455163571712003	30.455163571712003
6195.2722255766494	78.710051617164183	78.710051617164183
5336.6834905955147	73.052607691960688	73.052607691960688
9556.9212615332963	97.759507269284541	97.759507269284541
8992.7292589687095	94.830001892695904	94.830001892695904
5010.6014831106431	70.785602230331008	70.785602230331008
5925.662375455584	76.97832406239813	76.97832406239813
1109.8359039745219	33.314199734865639	33.314199734865639
3487.0930183612113	59.051613173233562	59.051613173233562
1366.7234983621693	36.969223664585783	36.969223664585783
1416.7464764276142	37.639692831206979	37.639692831206979
7326.6538757069584	85.595875342839733	85.595875342839733
6427.0590196574831	80.168940492297153	80.168940492297153
7432.0921693987184	86.209582816521731	86.209582816521731
4000.6749558934525	63.25088897314766	63.25088897314766
8640.4762667051291	92.954162180642186	92.954162180642186
8358.0684730948014	91.422472473100399	91.422472473100399
3783.3065207384575	61.508588999736105	61.508588999736105
3595.7773666123931	59.964801063727322	59.964801063727322
6260.3929214842246	79.122644808450531	79.122644808450531
1198.8847299942083	34.624914873457932	34.624914873457932
7208.9456095127698	84.905509889009977	84.905509889009977
3136.4542810816715	56.004055934205972	56.004055934205972
7452.5586590104631	86.328203149436987	86.328203149436987
6938.2193972699042	83.295974676270546	83.295974676270546
4468.5606821279698	66.847293753210153	66.847293753210153
2269.293965027603	47.637107017823858	47.637107017823858
8701.2818695307178	93.280661819750819	93.280661819750819
1816.843634215161	42.624448784883555	42.624448784883555
598.29666588213365	24.460103554198898	24.460103554198898
2048.4570544402368	45.259883500073627	45.259883500073627
165.37081734919553	12.859658523817634	12.859658523817634
3282.2304619192428	57.290753720990992	57.290753720990992
6640.9993239884934	81.492326779817091	81.492326779817091
1824.8768273977776	42.718577075995611	42.718577075995611
3515.988448397015	59.295770914939752	59.295770914939752
3856.3423720195983	62.099455488913897	62.099455488913897
2509.6409757484689	50.096316987863176	50.096316987863176
2108.2263732651386	45.915426310393094	45.915426310393094
58.955804008463012	7.6782682948997696	7.6782682948997696
7453.5456543321598	86.333919488994354	86.333919488994354
4922.4536443128336	70.16019985941341	70.16019985941341
6988.5558883990652	83.597583029649044	83.597583029649044
6882.4127329770472	82.960308177929562	82.960308177929562
7281.7776373068018	85.333332510261201	85.333332510261201
2808.7503216780024	52.99764449178852	52.99764449178852
1701.8689664541687	41.253714577649475	41.253714577649475
8711.1308938975872	93.333439312486433	93.333439312486433
7195.3346371060343	84.825318373148676	84.825318373148676
5555.0897588354164	74.532474525104931	74.532474525104931
2091.6390572825726	45.734440603144719	45.734440603144719
5514.4793400533081	74.259540397536185	74.259540397536185
6069.0738361607446	77.904260706079128	77.904260706079128
5905.9570965208795	76.850225090892735	76.850225090892735
6501.7035926340113	80.633142023822998	80.633142023822998
3604.137219374516	60.034466928378038	60.034466928378038
8813.4552662192782	93.880004613438729	93.880004613438729
853.89229219362483	29.221435491666469	29.221435491666469
9351.9105743959499	96.705276869444674	96.705276869444674
1127.409836503602	33.576924166808404	33.576924166808404
3668.1918778599293	60.565599789483876	60.565599789483876
7619.6034749488472	87.290340101003423	87.290340101003423
9287.5485455811977	96.37192820308826	96.37192820308826
4863.4668127621217	69.738560443718086	69.738560443718086
594.14453589972288	24.375080223452041	24.375080223452041
4416.2436053174579	66.454823792689851	66.454823792689851
1381.4653767290979	37.168069316674199	37.168069316674199
9394.8564494141992	96.927067681913286	96.927067681913286
1722.6859445135769	41.505252011204277	41.505252011204277
2043.8490016933997	45.208948248033813	45.208948248033813
2288.5963066350023	47.839275774566261	47.839275774566261
2009.0807331149515	44.822770252573093	44.822770252573093
5325.4281848948594	72.975531412212817	72.975531412212817
2813.3229696106737	53.040767053377664	53.040767053377664
8287.5169105435307	91.03580015874816	91.03580015874816
985.71681278150845	31.396127353250247	31.396127353250247
6195.0383039798153	78.708565632844653	78.708565632844653
1274.0800490569816	35.69425792836968	35.69425792836968
9035.2010452442773	95.053674548879371	95.053674548879371
9293.8627303234571	96.404682097517735	96.404682097517735
8245.9155937121432	90.807023922778924	90.807023922778924
8977.8592043961471	94.751565709470711	94.751565709470711
5647.8213593156179	75.15198839229484	75.15198839229484
7523.3097199378471	86.73701470501419	86.73701470501419
8211.280412888822	90.616115635624226	90.616115635624226
4329.8606876467902	65.801676936433694	65.801676936433694
7517.852734700431	86.705551925470331	86.705551925470331
6309.6144030408223	79.433081288848555	79.433081288848555
975.1194681956141	31.226902955554433	31.226902955554433
1181.3962526636456	34.371445309495577	34.371445309495577
4541.3820203627965	67.389776823809086	67.389776823809086
3160.4460734897484	56.217844795845281	56.217844795845281
8905.1362811495128	94.367029629789201	94.367029629789201
7692.3668313930029	87.70613907471359	87.70613907471359
5864.9760093764744	76.583131363091141	76.583131363091141
8640.9806449716125	92.95687518936731	92.95687518936731
5845.9737167087142	76.458967536245964	76.458967536245964
9523.349646471801	97.587651096190456	97.587651096190456
3716.9217270329032	60.966562368505762	60.966562368505762
303.37762593855496	17.417738829668878	17.417738829668878
4628.5276139113867	68.033283133414827	68.033283133414827
8226.6768571074117	90.701030077433032	90.701030077433032
6320.2324325285927	79.499889512681662	79.499889512681662
2618.9938498052643	51.176106239193935	51.176106239193935
7352.5560271070171	85.747046754433569	85.747046754433569
1954.9408715173943	44.214713292267248	44.214713292267248
9126.3070750103852	95.531707171024564	95.531707171024564
4600.6958482134305	67.82842949835586	67.82842949835586
4841.9117288090029	69.583846752022865	69.583846752022865
3505.814836127799	59.209921770998811	59.209921770998811
580.16447301813082	24.086603600718195	24.086603600718195
4405.5938565058386	66.374647694024247	66.374647694024247
5635.9623052178176	75.073046462880527	75.073046462880527
6686.323115631526	81.769940171382814	81.769940171382814
2619.8628104000973	51.184595440426186	51.184595440426186
8736.5516794280466	93.469522730289185	93.469522730289185
2113.3032012936069	45.970677624912241	45.970677624912241
9170.5385662528279	95.762928976994161	95.762928976994161
8081.5345555855911	89.897355665145071	89.897355665145071
4771.6640386900417	69.077232419155607	69.077232419155607
7270.598680119776	85.267805648555168	85.267805648555168
8514.0748816257528	92.271744763095015	92.271744763095015
872.38742778696076	29.536205372169267	29.536205372169267
9213.4521703620267	95.986729136699026	95.986729136699026
3579.9681960131065	59.832835433506794	59.832835433506794
6295.1348366575148	79.341885764440434	79.341885764440434
6838.4543551871875	82.694947579566119	82.694947579566119
1714.1391866776914	41.402164033751802	41.402164033751802
4602.8744226829931	67.844487047091704	67.844487047091704
6991.2389448116674	83.613628941768027	83.613628941768027
8580.9698263291593	92.633524311283537	92.633524311283537
6073.7020235077462	77.933959372713417	77.933959372713417
4271.0204614651184	65.353044775780091	65.353044775780091
8139.8787601356617	90.221276648779821	90.221276648779821
6614.0766080213261	81.326973434533556	81.326973434533556
4747.3058932783842	68.900695883847092	68.900695883847092
3894.4529533507257	62.405552263806833	62.405552263806833
8676.8190614228224	93.149444772488167	93.149444772488167
1268.4011601506093	35.6146200337812	35.6146200337812
7122.5018656871098	84.394916112803315	84.394916112803315
3383.9200312183461	58.171470939098199	58.171470939098199
9472.5061644065518	97.3268008536526	97.3268008536526
1569.564646818412	39.617731469866015	39.617731469866015
7256.0072430333303	85.182200271144268	85.182200271144268
7170.2523299211462	84.677342482633136	84.677342482633136
4799.0050932046252	69.274851809329945	69.274851809329945
7705.1606475499348	87.77904446705908	87.77904446705908
5866.2259518592127	76.591291618951118	76.591291618951118
8866.8111800347924	94.16374663337686	94.16374663337686
4789.31011427053	69.204841696737731	69.204841696737731
2202.7543905200614	46.933510315339312	46.933510315339312
4511.3777135635228	67.166790258010124	67.166790258010124
3801.9853173476681	61.660240977048318	61.660240977048318
7200.5372203934585	84.855979284865114	84.855979284865114
5184.5204889416082	72.003614415816713	72.003614415816713
8874.0985366172299	94.202433814722795	94.202433814722795
9551.160583054505	97.730039307546093	97.730039307546093
2256.3244726018565	47.500783915656136	47.500783915656136
8290.5448252824772	91.052428991666545	91.052428991666545
5191.2392070027472	72.050254732393185	72.050254732393185
2192.7438346070558	46.826742728990403	46.826742728990403
6002.9724518161674	77.478851642342818	77.478851642342818
2632.6573637344313	51.309427630158098	51.309427630158098
9398.4536119188215	96.945621932704213	96.945621932704213
7812.0170911412988	88.385615861073788	88.385615861073788
1385.6564658945711	37.224406857525224	37.224406857525224
5516.3897644153558	74.272402441387044	74.272402441387044
7235.4317762381461	85.061341255814597	85.061341255814597
5838.0361309259542	76.407042417083218	76.407042417083218
8864.7079330472625	94.152577941590437	94.152577941590437
2928.7936108663826	54.118329712458632	54.118329712458632
5436.8865987473027	73.735246651430572	73.735246651430572
5111.5526854515947	71.495123508191767	71.495123508191767
5037.7132058850793	70.976849788399875	70.976849788399875
3158.1019636306769	56.196992478518609	56.196992478518609
5042.3012951710298	71.009163459169343	71.009163459169343
3711.3165267485019	60.920575561533411	60.920575561533411
466.1604914619511	21.590750136619874	21.590750136619874
5577.2844502367689	74.681218858805252	74.681218858805252
4761.9256354574027	69.006707177327357	69.006707177327357
5684.8653004296311	75.398045733491202	75.398045733491202
902.34021137474053	30.038978201242806	30.038978201242806
997.78275009831998	31.587699347979111	31.587699347979111
6067.1024897682828	77.89160731277974	77.89160731277974
320.5404940502396	17.903644714142413	17.903644714142413
6221.4002886720209	78.875853647818104	78.875853647818104
4240.1924076622681	65.116759806230135	65.116759806230135
284.04681658252321	16.853688515649125	16.853688515649125
4614.0581259157279	67.926858648959524	67.926858648959524
4744.6138722375163	68.881157599430026	68.881157599430026
6979.8733719813135	83.545636462841756	83.545636462841756
2002.5632458574605	44.750008333602132	44.750008333602132
5632.2786246541391	75.048508477211854	75.048508477211854
9585.5334123758657	97.905737382320268	97.905737382320268
7767.3880410111033	88.132786413519824	88.132786413519824
7411.9019673671082	86.092403656577673	86.092403656577673
6446.4162300690596	80.289577343943336	80.289577343943336
9146.075157386138	95.63511466708313	95.63511466708313
3048.9615613378933	55.217402703657598	55.217402703657598
349.02848641847413	18.682304098222847	18.682304098222847
2535.939302193678	50.358110589990147	50.358110589990147
4294.6386463090239	65.533492553876783	65.533492553876783
3236.2436799323864	56.887992405536572	56.887992405536572
4678.4464450159639	68.39916991467048	68.39916991467048
4694.7559700118072	68.518289310313392	68.518289310313392
6385.8838212004557	79.911725179728506	79.911725179728506
7643.2704552737223	87.425799711948429	87.425799711948429
8217.1605502824314	90.648555147241211	90.648555147241211
9448.5173210395442	97.203484099282903	97.203484099282903
793.31667563721066	28.165877860226736	28.165877860226736
6572.2388719843839	81.069346068562709	81.069346068562709
5391.8974274119628	73.42954056380826	73.42954056380826
1697.7819865456472	41.204150113133593	41.204150113133593
2541.0731047396721	50.409057764846906	50.409057764846906
470.05809519013826	21.680823212925709	21.680823212925709
8364.2131119289461	91.456072034222785	91.456072034222785
796.00149437503853	28.213498442678791	28.213498442678791
8065.666191543979	89.809054062182284	89.809054062182284
7877.7902643726684	88.756916712854945	88.756916712854945
6154.5732812334518	78.45108846430017	78.45108846430017
5060.6836551643783	71.13848223826804	71.13848223826804
6515.4101493259541	80.718090595144488	80.718090595144488
4337.6465276560148	65.860811774954726	65.860811774954726
9437.4582319265137	97.146581164375078	97.146581164375078
2097.0708774223999	45.793786449936633	45.793786449936633
9418.0367521004318	97.046570017185218	97.046570017185218
5864.1990501657237	76.578058542677383	76.578058542677383
9782.4369683323239	98.906202880973666	98.906202880973666
3826.1251113843364	61.855679701902368	61.855679701902368
138.25444860192349	11.758165188579529	11.758165188579529
9807.004010216433	99.03031864139605	99.03031864139605
6976.9916467046914	83.528388268328825	83.528388268328825
1609.1533384715078	40.11425355745147	40.11425355745147
5483.6690289714707	74.051799633577247	74.051799633577247
1769.6898199966415	42.067681419310972	42.067681419310972
9308.3864938442221	96.47997975665325	96.47997975665325
2145.0774258417282	46.314980576933507	46.314980576933507
3632.3233907004355	60.26875965788939	60.26875965788939
5482.2375998817115	74.042133950080824	74.042133950080824
7012.873964532936	83.742903965249113	83.742903965249113
8874.60571742508	94.205125749213238	94.205125749213238
7549.6542288043147	86.888746272485221	86.888746272485221
1932.87940270429	43.964524365723442	43.964524365723442
8058.3731921538811	89.768442072667611	89.768442072667611
720.56638421614753	26.843367602000825	26.843367602000825
387.90577891220943	19.695323782873167	19.695323782873167
9089.0429400736521	95.336472244748236	95.336472244748236
8148.1127637813388	90.266897386480167	90.266897386480167
1915.3552514734827	43.764771808767414	43.764771808767414
2276.2928695949272	47.710511101799433	47.710511101799433
6486.7010112638154	80.540058426001991	80.540058426001991
7629.7396021890709	87.348380650067412	87.348380650067412
9498.8761743664254	97.462178173722478	97.462178173722478
191.00456575657469	13.820440143373679	13.820440143373679
335.48940141752695	18.316369766346359	18.316369766346359
7458.9906502348958	86.365448243119175	86.365448243119175
8752.3589335229062	93.554042849696813	93.554042849696813
5395.8298862667298	73.456312773421516	73.456312773421516
7907.2378977548406	88.922651207410823	88.922651207410823
4587.3545948600522	67.730012511884652	67.730012511884652
497.24453991158782	22.298980692210751	22.298980692210751
4052.7305009865522	63.6610595339612	63.6610595339612
8088.7593421791162	89.937530220587647	89.937530220587647
7607.998038099644	87.223838703072701	87.223838703072701
4875.6456484813007	69.825823650575728	69.825823650575728
851.85881097876847	29.186620410365578	29.186620410365578
8204.427278581541	90.578293639158062	90.578293639158062
8566.2812025591465	92.554206833396535	92.554206833396535
1630.1749992522393	40.375425685090171	40.375425685090171
8915.763103035426	94.423318640235394	94.423318640235394
6040.2079625906199	77.718774839742679	77.718774839742679
5213.0216292684618	72.201257809462447	72.201257809462447
4076.9914407736555	63.851322936754066	63.851322936754066
3107.2916993491594	55.743086561018124	55.743086561018124
9118.1301797171182	95.488900819504238	95.488900819504238
1509.0333090559609	38.846277930529723	38.846277930529723
5269.7570858495747	72.593092549150811	72.593092549150811
3343.7778441792143	57.825408292369318	57.825408292369318
5432.549380092958	73.70583002784079	73.70583002784079
5802.8020841612924	76.176125421035252	76.176125421035252
3680.6393370755432	60.668272903351578	60.668272903351578
6155.1413779016548	78.454709086846123	78.454709086846123
6028.1932676760889	77.641440401863292	77.641440401863292
1378.0484956238438	37.122075583456322	37.122075583456322
1240.5060659886858	35.220818644498962	35.220818644498962
812.7197486653838	28.508240013465997	28.508240013465997
2798.6644257703724	52.902404725781345	52.902404725781345
3747.5872716202321	61.217540555140175	61.217540555140175
3675.3684798296908	60.624817359145013	60.624817359145013
3229.1112767947184	56.825269702789079	56.825269702789079
1271.4805679945134	35.657826181562349	35.657826181562349
5402.1588932490695	73.499380223571066	73.499380223571066
1035.746300080265	32.18301260106432	32.18301260106432
208.03118857157799	14.423286330499648	14.423286330499648
1401.2712793190494	37.433558197412246	37.433558197412246
253.00260085114681	15.906055477432071	15.906055477432071
9064.1080039706194	95.205609099309996	95.205609099309996
1740.9546489200268	41.724748638188665	41.724748638188665
5848.2667363635655	76.473961165638372	76.473961165638372
3491.4699681840484	59.088661925821675	59.088661925821675
1708.1480282147365	41.329747497592294	41.329747497592294
1635.8964072049957	40.446216228529906	40.446216228529906
7328.7370664160853	85.608043234360196	85.608043234360196
7179.2399695505283	84.730395783039555	84.730395783039555
4411.5773492956459	66.419706031385346	66.419706031385346
683.2400715541761	26.138861328569309	26.138861328569309
3212.958125950825	56.682961513587351	56.682961513587351
2776.2943851771788	52.690553092344537	52.690553092344537
4088.8154025528061	63.943845697242871	63.943845697242871
322.97133691427825	17.9714033095437	17.9714033095437
9141.055996471614	95.608869862955785	95.608869862955785
4375.5068891749597	66.147614387632757	66.147614387632757
6104.7476062286487	78.132884282027177	78.132884282027177
9530.0864379679133	97.622161612862854	97.622161612862854
6912.2499103940518	83.139941727150926	83.139941727150926
5535.7476168470512	74.402604906327383	74.402604906327383
1067.303374216375	32.669609336757837	32.669609336757837
7597.4438042903694	87.163316849982081	87.163316849982081
1897.9493129490652	43.565460091098146	43.565460091098146
6760.9706066147637	82.225121505624813	82.225121505624813
7224.115855977504	84.994798993688448	84.994798993688448
2937.3737397132954	54.197543668632214	54.197543668632214
9872.2647427683733	99.359271045878614	99.359271045878614
5234.0919409974304	72.34702441011261	72.34702441011261
7541.7097185441726	86.84301767294923	86.84301767294923
6241.8742823375051	79.005533238739076	79.005533238739076
5279.5532876843654	72.660534595365903	72.660534595365903
4816.6783478921807	69.402293534811804	69.402293534811804
92.835232009861926	9.6351041514797302	9.6351041514797302
2174.6802609336473	46.633467176842508	46.633467176842508
9556.8816692676155	97.759304770786983	97.759304770786983
3240.2684852677007	56.923356236853259	56.923356236853259
9385.9581228089155	96.881154631893793	96.881154631893793
2944.1444099418636	54.259970603953185	54.259970603953185
8630.202901886134	92.898885364067382	92.898885364067382
6237.9439244267014	78.980655381091267	78.980655381091267
8316.7489869689562	91.196211472675529	91.196211472675529
1103.5643177182963	33.219938556810973	33.219938556810973
978.91655880552946	31.287642269840813	31.287642269840813
4657.269916298078	68.244193278974862	68.244193278974862
637.27397269901394	25.244285941555447	25.244285941555447
7110.3263225616438	84.322750919082594	84.322750919082594
8916.4085972867033	94.426736665452452	94.426736665452452
8609.7158009663617	92.788554256257072	92.788554256257072
984.02007533544975	31.369094270243917	31.369094270243917
8787.5040047628991	93.741687656895209	93.741687656895209
9213.3592468411589	95.986245091894077	95.986245091894077
6586.3988290697953	81.156631454674084	81.156631454674084
1937.8757918087249	44.021310655280644	44.021310655280644
996.36462423300929	31.565243927982074	31.565243927982074
6716.7733855825973	81.955923431943575	81.955923431943575
2494.6446243367404	49.946417532559231	49.946417532559231
6393.4435763216779	79.959011851833679	79.959011851833679
6866.7938473817312	82.866120021283308	82.866120021283308
8858.4210052058079	94.119185107000405	94.119185107000405
864.99233736781434	29.410752070761713	29.410752070761713
1592.1270078585792	39.901466236951485	39.901466236951485
6865.499474283899	82.858309627241965	82.858309627241965
9576.9675390493994	97.861982092380487	97.861982092380487
7842.0851512292702	88.555548393250149	88.555548393250149
9496.9506639966821	97.452299428985683	97.452299428985683
8265.7809503104527	90.916340392200411	90.916340392200411
7766.0781230307384	88.125354598042549	88.125354598042549
5375.2086056623157	73.315814158081309	73.315814158081309
8435.9021931901934	91.847167583928211	91.847167583928211
8097.0756257430276	89.983752009699103	89.983752009699103
5813.7172830877671	76.247736248939006	76.247736248939006
3500.2598812249425	59.162994187455915	59.162994187455915
6436.0678461310272	80.225107330130925	80.225107330130925
9269.8648718095374	96.280137472946819	96.280137472946819
8738.9784714937123	93.482503558118893	93.482503558118893
9616.9050825035811	98.065820154137199	98.065820154137199
8976.7855391870817	94.745899854226309	94.745899854226309
7294.0524353516457	85.405224871500963	85.405224871500963
4512.1107941853925	67.1722472021399	67.1722472021399
6073.1354702709887	77.930324458910022	77.930324458910022
2660.0739476887229	51.57590472002137	51.57590472002137
8324.2073534221345	91.237094174585238	91.237094174585238
5589.3938012081244	74.762248502891651	74.762248502891651
888.78449077334176	29.812488838963809	29.812488838963809
1491.4199445386555	38.618906568398017	38.618906568398017
8485.7675531492114	92.118225955286462	92.118225955286462
7178.6387275458974	84.726847737573109	84.726847737573109
1246.5417279624892	35.306397833289211	35.306397833289211
3314.8431709015417	57.574674735525356	57.574674735525356
4299.7749776442488	65.57266944119516	65.57266944119516
2387.5032489518535	48.862083960386435	48.862083960386435
8546.5943583198077	92.447792609233275	92.447792609233275
7873.8776815981619	88.734872973359018	88.734872973359018
6118.2107999497894	78.218992578208201	78.218992578208201
7035.1742081722632	83.875945348903599	83.875945348903599
9696.9471142866751	98.473078119284338	98.473078119284338
3819.8172691531063	61.804670285934755	61.804670285934755
5355.316307310859	73.180026696571105	73.180026696571105
6140.3355227062984	78.360293023356533	78.360293023356533
3688.641696413817	60.734188859437459	60.734188859437459
5562.9937750115423	74.585479652621004	74.585479652621004
3778.7867986114243	61.471837442941499	61.471837442941499
5002.9200151869873	70.731322730364568	70.731322730364568
5388.0240279021609	73.403160884952086	73.403160884952086
7356.1716621686919	85.768127309442235	85.768127309442235
4159.1857838860733	64.49174973503257	64.49174973503257
3275.466517311987	57.23169154683432	57.23169154683432
6391.6303568307776	79.947672616723352	79.947672616723352
262.58142885307365	16.204364500130009	16.204364500130009
4456.5937612231855	66.757724356235997	66.757724356235997
7267.6510299510537	85.250519235668321	85.250519235668321
1151.5475432316528	33.934459524672747	33.934459524672747
9108.854059503492	95.440316740377028	95.440316740377028
6957.566159786712	83.412026469728644	83.412026469728644
1418.3509094807841	37.660999847067046	37.660999847067046
7594.9313743562789	87.148903460435335	87.148903460435335
900.48873991629557	30.008144559707379	30.008144559707379
8505.5167284308573	92.225358380604064	92.225358380604064
2535.1868617736286	50.350639139673575	50.350639139673575
2719.5286370361109	52.149100059695286	52.149100059695286
1702.4515348087464	41.260774772279134	41.260774772279134
5142.8341977581085	71.713556582825461	71.713556582825461
7530.9956076973094	86.781309091862113	86.781309091862113
4453.2485951426052	66.732665128425708	66.732665128425708
2684.5841773416614	51.812973060244879	51.812973060244879
9568.0243480993995	97.816278543499081	97.816278543499081
6726.9140255701823	82.017766523907383	82.017766523907383
1449.5879428960386	38.073454570028694	38.073454570028694
6042.611838506059	77.734238521426704	77.734238521426704
3920.6041227454675	62.614727682434804	62.614727682434804
7312.5217193531353	85.513283876559996	85.513283876559996
3400.127509789123	58.310612325623225	58.310612325623225
1599.6671313468141	39.995838925403405	39.995838925403405
6644.7833207121585	81.515540363247041	81.515540363247041
2347.0832099618306	48.446704841112059	48.446704841112059
555.98882472725245	23.579415275346683	23.579415275346683
5184.0042840448368	72.000029750305217	72.000029750305217
6808.4711542292762	82.513460442701572	82.513460442701572
5160.7249720989194	71.838186030125499	71.838186030125499
3725.0477340310335	61.033169129834917	61.033169129834917
2979.7876375720857	54.58743113182819	54.58743113182819
844.0377178155851	29.052327235792749	29.052327235792749
261.34036728801749	16.166025092397248	16.166025092397248
9523.6337315277615	97.589106623268975	97.589106623268975
5317.3255131627939	72.919993919108322	72.919993919108322
9394.7749091750247	96.926647054228724	96.926647054228724
7564.3336551526863	86.973177791504696	86.973177791504696
7059.260089641597	84.019403054542096	84.019403054542096
2103.7231783223006	45.866362165777879	45.866362165777879
3387.1247091718892	58.19900952053986	58.19900952053986
1360.037403241193	36.878684944574594	36.878684944574594
9813.8434540612434	99.06484469306578	99.06484469306578
6216.8994359340977	78.847317239929595	78.847317239929595
6765.2206991255316	82.250961691189559	82.250961691189559
8047.5982335104509	89.708406704781297	89.708406704781297
7843.2902681222895	88.562352431054407	88.562352431054407
9875.1629274897459	99.373854345545766	99.373854345545766
7692.2600774712637	87.705530483951037	87.705530483951037
9051.4064417854224	95.138879758936739	95.138879758936739
2414.556593505517	49.138137871774475	49.138137871774475
1196.6084818373142	34.592029166230105	34.592029166230105
8890.5193601474821	94.289550641348811	94.289550641348811
5171.9941640881843	71.916577811295952	71.916577811295952
1278.4264957425753	35.755090487126097	35.755090487126097
9551.9320608042526	97.733986211574589	97.733986211574589
7438.5476960509841	86.247015577647574	86.247015577647574
9767.1755326466646	98.829021712484149	98.829021712484149
2857.93615800932	53.459668517577995	53.459668517577995
4430.2656965152819	66.560241109203332	66.560241109203332
1092.4513277769602	33.052251478181638	33.052251478181638
8697.4951947642148	93.260362398846681	93.260362398846681
2449.0762548821244	49.488142568519628	49.488142568519628
767.11762552207085	27.696888372560387	27.696888372560387
8815.549747917843	93.891159050881058	93.891159050881058
3848.5090563628769	62.036352700355273	62.036352700355273
6526.1406842061951	80.784532456443642	80.784532456443642
3802.5822212014327	61.665081052419225	61.665081052419225
3335.0500311437072	57.749892044433359	57.749892044433359
5551.0951852720573	74.505672168446722	74.505672168446722
8176.4869805378212	90.423929247394582	90.423929247394582
1011.9992591475808	31.811935796923468	31.811935796923468
3537.028781311049	59.472924775153352	59.472924775153352
2845.4265517842405	53.342539795028884	53.342539795028884
5938.3350444662065	77.060593330613585	77.060593330613585
2756.1747299199665	52.499283137200706	52.499283137200706
5741.0614974229475	75.769792776692668	75.769792776692668
9641.8498147959672	98.192921408806072	98.192921408806072
319.71818288348726	17.880665057080154	17.880665057080154
4288.9284264642156	65.48991087537236	65.48991087537236
409.43497636398666	20.234499656872831	20.234499656872831
3373.6265019887419	58.082927801452485	58.082927801452485
7064.0735660823721	84.048043201982836	84.048043201982836
842.88618928693245	29.032502291172431	29.032502291172431
6025.3159442809347	77.622908630641604	77.622908630641604
9902.136949073174	99.509481704374153	99.509481704374153
3303.712071056606	57.477926815923048	57.477926815923048
9674.2027211872992	98.357524985063037	98.357524985063037
3894.2362046206317	62.403815625493863	62.403815625493863
325.88120183892102	18.05217997469893	18.05217997469893
6699.9213295732234	81.853047161197509	81.853047161197509
2340.4326719843111	48.378018479308466	48.378018479308466
8947.9273726281081	94.59348483182184	94.59348483182184
3465.5236300036977	58.868698219034009	58.868698219034009
2516.5140391748573	50.164868575277431	50.164868575277431
5899.8824327060129	76.810692176975024	76.810692176975024
5871.908268813484	76.628377699214568	76.628377699214568
5635.0702130516174	75.067104733375842	75.067104733375842
4320.3661674865825	65.729492372043936	65.729492372043936
1972.8532001887081	44.416812134468948	44.416812134468948
8030.6897508691391	89.614115801413448	89.614115801413448
4592.3918592183518	67.767188662496181	67.767188662496181
5565.1680607565713	74.600054026499009	74.600054026499009
5775.4560940530182	75.996421587157755	75.996421587157755
5026.8744892519289	70.900454788752441	70.900454788752441
1846.8337930319053	42.974804165137336	42.974804165137336
3405.2560739672499	58.354572005689924	58.354572005689924
1088.5308728624198	32.992891247394788	32.992891247394788
3985.076303525339	63.127460772039129	63.127460772039129
4385.7071168481707	66.224671511817789	66.224671511817789
6270.6740581632466	79.187587778409096	79.187587778409096
3684.4264582612332	60.699476589681012	60.699476589681012
8590.4033578965027	92.684428885851716	92.684428885851716
3787.7287793417745	61.544526802484839	61.544526802484839
2025.2841850333855	45.003157500706386	45.003157500706386
4387.3488267759967	66.237065354497673	66.237065354497673
1974.7548834553252	44.438214224418665	44.438214224418665
679.15469405596798	26.060596579049527	26.060596579049527
1686.4435767050122	41.066331424964325	41.066331424964325
9861.7878036985658	99.306534546819051	99.306534546819051
5337.3570036612173	73.05721732766186	73.05721732766186
5978.7131854001382	77.322139037924572	77.322139037924572
571.19142405997877	23.899611378848377	23.899611378848377
2545.2184958347757	50.450158531314607	50.450158531314607
327.6648132814426	18.101514115715364	18.101514115715364
714.12920379632317	26.723195987686861	26.723195987686861
5642.6134164594132	75.117330999306759	75.117330999306759
2684.9252148817309	51.816263999652953	51.816263999652953
1704.0846313178608	41.280559968559785	41.280559968559785
2777.4599871398527	52.701612756535759	52.701612756535759
3098.1715050538119	55.661220836896959	55.661220836896959
1568.288291887186	39.601619813931677	39.601619813931677
3564.3447291290781	59.702133371673398	59.702133371673398
4284.3913898686051	65.455262507063594	65.455262507063594
6739.0747935151148	82.091868010876169	82.091868010876169
345.02285098483003	18.574790738655174	18.574790738655174
240.6348893521951	15.512410816897388	15.512410816897388
4411.1643038388193	66.416596599335165	66.416596599335165
9388.474923314865	96.894142874143142	96.894142874143142
5333.0498351863398	73.027733329101352	73.027733329101352
5822.3772906994245	76.304503737980141	76.304503737980141
2924.865092846017	54.08202190049866	54.08202190049866
7349.8917695915625	85.731509782527226	85.731509782527226
9636.4675740847561	98.165511123228796	98.165511123228796
9410.5716713180609	97.008101060262291	97.008101060262291
2271.5453799959155	47.660732054763024	47.660732054763024
3769.6459566750714	61.397442590673691	61.397442590673691
2625.1026174760987	51.235755264035085	51.235755264035085
1564.4814956464959	39.553526968482799	39.553526968482799
8033.4668148550627	89.629609029912999	89.629609029912999
5670.074856140759	75.299899443098582	75.299899443098582
6636.0457186014819	81.461928031452103	81.461928031452103
3124.1519764023524	55.894113969203879	55.894113969203879
6714.1583868194657	81.939968189031333	81.939968189031333
3682.3516974969084	60.682383749296704	60.682383749296704
8129.3704926668997	90.163021758739319	90.163021758739319
6935.1338029804492	83.277450747368874	83.277450747368874
5589.5372752593812	74.763208032155632	74.763208032155632
9418.2419013837043	97.047626974510322	97.047626974510322
4544.3456212546762	67.411761742700932	67.411761742700932
1823.2767769276375	42.699845162806355	42.699845162806355
1231.208243903772	35.088577114265718	35.088577114265718
9369.5328331502296	96.796347209748731	96.796347209748731
2205.3051741166491	46.960676891593558	46.960676891593558
9349.3760425915043	96.692171568289353	96.692171568289353
520.96137159360467	22.824578234736446	22.824578234736446
5831.6224561300287	76.36506044081959	76.36506044081959
6514.35334799457	80.711544081342979	80.711544081342979
7090.9485511681414	84.207770135351183	84.207770135351183
5369.9577839177728	73.279995796382067	73.279995796382067
3751.9158153113481	61.252884138719118	61.252884138719118
8244.0723142005772	90.79687392306289	90.79687392306289
3392.9477368888552	58.249014900587419	58.249014900587419
2004.6754720223253	44.77360240166437	44.77360240166437
3127.4368330152306	55.923490887240135	55.923490887240135
6347.3940931717852	79.670534661013704	79.670534661013704
9450.067300410823	97.211456631463065	97.211456631463065
8815.8820148739196	93.892928460421984	93.892928460421984
2511.1161590368956	50.111038295338638	50.111038295338638
3913.0732369325506	62.554562079296424	62.554562079296424
4803.0430790531045	69.303990354474578	69.303990354474578
3507.5760841998836	59.224792816859086	59.224792816859086
9092.5290714025159	95.354753795510987	95.354753795510987
6470.6088589279789	80.440094846587414	80.440094846587414
2118.2423811159315	46.024367253835564	46.024367253835564
8947.4231471693583	94.590819571295384	94.590819571295384
5776.140794642627	76.000926274898958	76.000926274898958
4829.3537761623247	69.493552047382963	69.493552047382963
2946.5761126898728	54.282373867489184	54.282373867489184
1008.2471652192007	31.752907980517325	31.752907980517325
1728.2860666595673	41.572660086402543	41.572660086402543
223.21042082537764	14.940228272197773	14.940228272197773
837.41990424889468	28.938208380079349	28.938208380079349
3927.5709711616964	62.670335655409538	62.670335655409538
274.14429169954843	16.5573032737686	16.5573032737686
5699.9302409580132	75.497882360752428	75.497882360752428
4809.9525501380467	69.353821453024821	69.353821453024821
9621.2070135533304	98.087751598012133	98.087751598012133
8863.3637369542212	94.145439278566343	94.145439278566343
236.28942773111262	15.371708679620253	15.371708679620253
1191.7347758788576	34.521511784376678	34.521511784376678
4713.4481891219739	68.654556943599701	68.654556943599701
9776.3707982841333	98.87553184829973	98.87553184829973
951.35048140112565	30.843969935809586	30.843969935809586
4602.3272379669579	67.84045428774013	67.84045428774013
7001.3839878695399	83.674273154115539	83.674273154115539
7373.0320664683113	85.866361670145963	85.866361670145963
3257.4312198251541	57.073910150130367	57.073910150130367
1139.9952634309441	33.763815889661288	33.763815889661288
3093.0522586349211	55.615216071098033	55.615216071098033
4326.5161023154524	65.776257892308323	65.776257892308323
9935.1917407894016	99.675431981955327	99.675431981955327
7181.5647135861163	84.744113150036071	84.744113150036071
7340.5810430838865	85.677190914991414	85.677190914991414
340.49581269551231	18.452528626058605	18.452528626058605
2760.593329802703	52.541348762690731	52.541348762690731
4849.436585567124	69.637896188548979	69.637896188548979
9459.8057440050779	97.261532704379476	97.261532704379476
3551.4819386524578	59.594311294388305	59.594311294388305
508.2601966100595	22.54462677912543	22.54462677912543
1017.7277529382694	31.901845603950086	31.901845603950086
4817.6763421938458	69.40948308548225	69.40948308548225
6691.0239715009138	81.798679521743594	81.798679521743594
2402.2192089001201	49.012439328196265	49.012439328196265
3803.0410609833366	61.66880135841248	61.66880135841248
7307.2398604152731	85.482395032048984	85.482395032048984
7979.5775345369493	89.328481093864738	89.328481093864738
6255.1740414683445	79.089658245995381	79.089658245995381
1255.3067178094886	35.430307898880706	35.430307898880706
1851.0690527942031	43.024052026676927	43.024052026676927
2628.7319588608716	51.271161083604021	51.271161083604021
1068.2789225908032	32.684536444484003	32.684536444484003
1866.9034851954059	43.20767854439076	43.20767854439076
8718.4336877265614	93.372553182006115	93.372553182006115
1639.0113012885304	40.484704535028172	40.484704535028172
9307.4427953864615	96.475088988746009	96.475088988746009
3268.7493464966251	57.172977415004588	57.172977415004588
2470.1195712317358	49.700297496410784	49.700297496410784
4149.0927483089299	64.41345160996211	64.41345160996211
9388.8446037585672	96.896050506501908	96.896050506501908
8413.7964362384992	91.726748749961146	91.726748749961146
4583.7545698919994	67.703431005319075	67.703431005319075
8025.2475137608571	89.58374581228928	89.58374581228928
2558.8431716629843	50.585009357150312	50.585009357150312
815.34358949169541	28.554221920614392	28.554221920614392
8085.994294619255	89.922156861472445	89.922156861472445
7926.2849099578907	89.029685554638974	89.029685554638974
2073.7030744272315	45.537930063049984	45.537930063049984
2094.0049178867289	45.760298489921688	45.760298489921688
8142.0675272998524	90.233405827885335	90.233405827885335
9770.3418691176976	98.845039678871586	98.845039678871586
1748.1557072046542	41.810952000697789	41.810952000697789
2236.6680882692344	47.293425423299951	47.293425423299951
4109.9385223480431	64.108802222066529	64.108802222066529
6229.135878893705	78.924874905784336	78.924874905784336
7955.7410519757823	89.194960911341752	89.194960911341752
559.60548656072035	23.655982046000972	23.655982046000972
7696.1685528395128	87.727809461079744	87.727809461079744
180.88938730754657	13.449512530480298	13.449512530480298
8198.8850563020696	90.547694925393159	90.547694925393159
6828.6594604852471	82.635703303628077	82.635703303628077
1076.5209786906566	32.810379130553436	32.810379130553436
7049.3514272224893	83.960415835216594	83.960415835216594
9380.3574097748406	96.852245249012384	96.852245249012384
6883.4058193961255	82.96629327260635	82.96629327260635
3802.0641196915144	61.660879978244829	61.660879978244829
2628.055469004667	51.264563482045439	51.264563482045439
4792.1234582175457	69.225164920118075	69.225164920118075
4935.2429730953509	70.251284494273492	70.251284494273492
875.06498016407261	29.581497260349629	29.581497260349629
7.3584905258587652	2.7126537792093495	2.7126537792093495
6876.7585690575725	82.926223651252641	82.926223651252641
5776.60192383293	76.003959922052289	76.003959922052289
8077.7849461525029	89.8764982971216	89.8764982971216
7200.9106040448523	84.858179358532382	84.858179358532382
2172.9462120507474	46.614871146992861	46.614871146992861
1384.2533612700634	37.205555516213749	37.205555516213749
8632.6728480259699	92.912178147032861	92.912178147032861
9694.4846662834152	98.460574172017786	98.460574172017786
8797.8531373348396	93.796871682028069	93.796871682028069
4346.1200986455706	65.925109773481381	65.925109773481381
7943.8231884496099	89.128127930803132	89.128127930803132
3393.9026890817763	58.257211477050433	58.257211477050433
4075.6893938351568	63.841126194915738	63.841126194915738
9925.7292316876974	99.627954067559259	99.627954067559259
8475.249485999424	92.061118209586311	92.061118209586311
7868.0739869980061	88.702164500072968	88.702164500072968
7472.1894063138416	86.441826717821286	86.441826717821286
4376.2403717381085	66.153158441136497	66.153158441136497
3493.1403482013752	59.10279475795857	59.10279475795857
915.31687468969756	30.254204248165205	30.254204248165205
8761.8425647060103	93.604714436325324	93.604714436325324
9019.0349959788655	94.9686000527483	94.9686000527483
9529.9703676745667	97.621567123635984	97.621567123635984
1259.6752588043628	35.491904130440268	35.491904130440268
5947.4573799090022	77.119759983476357	77.119759983476357
7689.7042985691587	87.690959046923183	87.690959046923183
2593.3549353407452	50.924993228676477	50.924993228676477
1710.0524702660514	41.352780683601573	41.352780683601573
2873.767603211707	53.60753308269004	53.60753308269004
321.18206162335412	17.921552991394304	17.921552991394304
2336.2635385875969	48.334910143576316	48.334910143576316
6659.223492858634	81.604065418694887	81.604065418694887
9025.0156258620664	95.000082241343705	95.000082241343705
1262.7870090661393	35.535714556853073	35.535714556853073
1200.6194142178656	34.64995547209066	34.64995547209066
6626.5069462327856	81.40335955126659	81.40335955126659
8040.6141440734073	89.669471639312164	89.669471639312164
75.03055207582203	8.6620177831624208	8.6620177831624208
5658.3178388817132	75.221790984273383	75.221790984273383
3820.0919394241773	61.80689232944961	61.80689232944961
4536.7566088042586	67.355449733516437	67.355449733516437
5959.9829684999058	77.200925956233874	77.200925956233874
6546.349716831136	80.909515613623199	80.909515613623199
7011.9204809182238	83.737210849885756	83.737210849885756
3524.8620540579404	59.370548709422756	59.370548709422756
3698.8343726346566	60.818043150323874	60.818043150323874
8730.5169147258439	93.437235162037211	93.437235162037211
747.40908610540282	27.33878355204201	27.33878355204201
6061.896813796855	77.858183987278139	77.858183987278139
7157.6745531169036	84.603041039414791	84.603041039414791
8979.6416504656972	94.760971135091779	94.760971135091779
1015.661403943385	31.869443106891357	31.869443106891357
4591.8551425270816	67.763228542677055	67.763228542677055
1621.7207286442467	40.2705938451899	40.2705938451899
8420.7181887575571	91.764471277055577	91.764471277055577
5926.4537096128242	76.98346387122902	76.98346387122902
1595.2920688276772	39.941107506273248	39.941107506273248
1888.2990760498963	43.454563351274125	43.454563351274125
3401.3508414082849	58.321101167658732	58.321101167658732
1597.8782493491103	39.973469318400554	39.973469318400554
5807.0397318554133	76.203935146785	76.203935146785
7275.908637452967	85.298936906933179	85.298936906933179
9453.6881402049767	97.230078371895686	97.230078371895686
5968.4412889000305	77.25568774465755	77.25568774465755
8561.160976532854	92.526542011105406	92.526542011105406
6978.8773989926158	83.539675597841622	83.539675597841622
6433.2316226369576	80.207428724756895	80.207428724756895
3431.2393810986914	58.576781928496992	58.576781928496992
5740.9481284329322	75.76904465830971	75.76904465830971
295.64504001350559	17.194331624506535	17.194331624506535
1160.7971964787725	34.070473969094891	34.070473969094891
5515.0098129909966	74.263112061042776	74.263112061042776
6996.0566404830051	83.642433253002665	83.642433253002665
2146.4116934204558	46.329382614281144	46.329382614281144
8582.8197551437988	92.643508974691798	92.643508974691798
9073.2019404304192	95.253356583536828	95.253356583536828
851.43557824435447	29.17936905151231	29.17936905151231
5771.0032479048677	75.967119518281507	75.967119518281507
2101.2417862521879	45.839303945982728	45.839303945982728
7477.3913307288731	86.471910645763302	86.471910645763302
7529.1282555012021	86.770549471011194	86.770549471011194
6494.0611864895063	80.585738108486083	80.585738108486083
7846.08303296959	88.57811825145977	88.57811825145977
561.45412006142305	23.695023107425389	23.695023107425389
4458.4977184300487	66.771983035027858	66.771983035027858
2085.4174377829245	45.666370972335038	45.666370972335038
5222.8633862099405	72.269380696183774	72.269380696183774
7810.5038222386447	88.37705484026182	88.37705484026182
7541.5632987507388	86.842174654661534	86.842174654661534
7948.7364277385741	89.155686457671194	89.155686457671194
4349.6971265630791	65.95223367379667	65.95223367379667
4662.9718322520266	68.285956332558058	68.285956332558058
8421.0629596617619	91.766349822044035	91.766349822044035
7144.1754071070809	84.523224069524701	84.523224069524701
7524.3669926723096	86.743109194173513	86.743109194173513
6431.3168950973222	80.195491737985634	80.195491737985634
4976.0331174317507	70.541003093461541	70.541003093461541
8155.8599991987066	90.309800128218129	90.309800128218129
661.39733233104789	25.717646321758295	25.717646321758295
8858.8233785070315	94.121322655958423	94.121322655958423
9060.5941557418118	95.187153312523279	95.187153312523279
6381.3635048689475	79.883436987081041	79.883436987081041
1366.8973102090465	36.97157435394179	36.97157435394179
8765.5184122687842	93.62434732626329	93.62434732626329
3587.2860173003655	59.893956433853702	59.893956433853702
5203.8261597098208	72.137550275219496	72.137550275219496
2258.3901648419087	47.522522711256698	47.522522711256698
7676.680617665882	87.616668606298205	87.616668606298205
8136.4065058826372	90.20203160618189	90.20203160618189
9972.2487257878129	99.861147228478274	99.861147228478274
9508.5800357422886	97.511948169146379	97.511948169146379
9442.0632365087477	97.170279594682384	97.170279594682384
993.49027251142547	31.51968071715552	31.51968071715552
6475.5380570467678	80.470727951515187	80.470727951515187
8480.6313537840379	92.090343433956406	92.090343433956406
6434.5031136896205	80.215354600535306	80.215354600535306
1655.0672618126318	40.682517889292839	40.682517889292839
8949.0355460817555	94.599342207447492	94.599342207447492
9930.8744683568093	99.65377297602339	99.65377297602339
665.24046194166465	25.792255852128651	25.792255852128651
9420.5560673604723	97.059549078699476	97.059549078699476
395.13655493110394	19.878042029614083	19.878042029614083
6925.3956513825942	83.2189620902748	83.2189620902748
6658.8406879723525	81.601719883666377	81.601719883666377
2516.9132656142342	50.168847561153271	50.168847561153271
2607.8263237979509	51.066880889652452	51.066880889652452
2751.913318136521	52.458682009144312	52.458682009144312
7013.492202037165	83.746595166831497	83.746595166831497
1409.3633580440617	37.541488489990137	37.541488489990137
5110.6169271299786	71.488578997836981	71.488578997836981
2755.2312325060029	52.490296555706401	52.490296555706401
3052.9059111875636	55.253107706151368	55.253107706151368
7032.4750248316695	83.859853474899836	83.859853474899836
440.71473281932469	20.993206825526315	20.993206825526315
4311.3311828445248	65.660727858016656	65.660727858016656
6463.5663336705411	80.396307960443934	80.396307960443934
2271.330995568896	47.658482933984544	47.658482933984544
4242.7959365625729	65.136747973494749	65.136747973494749
7028.1844540622351	83.834267779126193	83.834267779126193
336.13053769602669	18.333863141630207	18.333863141630207
7402.0130485775708	86.034952481985897	86.034952481985897
2468.5499787711133	49.684504413057333	49.684504413057333
9208.509352310306	95.960978279247996	95.960978279247996
2656.5510152807406	51.541740514661903	51.541740514661903
5832.3492758141047	76.369819142211568	76.369819142211568
5435.6709685054248	73.72700298062729	73.72700298062729
9842.3490157748547	99.208613616836999	99.208613616836999
1512.325106227207	38.88862438075185	38.88862438075185
1214.4239822114102	34.848586516692613	34.848586516692613
8583.0031282766759	92.644498640106391	92.644498640106391
6129.9749047342075	78.294156261717305	78.294156261717305
2050.406273490195	45.281412008573618	45.281412008573618
5787.9707759888352	76.078714342375918	76.078714342375918
1565.4563447587275	39.565848212299549	39.565848212299549
1120.9854973779686	33.481121507171302	33.481121507171302
2907.240689293124	53.918834272386896	53.918834272386896
8284.7253371230872	91.020466583747449	91.020466583747449
627.35639328524826	25.047083528531786	25.047083528531786
992.59580343588482	31.5054884652799	31.5054884652799
4716.8561568688247	68.679372135080158	68.679372135080158
8294.7419882948743	91.075474131595243	91.075474131595243
6356.1877930648643	79.725703465475078	79.725703465475078
8239.6355058470072	90.772438029651966	90.772438029651966
4469.6983303226843	66.855802517976585	66.855802517976585
4873.2891251046358	69.808947314113226	69.808947314113226
5847.6848536128291	76.470156620820575	76.470156620820575
8308.4262318916208	91.150569015731449	91.150569015731449
1437.2650892631605	37.911279182627965	37.911279182627965
5191.0119589174219	72.048677704156532	72.048677704156532
388.72196384201743	19.716033166994254	19.716033166994254
6264.2846412528843	79.14723394568432	79.14723394568432
2664.4617240057787	51.618424268915639	51.618424268915639
7505.0615159099525	86.631758125470085	86.631758125470085
3262.1922843474381	57.115604560815413	57.115604560815413
2371.5927166069437	48.699001186953964	48.699001186953964
1984.6756660544345	44.549698832365124	44.549698832365124
3501.8190384128916	59.176169514534237	59.176169514534237
9113.7170194402679	95.46578978587182	95.46578978587182
8952.4563407801779	94.617420915918956	94.617420915918956
820.09027045848313	28.637218273751436	28.637218273751436
1972.3041809280267	44.410631395286721	44.410631395286721
9378.0706222711997	96.840438982230964	96.840438982230964
3205.276880693239	56.615164759039949	56.615164759039949
5429.9992145825663	73.68852837845634	73.68852837845634
9014.8680391579255	94.946658915192614	94.946658915192614
935.08694782532484	30.579191418762608	30.579191418762608
4712.719109956789	68.649246972976982	68.649246972976982
2509.1827495027674	50.09174332664783	50.09174332664783
8187.3022640061854	90.483712700166024	90.483712700166024
2491.991151320623	49.919847268602723	49.919847268602723
7609.7231905075569	87.233727367959901	87.233727367959901
628.92248773061067	25.078327052070492	25.078327052070492
5590.1163933877442	74.767080947351047	74.767080947351047
5297.4927152122564	72.783876753112409	72.783876753112409
8586.4348938905005	92.663017940764803	92.663017940764803
9605.5971271968374	98.008148269400735	98.008148269400735
639.18763733655817	25.282160456269519	25.282160456269519
3684.1597404025433	60.697279514015648	60.697279514015648
5919.5046443337469	76.938317139990446	76.938317139990446
4844.1060855636988	69.599612682569571	69.599612682569571
6976.1996792365744	83.523647425364359	83.523647425364359
779.39647362637902	27.917673141334308	27.917673141334308
3539.4722944119094	59.493464299970881	59.493464299970881
7898.9573517928975	88.876078625200932	88.876078625200932
2329.8750644861138	48.268779397102158	48.268779397102158
4309.2056052166963	65.644539797432472	65.644539797432472
1995.4197082708804	44.67012097891476	44.67012097891476
2276.0117282784036	47.707564686099872	47.707564686099872
2809.0704431408958	53.00066455376664	53.00066455376664
6083.3388139397057	77.995761512659811	77.995761512659811
2405.9076616774755	49.050052616459809	49.050052616459809
2535.5268511261884	50.35401524333674	50.35401524333674
1693.6592559707219	41.154091606676509	41.154091606676509
1063.0846054933997	32.604978231757798	32.604978231757798
9497.1792313757323	97.453472136069792	97.453472136069792
2314.7934823780815	48.112300738772426	48.112300738772426
2728.1893296700873	52.232071849296645	52.232071849296645
9177.1614995689706	95.797502574800831	95.797502574800831
3452.8532019956951	58.760983671103524	58.760983671103524
3899.7357684483059	62.447864402622336	62.447864402622336
5027.6836472334526	70.906160855270201	70.906160855270201
6461.0636779252936	80.380741959285828	80.380741959285828
2089.6616328711752	45.712816943075993	45.712816943075993
4824.7919853544208	69.460722608927853	69.460722608927853
6156.8527833403032	78.465615293198994	78.465615293198994
5191.4230256139508	72.051530348868724	72.051530348868724
4770.6118400267587	69.069615896041867	69.069615896041867
2401.1446533855496	49.001476032723232	49.001476032723232
8345.8014544416801	91.355358104720267	91.355358104720267
823.04772442539331	28.688808347949784	28.688808347949784
9643.3912664751733	98.200770192881748	98.200770192881748
8499.3455801894725	92.191895414887057	92.191895414887057
8981.6516559856736	94.771576202918951	94.771576202918951
1106.976771989056	33.271260450861433	33.271260450861433
1563.1302585637072	39.536442158642792	39.536442158642792
3042.0360341594601	55.154655598230875	55.154655598230875
1316.7880601616421	36.287574459608649	36.287574459608649
2207.5858522928961	46.984953466965315	46.984953466965315
5743.454557241409	75.785582779585525	75.785582779585525
4934.1366085516838	70.243409716155469	70.243409716155469
9833.2747672707901	99.162869902352014	99.162869902352014
9622.9526117885325	98.096649340273245	98.096649340273245
4888.770158571986	69.919740835989842	69.919740835989842
5326.5042658892571	72.982903928860338	72.982903928860338
9733.5009779709289	98.658506870775867	98.658506870775867
5562.6042212884977	74.582868148714269	74.582868148714269
9600.0757721138689	97.979976383513531	97.979976383513531
3024.191486731328	54.992649388180311	54.992649388180311
4884.8128243300816	69.891435987036942	69.891435987036942
6988.1265649248735	83.595015191845462	83.595015191845462
5220.9455612623169	72.256110892175187	72.256110892175187
2322.0136752608601	48.187277109843635	48.187277109843635
8260.623534950495	90.88797244383052	90.88797244383052
6560.0135073740475	80.993910310430422	80.993910310430422
8683.1265297652353	93.183295336477741	93.183295336477741
4982.2733120473067	70.585220209667881	70.585220209667881
7042.6905805925335	83.920739871574852	83.920739871574852
3399.3167222906045	58.303659596037406	58.303659596037406
6975.6267031562702	83.520217331830921	83.520217331830921
5792.369725478995	76.107619365468224	76.107619365468224
1975.0316949045807	44.441328680683938	44.441328680683938
8798.2610108407953	93.799045895151806	93.799045895151806
1541.0620873822368	39.25636365460047	39.25636365460047
5190.7369617806544	72.046769266780132	72.046769266780132
3799.9527181437597	61.643756522001155	61.643756522001155
5148.0291140698355	71.749767345057194	71.749767345057194
2137.7165555476404	46.235446959531387	46.235446959531387
6386.4987323676878	79.915572527309649	79.915572527309649
9420.2918630139229	97.058188026636486	97.058188026636486
8242.9645453417743	90.790773459321159	90.790773459321159
7169.8556958266436	84.675000418226418	84.675000418226418
7371.852375182636	85.859492050574332	85.859492050574332
2234.998028815116	47.275765766564966	47.275765766564966
5456.4735731762848	73.867946859082835	73.867946859082835
5750.0398550908712	75.829017236746978	75.829017236746978
1159.6363611298143	34.053433910984872	34.053433910984872
6349.8592386153441	79.686004032172079	79.686004032172079
188.55293496997567	13.731457860328439	13.731457860328439
8507.9681612576478	92.238647872015378	92.238647872015378
2414.4925683776532	49.137486386440784	49.137486386440784
6183.5546818555877	78.635581525512919	78.635581525512919
1467.7948991310932	38.31181148328924	38.31181148328924
9786.8678026780599	98.928599518430772	98.928599518430772
6702.9849350889326	81.871759081437432	81.871759081437432
6567.852566824954	81.042288756086805	81.042288756086805
2295.9143468612665	47.91570042127389	47.91570042127389
6224.1083850772229	78.893018607968244	78.893018607968244
9812.6257492905734	99.058698503920255	99.058698503920255
9532.6973694613953	97.635533334239511	97.635533334239511
6977.163242968395	83.529415435332695	83.529415435332695
3452.3038964065677	58.756309417853736	58.756309417853736
342.82296754087821	18.515479133440707	18.515479133440707
1912.9946586146873	43.737794395861883	43.737794395861883
1474.6936214924688	38.401739823769297	38.401739823769297
7355.9907270249169	85.767072510520705	85.767072510520705
752.07752338594275	27.424031858680859	27.424031858680859
2485.9199416495876	49.859000608211026	49.859000608211026
6532.4483917841999	80.823563345006022	80.823563345006022
2534.4060137171332	50.342884439780896	50.342884439780896
5939.9901209885275	77.071331381964114	77.071331381964114
2623.0553284735547	51.215772262785947	51.215772262785947
1498.9938266530619	38.716841640984377	38.716841640984377
8758.3677003612065	93.586151221007086	93.586151221007086
1066.4352918692114	32.656320856293831	32.656320856293831
7337.2080602787682	85.657504401416972	85.657504401416972
7238.0276741840626	85.076598863518655	85.076598863518655
6168.3565093944535	78.538885333282224	78.538885333282224
4880.8846667918206	69.86332848348853	69.86332848348853
2842.4371526057735	53.31451165119843	53.31451165119843
5254.8498127406492	72.490342892971952	72.490342892971952
1635.2655028883423	40.438416176803244	40.438416176803244
8951.4145400346115	94.611915423135855	94.611915423135855
6944.5764228134212	83.334125199784879	83.334125199784879
427.13883168832382	20.667337314911272	20.667337314911272
5057.8124284779606	71.118298830033609	71.118298830033609
1323.5142602900596	36.380135517752812	36.380135517752812
8318.2478652058362	91.204428978015301	91.204428978015301
6939.3455318299548	83.302734239819259	83.302734239819259
2451.0381984457199	49.507960960291221	49.507960960291221
5457.5855837529652	73.875473492580511	73.875473492580511
9613.1135552369815	98.046486705220502	98.046486705220502
384.19910448150642	19.600997537918992	19.600997537918992
3828.1317547347398	61.871897940298709	61.871897940298709
8560.1133195113325	92.520880451449074	92.520880451449074
9876.7185164721886	99.381680990372615	99.381680990372615
1940.418107899578	44.05017716081943	44.05017716081943
3819.2680836407544	61.800227213504279	61.800227213504279
307.87534328696802	17.546376927644292	17.546376927644292
3111.9942957455619	55.785251597044557	55.785251597044557
9580.5462704262409	97.880264969125619	97.880264969125619
4989.2430121128418	70.634573773137774	70.634573773137774
269.49676668836719	16.416356681321442	16.416356681321442
821.48207085825004	28.661508523771914	28.661508523771914
2020.447483595791	44.949388022483589	44.949388022483589
1930.4888809445281	43.937329014683264	43.937329014683264
7240.7545215827249	85.092623191336187	85.092623191336187
4853.9898637977467	69.67058104966361	69.67058104966361
219.07213889150572	14.80108573353677	14.80108573353677
2554.5272583335422	50.542331350399166	50.542331350399166
4571.3129174366177	67.61148510006727	67.61148510006727
8272.8820927120669	90.955385177085958	90.955385177085958
598.60872423654666	24.466481648094536	24.466481648094536
8299.6027698039725	91.102155681432549	91.102155681432549
7707.2123780655265	87.790730593073022	87.790730593073022
1033.8925636174038	32.154199781947675	32.154199781947675
4389.6486414166056	66.254423561122366	66.254423561122366
5182.7620089080929	71.991402326306243	71.991402326306243
8.3373553024143163	2.8874478873936957	2.8874478873936957
8796.5841390234418	93.790106829150389	93.790106829150389
5195.698306997504	72.081192463759251	72.081192463759251
5066.9691295598259	71.18264626690852	71.18264626690852
9463.3241902807476	97.279618575941939	97.279618575941939
5126.9015621067647	71.60238517051485	71.60238517051485
9421.2751711584606	97.063253454427652	97.063253454427652
3779.3098951225506	61.476092061244024	61.476092061244024
5182.5709032981995	71.990075033286359	71.990075033286359
1844.1160712962164	42.943172580705031	42.943172580705031
1704.9625558262326	41.291192230622656	41.291192230622656
3929.1788199419466	62.683162172484138	62.683162172484138
307.86691668286994	17.546136802238546	17.546136802238546
6641.6996076636233	81.496623289947564	81.496623289947564
9203.9855505638388	95.937404335138439	95.937404335138439
3717.4874748279335	60.97120201232655	60.97120201232655
4614.5102468300411	67.930186565547146	67.930186565547146
2962.9684333963314	54.433155644297635	54.433155644297635
2726.3048090579346	52.214028852961867	52.214028852961867
8876.3839014197511	94.214563106877222	94.214563106877222
2822.2356307140367	53.124717700087942	53.124717700087942
7349.9371507108635	85.731774452129841	85.731774452129841
576.53989294250789	24.011245135196713	24.011245135196713
3186.1746907365587	56.446210596784603	56.446210596784603
2651.8994834641035	51.496596814392532	51.496596814392532
5526.3793489636337	74.339621662768991	74.339621662768991
3896.318004720662	62.420493467455557	62.420493467455557
1264.3015652245817	35.557018508651453	35.557018508651453
6049.80791217571	77.780511133417676	77.780511133417676
9278.118522107683	96.322990620659624	96.322990620659624
8119.9334620418995	90.110673407992564	90.110673407992564
5130.7713204854026	71.629402625495928	71.629402625495928
1199.6618829263316	34.636135507968142	34.636135507968142
9282.4649299192261	96.34554961138177	96.34554961138177
341.78467965059008	18.48741949679809	18.48741949679809
3792.3009801993453	61.581661070478972	61.581661070478972
7475.5937463125711	86.461515984353241	86.461515984353241
7173.6954886019321	84.697671093141238	84.697671093141238
2650.2135044218408	51.480224401432444	51.480224401432444
1905.1952221370063	43.648542039076247	43.648542039076247
7615.3264135531153	87.265837608729314	87.265837608729314
4521.9701866710566	67.245596039228147	67.245596039228147
1044.2011074390314	32.314100752442911	32.314100752442911
101.91022561149902	10.095059465476121	10.095059465476121
2018.8878463689302	44.932035858270773	44.932035858270773
5189.5143713650814	72.038284067328263	72.038284067328263
570.41134189650438	23.883285827048681	23.883285827048681
8741.529640452527	93.496147730548387	93.496147730548387
3974.8629404571029	63.046514102344332	63.046514102344332
9062.6284733166831	95.197838595824663	95.197838595824663
4403.0032535386736	66.355129820826008	66.355129820826008
1842.4506027954751	42.923776660441646	42.923776660441646
5301.9872860615378	72.814746350320675	72.814746350320675
7815.5158697101242	88.405406337565822	88.405406337565822
829.030798849088	28.792894936929979	28.792894936929979
1675.1483758501283	40.928576518737231	40.928576518737231
7107.9569923625286	84.308700573324742	84.308700573324742
8524.5682053535929	92.328588234379453	92.328588234379453
2794.6785608226432	52.864719433878044	52.864719433878044
5502.6533662850852	74.179871705773962	74.179871705773962
8249.2810600714347	90.825552902646479	90.825552902646479
5654.9138307232752	75.199161103853243	75.199161103853243
815.21505116991659	28.551971055776807	28.551971055776807
1532.9513845500787	39.152923065207773	39.152923065207773
9677.2398165433442	98.372962833002774	98.372962833002774
4103.504839058267	64.05860472300553	64.05860472300553
6942.6856254102131	83.322779750859326	83.322779750859326
8740.2053609015293	93.489065461697336	93.489065461697336
1642.783870426304	40.531270278962438	40.531270278962438
9846.8490948043454	99.231290905663144	99.231290905663144
7556.4147086454996	86.927640648101686	86.927640648101686
8854.7407271127267	94.09963191805123	94.09963191805123
7994.7719293601831	89.413488520246105	89.413488520246105
1888.5024744942932	43.45690364596048	43.45690364596048
6997.3637226255833	83.650246399072742	83.650246399072742
9895.5515840279604	99.476387067625055	99.476387067625055
7553.0375175359632	86.908213176522978	86.908213176522978
4488.7257778260382	66.997953534612066	66.997953534612066
9275.1204653839141	96.307426844371221	96.307426844371221
4248.2056716011339	65.178260728567579	65.178260728567579
2635.1497599045597	51.333709781239847	51.333709781239847
4897.9131775524356	69.985092538000089	69.985092538000089
3205.680365369275	56.618728044431329	56.618728044431329
2840.8718821752036	53.299830038896033	53.299830038896033
7516.1852703864552	86.695935720115827	86.695935720115827
7150.7906814010121	84.562347894325953	84.562347894325953
1701.1846415488662	41.245419643263013	41.245419643263013
674.63722909504475	25.973779645924555	25.973779645924555
3055.1467007419838	55.273381484598751	55.273381484598751
8345.5579954942314	91.354025611870171	91.354025611870171
5129.7790874923485	71.622476133490025	71.622476133490025
1131.9145005758533	33.643937055223681	33.643937055223681
4737.9939050542371	68.833087284054301	68.833087284054301
5263.1271580531511	72.547413172718649	72.547413172718649
8031.9746604076099	89.621284639351217	89.621284639351217
1825.8310250513787	42.729744032130341	42.729744032130341
6175.2749150115242	78.582917450369095	78.582917450369095
7089.9030399997	84.201561980759593	84.201561980759593
9303.5615374129302	96.454971553637037	96.454971553637037
6360.9595250793591	79.75562378340075	79.75562378340075
5119.7000866073386	71.552079540760644	71.552079540760644
1010.6819966455483	31.791225151691595	31.791225151691595
2402.4023357168103	49.014307459320591	49.014307459320591
6127.8671157157351	78.280694399805469	78.280694399805469
7162.4014078858308	84.630971918593914	84.630971918593914
5235.7834924362978	72.358714004854306	72.358714004854306
3680.3458439632514	60.665854019895335	60.665854019895335
8070.8915892326213	89.838141060646521	89.838141060646521
5388.604336625951	73.407113664998107	73.407113664998107
4946.5770467117163	70.331906320756843	70.331906320756843
9994.9086892941905	99.97454020546526	99.97454020546526
4030.6479885766871	63.48738448366484	63.48738448366484
951.63873729973886	30.848642389896817	30.848642389896817
1278.2690887996105	35.752889237089782	35.752889237089782
4969.4723070115997	70.494484231119813	70.494484231119813
7341.9075322844274	85.684931769153124	85.684931769153124
5149.3456274323471	71.758941097485177	71.758941097485177
9365.9384771908044	96.777778839932068	96.777778839932068
8047.3103198663739	89.706801971012069	89.706801971012069
2718.3805359282806	52.138091026890123	52.138091026890123
2424.0893908286766	49.235042305543686	49.235042305543686
1020.4233627688383	31.944066158972909	31.944066158972909
6171.8791897350902	78.561308477742969	78.561308477742969
7247.4755948458824	85.132106721529468	85.132106721529468
3635.4169425098735	60.294418833834641	60.294418833834641
1555.5959268594536	39.441043683699007	39.441043683699007
4523.2965759806402	67.255457592530291	67.255457592530291
1196.4952844695085	34.590392950492891	34.590392950492891
3003.7495208465289	54.806473348013633	54.806473348013633
4700.3611884967186	68.559180191253148	68.559180191253148
5103.9816227002611	71.442155781445038	71.442155781445038
1829.0786537533668	42.767729116161483	42.767729116161483
8520.8104484545511	92.308236081373323	92.308236081373323
8692.1045158856541	93.231456686494255	93.231456686494255
3452.9191687301523	58.761544982498137	58.761544982498137
5686.2931139365664	75.407513643778003	75.407513643778003
3981.9679857989167	63.102836590750158	63.102836590750158
579.46778202414202	24.072137047303091	24.072137047303091
6900.1723046591969	83.06727577487537	83.06727577487537
5793.5045569499225	76.115074439626753	76.115074439626753
1944.6649844012181	44.098355801562697	44.098355801562697
3605.3459528391231	60.044533080365639	60.044533080365639
5010.8682464522999	70.787486510345175	70.787486510345175
2246.7651829987431	47.400054672950994	47.400054672950994
5604.7481277098668	74.864865776343095	74.864865776343095
4700.5268640888962	68.560388447622557	68.560388447622557
42.681044668180576	6.5330731411932454	6.5330731411932454
6504.0212878223465	80.647512595382295	80.647512595382295
842.9012284176132	29.032761295088918	29.032761295088918
7345.8165601028568	85.707739207745163	85.707739207745163
6563.3253248971641	81.014352585805213	81.014352585805213
6267.4726273037686	79.167370976329437	79.167370976329437
7784.3265332700648	88.228830510610678	88.228830510610678
449.18266812738193	21.193929983072557	21.193929983072557
383.04247450327807	19.571470933562406	19.571470933562406
8043.6219111991513	89.686241482175802	89.686241482175802
7897.2307249632804	88.866364418509207	88.866364418509207
8679.091364719452	93.161641058535736	93.161641058535736
3685.4569167145701	60.707964195108453	60.707964195108453
8865.7803874877045	94.158273069803613	94.158273069803613
8608.9933318781896	92.784661080796056	92.784661080796056
8699.9753745976668	93.273658524782149	93.273658524782149
5238.741880413836	72.379153631510746	72.379153631510746
3261.4587577931529	57.109182779944881	57.109182779944881
4479.3810895156348	66.928178591051136	66.928178591051136
8151.4334357930875	90.285289143874863	90.285289143874863
9223.2103387082661	96.03754650504284	96.03754650504284
6298.576652761637	79.363572580634482	79.363572580634482
6040.4234385960399	77.720161081897146	77.720161081897146
3800.3887960726502	61.647293501601922	61.647293501601922
8763.7156326002187	93.614719102287637	93.614719102287637
2251.8515190809271	47.453677613868109	47.453677613868109
1615.1914131936335	40.189444051810838	40.189444051810838
1661.8912469629718	40.766300383564015	40.766300383564015
2494.5284408254147	49.945254437487996	49.945254437487996
9996.7711229789293	99.983854311478353	99.983854311478353
6501.7356631688417	80.633340890532637	80.633340890532637
705.86318051675551	26.568085751833074	26.568085751833074
652.091604784899	25.536084366732872	25.536084366732872
8985.1334851768206	94.789944008722884	94.789944008722884
9671.2565999487724	98.342547251679278	98.342547251679278
5540.085667995002	74.431751746113036	74.431751746113036
2667.6185567730322	51.648993763412584	51.648993763412584
9351.1884606396816	96.701543217467218	96.701543217467218
7848.4884229044101	88.591694999612741	88.591694999612741
8538.893347496969	92.406132629263141	92.406132629263141
5765.5329190154589	75.931106399258127	75.931106399258127
3073.2281603605038	55.436704089984495	55.436704089984495
6814.6351108635472	82.550803211498476	82.550803211498476
2248.0942763789299	47.414072556351137	47.414072556351137
3726.7408227033807	61.047037788113691	61.047037788113691
235.50896146957038	15.346301230901549	15.346301230901549
524.08981886631784	22.893008078151674	22.893008078151674
9475.4896122028349	97.342126606124822	97.342126606124822
632.81717796136616	25.155857726608453	25.155857726608453
5799.8469476582404	76.156726214158127	76.156726214158127
4209.2486130715142	64.878722344629395	64.878722344629395
3785.7579902506304	61.528513635960934	61.528513635960934
2326.2728560080213	48.231450900921708	48.231450900921708
2569.3137332527958	50.688398408835091	50.688398408835091
9327.3224252881446	96.578063892833057	96.578063892833057
7504.6499014620549	86.629382437265789	86.629382437265789
3003.7513784691637	54.806490295120739	54.806490295120739
4188.3145956119679	64.717189336465836	64.717189336465836
8021.2981411655583	89.561700191351648	89.561700191351648
5603.3737568382594	74.855686202440623	74.855686202440623
2857.7750319246438	53.45816150902165	53.45816150902165
9898.7740424254916	99.492582851313557	99.492582851313557
7261.7369327744964	85.215825600498036	85.215825600498036
9204.7838835498551	95.941564942155566	95.941564942155566
8412.3830849200149	91.71904428699645	91.71904428699645
6672.1239104890365	81.683069913471272	81.683069913471272
1557.7784129650613	39.468701688363922	39.468701688363922
8421.9787980892361	91.771339742259599	91.771339742259599
2406.978178382702	49.060963895776673	49.060963895776673
6307.0330320480252	79.416830911640048	79.416830911640048
5530.6819130501408	74.368554598365975	74.368554598365975
1935.8780742507945	43.9986144583076	43.9986144583076
9413.3371416740592	97.022353824642181	97.022353824642181
8146.9173227153187	90.260275441166911	90.260275441166911
670.34201573823304	25.890963978543422	25.890963978543422
343.03474692082074	18.521197232382704	18.521197232382704
9311.1610775452937	96.494357749794332	96.494357749794332
4168.7716638278334	64.566025615859559	64.566025615859559
2022.3296902954496	44.970320104436098	44.970320104436098
4518.0815086379735	67.216675822581209	67.216675822581209
4953.2018221903108	70.378987078461932	70.378987078461932
9823.8561971925737	99.115368118130775	99.115368118130775
1290.3887354555382	35.921981229541586	35.921981229541586
4046.4819097268073	63.611963573897064	63.611963573897064
646.58648554514957	25.428064919398597	25.428064919398597
3307.5462099337628	57.511270286212273	57.511270286212273
5703.4106342920522	75.520928452264485	75.520928452264485
5967.3585365556291	77.248679836976038	77.248679836976038
4677.3151850656677	68.390899870272705	68.390899870272705
196.18228800511395	14.006508772892477	14.006508772892477
1009.9825953511723	31.780223337024747	31.780223337024747
2947.1327051035823	54.287500449952404	54.287500449952404
7572.8474126248348	87.022108757630292	87.022108757630292
1424.8114151403088	37.746674226219042	37.746674226219042
6530.5724545338826	80.811957373484546	80.811957373484546
3263.2181670082446	57.124584611253361	57.124584611253361
3666.2979124657836	60.549962117789832	60.549962117789832
9206.3535163966044	95.949744743780343	95.949744743780343
7237.4497244999284	85.073202152616361	85.073202152616361
3356.1683652370011	57.932446566988702	57.932446566988702
2726.0487047889269	52.2115763484395	52.2115763484395
5466.6829999117072	73.937020496580104	73.937020496580104
715.94642248574542	26.757175158931584	26.757175158931584
3512.3443185522933	59.265034535991738	59.265034535991738
4441.0274891276895	66.641034574259791	66.641034574259791
2676.8300808573108	51.738091198432429	51.738091198432429
4647.4107579301162	68.17192059734063	68.17192059734063
9715.4402985053675	98.566933088665024	98.566933088665024
1172.7163698428151	34.244946632208602	34.244946632208602
4024.0179485936019	63.435147580766312	63.435147580766312
5326.4145133271923	72.982289038692073	72.982289038692073
765.7466672138861	27.672127984921691	27.672127984921691
3999.5723585878636	63.242172310791659	63.242172310791659
8271.8192623659161	90.94954239778184	90.94954239778184
7423.4355904087961	86.159361594714682	86.159361594714682
9710.0198594394296	98.539433017647454	98.539433017647454
4568.7958733265668	67.592868509381717	67.592868509381717
3796.6036252195149	61.61658563422283	61.61658563422283
4663.6483619113233	68.290909804389955	68.290909804389955
8725.3315160659185	93.409483009306499	93.409483009306499
3317.2146512279023	57.59526587513858	57.59526587513858
5787.7303047797459	76.077133915387122	76.077133915387122
4336.0477490279236	65.848673099979194	65.848673099979194
1163.9092683652686	34.116114496895285	34.116114496895285
7289.0579104210092	85.375979704018675	85.375979704018675
6625.9169243433525	81.399735407084421	81.399735407084421
1388.9494626801857	37.268612298825744	37.268612298825744
5839.7179647455059	76.418047375901367	76.418047375901367
3342.3599485156424	57.813146848408472	57.813146848408472
3238.9312214596589	56.911608846171788	56.911608846171788
1678.8630314871371	40.973931120739891	40.973931120739891
4093.9199860970352	63.983747827843246	63.983747827843246
2868.2123202805442	53.555693630841382	53.555693630841382
3509.1136861633354	59.237772461186751	59.237772461186751
7040.426017511375	83.907246513703299	83.907246513703299
1882.1140464259122	43.3833383504072	43.3833383504072
9608.7525446379404	98.024244677722152	98.024244677722152
4989.9873743114877	70.639842683230029	70.639842683230029
7896.2306020170981	88.860737122854758	88.860737122854758
7477.4057122473005	86.471993802891461	86.471993802891461
8332.4585542038312	91.282301429158935	91.282301429158935
5168.0619575534338	71.889233947465556	71.889233947465556
2472.5229755321816	49.724470590768298	49.724470590768298
9198.8342785472432	95.910553530606023	95.910553530606023
3908.9654475493348	62.521719806394763	62.521719806394763
5548.7886735967531	74.490191794603092	74.490191794603092
8810.57003958516	93.864636789289079	93.864636789289079
7307.59902469398	85.484495814703024	85.484495814703024
9812.301421934324	99.057061444070328	99.057061444070328
2227.0652516358418	47.191792206228428	47.191792206228428
7892.0973953790954	88.837477425797587	88.837477425797587
6256.3171238170189	79.096884412832722	79.096884412832722
318.58851850346088	17.84904811197115	17.84904811197115
7391.0543263484906	85.971241274908266	85.971241274908266
3457.2481793085308	58.798368849046575	58.798368849046575
1437.8806481929091	37.919396727702683	37.919396727702683
182.29416387463738	13.501635599979632	13.501635599979632
6755.4853632264767	82.191759703917256	82.191759703917256
1068.8284685580513	32.692942182649318	32.692942182649318
4885.8506436354128	69.898860102546834	69.898860102546834
1442.1346836279108	37.97544843221619	37.97544843221619
7105.7391345453461	84.295546350595217	84.295546350595217
1179.2186625238276	34.339753384726393	34.339753384726393
5429.070520183338	73.682226623408567	73.682226623408567
449.05956593728524	21.191025598995562	21.191025598995562
7753.123601996198	88.051823388253567	88.051823388253567
3766.4612826423922	61.371502202914932	61.371502202914932
957.92217817281619	30.950317900997661	30.950317900997661
8131.478389593095	90.174710366006138	90.174710366006138
280.86986664780085	16.759172612268209	16.759172612268209
9204.3590649935213	95.93935097233836	95.93935097233836
7024.6646905110756	83.813272758621451	83.813272758621451
6179.1226652524547	78.607395741446965	78.607395741446965
2111.2355867782626	45.948183715771208	45.948183715771208
193.69478545493732	13.91742740074247	13.91742740074247
2475.4893191991441	49.754289455273543	49.754289455273543
6003.7906050411648	77.484131311134703	77.484131311134703
929.43626998856121	30.486657245236991	30.486657245236991
6928.8502288019026	83.239715453633693	83.239715453633693
2206.6960827468674	46.97548384792718	46.97548384792718
9217.8084336983502	96.009418463494242	96.009418463494242
6144.813813714798	78.388862816823661	78.388862816823661
2828.5614838837823	53.184222132920041	53.184222132920041
8533.9386434492753	92.379319349350453	92.379319349350453
3166.0821745977628	56.267949799133099	56.267949799133099
2408.3836873974583	49.075285912539094	49.075285912539094
6439.5699741921926	80.246931244703632	80.246931244703632
5964.0335895525586	77.22715577795519	77.22715577795519
5141.927972965198	71.707237939870467	71.707237939870467
967.31072864881378	31.101619389491823	31.101619389491823
2615.5326712825808	51.142278706394976	51.142278706394976
2683.1465495742173	51.799097961009103	51.799097961009103
1821.9254291072698	42.684018427360726	42.684018427360726
9958.7871443073691	99.793722970472288	99.793722970472288
9264.2880850101883	96.251171863048967	96.251171863048967
5598.0596718861943	74.820182249752605	74.820182249752605
6517.0678314538291	80.728358285387102	80.728358285387102
3821.602253953391	61.81910913264111	61.81910913264111
5232.6858905372801	72.337306353895158	72.337306353895158
4582.6045918759737	67.694937712328041	67.694937712328041
4661.5170553952548	68.275303407566454	68.275303407566454
3474.0612987641357	58.941168115029207	58.941168115029207
4287.3289484371408	65.477698099712853	65.477698099712853
5787.8754728534268	76.07808799420124	76.07808799420124
1856.6116164432617	43.088416267522085	43.088416267522085
6497.1418940345402	80.604850313331269	80.604850313331269
8832.0232810616926	93.978844859158031	93.978844859158031
4309.9353392465455	65.650097785506347	65.650097785506347
6004.3738164282813	77.487894644442889	77.487894644442889
2085.5972543651596	45.668339737340567	45.668339737340567
3913.1871615584146	62.55547267472619	62.55547267472619
2193.0005218640299	46.829483467832844	46.829483467832844
3119.243660080414	55.850189436387893	55.850189436387893
8463.9493262234264	91.999724598628148	91.999724598628148
1776.1102095584249	42.143922569671005	42.143922569671005
2484.5721155333063	49.845482398441149	49.845482398441149
9447.7971901561614	97.199779784504457	97.199779784504457
8308.8626966145512	91.152963180658872	91.152963180658872
5051.0337374630644	71.070624996991995	71.070624996991995
307.95790889761099	17.548729552238562	17.548729552238562
1829.2447598609585	42.769671028205941	42.769671028205941
8436.771882305251	91.851901898138451	91.851901898138451
878.21236846357579	29.634648107638732	29.634648107638732
9037.2679980492685	95.064546483162005	95.064546483162005
3808.3298639419618	61.711667162230853	61.711667162230853
6637.0549365379375	81.468122210702376	81.468122210702376
6551.0683934425706	80.938670568786648	80.938670568786648
4127.4543603792581	64.245267221634762	64.245267221634762
7396.5325596642615	86.003096221381824	86.003096221381824
491.53381270213845	22.170561849040688	22.170561849040688
3776.3623238324508	61.452114071303122	61.452114071303122
3626.0484893041012	60.216679494174215	60.216679494174215
8292.8990202633595	91.065355763118603	91.065355763118603
7528.4108258302304	86.766415310477299	86.766415310477299
2928.7944020778832	54.118337022472183	54.118337022472183
741.41673622255348	27.228968695537358	27.228968695537358
6845.400939515629	82.73693818069188	82.73693818069188
3610.2806714375529	60.08561118468841	60.08561118468841
8788.1736678315337	93.745259441912765	93.745259441912765
19.459985628033529	4.4113473710458946	4.4113473710458946
7268.4513248331077	85.255212889494956	85.255212889494956
9260.4180508645568	96.231065934367351	96.231065934367351
4960.3137003877664	70.429494534518469	70.429494534518469
5273.486355962832	72.618774128752904	72.618774128752904
8259.5520583812413	90.882077762236719	90.882077762236719
402.4286675257423	20.060624803972139	20.060624803972139
5711.91079251681	75.577184338375631	75.577184338375631
1152.5131035954803	33.948683385302004	33.948683385302004
2618.0676263054474	51.167056064478125	51.167056064478125
2891.444515647041	53.772153719625564	53.772153719625564
5327.5629016259954	72.99015619675022	72.99015619675022
1955.8561260659951	44.225062194031963	44.225062194031963
8742.6832175690797	93.502316642792763	93.502316642792763
1720.977141099919	41.48466151603408	41.48466151603408
7659.2779404688627	87.517300806576884	87.517300806576884
2204.7222847061362	46.954470337829775	46.954470337829775
3275.9588546645491	57.235992650294349	57.235992650294349
8408.2733810535428	91.696637784891237	91.696637784891237
5299.3796467917209	72.796838164797521	72.796838164797521
5338.2984354830678	73.063660156626895	73.063660156626895
6096.8582328633011	78.08238106553425	78.08238106553425
8255.7238177267427	90.861013739264124	90.861013739264124
48.133234132426878	6.937811912442343	6.937811912442343
815.51156540891986	28.557163119065589	28.557163119065589
1111.633127869168	33.341162665227621	33.341162665227621
87.938687219787454	9.3775629680523842	9.3775629680523842
9646.4733748586677	98.216461832315403	98.216461832315403
2717.0028635708932	52.124877588066269	52.124877588066269
3321.045065009002	57.628509134012845	57.628509134012845
3548.6165388813351	59.570265559936317	59.570265559936317
4065.3505468791209	63.760101528143139	63.760101528143139
1501.3767080361274	38.747602610176124	38.747602610176124
100.95187861833409	10.047481207662649	10.047481207662649
9064.2069055632128	95.206128508427511	95.206128508427511
4952.3691201585852	70.373070987122517	70.373070987122517
5722.2403946952836	75.645491568865381	75.645491568865381
594.81308865841856	24.388790225396967	24.388790225396967
8001.9778192630893	89.453774762516815	89.453774762516815
8488.8982737773713	92.135217337223295	92.135217337223295
2482.7230897404811	49.826931369897558	49.826931369897558
1235.0109566582953	35.14272266996818	35.14272266996818
8970.6711080826153	94.713626834171095	94.713626834171095
8000.4803424076708	89.445404255376204	89.445404255376204
4915.6381264836127	70.111611923301353	70.111611923301353
8208.9048266984792	90.603006719967524	90.603006719967524
7588.8230081239326	87.113850839713962	87.113850839713962
4449.479889753512	66.704421815600142	66.704421815600142
3463.5429498164194	58.851872950794181	58.851872950794181
7368.636916722422	85.840764888964159	85.840764888964159
9310.7346394600681	96.492148071540356	96.492148071540356
8841.3058813177831	94.028218537403887	94.028218537403887
905.06662233888176	30.084325193344153	30.084325193344153
9442.5073369035981	97.172564733589269	97.172564733589269
7422.9112108367908	86.15631846148483	86.15631846148483
9143.7757184471484	95.623091972844861	95.623091972844861
5695.0304192394015	75.46542532338502	75.46542532338502
4661.6555062112429	68.276317315825139	68.276317315825139
1453.4923008047288	38.124694107687326	38.124694107687326
7426.0589004297553	86.174583842509819	86.174583842509819
8270.8127086576515	90.944008646296496	90.944008646296496
1188.5674158582058	34.475606098489493	34.475606098489493
6687.6957472790737	81.778332994009318	81.778332994009318
3958.7416489182542	62.918531840136367	62.918531840136367
3999.8396499005562	63.244285511819612	63.244285511819612
1119.0225689218471	33.451794704049092	33.451794704049092
9411.9681200950017	97.015298381724321	97.015298381724321
845.04511406491326	29.069659682647014	29.069659682647014
6058.7339816744425	77.837869842862744	77.837869842862744
4490.9709494430226	67.014706963792833	67.014706963792833
5593.9835491223075	74.792937829198209	74.792937829198209
729.21427736118108	27.003967807734867	27.003967807734867
5318.26240778377	72.926417763275396	72.926417763275396
5737.525715734997	75.746456786670862	75.746456786670862
816.48671454881946	28.574231652816483	28.574231652816483
9866.6896103366944	99.331211662481465	99.331211662481465
8436.8399919186559	91.85227265516437	91.85227265516437
7651.0750274950042	87.470423729938588	87.470423729938588
9319.7190280872637	96.538691870603174	96.538691870603174
3317.6509910499994	57.599053733980732	57.599053733980732
9191.9720415346237	95.874772706560421	95.874772706560421
9103.5487030808563	95.412518586823069	95.412518586823069
1505.0275634465947	38.79468473188814	38.79468473188814
6275.1639090713898	79.215932166903073	79.215932166903073
6421.2619241388566	80.132776840309589	80.132776840309589
4946.3141954113025	70.330037646878182	70.330037646878182
4184.0715974495861	64.684399954313449	64.684399954313449
2405.2167864492421	49.04300955742054	49.04300955742054
1915.5581613487225	43.767089934661207	43.767089934661207
6849.7726394675319	82.763353239628543	82.763353239628543
1992.345082819483	44.635692924155251	44.635692924155251
6015.4150133575586	77.559106579160371	77.559106579160371
8432.1125916478904	91.82653533509739	91.82653533509739
6364.1341707126458	79.775523631704516	79.775523631704516
1937.2806238664009	44.014550138180454	44.014550138180454
1632.2284381580721	40.400846998028051	40.400846998028051
3428.2522409267481	58.55127873007342	58.55127873007342
8245.7952253380699	90.806361150186333	90.806361150186333
5105.2360737665877	71.450934729831118	71.450934729831118
7009.3408024571854	83.721806015262146	83.721806015262146
7250.5713186794183	85.150286662344357	85.150286662344357
4196.2529710326153	64.778491577317666	64.778491577317666
7766.9608104440795	88.130362591130194	88.130362591130194
3256.2767979287541	57.063795859798482	57.063795859798482
3459.3618866291185	58.81634030292193	58.81634030292193
364.27231954402146	19.085919405258462	19.085919405258462
705.59320946072012	26.563004526233851	26.563004526233851
6220.6712385297114	78.871232008443428	78.871232008443428
1321.1365920361177	36.347442716594486	36.347442716594486
21.965276010941157	4.6867127083853939	4.6867127083853939
1982.9442549462228	44.530262237564052	44.530262237564052
9836.4213354999538	99.178734290673191	99.178734290673191
4165.7226504788332	64.542409704618507	64.542409704618507
6865.9885460144142	82.861260828051698	82.861260828051698
930.54350457723683	30.504811170981487	30.504811170981487
2813.2923169891528	53.04047809917585	53.04047809917585
6322.8860606692015	79.516577269580722	79.516577269580722
2650.9178347555435	51.487064732372765	51.487064732372765
6443.4421495674032	80.271054244773708	80.271054244773708
1740.067753674309	41.714119356331963	41.714119356331963
4687.6373720710635	68.466322904556975	68.466322904556975
4200.6979843357913	64.812791826427215	64.812791826427215
935.64674293676069	30.588343252565359	30.588343252565359
1616.610850055145	40.20709949816257	40.20709949816257
9371.1906188469438	96.804910096786642	96.804910096786642
4790.7481548055539	69.215230656305366	69.215230656305366
2969.8239051683277	54.496090732898701	54.496090732898701
6623.9591107130955	81.387708597263597	81.387708597263597
8683.5779418947914	93.185717478027669	93.185717478027669
4203.9151247650298	64.837605791431173	64.837605791431173
9606.8198747982751	98.014386060405826	98.014386060405826
6409.1346448183558	80.05707117312221	80.05707117312221
4149.0001790098504	64.412733050304965	64.412733050304965
4309.5731880811391	65.647339535438448	65.647339535438448
9119.7682314091708	95.497477618045863	95.497477618045863
7861.9768760259403	88.667789394040611	88.667789394040611
3898.7134636346473	62.439678599706511	62.439678599706511
2855.1485204398382	53.433589814271677	53.433589814271677
8310.3107081493963	91.160905590880333	91.160905590880333
726.28542796519287	26.949683262799081	26.949683262799081
8893.905830319447	94.307506754867859	94.307506754867859
1147.1984197821475	33.870317680561364	33.870317680561364
9808.833714661303	99.039556312926322	99.039556312926322
4169.383958729587	64.570767060099158	64.570767060099158
8845.8631417408069	94.052448887526623	94.052448887526623
8040.472076611306	89.668679462849823	89.668679462849823
6191.9275643961382	78.688802026693338	78.688802026693338
3630.0788566546676	60.250135739719852	60.250135739719852
9655.5521610207579	98.262669213800407	98.262669213800407
180.09304840577605	13.419875126310828	13.419875126310828
1679.4682943806313	40.981316406145758	40.981316406145758
1477.6892171476472	38.440723421231908	38.440723421231908
2812.0318567740187	53.028594708647695	53.028594708647695
1373.0294515944981	37.05441203951964	37.05441203951964
6864.4086410063346	82.851726843840339	82.851726843840339
8813.8552561521083	93.882134914754189	93.882134914754189
7264.0057218366783	85.229136578031103	85.229136578031103
3563.4000566803952	59.694221300561374	59.694221300561374
7744.4632748937584	88.00263220434806	88.00263220434806
3093.3489951747529	55.617883771092487	55.617883771092487
9982.1406024448952	99.910663106822057	99.910663106822057
5454.6755035672986	73.855775018391753	73.855775018391753
4440.2887889123285	66.635491961208842	66.635491961208842
5931.6626538128858	77.017288019073263	77.017288019073263
1876.5875506870611	43.31959776691216	43.31959776691216
7397.1180432207484	86.00650000564346	86.00650000564346
9168.0269813796003	95.749814523995823	95.749814523995823
4686.7417778197159	68.459782192318698	68.459782192318698
7707.3535361793129	87.791534535963734	87.791534535963734
2443.6837644901784	49.433629893931304	49.433629893931304
2460.0039326020833	49.598426714988484	49.598426714988484
8010.8184998524293	89.503175920480217	89.503175920480217
2050.3229436345737	45.280491866084823	45.280491866084823
9010.3120971324443	94.922663769683808	94.922663769683808
9498.7100550104733	97.461325945271611	97.461325945271611
9105.1337017289588	95.420824256180893	95.420824256180893
6340.985058350052	79.630302387659256	79.630302387659256
4869.8427997700192	69.784258968409333	69.784258968409333
5363.972756355407	73.239147703638707	73.239147703638707
9109.3819547008807	95.443082277873245	95.443082277873245
6010.2344594809774	77.52570192833457	77.52570192833457
1629.8311433049364	40.371167227427748	40.371167227427748
3271.0935477387598	57.193474695447208	57.193474695447208
8854.584261549915	94.098800531940441	94.098800531940441
3651.6260816794684	60.428685917198862	60.428685917198862
8485.245988353201	92.115394958460669	92.115394958460669
7737.4675336101209	87.962875883011691	87.962875883011691
6309.8146516363931	79.434341764984708	79.434341764984708
1362.5717085058839	36.913028980373362	36.913028980373362
1637.6918024648062	40.468404990372505	40.468404990372505
5440.4595539914744	73.759470944357204	73.759470944357204
5054.5054445648948	71.095045147780127	71.095045147780127
3980.6394381966975	63.092308867220076	63.092308867220076
8916.8550995807309	94.429100914817198	94.429100914817198
2142.8360466191157	46.290777122652798	46.290777122652798
9642.5546666105711	98.196510460456651	98.196510460456651
3201.2407453677615	56.579508175378848	56.579508175378848
5283.6473271812247	72.688701509802911	72.688701509802911
5361.5597459966311	73.22267234946176	73.22267234946176
926.25936934209733	30.434509513742739	30.434509513742739
3228.3803896148765	56.818838333908907	56.818838333908907
7619.0553414300402	87.287200329888236	87.287200329888236
862.42792361504314	29.367123175671178	29.367123175671178
8851.5458300012924	94.082654246153638	94.082654246153638
1148.0619151839267	33.883062364313041	33.883062364313041
2428.7631866798752	49.282483568504084	49.282483568504084
3696.85959757197	60.80180587426635	60.80180587426635
1120.8619137192848	33.479275884034358	33.479275884034358
6022.2483723478263	77.603146665246939	77.603146665246939
5626.27918887741	75.008527441067727	75.008527441067727
8284.903830432153	91.021447090409154	91.021447090409154
8331.4290835912216	91.27666231623077	91.27666231623077
3861.4145299292936	62.140281057694722	62.140281057694722
4066.1887931613337	63.766674628377274	63.766674628377274
2355.3894326043978	48.532354492692789	48.532354492692789
3751.9264561233913	61.252970998339265	61.252970998339265
8919.0790015289858	94.440875692302782	94.440875692302782
662.14868779772155	25.732249955993385	25.732249955993385
31.72533229156074	5.6325245043018448	5.6325245043018448
7145.1176989907335	84.52879804534507	84.52879804534507
3787.338101426818	61.541352775404754	61.541352775404754
7822.198560260319	88.443193973647965	88.443193973647965
5240.2686194960697	72.389699678172931	72.389699678172931
2975.0596709279571	54.544107572935474	54.544107572935474
3638.7196957372976	60.321801164564853	60.321801164564853
6210.6725462311797	78.807820336760869	78.807820336760869
7450.4076358257489	86.315743846796281	86.315743846796281
7531.1936261176279	86.782449989140247	86.782449989140247
890.09145325455574	29.834400501008158	29.834400501008158
2009.274449149025	44.824931111481085	44.824931111481085
4021.6544181838958	63.416515342487052	63.416515342487052
4381.7744849124683	66.194973260153731	66.194973260153731
4327.4641230145298	65.783463902522868	65.783463902522868
3043.2268210760421	55.165449523012519	55.165449523012519
3856.5208829269332	62.100892770772091	62.100892770772091
2055.5455073222438	45.338124214861864	45.338124214861864
1588.6449397059378	39.857809017881777	39.857809017881777
4055.5877375431487	63.683496586974151	63.683496586974151
7610.862340242611	87.240256420087462	87.240256420087462
6354.7625697414724	79.71676467181463	79.71676467181463
8126.8234714307382	90.148896118758643	90.148896118758643
1957.0063625837606	44.238064634246385	44.238064634246385
7356.7795806125159	85.771671201000373	85.771671201000373
1777.0280409998352	42.154810413520245	42.154810413520245
275.26928644374772	16.591241256872486	16.591241256872486
552.65134663199956	23.508537739127874	23.508537739127874
7172.8538506672021	84.692702464068304	84.692702464068304
8503.9869346793148	92.217064227177147	92.217064227177147
1764.9983025636391	42.011882873344767	42.011882873344767
1775.5919741403122	42.137773720740306	42.137773720740306
6123.5795656792661	78.253303864305096	78.253303864305096
9829.7311786166283	99.145000774706887	99.145000774706887
3211.047785016603	56.666107904254403	56.666107904254403
9134.7628558807464	95.575953334930148	95.575953334930148
4994.6864489299605	70.673095651244537	70.673095651244537
8723.6874048017962	93.400682036063287	93.400682036063287
2150.2073225912568	46.37032804058277	46.37032804058277
9883.7827866612952	99.417215745872184	99.417215745872184
3291.0290738947983	57.367491438050507	57.367491438050507
5498.3790888181975	74.151055884715475	74.151055884715475
460.17493009480097	21.451688280757786	21.451688280757786
6296.7419954722236	79.352013178445716	79.352013178445716
6696.5035028953398	81.832166676040913	81.832166676040913
3550.0837853486046	59.582579545942828	59.582579545942828
9402.7631738214623	96.967846082201191	96.967846082201191
4796.8458418705195	69.259265386448618	69.259265386448618
8548.9832819081221	92.460712099291783	92.460712099291783
9716.2079835900859	98.57082724411967	98.57082724411967
254.84323762920459	15.963810247845112	15.963810247845112
3675.9644144644608	60.629732099560364	60.629732099560364
5896.6337497957265	76.789541929846976	76.789541929846976
5446.6117399256955	73.801163540459811	73.801163540459811
9216.6603552546858	96.003439288676972	96.003439288676972
9137.6901641296554	95.591266149840564	95.591266149840564
6303.1289480884689	79.392247405451812	79.392247405451812
3193.6436206716648	56.512331580564478	56.512331580564478
2423.9932634836405	49.234066087249388	49.234066087249388
6236.753553859201	78.973119185322801	78.973119185322801
7025.7219650600236	83.819579843017721	83.819579843017721
813.58647595905256	28.523437309676627	28.523437309676627
6059.6778627059857	77.843932728928763	77.843932728928763
8487.4205288826852	92.127197552528884	92.127197552528884
6768.8544394813453	82.273048074575101	82.273048074575101
4989.0301728688446	70.633067134797741	70.633067134797741
6866.6857192093348	82.86546759181013	82.86546759181013
5302.5022553117251	72.818282424894676	72.818282424894676
1671.4677073250605	40.883587260966479	40.883587260966479
2697.0713943499295	51.933336060279522	51.933336060279522
5109.3585667367479	71.479777327134613	71.479777327134613
2795.4710308130825	52.872214165978356	52.872214165978356
5134.9962754096832	71.65888832105675	71.65888832105675
8714.8765661464349	93.353503234460547	93.353503234460547
6517.9233383823866	80.733656788122673	80.733656788122673
2234.06389880402	47.265885147789412	47.265885147789412
6676.6928947211036	81.711032882476175	81.711032882476175
360.72162002494639	18.992672798343744	18.992672798343744
3614.1702445498263	60.117969398091169	60.117969398091169
1548.8569926107245	39.355520484561303	39.355520484561303
8971.2308104567037	94.716581496888409	94.716581496888409
1311.7938259141645	36.218694425864726	36.218694425864726
5624.2160065915696	74.994773195147204	74.994773195147204
1428.2583797990744	37.79230582802635	37.79230582802635
2428.361640059954	49.278409471694133	49.278409471694133
661.08191586581847	25.711513293966547	25.711513293966547
6863.7019183542689	82.847461749617096	82.847461749617096
4498.1702696772481	67.068399933778409	67.068399933778409
2069.8653479527311	45.495772858065955	45.495772858065955
7969.8965273100666	89.274276963244375	89.274276963244375
8473.4710491923051	92.051458702142824	92.051458702142824
9785.3434709413887	98.920895016884018	98.920895016884018
7690.9746174412612	87.698201905405455	87.698201905405455
1568.3097875559763	39.601891211859773	39.601891211859773
4343.684632750158	65.906635726231372	65.906635726231372
8663.1877945366523	93.076247209138444	93.076247209138444
2836.7515296437064	53.261163427432813	53.261163427432813
4728.3251954076268	68.762818407971224	68.762818407971224
327.83727846687935	18.10627732215762	18.10627732215762
8546.7880452012141	92.448840150654206	92.448840150654206
293.69895435771161	17.137647281867824	17.137647281867824
4467.9207073703892	66.842506740624188	66.842506740624188
2750.5702473171773	52.445879221509649	52.445879221509649
3774.1132106867558	61.43381162427378	61.43381162427378
7945.4448449077163	89.137224799225805	89.137224799225805
1308.3259693328325	36.170788895638324	36.170788895638324
2898.6644523376976	53.839246394593019	53.839246394593019
2517.1061717314392	50.170770093067532	50.170770093067532
9719.2362369570146	98.586186846621743	98.586186846621743
9984.7554055346227	99.923747955801886	99.923747955801886
750.94929284755528	27.403454031336182	27.403454031336182
7517.9085863955988	86.705874001682261	86.705874001682261
7751.1990522925607	88.040894204298951	88.040894204298951
4456.3468613721725	66.755875107530215	66.755875107530215
5476.9041805206443	74.006109075674587	74.006109075674587
2357.6891674707122	48.556041513602736	48.556041513602736
8853.0872890810369	94.090845936685241	94.090845936685241
5971.6554099416599	77.276486785707718	77.276486785707718
5722.1165615850741	75.6446730549156	75.6446730549156
9860.5526305224139	99.300315359632236	99.300315359632236
1327.8739465822753	36.440004755519382	36.440004755519382
8376.9479093304853	91.52566803542318	91.52566803542318
2322.1597163792508	48.188792435370807	48.188792435370807
5195.3014870117986	72.07843982087708	72.07843982087708
25.996410624691723	5.0986675342379133	5.0986675342379133
4460.8381880132238	66.789506571116576	66.789506571116576
2389.5471724895729	48.882994716870336	48.882994716870336
7868.4526443563	88.704298905725537	88.704298905725537
2370.4626669214454	48.687397413719346	48.687397413719346
4204.0429993826438	64.838591898518615	64.838591898518615
5971.4123326799299	77.274913993351873	77.274913993351873
9895.3057072080101	99.475151204750674	99.475151204750674
1095.9458258629529	33.105072509555889	33.105072509555889
9237.5565540369098	96.112208142550287	96.112208142550287
1442.5663031907275	37.981130883515405	37.981130883515405
4266.1926707646035	65.316098098130482	65.316098098130482
5564.0724926540315	74.592710720646366	74.592710720646366
8756.2319284047935	93.574739798755488	93.574739798755488
6853.5770137575555	82.786333496281586	82.786333496281586
7324.0081334445813	85.580419100659824	85.580419100659824
7179.2986979769967	84.730742342888732	84.730742342888732
7225.5749162574666	85.003381793064364	85.003381793064364
1215.2440047579416	34.860350037799989	34.860350037799989
7005.5528828641636	83.699180897211676	83.699180897211676
9323.0612903289475	96.556000799168089	96.556000799168089
663.82260923791387	25.76475517519842	25.76475517519842
9559.6384915621602	97.773403804726769	97.773403804726769
1118.8514448260908	33.449236834733476	33.449236834733476
8633.8288851326852	92.918399066776246	92.918399066776246
5120.1374795210295	71.555135940902446	71.555135940902446
7480.119810924929	86.487685891836236	86.487685891836236
6235.8801876530215	78.967589476018716	78.967589476018716
9745.776716451408	98.720700546802277	98.720700546802277
937.9453297854551	30.62589312633111	30.62589312633111
7759.7942754960595	88.089694490877079	88.089694490877079
5657.2032035942957	75.214381627414156	75.214381627414156
4072.2073599482055	63.813849280138285	63.813849280138285
6276.2876043514289	79.223024458495829	79.223024458495829
8380.0971362412947	91.542870482857893	91.542870482857893
491.23342662448459	22.163786378335374	22.163786378335374
2510.6502277966651	50.106389091578585	50.106389091578585
9350.9159559250329	96.70013420841272	96.70013420841272
341.73181654252886	18.485989736622944	18.485989736622944
8138.0560822736161	90.211174930125011	90.211174930125011
3445.8234041655955	58.701136310684781	58.701136310684781
2354.3218442949042	48.52135451834485	48.52135451834485
4793.8837687273563	69.237878135651698	69.237878135651698
8903.988649161136	94.360948750853154	94.360948750853154
2929.2468304833424	54.122516852815913	54.122516852815913
20.444336950136396	4.5215414351895964	4.5215414351895964
354.30181646271313	18.822906695372879	18.822906695372879
6168.654995396656	78.540785553727787	78.540785553727787
3551.0338918420775	59.590552035050635	59.590552035050635
3104.0610729662908	55.714101203970714	55.714101203970714
4566.4540200659794	67.575543061569093	67.575543061569093
1315.6136552038577	36.27138893403253	36.27138893403253
8930.3577447013176	94.500570076065245	94.500570076065245
6053.9062633021458	77.806852290155945	77.806852290155945
7886.3294081863569	88.805007787772624	88.805007787772624
4162.3735165927519	64.516459268877668	64.516459268877668
733.71033968930101	27.087088062198582	27.087088062198582
3741.0256828899446	61.163924685143812	61.163924685143812
7135.3234641694162	84.470843870352184	84.470843870352184
1401.9879391169288	37.443129398020794	37.443129398020794
5891.3354384769491	76.755035264645329	76.755035264645329
1273.3699796119329	35.684309992095024	35.684309992095024
4843.1468770359788	69.592721437201888	69.592721437201888
1488.40051852071	38.579794174162075	38.579794174162075
9601.5961345071482	97.987734612588881	97.987734612588881
6760.2018905978912	82.220446913148621	82.220446913148621
3968.9509045048776	62.999610352008347	62.999610352008347
59.629387922983497	7.7220067290169787	7.7220067290169787
1464.4760995532797	38.268473964260444	38.268473964260444
277.2240034022862	16.650045147154593	16.650045147154593
9337.7504734710928	96.632036475855628	96.632036475855628
3775.5657980474111	61.445632863918092	61.445632863918092
5465.4954967005824	73.928989555522691	73.928989555522691
1213.6091794100664	34.836893940333809	34.836893940333809
456.14978407864754	21.357663357180428	21.357663357180428
9290.656394868598	96.38805110006426	96.38805110006426
1538.0395376261877	39.217847182452374	39.217847182452374
2815.9712814827626	53.065726052535666	53.065726052535666
4231.5318229076738	65.050225387062838	65.050225387062838
35.695647573747593	5.9745834644557103	5.9745834644557103
4815.938544544957	69.396963510984804	69.396963510984804
1069.97648266581	32.710494992674903	32.710494992674903
1170.8263566687365	34.217339999899707	34.217339999899707
7993.6076382215615	89.40697757010669	89.40697757010669
3481.2566555459862	59.002175006909589	59.002175006909589
7009.7972163949062	83.724531747839038	83.724531747839038
5385.6023911215734	73.386663578075087	73.386663578075087
1923.5034597616288	43.857763962172406	43.857763962172406
3688.3056561545341	60.731422312955374	60.731422312955374
6979.1334024507933	83.541207810581682	83.541207810581682
9495.0624365008189	97.442610989755494	97.442610989755494
7204.317391416047	84.878250402656434	84.878250402656434
3269.7006022057644	57.181295912262819	57.181295912262819
8862.5555038305756	94.141146709770723	94.141146709770723
2640.8069167137937	51.388782012359407	51.388782012359407
4088.2977906050455	63.939798174572353	63.939798174572353
3570.9896678261489	59.757758222896456	59.757758222896456
8783.2651902804701	93.719075914567526	93.719075914567526
6083.4200854786823	77.99628251063433	77.99628251063433
8916.8630362890563	94.429142939502825	94.429142939502825
4030.2616149970372	63.484341494553107	63.484341494553107
8579.1830408149744	92.623879430819429	92.623879430819429
4824.3887462804241	69.457819907339626	69.457819907339626
7233.6396678270257	85.050806391397757	85.050806391397757
5096.0286742326552	71.3864740285767	71.3864740285767
9380.9961448182985	96.855542664414912	96.855542664414912
5241.1339289571661	72.395676175840549	72.395676175840549
277.74447635660408	16.665667594087076	16.665667594087076
8710.6245896764503	93.330726932111972	93.330726932111972
1211.1626540311267	34.801762225943769	34.801762225943769
9736.6498910890314	98.674464230058177	98.674464230058177
6696.0649018004824	81.829486750195869	81.829486750195869
2264.9578304308511	47.591573103132987	47.591573103132987
203.53502524125224	14.266570198938926	14.266570198938926
1226.9957468201246	35.028499066047985	35.028499066047985
5311.7884536544725	72.882017354450838	72.882017354450838
5206.3059387377989	72.154736079746002	72.154736079746002
1139.0497905256539	33.749811710965943	33.749811710965943
9164.9370121525244	95.733677523390512	95.733677523390512
4848.2994568932172	69.62973112753788	69.62973112753788
1015.2108727529293	31.862373934672998	31.862373934672998
4164.2953670627485	64.531351814933714	64.531351814933714
6209.1191267452086	78.797963975887143	78.797963975887143
5491.9639378985585	74.107785946542478	74.107785946542478
6899.0593306424253	83.060576272034282	83.060576272034282
9046.4977078109623	95.113078531876795	95.113078531876795
8900.2654124361561	94.341217993177068	94.341217993177068
3295.9437643015908	57.410310609694413	57.410310609694413
1274.7298513744684	35.70335910491432	35.70335910491432
9121.0183450349359	95.504022664152401	95.504022664152401
4439.8559821969884	66.632244313072547	66.632244313072547
2765.9720493750133	52.592509441697239	52.592509441697239
93.117995367464161	9.6497665965278223	9.6497665965278223
4743.0529748142608	68.869826301612378	68.869826301612378
2731.8608679445979	52.267206429506047	52.267206429506047
5860.2663001421661	76.552376188738691	76.552376188738691
1087.513941504943	32.977476275557272	32.977476275557272
3038.7951897940798	55.1252681607453	55.1252681607453
1176.2079541219423	34.295888297607078	34.295888297607078
4641.7425087749089	68.130334717913343	68.130334717913343
7573.1024601710487	87.023574163390052	87.023574163390052
6309.4818482412193	79.432246904146041	79.432246904146041
1793.5867134239784	42.350758121006265	42.350758121006265
9843.4820772836665	99.214323952157571	99.214323952157571
8855.4279145272249	94.103283229264775	94.103283229264775
8904.8580451080343	94.365555395536319	94.365555395536319
3632.0249772694115	60.266283917870787	60.266283917870787
4249.5558120814276	65.188617197187327	65.188617197187327
2919.5508088201714	54.032867856705252	54.032867856705252
3645.7895250385204	60.380373674220671	60.380373674220671
4068.4869109760175	63.784691823164103	63.784691823164103
1745.1871780790734	41.775437497159423	41.775437497159423
4716.5068504918818	68.676829065499831	68.676829065499831
6256.225244002555	79.096303605178377	79.096303605178377
9535.6853769425252	97.650833979759355	97.650833979759355
4393.3494738825375	66.282346623233977	66.282346623233977
84.801749972231377	9.2087865635072337	9.2087865635072337
9657.689448143934	98.27354398892885	98.27354398892885
9748.8134012676855	98.736079531586043	98.736079531586043
2604.2660453701124	51.032010007152493	51.032010007152493
7058.4917373718081	84.014830460888319	84.014830460888319
6852.6494395669088	82.780731088622971	82.780731088622971
199.38001128667304	14.120198698554955	14.120198698554955
3847.2983184256104	62.026593638741844	62.026593638741844
9359.2675061439368	96.743307293806822	96.743307293806822
3899.8745820432814	62.448975828617726	62.448975828617726
3908.3402447677513	62.516719721749247	62.516719721749247
1535.5098370082724	39.185582004204967	39.185582004204967
6777.9731402366051	82.328446725518916	82.328446725518916
125.75449447863073	11.214031143109544	11.214031143109544
7699.0813741208422	87.744409361057535	87.744409361057535
4515.1918833910422	67.195177530765122	67.195177530765122
174.32275764931606	13.20313438730804	13.20313438730804
6568.0351553097453	81.043415249542292	81.043415249542292
224.44525840703815	14.98149720178321	14.98149720178321
1991.6259591349497	44.627636719133463	44.627636719133463
2817.9494065848567	53.084361224233042	53.084361224233042
5806.713573926565	76.201795083361162	76.201795083361162
9027.7008712040024	95.014214048235971	95.014214048235971
7211.2390656056859	84.919014747026395	84.919014747026395
7041.4758025766332	83.913501908671606	83.913501908671606
7377.6372274910436	85.893173346262174	85.893173346262174
8598.2647053997971	92.726828401492284	92.726828401492284
2864.7431850366147	53.523295722858983	53.523295722858983
3744.4718039853274	61.192089390584854	61.192089390584854
199.20019168761158	14.113829802275907	14.113829802275907
1403.6265785764163	37.465004718756092	37.465004718756092
1104.642886190433	33.236168343995871	33.236168343995871
4322.6327064980687	65.746731527111436	65.746731527111436
6376.3622551991048	79.852127430639598	79.852127430639598
7171.7372229809507	84.686109976671801	84.686109976671801
9448.7235257313514	97.204544779199253	97.204544779199253
7247.2312713193296	85.130671742441507	85.130671742441507
3093.8372908109677	55.622273333719178	55.622273333719178
1081.0739159375262	32.879688501224066	32.879688501224066
6602.2650438362316	81.254323231667072	81.254323231667072
5745.7545687961001	75.800755727077686	75.800755727077686
7267.7574815233902	85.251143578977221	85.251143578977221
5173.8668159139061	71.929596244618992	71.929596244618992
4830.6387438838592	69.502796662320421	69.502796662320421
7697.7597782623961	87.736878097310921	87.736878097310921
1309.5029009860186	36.18705432866868	36.18705432866868
4089.9713723628306	63.952884003482055	63.952884003482055
6153.7132453329687	78.445606921821749	78.445606921821749
6004.4537104059673	77.488410168269468	77.488410168269468
1948.6409467974149	44.143413402198689	44.143413402198689
2383.4130422461453	48.820211411321701	48.820211411321701
426.14117925548493	20.643187235877239	20.643187235877239
7041.5487441141422	83.913936530913276	83.913936530913276
1063.0953170143216	32.605142493390851	32.605142493390851
7772.1784018223725	88.159959175480409	88.159959175480409
7611.1007383637716	87.241622740316856	87.241622740316856
5528.3981133222806	74.353198406808843	74.353198406808843
6266.5145706757785	79.161319914941913	79.161319914941913
3830.9670256654222	61.894806128345067	61.894806128345067
9160.8988100118586	95.712584386860328	95.712584386860328
8826.5945996912542	93.949957954707216	93.949957954707216
490.23088929912103	22.141158264623851	22.141158264623851
8450.5789587262134	91.927030620629822	91.927030620629822
7144.8954776287401	84.527483563801539	84.527483563801539
6690.161427008873	81.79340698985996	81.79340698985996
1250.4812791959757	35.362144719968214	35.362144719968214
8808.8185112804877	93.855306249995735	93.855306249995735
2242.4996041638806	47.355037790755489	47.355037790755489
8939.2780961641638	94.547755637900593	94.547755637900593
15.457347582735816	3.9315833429721181	3.9315833429721181
6893.0353578499889	83.024305825763989	83.024305825763989
4355.8848572256175	65.999127700490234	65.999127700490234
7164.4100059478924	84.642837889262026	84.642837889262026
5312.331773703303	72.885744653555562	72.885744653555562
366.70752984670361	19.149609130389674	19.149609130389674
5252.0619859659309	72.471111389062685	72.471111389062685
5584.9828078876017	74.732742542259217	74.732742542259217
2583.5456535754902	50.828590906845825	50.828590906845825
5962.3558297438449	77.216292514882142	77.216292514882142
9213.2797687377952	95.98583108322704	95.98583108322704
3639.6712373925106	60.329687860890765	60.329687860890765
1864.6323902892073	43.181389397392103	43.181389397392103
488.35613058120492	22.098781201260962	22.098781201260962
8682.9728197855584	93.18247056064547	93.18247056064547
2460.8707880627271	49.607164684778418	49.607164684778418
9451.3628933193741	97.218120190216467	97.218120190216467
7252.3399215605632	85.160671213656855	85.160671213656855
8317.0282523133137	91.197742583428635	91.197742583428635
9378.8675440961561	96.844553507650375	96.844553507650375
6775.7131922189074	82.314720385960783	82.314720385960783
6220.2927143404904	78.868832337879141	78.868832337879141
836.69352622671727	28.925655156395631	28.925655156395631
4100.8865929924868	64.038165128245879	64.038165128245879
1834.574268979766	42.831930483924793	42.831930483924793
595.7520619246493	24.408032733603282	24.408032733603282
4208.147316986001	64.87023444528316	64.87023444528316
5132.1155135287709	71.638784980824255	71.638784980824255
2931.2936030106534	54.141422247763806	54.141422247763806
6901.891864468952	83.077625534610419	83.077625534610419
3011.2960949291241	54.875277629631398	54.875277629631398
6369.0052975507151	79.806048001080185	79.806048001080185
2856.6904119996152	53.448015978140994	53.448015978140994
3882.8621262773004	62.312616108435861	62.312616108435861
9319.6997049565671	96.538591790830296	96.538591790830296
7130.9437606812153	84.444915540731145	84.444915540731145
8287.4808040490825	91.035601849216562	91.035601849216562
5647.000809487542	75.146528925077718	75.146528925077718
4635.0862840749878	68.081467992949356	68.081467992949356
1090.5114983267138	33.022893548668833	33.022893548668833
1797.8132710138318	42.400628191264239	42.400628191264239
4277.0375258103195	65.39906364628105	65.39906364628105
6468.4345540108579	80.426578654141807	80.426578654141807
2124.7520740472505	46.09503307350208	46.09503307350208
9568.9614126958913	97.821068347753652	97.821068347753652
9023.7453675640863	94.993396441879511	94.993396441879511
2739.4971599467749	52.340205960110389	52.340205960110389
1883.6605041241276	43.401157866169051	43.401157866169051
2377.4818474482026	48.759428292876883	48.759428292876883
5351.8885113776842	73.156602650599382	73.156602650599382
5771.2424030141055	75.968693571853038	75.968693571853038
7124.9335542375211	84.409321489024663	84.409321489024663
176.31673170828074	13.278431071036998	13.278431071036998
6457.891602201672	80.361007971538484	80.361007971538484
6613.4122618446654	81.322888917233286	81.322888917233286
571.71637944339739	23.910591365405359	23.910591365405359
9225.2712448022357	96.048275595151821	96.048275595151821
1102.5076434743244	33.204030530559457	33.204030530559457
3122.5471566699653	55.879756233093623	55.879756233093623
9857.1291713389746	99.283075956272498	99.283075956272498
8428.8518842386948	91.808778906151971	91.808778906151971
9526.68663139401	97.604746971620244	97.604746971620244
9982.3284069866368	99.911602964753982	99.911602964753982
3717.5522597768099	60.971733284996994	60.971733284996994
7401.219433991967	86.030340194561404	86.030340194561404
8885.2161124794002	94.261424307504498	94.261424307504498
4711.0342064546776	68.636974047918784	68.636974047918784
5256.7469535693899	72.503427184991679	72.503427184991679
4260.4634996299037	65.27222609678563	65.27222609678563
1799.8653206649074	42.424819630316726	42.424819630316726
7800.1508835666418	88.318462869134237	88.318462869134237
2963.976492662624	54.442414463932657	54.442414463932657
6181.269903871088	78.621052548735875	78.621052548735875
1929.3784115416281	43.924690227042333	43.924690227042333
3244.756461134215	56.962763812285431	56.962763812285431
4329.8050539346459	65.801254197276862	65.801254197276862
6675.8908613532494	81.706124992886856	81.706124992886856
3334.9690832860906	57.749191191618351	57.749191191618351
6254.4156835438644	79.08486380808823	79.08486380808823
8065.3016895346509	89.807024722649899	89.807024722649899
9990.2099280407911	99.951037653647148	99.951037653647148
8332.1854740774797	91.280805616939418	91.280805616939418
8405.7783540592573	91.683031985527492	91.683031985527492
2992.5346930278297	54.704064684699887	54.704064684699887
4521.556742682772	67.242521834645459	67.242521834645459
5524.5682295824363	74.327439277715172	74.327439277715172
9311.4710112165194	96.495963704273763	96.495963704273763
4988.245428515319	70.627511838626447	70.627511838626447
9338.0760564247303	96.633721114447056	96.633721114447056
5667.1550471832252	75.280509078932411	75.280509078932411
2366.9690732451295	48.651506382075461	48.651506382075461
7035.6753931718476	83.878932952034191	83.878932952034191
8153.6513782419943	90.297571275433512	90.297571275433512
4461.1743829711722	66.792023348384745	66.792023348384745
9579.4377222387047	97.874602028507397	97.874602028507397
490.94405943783488	22.15725748909	22.15725748909
6885.4548245104043	82.978640772854334	82.978640772854334
1100.2586699881424	33.170147271125316	33.170147271125316
5806.4953705615881	76.200363323028768	76.200363323028768
9884.4111822584109	99.420376091917959	99.420376091917959
3334.0301986950035	57.741061634637475	57.741061634637475
6018.6265374537752	77.579807536844115	77.579807536844115
2003.4016666721504	44.759375181878383	44.759375181878383
8433.9632728670058	91.836611832465849	91.836611832465849
1212.4098221426873	34.819675790315557	34.819675790315557
78.484466585485265	8.8591459286708485	8.8591459286708485
4080.1779541619003	63.876270665732356	63.876270665732356
863.66951703037194	29.388254746248066	29.388254746248066
959.53433250252397	30.976351181224103	30.976351181224103
2299.7555491515159	47.955766589134157	47.955766589134157
6405.1971324438618	80.032475486166632	80.032475486166632
4828.9917252804007	69.490947074280115	69.490947074280115
3363.7736461387535	57.998048640784056	57.998048640784056
8340.0192106483191	91.323705633577518	91.323705633577518
2757.9665096020517	52.516345166072362	52.516345166072362
7289.2818663913104	85.377291280476399	85.377291280476399
6912.9407949402002	83.144096572999104	83.144096572999104
67.437750626076706	8.2120491124978496	8.2120491124978496
9056.5935163459872	95.166136394969755	95.166136394969755
3970.4835490448613	63.011773098722287	63.011773098722287
3412.5818385149232	58.417307696563036	58.417307696563036
7048.1665113272984	83.953359142605478	83.953359142605478
8812.3309051892011	93.874016134333999	93.874016134333999
4394.7149813671458	66.292646510507822	66.292646510507822
8122.8509575061107	90.126860355313113	90.126860355313113
852.66875799994966	29.200492427353851	29.200492427353851
8039.3342611719718	89.662334685039127	89.662334685039127
8513.0345178951975	92.266107091906704	92.266107091906704
5387.5711567049457	73.400075999313145	73.400075999313145
6992.9783927078406	83.624029995616937	83.624029995616937
1973.0717513060044	44.419272295997878	44.419272295997878
1847.1366302088813	42.978327447783279	42.978327447783279
4953.7937464167144	70.383192215306025	70.383192215306025
2765.7027096916636	52.589948751559582	52.589948751559582
5014.0092573656202	70.809669236380572	70.809669236380572
5263.5372068689676	72.550239192362199	72.550239192362199
922.7299568657221	30.376470447794329	30.376470447794329
4102.7051123527317	64.052362269886132	64.052362269886132
9398.3615279625465	96.945147005729723	96.945147005729723
2445.707031388155	49.454090138108448	49.454090138108448
3004.8259333718056	54.816292590541053	54.816292590541053
4774.5313448256475	69.097983652387768	69.097983652387768
9533.450231726687	97.639388730812357	97.639388730812357
8614.2303307753318	92.812878043810983	92.812878043810983
4926.3912999362601	70.18825613972939	70.18825613972939
5591.164535637472	74.774090002068718	74.774090002068718
9877.241504688709	99.384312165898237	99.384312165898237
4641.1421564541779	68.12592866489365	68.12592866489365
2914.8778290807763	53.989608528686112	53.989608528686112
839.89291564228199	28.980906052818327	28.980906052818327
8402.8540815840443	91.667082868301449	91.667082868301449
1723.8982930025572	41.519854202568645	41.519854202568645
9446.8726482968505	97.195023783611731	97.195023783611731
829.18632845544164	28.795595643352154	28.795595643352154
2489.3811822405733	49.893698823003426	49.893698823003426
9574.550582691938	97.849632511787888	97.849632511787888
4290.9489499120436	65.50533527822023	65.50533527822023
1215.7266118608172	34.867271356686594	34.867271356686594
9018.7846647291935	94.967282075087283	94.967282075087283
7635.2237192405	87.379767218964943	87.379767218964943
4949.7585702527058	70.354520609927448	70.354520609927448
1796.044520497431	42.379765460623197	42.379765460623197
3251.3009469450021	57.020180172856364	57.020180172856364
9147.1379087364985	95.640670787779911	95.640670787779911
152.74024330827456	12.358812374507291	12.358812374507291
9991.7601772285143	99.958792395809354	99.958792395809354
7824.2318591155026	88.454688169228788	88.454688169228788
2061.2434498607831	45.400919042028029	45.400919042028029
5548.6729781106988	74.48941520854288	74.48941520854288
343.01440608846366	18.520648101199473	18.520648101199473
251.65054659830912	15.863497300353069	15.863497300353069
7466.4059787646984	86.408367527483691	86.408367527483691
7956.5482160905085	89.199485514718688	89.199485514718688
8196.7049679943066	90.535655782649002	90.535655782649002
9615.5856340025257	98.059092561590262	98.059092561590262
7789.2983604771471	88.257001764603061	88.257001764603061
6925.1556094547714	83.217519846813332	83.217519846813332
258.93839534445789	16.091562862085766	16.091562862085766
715.61144119985124	26.750914773140959	26.750914773140959
3177.9826099027082	56.37359851830206	56.37359851830206
4173.9002768260689	64.605729442721014	64.605729442721014
1584.1747245162494	39.80169248306219	39.80169248306219
453.94275899069572	21.305932483482053	21.305932483482053
3783.8132613399061	61.512708128807873	61.512708128807873
5640.2130620147718	75.101351932004334	75.101351932004334
7999.4139609253789	89.439442981971766	89.439442981971766
6464.6399366987071	80.402984625564159	80.402984625564159
5776.6667879408596	76.00438663617291	76.00438663617291
4632.171731793499	68.060059739861373	68.060059739861373
7052.8816724594571	83.981436475327428	83.981436475327428
7516.6630020895545	86.698690890287125	86.698690890287125
7212.940396006783	84.929031526367837	84.929031526367837
4222.0605682241167	64.977385052217329	64.977385052217329
6948.9734245842947	83.360502785097779	83.360502785097779
508.38844839215636	22.547470997700749	22.547470997700749
4128.7226953747604	64.255137501796384	64.255137501796384
1368.8918364684496	36.998538301782268	36.998538301782268
5892.9539527348297	76.76557791572229	76.76557791572229
8454.7242566048899	91.949574531940542	91.949574531940542
4057.9305593460126	63.701888192941446	63.701888192941446
9725.7467318533654	98.619200624692581	98.619200624692581
3924.4980243250434	62.645814100584914	62.645814100584914
3604.1929884469369	60.034931402034076	60.034931402034076
1491.0823231352108	38.614535127788486	38.614535127788486
295.62039461505594	17.193614937384631	17.193614937384631
1360.3780544701144	36.883303193587672	36.883303193587672
2906.2773827850747	53.909900600771607	53.909900600771607
6115.5960931643012	78.202276777369477	78.202276777369477
2857.1723888311813	53.452524625420466	53.452524625420466
9989.1600251348464	99.945785429576006	99.945785429576006
5518.1684309414095	74.284375415974324	74.284375415974324
1154.520560821144	33.978236576095938	33.978236576095938
2386.4778409756022	48.851589953404812	48.851589953404812
5431.9855997834857	73.702005398655785	73.702005398655785
4698.3900983534095	68.544803583885255	68.544803583885255
7614.4872604684288	87.261029448823422	87.261029448823422
1635.3608364905215	40.43959491006953	40.43959491006953
1636.8960290624711	40.458571762513699	40.458571762513699
1382.4287959012031	37.181027364789195	37.181027364789195
6991.0888003034934	83.612731089849547	83.612731089849547
6464.6443306132105	80.403011949884132	80.403011949884132
8982.9934698328343	94.778655138342373	94.778655138342373
6625.9545660050871	81.39996662164603	81.39996662164603
7609.9176774203615	87.234842106926294	87.234842106926294
6209.0476300736345	78.797510303775681	78.797510303775681
4998.6272655258726	70.700970753773049	70.700970753773049
36.036809375877638	6.0030666642873154	6.0030666642873154
6247.5623733266139	79.041523095943774	79.041523095943774
5993.8912966671178	77.420225372102337	77.420225372102337
7460.502394437749	86.37419981937748	86.37419981937748
3618.5030734106754	60.153994658797806	60.153994658797806
8330.3323723281683	91.270654497095435	91.270654497095435
5059.3832685156385	71.129341825407309	71.129341825407309
5299.9704227350421	72.800895755032045	72.800895755032045
6664.0728583855343	81.633772780544291	81.633772780544291
5896.4411452824252	76.7882878131973	76.7882878131973
396.71872731187142	19.917799258750236	19.917799258750236
1434.2928287607153	37.872058681311678	37.872058681311678
3024.6706966448387	54.997006251657361	54.997006251657361
6435.5026179877368	80.221584489386245	80.221584489386245
7243.3893771918538	85.108104062961317	85.108104062961317
6323.0538650302524	79.517632415900394	79.517632415900394
1891.6065446711086	43.492603332878438	43.492603332878438
4463.5475531747406	66.80978635779897	66.80978635779897
5495.8469553484565	74.133979761971887	74.133979761971887
8786.9325231077328	93.738639434908237	93.738639434908237
4418.0686508524732	66.468553849564628	66.468553849564628
478.27176179209977	21.869425273474832	21.869425273474832
4526.1097107123433	67.276368144485502	67.276368144485502
203.54421779358555	14.266892366369964	14.266892366369964
3662.1260520625901	60.515502576303454	60.515502576303454
9167.0970459296041	95.744958331651091	95.744958331651091
2805.3628077506191	52.96567575091079	52.96567575091079
7458.6140718911256	86.363268070928896	86.363268070928896
840.58286495514574	28.99280712444288	28.99280712444288
7034.6770279807815	83.872981513600564	83.872981513600564
4143.0629137672122	64.366628883041656	64.366628883041656
7022.1553842717467	83.798301798256901	83.798301798256901
6264.868231789862	79.150920599762216	79.150920599762216
3208.0974808635233	56.640069569727075	56.640069569727075
7880.8486310939197	88.774143933320588	88.774143933320588
5246.8222546694624	72.434951885601905	72.434951885601905
8001.0874977432886	89.44879819060337	89.44879819060337
8825.0984911142677	93.94199535412406	93.94199535412406
6178.8172956613644	78.605453345562253	78.605453345562253
1723.2202159812771	41.511687703359847	41.511687703359847
2843.0142903882779	53.319923953324221	53.319923953324221
6311.3704840508335	79.444134358999932	79.444134358999932
6903.0060897705207	83.084331192894126	83.084331192894126
5584.030510464846	74.726370917266195	74.726370917266195
2791.4598321592021	52.834267593666915	52.834267593666915
1353.9378283140154	36.795894177394516	36.795894177394516
5465.8673153964992	73.931504214350326	73.931504214350326
4133.3419564845472	64.291072136685884	64.291072136685884
8997.6140140639855	94.85575372144794	94.85575372144794
5422.2003156175961	73.635591364622016	73.635591364622016
369.94706945025069	19.234008148335871	19.234008148335871
4036.5413070225632	63.533780833683771	63.533780833683771
3853.9400209330015	62.080109704582526	62.080109704582526
1465.7718561379206	38.285400038891076	38.285400038891076
6467.3750765193909	80.41999177144568	80.41999177144568
5096.6156561944417	71.390585206975587	71.390585206975587
9764.3334705071793	98.814641984410287	98.814641984410287
3806.8126244190971	61.699372966174437	61.699372966174437
7661.2877192202213	87.528782233161579	87.528782233161579
9758.9017128219457	98.787153581940728	98.787153581940728
9056.9652362000124	95.168089379791653	95.168089379791653
5348.7474917632098	73.135131720420176	73.135131720420176
6637.1694862507593	81.468825241626988	81.468825241626988
4403.8087726562235	66.361199300918486	66.361199300918486
7381.5504310940514	85.915949806156775	85.915949806156775
7208.3862392057763	84.902215749683336	84.902215749683336
4836.5419723730265	69.545251256811397	69.545251256811397
2368.4829734022096	48.667062510513304	48.667062510513304
8181.4796214588077	90.451531891167036	90.451531891167036
907.39895098228089	30.12306343953551	30.12306343953551
3592.2899856279068	59.935715442696662	59.935715442696662
8472.7177665992458	92.047366972658409	92.047366972658409
29.637148774546993	5.444001173268334	5.444001173268334
7340.0706726488697	85.674212413356159	85.674212413356159
1393.6693599953064	37.331881281222707	37.331881281222707
3250.0406476851986	57.009127757624903	57.009127757624903
4652.8407552039571	68.211734732404778	68.211734732404778
5324.6267605855082	72.970040157488668	72.970040157488668
4510.2839371404316	67.158647523162884	67.158647523162884
4395.6595481048107	66.299770347300679	66.299770347300679
8986.7888650511632	94.798675439328605	94.798675439328605
9050.4240165936681	95.133716507837889	95.133716507837889
1264.8175010041075	35.564272817029554	35.564272817029554
4532.3700659095393	67.322879215832259	67.322879215832259
3740.7285731174543	61.161495837801858	61.161495837801858
2071.4669447219712	45.513371054251422	45.513371054251422
4866.0028295473949	69.756740387918029	69.756740387918029
8987.754190776197	94.80376675415485	94.80376675415485
3751.4337117338405	61.248948658192006	61.248948658192006
3309.9648752914877	57.532294194578121	57.532294194578121
4056.4464769668248	63.69023847472095	63.69023847472095
9293.1841475510482	96.401162584022032	96.401162584022032
2183.1489966309382	46.724179999556313	46.724179999556313
5977.0824275815658	77.311593099492953	77.311593099492953
5039.4559774712188	70.989125769171281	70.989125769171281
4658.4062181762656	68.252518035426831	68.252518035426831
8557.5449775495199	92.506999613810407	92.506999613810407
3900.6760943661188	62.455392836536696	62.455392836536696
629.68685722336897	25.093562067258784	25.093562067258784
24.60213746347765	4.960054179490144	4.960054179490144
8482.9178302832788	92.102756909243922	92.102756909243922
6001.4598567202993	77.469089685630735	77.469089685630735
937.47612258578943	30.61823186576569	30.61823186576569
2448.2474369599777	49.47976795580167	49.47976795580167
8029.7214971831954	89.608713288291312	89.608713288291312
829.8654135121177	28.807384704483635	28.807384704483635
2631.7193950331575	51.300286500497805	51.300286500497805
6352.8001604391211	79.704455085265593	79.704455085265593
4228.3253630397312	65.025574684424981	65.025574684424981
2460.5647777882568	49.604080253425288	49.604080253425288
8710.4395141968253	93.329735423373108	93.329735423373108
662.82810754359559	25.745448287874027	25.745448287874027
97.127508425511493	9.8553289354293749	9.8553289354293749
9925.7483369573656	99.628049950590551	99.628049950590551
8633.7290414785057	92.917861799970979	92.917861799970979
6452.6630503806182	80.328469737575716	80.328469737575716
4306.966101488978	65.627479774016749	65.627479774016749
8426.5221791955228	91.796090217369951	91.796090217369951
8139.4184254172933	90.218725469922774	90.218725469922774
1360.504207161973	36.885013313837547	36.885013313837547
4679.6893333975113	68.408254862973308	68.408254862973308
9719.040518953756	98.585194217761497	98.585194217761497
4687.7694789042189	68.467287655523634	68.467287655523634
4887.3245837685045	69.909402684964377	69.909402684964377
9257.9413182932694	96.218196399086949	96.218196399086949
9425.6071300732929	97.085566023345066	97.085566023345066
1364.9236041178231	36.94487250103623	36.94487250103623
3340.0858974521961	57.793476253399021	57.793476253399021
4120.913948843503	64.194345146932548	64.194345146932548
570.20384988593662	23.878941557069414	23.878941557069414
816.45325913170529	28.573646234453616	28.573646234453616
4829.4374622566493	69.494154158868994	69.494154158868994
216.15446297574789	14.702192454724155	14.702192454724155
7022.4401089028643	83.800000649778426	83.800000649778426
3696.3640567533189	60.797730687529111	60.797730687529111
8592.7752751978533	92.697223664993615	92.697223664993615
2648.7957621328342	51.466452783661261	51.466452783661261
9758.1098456680429	98.783145554634189	98.783145554634189
2413.2201588681714	49.124537238208887	49.124537238208887
3218.981228841104	56.736066384982173	56.736066384982173
8424.7572309430943	91.786476296582464	91.786476296582464
9290.8985633427219	96.389307308138285	96.389307308138285
8363.4711077171523	91.452015328898867	91.452015328898867
6324.8796624175338	79.529112043436854	79.529112043436854
276.74115118569244	16.635538800582697	16.635538800582697
8736.6647921111053	93.47012780622002	93.47012780622002
2876.592005207061	53.633869944346372	53.633869944346372
4528.5598568749128	67.294575241061693	67.294575241061693
7699.6822336034829	87.747833213153953	87.747833213153953
8230.3885916736235	90.721489139418466	90.721489139418466
7479.8941224630371	86.48638113866852	86.48638113866852
4099.9239979471304	64.030648895252739	64.030648895252739
56.365180489691589	7.5076747725039068	7.5076747725039068
1455.5618902105391	38.151826826648012	38.151826826648012
1252.5981017480478	35.39206269416983	35.39206269416983
2031.5811896507701	45.073065012829673	45.073065012829673
5693.6231393266789	75.456100742926537	75.456100742926537
9840.7085746327866	99.200345637667951	99.200345637667951
7991.1135461691765	89.393028509885355	89.393028509885355
1076.9142391675625	32.816371511298478	32.816371511298478
2580.9946523894091	50.803490553203225	50.803490553203225
9022.0355201741313	94.984396193133378	94.984396193133378
1392.7553181758769	37.3196371656515	37.3196371656515
4721.209258619554	68.711056305514276	68.711056305514276
2209.9529328498179	47.01013649044021	47.01013649044021
7501.0516229556542	86.608611713591472	86.608611713591472
436.83755944217808	20.900659306399358	20.900659306399358
3075.9096742506085	55.460884182012535	55.460884182012535
1714.669347271222	41.408566109818658	41.408566109818658
5352.1058543088693	73.158088099053472	73.158088099053472
5733.9021290475512	75.722533826117782	75.722533826117782
3802.0733322898282	61.660954681952731	61.660954681952731
1404.9522609421508	37.482692818715023	37.482692818715023
1292.4287624722681	35.950365262014628	35.950365262014628
3999.6406398020536	63.242712147741209	63.242712147741209
6910.4788758403547	83.129290119911133	83.129290119911133
2887.0848111718842	53.731599745139583	53.731599745139583
4704.0007853006646	68.58571852288685	68.58571852288685
632.23612102649349	25.144305936463894	25.144305936463894
2749.6992760229737	52.437575039497908	52.437575039497908
6241.0471815983119	79.000298617146456	79.000298617146456
848.86446202490379	29.135278650201784	29.135278650201784
7573.9943943788203	87.02869868255425	87.02869868255425
3143.0172640229571	56.062619132742604	56.062619132742604
7841.8803941310098	88.554392291579816	88.554392291579816
6567.7448411472924	81.041624127032975	81.041624127032975
15.02097467693822	3.8756902194239182	3.8756902194239182
9335.5957271032148	96.620886598619109	96.620886598619109
2291.1874753813718	47.866350136409729	47.866350136409729
2760.0102656129138	52.5357998474651	52.5357998474651
2377.1174608265737	48.755691573667313	48.755691573667313
6931.2036848205171	83.253850870818681	83.253850870818681
636.39985729468594	25.226966866721927	25.226966866721927
8055.6638343335762	89.753349989477144	89.753349989477144
6972.2935409284519	83.500260723715414	83.500260723715414
5411.9675704977744	73.566076220617987	73.566076220617987
8336.8116529553772	91.306142471114057	91.306142471114057
6538.1787328490927	80.859005267496912	80.859005267496912
2179.8129143757637	46.688466609814505	46.688466609814505
1225.4363491049155	35.006233003636872	35.006233003636872
2586.733558979598	50.859940611247254	50.859940611247254
5000.4334784703597	70.713743207882573	70.713743207882573
1622.6509000157184	40.282141204455833	40.282141204455833
1006.2767774724333	31.721865920409432	31.721865920409432
696.3817746959329	26.38904649084413	26.38904649084413
6703.0431395943506	81.872114542097606	81.872114542097606
387.40623965454114	19.682638025796773	19.682638025796773
6389.1946339354936	79.932437933141344	79.932437933141344
4181.0511200307146	64.661047934832567	64.661047934832567
8593.5794560880713	92.701561238676405	92.701561238676405
7883.5400942655106	88.789301688128575	88.789301688128575
7232.4646765661537	85.043898526385505	85.043898526385505
4864.8791796600472	69.74868586331965	69.74868586331965
126.83914505160679	11.262288624058913	11.262288624058913
2042.1577716438435	45.190239782986808	45.190239782986808
2028.476059814775	45.038606326292722	45.038606326292722
5604.610066618432	74.863943702014737	74.863943702014737
689.61195120662012	26.260463651783077	26.260463651783077
8580.1859386351698	92.629293091522456	92.629293091522456
7299.6337354305442	85.437894025019972	85.437894025019972
4190.5465908568258	64.734431262326126	64.734431262326126
6689.5775779863188	81.78983786502036	81.78983786502036
3389.6598978388533	58.22078578857257	58.22078578857257
160.28471180800068	12.660359860920252	12.660359860920252
9099.6372846916165	95.392018977960717	95.392018977960717
9543.0347632163011	97.688457676515199	97.688457676515199
6806.6029306473911	82.502138945892739	82.502138945892739
6696.5318809883556	81.832340067899537	81.832340067899537
7977.9204965447152	89.319205642150195	89.319205642150195
5930.0652614379078	77.006916971385806	77.006916971385806
3910.7274630899915	62.535809446188445	62.535809446188445
9566.8158412988632	97.810100916515069	97.810100916515069
8552.8546639371998	92.481645010981509	92.481645010981509
1215.8369453083865	34.86885351296177	34.86885351296177
3102.5395361038472	55.700444667020811	55.700444667020811
9786.5602997542519	98.927045340261998	98.927045340261998
2983.3773355286485	54.620301496134644	54.620301496134644
7022.8849254355755	83.80265464432243	83.80265464432243
132.29141432177909	11.50180048174107	11.50180048174107
838.75604232831495	28.961285232674239	28.961285232674239
4484.1991336847004	66.96416305520961	66.96416305520961
2552.0871833772967	50.518186659630771	50.518186659630771
4591.6802787804445	67.761938274967051	67.761938274967051
9661.4542312050162	98.292696733811383	98.292696733811383
924.33607718694589	30.402895868435721	30.402895868435721
6053.4898804875911	77.804176497715019	77.804176497715019
8545.460463226118	92.441659781865226	92.441659781865226
5545.118098263255	74.46554974122769	74.46554974122769
130.81735959996155	11.43754167642512	11.43754167642512
7950.2181053842669	89.163995566508049	89.163995566508049
8185.7173084154419	90.474954039311029	90.474954039311029
7659.0899070198566	87.516226535539431	87.516226535539431
6271.748249491121	79.194370061836594	79.194370061836594
5313.4185422915371	72.89319956135509	72.89319956135509
8815.3590277512703	93.890143400419149	93.890143400419149
9071.1003613127123	95.242324422037882	95.242324422037882
2297.1629635862337	47.928727957105579	47.928727957105579
4807.2253593532832	69.334157234030641	69.334157234030641
3769.7717376784012	61.398466900065195	61.398466900065195
7058.6517403247663	84.015782685902337	84.015782685902337
6091.8605678128488	78.050371990227234	78.050371990227234
9170.8217984486091	95.764407785192347	95.764407785192347
9162.9406033152227	95.723250066612465	95.723250066612465
1536.0371353452438	39.192309645455239	39.192309645455239
1422.1737423071368	37.711718898866657	37.711718898866657
1928.8854170837121	43.919078053662652	43.919078053662652
6243.9026500357795	79.018369067171847	79.018369067171847
2534.2075939129331	50.340913717501522	50.340913717501522
4013.3534014869442	63.351033152482557	63.351033152482557
9368.3291705071988	96.79012950971395	96.79012950971395
1101.8625090925066	33.194314409134989	33.194314409134989
9595.6536557927047	97.957407355404754	97.957407355404754
7287.5833404359573	85.367343524534945	85.367343524534945
1149.1063123254883	33.898470648769518	33.898470648769518
41.934542803999157	6.4756885968983378	6.4756885968983378
3119.7670032766482	55.854874480896008	55.854874480896008
2778.2576271000444	52.709179723270637	52.709179723270637
2985.4122563326791	54.638926200399283	54.638926200399283
3992.6354270477145	63.187304318571101	63.187304318571101
9813.3959935666462	99.062586245093797	99.062586245093797
5585.3285803809731	74.735055900032435	74.735055900032435
246.88264168236944	15.712499536431798	15.712499536431798
2889.8330998372921	53.757167892638208	53.757167892638208
6477.6354768386236	80.483759087399889	80.483759087399889
5899.8920074504958	76.810754503848585	76.810754503848585
335.25411559564253	18.309945810833042	18.309945810833042
6427.2149998953528	80.169913308518389	80.169913308518389
4971.8561355010579	70.511390111818514	70.511390111818514
6577.6137258832759	81.10248902397062	81.10248902397062
4598.0237775231635	67.808729360777463	67.808729360777463
7396.5824383161716	86.003386202615133	86.003386202615133
6632.0550408048648	81.437430219800433	81.437430219800433
5582.9115432952758	74.718883445185895	74.718883445185895
3777.2774722529994	61.459559649032627	61.459559649032627
8435.6963200779337	91.846046839686764	91.846046839686764
8654.4398394270975	93.029241851296931	93.029241851296931
1701.7134492353991	41.251829647124737	41.251829647124737
1268.1483364342387	35.611070419663584	35.611070419663584
3760.9588403063153	61.326656849255329	61.326656849255329
5354.0933645235918	73.17167050521391	73.17167050521391
53.919882474424689	7.343015897737434	7.343015897737434
2021.355621173544	44.959488666726891	44.959488666726891
8729.4495083454276	93.431523097643165	93.431523097643165
372.51602032979918	19.300674090036317	19.300674090036317
8226.5347490609165	90.700246686880163	90.700246686880163
6422.7938724244941	80.142335082180466	80.142335082180466
7661.4321498787822	87.529607275931397	87.529607275931397
8681.0113870019941	93.171945278619106	93.171945278619106
3172.5990898556579	56.325829686349564	56.325829686349564
6.5397922669586155	2.5573017551627761	2.5573017551627761
6539.5306798276506	80.86736473898263	80.86736473898263
7609.5332418875269	87.232638627336769	87.232638627336769
4920.2530712420175	70.144515617701842	70.144515617701842
6774.3868101871585	82.306663218643237	82.306663218643237
1849.6350140695272	43.007383250664383	43.007383250664383
7339.5954515111152	85.671438948526571	85.671438948526571
4358.6873186487364	66.020355335674594	66.020355335674594
6835.1750323351371	82.67511737116034	82.67511737116034
6955.7027729154597	83.400855948338204	83.400855948338204
5722.6551233493537	75.64823278404694	75.64823278404694
5415.7413474378027	73.591720644633682	73.591720644633682
9590.9623803103441	97.933458941826132	97.933458941826132
1622.5542691197816	40.280941760586749	40.280941760586749
9563.8247491873135	97.79480941843137	97.79480941843137
3743.3566789989377	61.182977036091806	61.182977036091806
4625.9845071281561	68.014590398885417	68.014590398885417
7723.0527740885946	87.880901076904038	87.880901076904038
7554.7758947747197	86.918213826416846	86.918213826416846
8453.6414871991146	91.943686499939275	91.943686499939275
2569.3360009553967	50.688618061211699	50.688618061211699
9405.6800822413825	96.982885512039616	96.982885512039616
4343.1815527153494	65.902819004313841	65.902819004313841
7953.4334046583253	89.182023999561281	89.182023999561281
5398.7031486003289	73.475867797531521	73.475867797531521
3552.3116158591306	59.601271931554706	59.601271931554706
3037.8203843525025	55.116425721852671	55.116425721852671
3133.9151971296396	55.981382593944922	55.981382593944922
5754.8401769969651	75.860662909026601	75.860662909026601
3766.9163026735264	61.375209186393221	61.375209186393221
6254.9130637741491	79.08800834370625	79.08800834370625
1995.2497896710875	44.668219011631606	44.668219011631606
2374.9918437241895	48.733888042348823	48.733888042348823
3614.6917014606643	60.12230618880703	60.12230618880703
5635.0248640293157	75.066802676211779	75.066802676211779
4918.4769155054728	70.131853786317905	70.131853786317905
3775.4855112366204	61.444979544602504	61.444979544602504
3609.8941068932531	60.082394317247818	60.082394317247818
3111.5115461475939	55.780924572362494	55.780924572362494
8226.6321105470961	90.700783406468418	90.700783406468418
2684.6126801427145	51.813248114190976	51.813248114190976
3870.1468520152926	62.210504354291267	62.210504354291267
7607.8331687352938	87.222893604461973	87.222893604461973
2472.881757739287	49.728078162535972	49.728078162535972
7170.3732563244603	84.678056521890369	84.678056521890369
7511.1546575087559	86.666917895519717	86.666917895519717
4075.7828421406152	63.841858072432501	63.841858072432501
8525.1194581143427	92.331573462788683	92.331573462788683
7627.5673603303703	87.335945408121447	87.335945408121447
6481.1284144036044	80.505455805203695	80.505455805203695
4315.5418802326458	65.692784080389274	65.692784080389274
612.34934606488935	24.745693485228685	24.745693485228685
4434.8042556035161	66.594326001571005	66.594326001571005
9530.3189807031576	97.623352640150387	97.623352640150387
1041.9412525139996	32.279114803755071	32.279114803755071
9910.0337170324856	99.549152266769639	99.549152266769639
6347.1994819434385	79.669313301568238	79.669313301568238
717.86278695386443	26.792961518911351	26.792961518911351
7703.3356279282598	87.768648320047973	87.768648320047973
5802.6629655149945	76.175212277452786	76.175212277452786
9915.6410221958522	99.577311784340978	99.577311784340978
6320.2106167749926	79.4997523063751	79.4997523063751
9125.1038656450019	95.525409528800253	95.525409528800253
2702.7039107925075	51.987536110038022	51.987536110038022
3065.4863158988815	55.366834078705288	55.366834078705288
832.60494598498917	28.854894662517644	28.854894662517644
5451.4109398942483	73.833670773531566	73.833670773531566
6882.5690036959732	82.961250012858244	82.961250012858244
1832.8433967257035	42.811720319623966	42.811720319623966
7447.9802270747759	86.30168148463143	86.30168148463143
8996.9538959750444	94.852274068548539	94.852274068548539
7040.9792561482673	83.91054317633909	83.91054317633909
633.06198544076551	25.160723070706165	25.160723070706165
1692.1323408529865	41.135536229068251	41.135536229068251
768.02258556179891	27.713220411236925	27.713220411236925
1413.7394758585413	37.599727071596426	37.599727071596426
8806.2064392468164	93.841389798141932	93.841389798141932
4728.5251542696997	68.76427236777613	68.76427236777613
6731.0030411978232	82.042690358116744	82.042690358116744
3199.0529585529052	56.560171132634537	56.560171132634537
5264.1070979884789	72.554166648018764	72.554166648018764
2352.9593912198966	48.507312760241589	48.507312760241589
673.38384290477313	25.949640515906442	25.949640515906442
232.88318123477373	15.260510516846209	15.260510516846209
3005.4608291981326	54.822083408040349	54.822083408040349
5922.076733531364	76.955030592751797	76.955030592751797
894.81819872021288	29.913511975697752	29.913511975697752
2381.5758470957803	48.801391856132348	48.801391856132348
4381.1917670336898	66.190571587150458	66.190571587150458
2578.970077114885	50.783561091310688	50.783561091310688
11.219805195710061	3.3495977662564291	3.3495977662564291
4852.8480654572586	69.662386303207114	69.662386303207114
7163.392672195474	84.636828108072876	84.636828108072876
5791.2581917942007	76.100316633994368	76.100316633994368
7969.9395140689248	89.274517719609804	89.274517719609804
3280.9087950251119	57.279217828328555	57.279217828328555
944.87392796097913	30.738801667615139	30.738801667615139
600.09054363275698	24.496745572274637	24.496745572274637
3204.8392977938456	56.611300089238767	56.611300089238767
317.87216863821305	17.828969926448725	17.828969926448725
6212.3802704052287	78.818654330083746	78.818654330083746
1691.4860102356286	41.127679368469458	41.127679368469458
5786.0841756665523	76.066314329449085	76.066314329449085
5409.1636527136034	73.547016613276725	73.547016613276725
6217.6555510081434	78.852111899480178	78.852111899480178
9370.4061781545442	96.800858354430645	96.800858354430645
3540.4338688229809	59.501545096097978	59.501545096097978
7045.5386490228502	83.93770695594948	83.93770695594948
4284.5142474690647	65.456200985613762	65.456200985613762
1143.1717901755485	33.810823565473058	33.810823565473058
4788.5417621017632	69.199290184956112	69.199290184956112
5214.3476195737294	72.210439823987571	72.210439823987571
3267.1309211104467	57.158821901001829	57.158821901001829
9042.2091707992568	95.0905314466128	95.0905314466128
7209.3237618756766	84.907736761002397	84.907736761002397
3864.1486916137123	62.162277078737333	62.162277078737333
6948.8927323998696	83.360018788384821	83.360018788384821
5809.4367331988515	76.21966106720005	76.21966106720005
6478.6861177297505	80.49028585941133	80.49028585941133
5863.032223865891	76.570439621735815	76.570439621735815
2423.4872534068086	49.22892699832903	49.22892699832903
4238.1354328122316	65.100963378526373	65.100963378526373
5316.316720877182	72.913076473820396	72.913076473820396
8052.3806741491389	89.735058222241875	89.735058222241875
9772.9435044764905	98.858198974472984	98.858198974472984
8703.2235456719573	93.291068949133376	93.291068949133376
1644.4170116660944	40.551411956503983	40.551411956503983
3287.1877386328433	57.33400159270974	57.33400159270974
6321.1526890667938	79.505677087028161	79.505677087028161
3031.0730048876981	55.055181453589796	55.055181453589796
3489.8122161395245	59.07463259419837	59.07463259419837
5468.0704568701985	73.946402595868037	73.946402595868037
2156.9652558079738	46.443140029588584	46.443140029588584
2712.8310559845563	52.084844782187425	52.084844782187425
9533.26511109272	97.638440744886537	97.638440744886537
774.9195215742136	27.837376341426531	27.837376341426531
354.46131615085687	18.827143069272534	18.827143069272534
5796.0810290096888	76.131997405885059	76.131997405885059
4340.9618024352194	65.885975764461591	65.885975764461591
1815.4332693237502	42.60790148932179	42.60790148932179
1339.9306472092476	36.605063136255445	36.605063136255445
1586.0574903505676	39.825337291108632	39.825337291108632
9083.6470665247089	95.308168939103581	95.308168939103581
9729.4797835191112	98.638125405540379	98.638125405540379
3458.6904758338642	58.810632336626547	58.810632336626547
7138.0200986627806	84.486804287194943	84.486804287194943
2608.0751260271904	51.069316874491186	51.069316874491186
5406.683305604307	73.530152356732586	73.530152356732586
4899.1449766622027	69.993892423997991	69.993892423997991
193.76893000122291	13.920090876184068	13.920090876184068
5673.0188128454993	75.319445117748302	75.319445117748302
7873.4969726911222	88.732727742874687	88.732727742874687
2135.1155339107531	46.207310394684875	46.207310394684875
7888.5472016077056	88.817493781392557	88.817493781392557
6511.3663339463847	80.693037704292578	80.693037704292578
3109.0087128917903	55.758485568492539	55.758485568492539
3216.0147964449166	56.709917972475651	56.709917972475651
6354.142592612845	79.712875952463577	79.712875952463577
4119.4002371926854	64.18255399399969	64.18255399399969
3614.1416838259079	60.117731858628098	60.117731858628098
6515.2394544772706	80.717033236345287	80.717033236345287
3123.773168976335	55.890725250047836	55.890725250047836
3996.1779098243687	63.215329705889921	63.215329705889921
7766.1694692340034	88.125872870763686	88.125872870763686
7524.884325911542	86.746091127563446	86.746091127563446
8451.6858188098449	91.933050742428023	91.933050742428023
4020.5304688622123	63.407653078017425	63.407653078017425
3008.1361506247358	54.846478014770788	54.846478014770788
5145.6946817923899	71.733497626927331	71.733497626927331
5198.6953655617745	72.101978929581222	72.101978929581222
1987.7162305217214	44.583811305469631	44.583811305469631
8245.6794651535383	90.805723746653427	90.805723746653427
4047.719332622079	63.621689168255187	63.621689168255187
5364.8245973975099	73.244962948980387	73.244962948980387
6358.7844625981106	79.741986823743673	79.741986823743673
1897.8145794266325	43.563913729446213	43.563913729446213
6066.2672750817501	77.886245737496878	77.886245737496878
1602.4622874282306	40.030766760433536	40.030766760433536
9018.1781455911969	94.964088715636066	94.964088715636066
6329.7532821023669	79.559746619143823	79.559746619143823
8020.563208586892	89.557597157286949	89.557597157286949
3267.0529073550424	57.158139467227606	57.158139467227606
4017.2887644532334	63.38208551675492	63.38208551675492
7531.449795494691	86.783925905058538	86.783925905058538
8328.1698682696406	91.258807072356802	91.258807072356802
5059.5444641893619	71.130474932966408	71.130474932966408
9563.4166287254138	97.792722779997362	97.792722779997362
6177.33976263356	78.596054370646115	78.596054370646115
244.94840638369087	15.650827658104566	15.650827658104566
3164.2537675888766	56.251700130652729	56.251700130652729
9290.8287624276636	96.388945229355343	96.388945229355343
4893.3716772552252	69.952638815524509	69.952638815524509
784.5557804285279	28.009922892227461	28.009922892227461
9105.9533642710776	95.425119147272113	95.425119147272113
5664.5387087350891	75.263129809589302	75.263129809589302
1340.5584786714041	36.613637878137759	36.613637878137759
7207.8715365816506	84.899184546034661	84.899184546034661
610.98002009719914	24.718010035138327	24.718010035138327
4116.9621048070412	64.163557451305962	64.163557451305962
3761.4030655897423	61.330278538334902	61.330278538334902
2032.1536601399662	45.079415037686175	45.079415037686175
1898.1436969832578	43.567690976034726	43.567690976034726
2425.0866427060841	49.245168724516361	49.245168724516361
6257.856475304583	79.106614611577101	79.106614611577101
1142.7921703625336	33.805209219327921	33.805209219327921
8560.0366917236097	92.520466339743493	92.520466339743493
1179.5659133453803	34.344809117905726	34.344809117905726
2775.6703435348677	52.684630999323396	52.684630999323396
6930.5823708688922	83.250119344472367	83.250119344472367
9691.9993361987908	98.447952422581096	98.447952422581096
4715.2755396290422	68.667863951262106	68.667863951262106
9678.023104814949	98.376943969687062	98.376943969687062
7684.1473192585772	87.659268302094432	87.659268302094432
8711.012182292232	93.332803356013216	93.332803356013216
8233.2769189019637	90.737406392854126	90.737406392854126
504.28663896980953	22.456327370471993	22.456327370471993
2372.9311291327817	48.712740932252842	48.712740932252842
1060.2804179676079	32.561947392126413	32.561947392126413
9346.0874408452528	96.675164550391401	96.675164550391401
5138.0963193824846	71.680515618838044	71.680515618838044
1709.4628074052237	41.345650404912291	41.345650404912291
4505.2035662023009	67.120813211717731	67.120813211717731
9176.3802390967012	95.793424821835771	95.793424821835771
615.01554264837398	24.799506903331242	24.799506903331242
1762.6651775481598	41.984106249248178	41.984106249248178
9505.0649667796861	97.493922717160615	97.493922717160615
2446.0951482315963	49.458013994009065	49.458013994009065
3508.1514793803781	59.229650339845648	59.229650339845648
7128.9403981684773	84.433052758789174	84.433052758789174
5529.5579246589714	74.360997335020812	74.360997335020812
1458.8973996696247	38.195515439245284	38.195515439245284
7729.344553282348	87.916690982329101	87.916690982329101
5848.8261212186053	76.477618433229239	76.477618433229239
2751.9169016998767	52.458716165189145	52.458716165189145
843.43888439046975	29.042019289134661	29.042019289134661
3329.9192281207856	57.705452325761954	57.705452325761954
4971.3398749359085	70.50772918578437	70.50772918578437
6579.2388239006405	81.112507197722849	81.112507197722849
6628.1717931267804	81.413584819284182	81.413584819284182
605.63809776091443	24.609715515643703	24.609715515643703
4309.5100706788971	65.646858802831517	65.646858802831517
9840.0746745941233	99.19715053666674	99.19715053666674
3274.4881624020231	57.223143590701333	57.223143590701333
7161.231654539466	84.624060730618837	84.624060730618837
2144.6468577282121	46.31033208397681	46.31033208397681
1824.1955636152557	42.710602473100934	42.710602473100934
6765.3624112604475	82.251823148550613	82.251823148550613
6693.6904327403026	81.814976824175062	81.814976824175062
3885.5845465326333	62.334457136744469	62.334457136744469
325.85898184206098	18.051564526158419	18.051564526158419
1494.8042431339677	38.662698342639871	38.662698342639871
6036.0886696132984	77.692269046625853	77.692269046625853
8990.9726461572754	94.820739536017513	94.820739536017513
4955.6094717439819	70.396089889595302	70.396089889595302
9106.9990442666203	95.430598050450357	95.430598050450357
2081.9396618643045	45.628276998636544	45.628276998636544
1549.2962527312368	39.361100756092135	39.361100756092135
4876.9327720634419	69.835039715485536	69.835039715485536
4016.7647289945448	63.377951442079166	63.377951442079166
9474.5933872321239	97.337523017755714	97.337523017755714
7617.1124823734917	87.276070502592475	87.276070502592475
4753.7899673497577	68.947733591103329	68.947733591103329
7042.3429989618771	83.918668953707055	83.918668953707055
4575.6054065240241	67.643221438101421	67.643221438101421
2805.134757569966	52.963522896140191	52.963522896140191
6177.797712731669	78.598967631462372	78.598967631462372
7020.52434469748	83.788569296160446	83.788569296160446
2467.8320395597675	49.67727890655614	49.67727890655614
3611.6399896120906	60.09692163174492	60.09692163174492
3846.7877709501709	62.02247794912882	62.02247794912882
4451.163328977198	66.717039270168442	66.717039270168442
8315.1444174384451	91.18741370078682	91.18741370078682
4626.1403525497708	68.015736065632424	68.015736065632424
8720.0263790522386	93.38108148362943	93.38108148362943
5101.9433791161928	71.427889364842585	71.427889364842585
5561.2006546434759	74.573458111069755	74.573458111069755
6423.9753170820431	80.149705658112325	80.149705658112325
658.8740724500442	25.668542468360844	25.668542468360844
9365.3432106031323	96.774703360966868	96.774703360966868
7777.3902213511028	88.18951310303909	88.18951310303909
9585.9304083581446	97.907764801154272	97.907764801154272
7856.1671463992279	88.635022121051151	88.635022121051151
217.0022492451439	14.730996206813167	14.730996206813167
4333.6219157787218	65.830250764969151	65.830250764969151
4914.0222574951104	70.100087428583933	70.100087428583933
1332.5458600102704	36.504052651866893	36.504052651866893
8675.1933086305889	93.140717780305891	93.140717780305891
2187.9628340846689	46.775664977471664	46.775664977471664
62.818274644663276	7.9257980446553944	7.9257980446553944
440.29603194153771	20.983232161455433	20.983232161455433
3309.4225328816669	57.527580627744697	57.527580627744697
1259.3952666365285	35.48795946002712	35.48795946002712
2167.2228373225516	46.553440660412541	46.553440660412541
7144.9375671110683	84.527732532649125	84.527732532649125
1587.873364646096	39.848128747108014	39.848128747108014
3173.2780559126545	56.331856492686754	56.331856492686754
1293.9106848184351	35.970970028877943	35.970970028877943
1427.5565004138773	37.783018677891228	37.783018677891228
5056.479354988388	71.108925986745064	71.108925986745064
2127.6560657815689	46.126522368173049	46.126522368173049
7198.3318707964718	84.842983627383546	84.842983627383546
9949.7171819427258	99.748269067401495	99.748269067401495
3734.6032553125901	61.111400371064889	61.111400371064889
5136.0751951557049	71.666416089795533	71.666416089795533
6130.617791430439	78.29826173952037	78.29826173952037
1990.7444392351326	44.617759235926812	44.617759235926812
22.772542520222558	4.7720585202009582	4.7720585202009582
9835.4266633982661	99.173719620664954	99.173719620664954
5834.4430164808145	76.383525818600532	76.383525818600532
2155.1417174255771	46.423503933089506	46.423503933089506
2420.8943458760841	49.202584747918316	49.202584747918316
6416.8524374286999	80.105258487996281	80.105258487996281
7131.7361772477761	84.449607324414345	84.449607324414345
8840.4841615158639	94.023848897584827	94.023848897584827
1544.4795397993705	39.299866918341728	39.299866918341728
9300.5307933303375	96.439259605880096	96.439259605880096
6585.5135261956266	81.151176985892363	81.151176985892363
2882.9278782669853	53.692903425564403	53.692903425564403
984.25326326610718	31.372810892014556	31.372810892014556
5078.955794833736	71.266793072466342	71.266793072466342
772.53543068567114	27.794521594833597	27.794521594833597
96.912212376521936	9.8444000516294512	9.8444000516294512
5006.0279054426946	70.753289007951381	70.753289007951381
6362.8459486545808	79.767449179816325	79.767449179816325
4663.6064189652943	68.290602713442894	68.290602713442894
9273.8172717325815	96.300660806313175	96.300660806313175
726.15826550490885	26.947323902475155	26.947323902475155
9895.5590366541601	99.476424526890597	99.476424526890597
3568.2683138767984	59.734984003319184	59.734984003319184
1964.6675368410729	44.324570351454881	44.324570351454881
6882.4838881605519	82.960737027587641	82.960737027587641
3656.6058031714906	60.46987517079468	60.46987517079468
1917.5245865701229	43.789548828117915	43.789548828117915
8469.3111771436361	92.028860566366006	92.028860566366006
1250.6649077117272	35.364741024242313	35.364741024242313
5572.3679133306368	74.648294778451813	74.648294778451813
9488.1146873833804	97.406953999103067	97.406953999103067
7057.4542396695606	84.008655742545727	84.008655742545727
7418.9734701211228	86.133463126250319	86.133463126250319
1099.6201450326018	33.160520879995261	33.160520879995261
1573.7752049360881	39.670835697475397	39.670835697475397
283.83186444186447	16.847310302890026	16.847310302890026
5703.6234437752173	75.52233738289101	75.52233738289101
1793.6539737985438	42.351552200581075	42.351552200581075
7018.2528838245717	83.775013481494426	83.775013481494426
64.976342176032105	8.0607904188132888	8.0607904188132888
4935.9143096696971	70.256062440686904	70.256062440686904
8239.7952994264942	90.773318213153885	90.773318213153885
5040.4774486945089	70.996319965858149	70.996319965858149
6319.7947864861626	79.49713697037248	79.49713697037248
8237.1512762713064	90.758753166134369	90.758753166134369
7268.1253023081781	85.253300829400018	85.253300829400018
9321.6320082992261	96.548599204230953	96.548599204230953
8137.8132095960746	90.209828785981372	90.209828785981372
3085.7971210221667	55.549951584336839	55.549951584336839
8237.5467359492341	90.760931771050224	90.760931771050224
7795.5983332737997	88.292685615931973	88.292685615931973
1233.0457579921501	35.114751287630533	35.114751287630533
9094.8590159718515	95.366970256854927	95.366970256854927
8342.1889443304135	91.335584217381637	91.335584217381637
8358.9033598905789	91.427038450835639	91.427038450835639
7670.3542653611594	87.580558718023482	87.580558718023482
3991.2303324544328	63.176184852002834	63.176184852002834
7375.9356799270745	85.883267752962652	85.883267752962652
250.29958710656351	15.820859240463632	15.820859240463632
9720.2962992188513	98.59156302249626	98.59156302249626
1675.6553483177108	40.934769430371915	40.934769430371915
6207.1165499713006	78.785255917406914	78.785255917406914
4776.0168853535297	69.108732337914645	69.108732337914645
5638.698838329542	75.091270054045182	75.091270054045182
2762.6485855760197	52.560903584090141	52.560903584090141
5544.8045804283956	74.463444591479885	74.463444591479885
687.45351217764744	26.219334701278129	26.219334701278129
1976.4950854301521	44.457789929664209	44.457789929664209
6.1261511297833584	2.4751062865629345	2.4751062865629345
6556.4091300425143	80.971656337526611	80.971656337526611
8554.5789689675476	92.490966958766023	92.490966958766023
2691.7482995774562	51.882061443021485	51.882061443021485
9556.05853987929	97.755094700375025	97.755094700375025
731.06752622130875	27.038260414111495	27.038260414111495
2398.3680827926078	48.973136338125293	48.973136338125293
2414.7433066996073	49.140037715691747	49.140037715691747
1186.0547205935363	34.439145178031588	34.439145178031588
6822.7767492761504	82.600101387807939	82.600101387807939
1806.3966745825519	42.50172554829453	42.50172554829453
1829.7691029920361	42.775800436602424	42.775800436602424
1720.5678724736931	41.479728452265611	41.479728452265611
4011.7764304452007	63.338585636602282	63.338585636602282
1254.3257269456019	35.416461242557844	35.416461242557844
482.00291357731629	21.954564754904986	21.954564754904986
7673.2949306854844	87.597345454559772	87.597345454559772
9975.1037791055005	99.875441321205187	99.875441321205187
4981.6495405227606	70.580801500994312	70.580801500994312
7199.3016359440298	84.848698492929344	84.848698492929344
2463.6404347514267	49.635072627643318	49.635072627643318
8491.0197012225126	92.146729194380598	92.146729194380598
5089.4504418595661	71.340384368599857	71.340384368599857
8344.5437461293222	91.348474240839522	91.348474240839522
9393.1531993073004	96.918281037724256	96.918281037724256
1334.9228607042544	36.536596183884647	36.536596183884647
8531.394573266869	92.365548627542239	92.365548627542239
2034.3485702391279	45.10375339413703	45.10375339413703
8833.5250798207398	93.986834609006493	93.986834609006493
7098.7544589449026	84.254106481197127	84.254106481197127
821.22240335639947	28.656978266321094	28.656978266321094
2789.2789435328696	52.813624601355187	52.813624601355187
6862.25225365391	82.838712288723499	82.838712288723499
6930.0513116191205	83.246929742898743	83.246929742898743
3460.5153705994189	58.826145297813106	58.826145297813106
2750.6193961968083	52.446347787017622	52.446347787017622
768.85545493846666	27.728242911127033	27.728242911127033
6755.9328652994009	82.19448196381191	82.19448196381191
1500.700260059391	38.738872725718167	38.738872725718167
7797.7771013184756	88.305023080901094	88.305023080901094
6118.8007527287691	78.222763647986568	78.222763647986568
2613.0805571811043	51.118299631160504	51.118299631160504
1280.9732463428268	35.790686586636291	35.790686586636291
9008.7202978768291	94.9142786828032	94.9142786828032
572.985985988023	23.937125683507261	23.937125683507261
8836.8486459532724	94.004513965837148	94.004513965837148
7502.0655407728773	86.614464962688984	86.614464962688984
2939.6215135402622	54.218276563722149	54.218276563722149
758.85852030599096	27.547386814469188	27.547386814469188
5384.4387474813075	73.3787349814734	73.3787349814734
8467.2582025723659	92.017705918873929	92.017705918873929
5770.7887922691807	75.965708002158323	75.965708002158323
3945.8556033995906	62.816045747878704	62.816045747878704
3072.2298004674799	55.427698855964422	55.427698855964422
8102.992793825596	90.016625096843057	90.016625096843057
4922.9925484833957	70.164040280498355	70.164040280498355
9394.6748045523764	96.926130659138437	96.926130659138437
2811.9877594553504	53.02817891890453	53.02817891890453
3545.6001843774302	59.544942559191625	59.544942559191625
9554.7929576711977	97.748621257136904	97.748621257136904
5524.0174442317157	74.323734057377095	74.323734057377095
6537.8407843347632	80.856915500993253	80.856915500993253
1956.5017613602099	44.232361019509348	44.232361019509348
6192.6382354514444	78.693317603538901	78.693317603538901
8207.1073448793995	90.593086628502732	90.593086628502732
928.35680817858372	30.468948261772734	30.468948261772734
3461.3508435425883	58.833246073479479	58.833246073479479
869.7615057749955	29.491719274653953	29.491719274653953
5331.9494081085104	73.02019863098505	73.02019863098505
3345.6845966984301	57.841893094006096	57.841893094006096
1602.3359579994353	40.029188825149021	40.029188825149021
851.62229308358451	29.182568308556814	29.182568308556814
4862.7519635571398	69.733435047738325	69.733435047738325
5118.2671567146635	71.542065644728652	71.542065644728652
8182.5616219672402	90.457512800028056	90.457512800028056
7877.9067704568197	88.757573031583163	88.757573031583163
865.32597790569571	29.416423608346676	29.416423608346676
3438.2093149511084	58.636245744002984	58.636245744002984
8380.991768588161	91.547756764369495	91.547756764369495
8544.0046734950556	92.433785346566083	92.433785346566083
4592.632282775402	67.76896253282473	67.76896253282473
5154.9241122806434	71.797800191096684	71.797800191096684
5493.190696238642	74.116062336302264	74.116062336302264
7056.635558450298	84.003783000828591	84.003783000828591
4056.0591832243363	63.687197953939979	63.687197953939979
416.9141470080051	20.418475628900534	20.418475628900534
5915.9535736052367	76.915236290381614	76.915236290381614
5845.5646708550603	76.456292552379622	76.456292552379622
5324.5801635304315	72.969720867839641	72.969720867839641
6980.5045991901352	83.549414116378671	83.549414116378671
4679.6872452351327	68.40823960046869	68.40823960046869
307.66646882411129	17.540423849614104	17.540423849614104
2058.6874449857869	45.37276104653305	45.37276104653305
5090.3548821815057	71.34672299539416	71.34672299539416
5283.6799893558155	72.688926181061547	72.688926181061547
8405.4744018720776	91.681374345458394	91.681374345458394
4094.2181374769702	63.986077684735221	63.986077684735221
4516.4467471509024	67.204514336098754	67.204514336098754
9635.6288849362008	98.161239218625397	98.161239218625397
6251.4543643177067	79.066139176753197	79.066139176753197
8705.1734772133477	93.301519158121678	93.301519158121678
2051.6165169148994	45.294773615891927	45.294773615891927
833.34979352339406	28.867798556928342	28.867798556928342
1419.9694492021567	37.682481993655308	37.682481993655308
8715.5324525077103	93.35701608613951	93.35701608613951
265.79434851245168	16.303200560394625	16.303200560394625
6535.2025751410529	80.840599794540452	80.840599794540452
6842.7188107022675	82.720727817774105	82.720727817774105
5901.3853917642764	76.820475081610084	76.820475081610084
2135.0566825201049	46.206673571250562	46.206673571250562
2976.3214272840578	54.555672732393816	54.555672732393816
3470.8438150179468	58.91386776488153	58.91386776488153
1413.7650981863112	37.600067794969618	37.600067794969618
1653.3926850798139	40.661931644719168	40.661931644719168
5217.3336825504712	72.231112981529449	72.231112981529449
8422.6742749625882	91.775128847431148	91.775128847431148
5996.0085193439027	77.433897740872524	77.433897740872524
883.47419460217418	29.72329380472787	29.72329380472787
1303.5506403229474	36.104717701748442	36.104717701748442
824.4397546304383	28.713058956343161	28.713058956343161
3672.6611460176669	60.602484652179626	60.602484652179626
3582.9363390621297	59.857633924689416	59.857633924689416
95.921561635710574	9.7939553621461108	9.7939553621461108
4288.1717609265361	65.484133657906298	65.484133657906298
834.18846674549354	28.882321006897861	28.882321006897861
5332.1054432431238	73.02126706133717	73.02126706133717
951.22064524576433	30.841865138894637	30.841865138894637
7263.4108386460339	85.22564660151329	85.22564660151329
8522.1253398834669	92.315358093241812	92.315358093241812
4540.07709825847	67.380094228625637	67.380094228625637
4381.4162924155971	66.192267618020139	66.192267618020139
8233.9388412362059	90.741053780723789	90.741053780723789
5119.8977992766086	71.553461127164269	71.553461127164269
3621.1798321587903	60.176239764202535	60.176239764202535
6399.2089654112679	79.99505588104347	79.99505588104347
7613.6311518275015	87.256123864331158	87.256123864331158
7058.0192912629045	84.012018731029812	84.012018731029812
772.99668768346748	27.802817980979327	27.802817980979327
5666.3356822264677	75.275066803201625	75.275066803201625
3734.4778390857232	61.110374234541581	61.110374234541581
3313.6518630002488	57.56432804263634	57.56432804263634
8537.1655483731611	92.396783214423436	92.396783214423436
442.31654302890678	21.03132290249253	21.03132290249253
217.52187809955043	14.74862292214261	14.74862292214261
7412.3059321700803	86.094749736381019	86.094749736381019
2402.1947048040424	49.012189349222531	49.012189349222531
172.80868606693883	13.145671761722138	13.145671761722138
8892.4771501876639	94.299931867354303	94.299931867354303
4201.7500331549081	64.820907376824863	64.820907376824863
3240.4157343905786	56.924649620270642	56.924649620270642
2470.1852940291601	49.700958683200064	49.700958683200064
7506.3339684637622	86.639101844743067	86.639101844743067
9990.0724789575015	99.950350069209364	99.950350069209364
5195.3075656721567	72.078481987845421	72.078481987845421
672.07675121481475	25.924443122559349	25.924443122559349
2973.8452827836059	54.532974270468742	54.532974270468742
7621.7446247260377	87.302603768307151	87.302603768307151
8918.0028562641091	94.4351780655075	94.4351780655075
9282.8253172707209	96.347419878638789	96.347419878638789
8848.4024632698711	94.065947416001038	94.065947416001038
8219.3588226373067	90.660679584025331	90.660679584025331
1127.2917631500641	33.575165869285946	33.575165869285946
9773.3874848029118	98.860444490215158	98.860444490215158
6048.8502459101092	77.774354680126464	77.774354680126464
1312.18882821183	36.224147032219129	36.224147032219129
3160.6517082298296	56.219673675945771	56.219673675945771
3350.2938711684847	57.881723118515438	57.881723118515438
4484.8961696485021	66.969367397702825	66.969367397702825
4069.9873913370307	63.796452811555525	63.796452811555525
6304.2502445878308	79.39930884200335	79.39930884200335
3784.6779247897712	61.519736059168615	61.519736059168615
6917.9327417696713	83.174111006789076	83.174111006789076
5951.734193862254	77.14748339292899	77.14748339292899
8059.9638219537428	89.777301262366663	89.777301262366663
892.20196216230465	29.869749951452633	29.869749951452633
7301.3813717331323	85.448120937403488	85.448120937403488
9664.4471326056428	98.307919989213701	98.307919989213701
2152.1331868211701	46.391089519660667	46.391089519660667
9879.6623600100684	99.396490682569208	99.396490682569208
543.49656264408065	23.313012732036171	23.313012732036171
7811.9644575310967	88.385318110708283	88.385318110708283
2221.4948878140517	47.132736901373036	47.132736901373036
6089.3698413655065	78.034414468012173	78.034414468012173
9832.2712839839896	99.157809999938934	99.157809999938934
4453.5107140510681	66.734629047077718	66.734629047077718
1721.1805509736682	41.487113071093148	41.487113071093148
3385.2700718012825	58.183073756903582	58.183073756903582
4294.9342616465819	65.53574796740007	65.53574796740007
5253.572798942022	72.481534192799913	72.481534192799913
1315.3167495517205	36.267295867650795	36.267295867650795
4517.1614543375917	67.209831530346747	67.209831530346747
1401.3212252625301	37.434225319385604	37.434225319385604
4281.171102272132	65.430658733289036	65.430658733289036
2717.5477870341706	52.130104421861375	52.130104421861375
6921.804341191546	83.197381816927063	83.197381816927063
3555.8250400823217	59.630739053631743	59.630739053631743
1421.103700841639	37.697529107908906	37.697529107908906
9370.8719496938811	96.803264147929852	96.803264147929852
9510.4259134945551	97.521412589720796	97.521412589720796
8540.3550034742384	92.414041159740648	92.414041159740648
8416.0995142233514	91.739301906126101	91.739301906126101
8842.611412267468	94.035160510669982	94.035160510669982
8122.0617201910209	90.122481768929447	90.122481768929447
6910.4026566501052	83.128831681012485	83.128831681012485
8242.143729276504	90.786252975197215	90.786252975197215
2410.4392855348005	49.09622475847609	49.09622475847609
5552.8894918464566	74.517712604765691	74.517712604765691
2060.6333936655496	45.394200000281423	45.394200000281423
6612.0417358672248	81.314462033928649	81.314462033928649
9989.9217727589112	99.949596161059659	99.949596161059659
7622.645520210127	87.307763229910591	87.307763229910591
1025.6057250277322	32.025079625626731	32.025079625626731
844.54561122111329	29.061066931912759	29.061066931912759
2567.3591633167516	50.669114491144917	50.669114491144917
4524.4916767340555	67.264341792171393	67.264341792171393
8509.1012806229883	92.244789991755027	92.244789991755027
826.89802010120729	28.755834540162581	28.755834540162581
196.76950903545622	14.027455543877378	14.027455543877378
3397.4894402268246	58.287987100489453	58.287987100489453
211.88522631368656	14.556277900400451	14.556277900400451
6051.4831347041209	77.791279297258768	77.791279297258768
6380.085901344075	79.875439913305485	79.875439913305485
6501.9140124198693	80.634446810403986	80.634446810403986
8456.5788549055615	91.959658845091212	91.959658845091212
2450.4068925482052	49.501584747846259	49.501584747846259
2905.2813375933465	53.900661754688564	53.900661754688564
3073.7683227373263	55.441575759869295	55.441575759869295
6293.0901887732671	79.328999670821943	79.328999670821943
4066.1559278056407	63.766416927765675	63.766416927765675
7824.0907452197198	88.453890503582258	88.453890503582258
4583.3095134149607	67.700144116648389	67.700144116648389
2901.2707809425042	53.863445683900544	53.863445683900544
5232.9449717908601	72.339097117608958	72.339097117608958
1145.9890050135029	33.852459364328361	33.852459364328361
8403.5478378976568	91.67086689836448	91.67086689836448
8180.8833086737368	90.448235519957692	90.448235519957692
4536.405663377278	67.352844508433918	67.352844508433918
5003.5791178731706	70.735981776413979	70.735981776413979
5351.6577308613732	73.155025328827364	73.155025328827364
9893.1805143524325	99.464468602372946	99.464468602372946
3478.0292449227777	58.974818735819596	58.974818735819596
9421.2631791181302	97.063191680050011	97.063191680050011
1844.0428610857887	42.942320164213164	42.942320164213164
7831.1109408032462	88.493564403312661	88.493564403312661
5046.099660647239	71.035904024987531	71.035904024987531
7922.9885329204944	89.011170832207881	89.011170832207881
2832.1225205497758	53.217689921207366	53.217689921207366
6519.3919351722525	80.742751595250041	80.742751595250041
7341.6322887249171	85.683325616626931	85.683325616626931
403.05483201727242	20.076225542100101	20.076225542100101
8104.4067213884582	90.024478456631215	90.024478456631215
1089.962163088637	33.014575009965476	33.014575009965476
6425.086621756056	80.15663803925446	80.15663803925446
1796.804149365546	42.388726677803689	42.388726677803689
9306.3386443962809	96.469366352206748	96.469366352206748
798.97257478737345	28.266102928903614	28.266102928903614
6171.1404066087935	78.5566063842424	78.5566063842424
3092.2684428312587	55.608168849830498	55.608168849830498
7231.9204609190156	85.040698850133026	85.040698850133026
1144.5515901030844	33.831222119561161	33.831222119561161
6039.4561998949584	77.713938260102083	77.713938260102083
2822.8104004282745	53.130127050744704	53.130127050744704
2142.068817029457	46.282489313232247	46.282489313232247
3132.4417772259208	55.968221136873026	55.968221136873026
8670.2605088515356	93.114233653354717	93.114233653354717
3579.5655227817247	59.82947035351161	59.82947035351161
3590.8586538248051	59.923773694793333	59.923773694793333
2631.7833968194454	51.300910292308124	51.300910292308124
5224.6248081612148	72.281566171197582	72.281566171197582
2323.446510696675	48.202142179540893	48.202142179540893
5565.3794670654697	74.601470944381987	74.601470944381987
8298.0603358030821	91.093689879173752	91.093689879173752
6817.7530492937221	82.569686019105845	82.569686019105845
2096.9553678625334	45.79252524007093	45.79252524007093
751.31091442990646	27.410051339424857	27.410051339424857
4208.2064894262967	64.870690526818791	64.870690526818791
842.01918574652393	29.017566847455075	29.017566847455075
4466.6321759568782	66.83286748267561	66.83286748267561
1019.2064153186374	31.925012377736635	31.925012377736635
8711.2732747141999	93.334202062878319	93.334202062878319
623.12359184207662	24.962443627218803	24.962443627218803
9682.8332868982434	98.401388643139811	98.401388643139811
2182.2013950590431	46.714038522258413	46.714038522258413
8592.0393181232575	92.693253897590935	92.693253897590935
4284.7613583051034	65.458088562874366	65.458088562874366
9448.3243972390101	97.202491723407022	97.202491723407022
6263.7565476041455	79.143897728151757	79.143897728151757
92.155850575130032	9.5997838816886922	9.5997838816886922
9632.445568572819	98.145023147242767	98.145023147242767
967.0719195460814	31.097779977774643	31.097779977774643
4787.9745284658929	69.195191512603628	69.195191512603628
8438.6777132921434	91.862275789859154	91.862275789859154
5962.1031697695644	77.21465644402987	77.21465644402987
9490.6289819235189	97.419859278914572	97.419859278914572
6717.2571089680478	81.958874497933706	81.958874497933706
8352.226851577012	91.390518389912927	91.390518389912927
9716.6759942120298	98.573201196938058	98.573201196938058
8049.2321302118389	89.717512951551655	89.717512951551655
4141.6587404154252	64.355720339496045	64.355720339496045
2177.3702896845725	46.6623005185618	46.6623005185618
442.44950091193778	21.034483614102292	21.034483614102292
7546.1226433987767	86.868421439547163	86.868421439547163
754.39436748613605	27.466240505138959	27.466240505138959
5279.2258560809905	72.658281400546429	72.658281400546429
6379.2442792588909	79.870171398707356	79.870171398707356
1301.7459619212309	36.079716766089376	36.079716766089376
3273.6540260124207	57.215854673441875	57.215854673441875
5795.4190860231392	76.127649944176909	76.127649944176909
9442.4969198010458	97.172511132526807	97.172511132526807
3370.0287371621189	58.051948607795403	58.051948607795403
4012.5271019865249	63.344511222256067	63.344511222256067
370.14146313156226	19.23906086927224	19.23906086927224
7558.4767456260224	86.939500491008246	86.939500491008246
441.06249646930337	21.001487958459119	21.001487958459119
5782.3660955374326	76.04187067357978	76.04187067357978
6888.4560709292564	82.996723254169837	82.996723254169837
1460.1122591322708	38.211415298733321	38.211415298733321
1075.7381845808616	32.798447898961037	32.798447898961037
3086.4343848641915	55.555687241399433	55.555687241399433
1398.0631613664732	37.390682814926947	37.390682814926947
6261.3434648504281	79.128651352404759	79.128651352404759
4294.6147684414445	65.533310372980893	65.533310372980893
8608.6943833344139	92.783050086394624	92.783050086394624
3072.8234329114894	55.433053613448806	55.433053613448806
1364.0948494069164	36.933654698755667	36.933654698755667
2122.7899964665803	46.073745196875194	46.073745196875194
9032.6610568063152	95.040312798340025	95.040312798340025
42.001311174378323	6.4808418569178432	6.4808418569178432
7809.5407754080225	88.371606160621653	88.371606160621653
7427.5448288281723	86.183205027593232	86.183205027593232
1654.7299730057973	40.678372300348954	40.678372300348954
6833.926839575367	82.667568245203427	82.667568245203427
1368.4290685550338	36.992283905634075	36.992283905634075
104.14739350960977	10.205263029908135	10.205263029908135
6689.5370430216135	81.78959006512757	81.78959006512757
1902.1586482125797	43.613743799547635	43.613743799547635
8024.1582167776678	89.577665836846123	89.577665836846123
7673.7013796697993	87.5996654084352	87.5996654084352
8276.5672074545746	90.975640736708058	90.975640736708058
5217.6019434306136	72.232969919771492	72.232969919771492
5509.1851285911671	74.223885162332806	74.223885162332806
5684.0166279573778	75.392417576022709	75.392417576022709
9657.8458557587946	98.27433976251784	98.27433976251784
1629.9710210329065	40.372899586639882	40.372899586639882
9708.1714951836893	98.530053766268139	98.530053766268139
1879.3451001688968	43.351414050396286	43.351414050396286
121.03530853704957	11.00160481643699	11.00160481643699
6516.5014424375813	80.72485021625981	80.72485021625981
4120.8850511512455	64.194120066803976	64.194120066803976
1927.6627688659974	43.905156517953529	43.905156517953529
623.69941911421245	24.973974836101128	24.973974836101128
862.17055221660678	29.362740883926467	29.362740883926467
8788.2902767548276	93.745881385556487	93.745881385556487
9134.6426828266231	95.575324654570878	95.575324654570878
4922.5589381786331	70.160950237141407	70.160950237141407
8972.2716504139189	94.722075834590527	94.722075834590527
8263.0599197270258	90.901374685573515	90.901374685573515
2427.0082228545666	49.264675202974459	49.264675202974459
5088.5835731749403	71.334308528049391	71.334308528049391
6479.6133442744494	80.496045519481569	80.496045519481569
8119.178484319631	90.106484141373699	90.106484141373699
3181.8682031877047	56.408050872084779	56.408050872084779
621.45330521516337	24.928965185405577	24.928965185405577
3338.0570644700078	57.775921147741194	57.775921147741194
7257.7033693857466	85.192155562503203	85.192155562503203
8358.7598620970875	91.426253680751287	91.426253680751287
3874.3170788307807	62.244012393408418	62.244012393408418
6044.8165274982757	77.748418167177363	77.748418167177363
3260.5610347897737	57.10132253100425	57.10132253100425
8914.1995640669047	94.415038865992656	94.415038865992656
6924.9337345350614	83.216186733922513	83.216186733922513
2818.3973612597429	53.088580328162315	53.088580328162315
7484.5400960526067	86.513236536686151	86.513236536686151
8850.7553082897266	94.078452943751827	94.078452943751827
5452.7478658148802	73.842723851540583	73.842723851540583
5095.8409465309705	71.385159147619547	71.385159147619547
8551.6716817088345	92.475249022150976	92.475249022150976
1719.0958983786588	41.461981360984893	41.461981360984893
8829.8973254425964	93.967533358296663	93.967533358296663
5249.7125789783613	72.454900310319672	72.454900310319672
2227.6213853659383	47.19768411019696	47.19768411019696
2783.494321680259	52.758831693662998	52.758831693662998
6364.9626179307661	79.780715827390054	79.780715827390054
2191.9950414784694	46.818746688463044	46.818746688463044
8026.945123499363	89.593220298744498	89.593220298744498
7994.3850050383599	89.411324814244637	89.411324814244637
8700.6680878810785	93.277371789095127	93.277371789095127
8328.7230329993363	91.26183776913183	91.26183776913183
4676.625164138487	68.385855000420136	68.385855000420136
6263.5476787099087	79.142578165674564	79.142578165674564
5668.8934422844713	75.292054310428213	75.292054310428213
3205.5107329078337	56.61723000030851	56.61723000030851
7030.0071851248877	83.845138112623374	83.845138112623374
8926.8804236340293	94.482169871537295	94.482169871537295
2008.1464987231029	44.812347614503558	44.812347614503558
3351.5647325775194	57.892700166579893	57.892700166579893
2859.1348289677776	53.4708783261298	53.4708783261298
5932.6145254151743	77.023467368167573	77.023467368167573
585.94795305101911	24.206361830126788	24.206361830126788
5659.200098063674	75.227655141335319	75.227655141335319
2676.1808692798618	51.731816798560843	51.731816798560843
3029.9901451255441	55.045346262200439	55.045346262200439
4471.3854114110136	66.868418639975431	66.868418639975431
2640.0199294765271	51.381124252749927	51.381124252749927
1302.3201064870502	36.087672500274252	36.087672500274252
222.1974371545198	14.906288510374399	14.906288510374399
5383.5781507448755	73.372870672646272	73.372870672646272
7951.9798474847594	89.173874242878782	89.173874242878782
6529.252387376262	80.803789436982854	80.803789436982854
2062.367654571086	45.413298212870266	45.413298212870266
4881.3299873440201	69.866515494505805	69.866515494505805
2600.3269969116109	50.993401503641735	50.993401503641735
9821.3356958734385	99.102652315028578	99.102652315028578
9768.1893554308208	98.834150754841929	98.834150754841929
4724.4507365951331	68.734640004841324	68.734640004841324
4696.1227308077159	68.528262277747245	68.528262277747245
1943.9115734275974	44.089812580998768	44.089812580998768
3229.4514807423079	56.828263045269189	56.828263045269189
333.82089627804254	18.270766165600243	18.270766165600243
2452.9081245729085	49.526842465201725	49.526842465201725
7649.4870246581722	87.461345888673421	87.461345888673421
2190.2116177996918	46.799696770381878	46.799696770381878
6143.4767857324978	78.380334177218828	78.380334177218828
7863.4749227985249	88.676236516884984	88.676236516884984
3403.5748778425086	58.340165219533866	58.340165219533866
6128.1480721225935	78.282488923913206	78.282488923913206
3504.7598104768672	59.201011904163153	59.201011904163153
5945.0296151430002	77.104018151734479	77.104018151734479
9572.3889035887496	97.838585964785636	97.838585964785636
4106.9271551620213	64.085311539868641	64.085311539868641
1558.4236847253085	39.476875316130439	39.476875316130439
109.02319523754207	10.441417300229986	10.441417300229986
1919.5740716921453	43.812944111211529	43.812944111211529
7983.7291514974595	89.351715996378374	89.351715996378374
4541.2105267202078	67.388504410768817	67.388504410768817
2770.3779707907488	52.634380121653841	52.634380121653841
7085.1700980974665	84.173452454425714	84.173452454425714
5995.5689912287435	77.431059602905748	77.431059602905748
2384.9080312055962	48.835520179533219	48.835520179533219
2289.3674519143938	47.84733484651359	47.84733484651359
5526.2037053954582	74.33844029434205	74.33844029434205
4341.5589278260386	65.890507114652252	65.890507114652252
2777.2443039486361	52.699566449342221	52.699566449342221
6349.3899398601352	79.683059302841372	79.683059302841372
5357.3984227046631	73.194251295471716	73.194251295471716
8961.2702717431312	94.663986139096906	94.663986139096906
5462.6675695877811	73.909861111950292	73.909861111950292
9730.3393268571817	98.642482363620502	98.642482363620502
3384.9057536150121	58.179942880816	58.179942880816
5399.3611126409178	73.480345077040283	73.480345077040283
8696.5761814117977	93.255435130676418	93.255435130676418
8290.567818853624	91.052555257135012	91.052555257135012
5340.8337729190171	73.081008291614424	73.081008291614424
6086.8112035307904	78.01801845426985	78.01801845426985
4938.4115015177213	70.273832267194038	70.273832267194038
7470.4104111353336	86.431535975796095	86.431535975796095
9559.454849677144	97.772464680385056	97.772464680385056
6776.9626104234758	82.322309311774504	82.322309311774504
1433.0833098748121	37.856086827283299	37.856086827283299
9149.1568704818019	95.651225138425701	95.651225138425701
2064.4756428820583	45.436501217435946	45.436501217435946
5904.6713420141186	76.841859308674458	76.841859308674458
2962.3147334962891	54.427150701614806	54.427150701614806
7971.5850989013206	89.283733674736752	89.283733674736752
3018.3662233791838	54.939659840402939	54.939659840402939
8659.761373993555	93.057838863760182	93.057838863760182
1787.2067112250875	42.275367665167472	42.275367665167472
9586.0763575374694	97.908510138483209	97.908510138483209
2639.0084954225631	51.37128084272927	51.37128084272927
2403.6466858328749	49.026999559761713	49.026999559761713
6356.0063614341343	79.72456560831256	79.72456560831256
7296.419748374974	85.419083045739697	85.419083045739697
7488.1706724653732	86.534216772704269	86.534216772704269
4410.3841210452829	66.410722937228158	66.410722937228158
6686.3629759095675	81.770183905318248	81.770183905318248
6528.0048119641624	80.796069285356708	80.796069285356708
2245.0256222681173	47.381701344169961	47.381701344169961
5046.4357152153325	71.038269370919593	71.038269370919593
3779.0462742096965	61.473947930889359	61.473947930889359
6820.898493813188	82.588731034041132	82.588731034041132
908.55285681120881	30.142210549513596	30.142210549513596
3524.0327997674021	59.363564581040805	59.363564581040805
1011.4399299708948	31.80314339764066	31.80314339764066
6791.2380264618068	82.408968119142273	82.408968119142273
6777.9015949190143	82.328012212849004	82.328012212849004
3228.2942016061511	56.818079883133599	56.818079883133599
1442.4182725763155	37.97918209462015	37.97918209462015
5881.3778822930999	76.690142015079743	76.690142015079743
8628.3334473210089	92.888823048421756	92.888823048421756
3109.0837126940692	55.759158106037333	55.759158106037333
8434.4165822582163	91.839079820402247	91.839079820402247
7120.1881144147537	84.381207116364209	84.381207116364209
1190.1352785971164	34.498337330907944	34.498337330907944
8361.038644559485	91.438715239003031	91.438715239003031
8877.9573217179204	94.222912933733483	94.222912933733483
6696.324704082288	81.831074196067405	81.831074196067405
5740.2633582674216	75.764525724559391	75.764525724559391
7890.8749665631231	88.830597017937023	88.830597017937023
9940.0041043764195	99.6995692286402	99.6995692286402
4895.30980919577	69.966490616549933	69.966490616549933
6801.2529653075362	82.469709380520655	82.469709380520655
7587.9280655989132	87.108714062365266	87.108714062365266
3840.7134181910924	61.973489640257412	61.973489640257412
4336.6960207194506	65.853595351502648	65.853595351502648
7110.1342436649902	84.321611960783756	84.321611960783756
1557.0689853677363	39.459713447613076	39.459713447613076
8674.5315841349202	93.137165428924888	93.137165428924888
7630.171843913703	87.350854855082574	87.350854855082574
1207.3425804110175	34.746835545284085	34.746835545284085
8964.2760923919031	94.679861070831237	94.679861070831237
4126.8082477375356	64.24023854047816	64.24023854047816
6453.9453803845954	80.336451131379931	80.336451131379931
5759.3850559770899	75.890612436434395	75.890612436434395
8127.9481509619836	90.155133802584885	90.155133802584885
7466.728692547329	86.410234883070004	86.410234883070004
5229.9930485836658	72.318690866080161	72.318690866080161
7439.6412320124309	86.253354902939463	86.253354902939463
6639.1439771587366	81.480942416977086	81.480942416977086
3118.1750669730241	55.840622014560545	55.840622014560545
2003.6717945569899	44.762392636642986	44.762392636642986
3648.3759644925312	60.401787759076562	60.401787759076562
7064.0310491981472	84.047790269573099	84.047790269573099
3787.0760171804664	61.539223404105989	61.539223404105989
5398.1771936829173	73.472288610624602	73.472288610624602
3323.0503956658995	57.645905280998925	57.645905280998925
2804.9858047118446	52.962116694028047	52.962116694028047
342.62547635778151	18.510145227895471	18.510145227895471
3382.303396781097	58.157573855699113	58.157573855699113
138.01800255670608	11.748106339181055	11.748106339181055
1016.6536874682556	31.885007252128005	31.885007252128005
8469.8725131386345	92.031910298214683	92.031910298214683
6963.9345319977765	83.450191923073348	83.450191923073348
2804.6771565983304	52.959202756445741	52.959202756445741
2704.8271901941011	52.007953143669297	52.007953143669297
9334.6600090657994	96.616044263185401	96.616044263185401
1337.6631102747222	36.57407702560274	36.57407702560274
3289.9970520127654	57.358495900893054	57.358495900893054
8598.7299599614289	92.729337105154741	92.729337105154741
3927.9832528398179	62.673624857988052	62.673624857988052
3807.9364574324686	61.708479623407257	61.708479623407257
4690.8841526894348	68.490029585987443	68.490029585987443
1512.1289453026277	38.886102212778127	38.886102212778127
89.532604488026578	9.4621670080392573	9.4621670080392573
3072.8463928806314	55.433260709438983	55.433260709438983
1551.0476695340822	39.38334253887146	39.38334253887146
7855.7701695385831	88.632782702217938	88.632782702217938
9814.8148268567584	99.069747283702895	99.069747283702895
5137.1943215734136	71.674223550544397	71.674223550544397
8067.3116677988119	89.818214565859705	89.818214565859705
8455.8209758653866	91.955538038039805	91.955538038039805
4381.5399012645776	66.193201322073691	66.193201322073691
496.74839920775571	22.287853176287655	22.287853176287655
5068.2064105747049	71.191336625847285	71.191336625847285
7399.1946978138667	86.018571819194179	86.018571819194179
1530.6733497631601	39.123820745974697	39.123820745974697
6629.9951663228758	81.424782261439759	81.424782261439759
4658.4500190770641	68.25283890855431	68.25283890855431
6901.7624070933225	83.076846395932264	83.076846395932264
7983.5492453172137	89.350709260291907	89.350709260291907
7699.7675587865051	87.748319407191531	87.748319407191531
3162.1968555293611	56.233414048316156	56.233414048316156
5221.012189028751	72.256571943517713	72.256571943517713
9345.3797195774659	96.671504175622843	96.671504175622843
4541.8996919795727	67.393617590834026	67.393617590834026
3810.5418014415832	61.729586111050374	61.729586111050374
9970.7385900973186	99.85358576484532	99.85358576484532
5061.3982832132178	71.143504856123144	71.143504856123144
2266.0239928392502	47.6027729532561	47.6027729532561
1204.3223926386365	34.703348435542019	34.703348435542019
1008.0190359042862	31.749315518673566	31.749315518673566
5525.4120543478239	74.333115462408969	74.333115462408969
4845.801243432551	69.611789543385186	69.611789543385186
132.30481883795369	11.502383180800129	11.502383180800129
7724.8505098328378	87.891128732272165	87.891128732272165
3002.513458512205	54.795195578738515	54.795195578738515
4138.6845080460635	64.332608434961372	64.332608434961372
457.24226544014738	21.383223925314613	21.383223925314613
9134.5695383824932	95.574942000413969	95.574942000413969
2726.9714157940621	52.220411869249574	52.220411869249574
5708.792210156229	75.556549750211786	75.556549750211786
7724.8227202702055	87.890970641301976	87.890970641301976
8686.3565478420005	93.200625254565765	93.200625254565765
9063.2239026565258	95.20096587039717	95.20096587039717
1487.5754690451354	38.56909992526576	38.56909992526576
1866.8701678289044	43.207292993531823	43.207292993531823
1487.1968058146958	38.564190719042656	38.564190719042656
774.54378031043495	27.830626660397623	27.830626660397623
1154.2674692676997	33.974512053415864	33.974512053415864
7246.9350937568906	85.128932177943426	85.128932177943426
9143.8031783510996	95.623235556799159	95.623235556799159
2969.2142821817401	54.490497173192871	54.490497173192871
5662.9973446508884	75.252889277760545	75.252889277760545
255.52823733496263	15.985250618459588	15.985250618459588
4052.5997930615381	63.660032933242647	63.660032933242647
2470.2168779695799	49.701276421934878	49.701276421934878
1200.6976422775783	34.651084287184702	34.651084287184702
1699.8966950445817	41.22980348054768	41.22980348054768
6761.3796790214383	82.227608982758568	82.227608982758568
2793.8434269690774	52.856820061077052	52.856820061077052
7288.0672303736101	85.370177640518065	85.370177640518065
5625.5462891814777	75.003641839456549	75.003641839456549
498.17611452008566	22.319859195794351	22.319859195794351
5024.247648307869	70.881927515466657	70.881927515466657
2940.5747746575644	54.227066808537266	54.227066808537266
8501.2878979355792	92.202428915596244	92.202428915596244
8528.331883610048	92.348967961802629	92.348967961802629
6398.0795499369924	79.987996286549105	79.987996286549105
5713.8865014436515	75.590254010974533	75.590254010974533
2313.7947538136809	48.101920479474423	48.101920479474423
8984.0017793991574	94.783974275186196	94.783974275186196
7210.2102685855461	84.9129570123756	84.9129570123756
7020.9263865478442	83.790968406790981	83.790968406790981
8123.8392394675675	90.132342915668005	90.132342915668005
3714.2732013420236	60.944837364144504	60.944837364144504
4414.3832836224246	66.44082542851514	66.44082542851514
7140.4995704722005	84.501476735452385	84.501476735452385
4302.6811124262449	65.594825347936137	65.594825347936137
3480.7292227672888	58.997705233062149	58.997705233062149
7506.3697274462229	86.639308211955523	86.639308211955523
135.22515126755587	11.6286349700881	11.6286349700881
922.86473626121756	30.378688850265043	30.378688850265043
1141.6384178981643	33.788140195905491	33.788140195905491
9853.8814296855089	99.266718640667818	99.266718640667818
5413.8652919471633	73.57897316453365	73.57897316453365
2977.1056092635627	54.56285924750977	54.56285924750977
2005.2871420477902	44.780432579953825	44.780432579953825
1112.2413868329236	33.35028315971131	33.35028315971131
581.35069012713927	24.111215028014232	24.111215028014232
7895.4191301324354	88.856171030111554	88.856171030111554
5535.7285485747843	74.402476763712542	74.402476763712542
4257.2732264411343	65.247783306723406	65.247783306723406
3604.9689910634925	60.041393980015926	60.041393980015926
1910.9037473179606	43.713885063192002	43.713885063192002
1870.7972402991443	43.252713675550396	43.252713675550396
2349.6331239095452	48.473014388518742	48.473014388518742
8349.1737980032849	91.373813524462719	91.373813524462719
3111.425882291971	55.780156707309196	55.780156707309196
7256.4289422572929	85.184675513012863	85.184675513012863
4873.3082911534484	69.809084588994921	69.809084588994921
5838.1603129961386	76.407855047737982	76.407855047737982
3422.5649856054524	58.502692122717328	58.502692122717328
4398.3155528953557	66.319797593896169	66.319797593896169
5953.2073313500923	77.157030342996563	77.157030342996563
937.64930754358909	30.621059869697344	30.621059869697344
9168.1463190314244	95.750437696291627	95.750437696291627
4795.5258287565721	69.24973522517304	69.24973522517304
514.53777581255213	22.683425134061039	22.683425134061039
3813.8472374041548	61.756353822130357	61.756353822130357
2557.8885159659508	50.575572324650473	50.575572324650473
5100.8821104687095	71.420460027002832	71.420460027002832
6067.0555997701676	77.891306317009267	77.891306317009267
207.77102601341343	14.414264671269688	14.414264671269688
4300.0816768795694	65.575008020430843	65.575008020430843
5854.7633853052157	76.516425591536986	76.516425591536986
5801.1874587661196	76.165526708387702	76.165526708387702
3811.6449903033176	61.738521121770624	61.738521121770624
3306.1010443802711	57.498704719152336	57.498704719152336
2578.732073203314	50.781217720760836	50.781217720760836
7328.7635453561925	85.60819788639516	85.60819788639516
6955.2617681019101	83.398212019814366	83.398212019814366
6543.1237811867295	80.889577704341676	80.889577704341676
6569.3033000768928	81.051238732525817	81.051238732525817
4915.3187131143595	70.109333994229033	70.109333994229033
777.92565636882341	27.891318655969339	27.891318655969339
8524.8664919132571	92.330203573442077	92.330203573442077
3451.4260802184758	58.748838969110494	58.748838969110494
829.88713345053384	28.807761687616999	28.807761687616999
3194.180287250168	56.517079606523971	56.517079606523971
7696.7821521854794	87.731306568325309	87.731306568325309
7136.5321213124134	84.477997853360691	84.477997853360691
151.95943663052537	12.32718283431074	12.32718283431074
2591.6780457369919	50.908526257759533	50.908526257759533
4667.9977717673855	68.322747103489519	68.322747103489519
9735.671379906913	98.66950582579662	98.66950582579662
388.22017174099966	19.703303574299404	19.703303574299404
1415.7717289395591	37.626742204708066	37.626742204708066
447.72841426689371	21.159593906001451	21.159593906001451
2882.3291464911831	53.6873276154735	53.6873276154735
3704.4874984584858	60.864501135378461	60.864501135378461
7384.8804763834441	85.935327289674319	85.935327289674319
634.96186445234514	25.198449643824222	25.198449643824222
5131.0244511688761	71.631169550474851	71.631169550474851
7985.3570187834357	89.360824855097633	89.360824855097633
2709.5337030686119	52.053181488441339	52.053181488441339
7442.9077871066893	86.272288639554986	86.272288639554986
5864.2179124736758	76.578181699970358	76.578181699970358
7110.3660948795032	84.322986752602063	84.322986752602063
6021.4422264500381	77.597952463000198	77.597952463000198
8268.2883252077045	90.930128808925062	90.930128808925062
1323.4436698142742	36.379165325970227	36.379165325970227
8539.9259750214187	92.411719900786494	92.411719900786494
761.25910795318202	27.590924376562342	27.590924376562342
9725.6235338456827	98.618576008000048	98.618576008000048
1299.3930974853147	36.047095548536426	36.047095548536426
8420.0312602626163	91.760728311531054	91.760728311531054
1977.2540994346596	44.466325454602831	44.466325454602831
9829.211361341022	99.142379239864027	99.142379239864027
976.5760871710529	31.250217393980684	31.250217393980684
4073.3864360477951	63.823087014400947	63.823087014400947
8840.3262628954344	94.023009220591504	94.023009220591504
2012.0642601276147	44.856039282660866	44.856039282660866
5464.0266762408537	73.919054892773445	73.919054892773445
3163.2947791043398	56.243175400259361	56.243175400259361
8463.1372405005204	91.995310970182175	91.995310970182175
1641.5215286867817	40.515694843934021	40.515694843934021
1798.1439997482762	42.404528057134137	42.404528057134137
2566.644652323158	50.66206324581696	50.66206324581696
4747.5041768062883	68.902134776843369	68.902134776843369
132.18526630926183	11.497185147211548	11.497185147211548
9427.1640075579835	97.093583761018849	97.093583761018849
9139.0677078520202	95.598471263153684	95.598471263153684
3043.4895726984346	55.16783095879731	55.16783095879731
4412.1088949962441	66.423707326497848	66.423707326497848
2887.557968857855	53.736002538873834	53.736002538873834
8807.5198037750088	93.84838732644802	93.84838732644802
7614.1061291355736	87.258845563848567	87.258845563848567
9669.1954706414599	98.332067356694282	98.332067356694282
9865.7684203190311	99.32657459269916	99.32657459269916
7366.0681919171966	85.82580143475036	85.82580143475036
1734.0982249100036	41.642505026835302	41.642505026835302
4826.0472848284562	69.469758059377583	69.469758059377583
3710.9685438798269	60.917719457312472	60.917719457312472
8029.8497899993672	89.609429135551167	89.609429135551167
1258.2417733762957	35.471703840896843	35.471703840896843
5756.9038067992369	75.874263138426826	75.874263138426826
5703.5865983051735	75.522093444932878	75.522093444932878
7900.6834286301901	88.885788676425605	88.885788676425605
375.44614215316079	19.376432647759515	19.376432647759515
9939.160668837947	99.695339253336954	99.695339253336954
5748.6103181727931	75.819590596182948	75.819590596182948
2008.5476241316921	44.816823003551825	44.816823003551825
5599.883814276558	74.832371432933741	74.832371432933741
7951.9275211479389	89.173580847400871	89.173580847400871
3902.5484581233409	62.470380646537933	62.470380646537933
300.99214176754106	17.349125100924862	17.349125100924862
6291.288081917276	79.317640420761862	79.317640420761862
5816.408172863903	76.265379910309917	76.265379910309917
6307.1941865221052	79.417845516748343	79.417845516748343
7213.7024402495044	84.933517766836346	84.933517766836346
1690.2676429611154	41.112864689305162	41.112864689305162
5367.7668252907943	73.265045043941612	73.265045043941612
7372.7899453430264	85.864951786762376	85.864951786762376
539.87958941028148	23.235309109419688	23.235309109419688
4890.8729897589674	69.934776683413858	69.934776683413858
2380.6721446458732	48.792131995290731	48.792131995290731
3715.5368817487451	60.955203893914955	60.955203893914955
6711.1261904116973	81.921463551450898	81.921463551450898
9077.7412431065968	95.277181124897879	95.277181124897879
7636.5066451238854	87.387108002976532	87.387108002976532
2186.1671901004252	46.756466826530264	46.756466826530264
4413.8864707077755	66.437086560954612	66.437086560954612
6350.2101497148278	79.688205838221933	79.688205838221933
5931.0983671074891	77.013624555058371	77.013624555058371
5288.1666257365869	72.719781529763878	72.719781529763878
9686.5613850325244	98.420330140842978	98.420330140842978
8219.9102016717661	90.663720427036111	90.663720427036111
6341.0024386474161	79.630411518762202	79.630411518762202
9703.0690643095259	98.504157599106065	98.504157599106065
1594.5470258443063	39.931779647848231	39.931779647848231
2659.4533710695005	51.569888220447993	51.569888220447993
9200.9161222363437	95.921405964656003	95.921405964656003
6505.2431252584593	80.655087410890943	80.655087410890943
1016.427765090051	31.88146428710656	31.88146428710656
7321.7595027281777	85.567280561720423	85.567280561720423
238.62010012798061	15.44733310730304	15.44733310730304
2071.6151894708178	45.514999609698094	45.514999609698094
7587.7349816247552	87.107605762210881	87.107605762210881
2738.4910089735672	52.330593432270263	52.330593432270263
5787.4702037303559	76.075424440027646	76.075424440027646
8872.8498735317153	94.195806029417867	94.195806029417867
7982.4787021644761	89.344718378673491	89.344718378673491
4983.218945442517	70.591918414521899	70.591918414521899
3523.5123052284152	59.359180462910835	59.359180462910835
8055.4475325811454	89.752145002674695	89.752145002674695
6886.0549224576098	82.982256672481554	82.982256672481554
5650.4094215292143	75.169205274029693	75.169205274029693
2288.0212239350653	47.833264826217594	47.833264826217594
6280.2297085512691	79.247900341594345	79.247900341594345
3322.292996294469	57.639335494907201	57.639335494907201
2848.7212759858276	53.373413568796849	53.373413568796849
3891.9758665812597	62.385702421157845	62.385702421157845
1035.1588015466004	32.173883843058185	32.173883843058185
2290.9279996871242	47.863639641037793	47.863639641037793
2574.3592800317306	50.738144231255944	50.738144231255944
802.2145589977107	28.323392434482681	28.323392434482681
3995.2817987222088	63.208241541132978	63.208241541132978
6777.3905372018626	82.324908364369662	82.324908364369662
7578.3548145297555	87.053746700126325	87.053746700126325
3916.6235590098004	62.582933448423461	62.582933448423461
6577.0575265328816	81.099059960845921	81.099059960845921
9346.8691062670459	96.679207207480999	96.679207207480999
7709.378336237809	87.803065642594788	87.803065642594788
4714.6445907393881	68.663269589638588	68.663269589638588
9851.4053388294578	99.254245948621559	99.254245948621559
5196.8651862573934	72.089286209931316	72.089286209931316
9887.62963379537	99.436560850601481	99.436560850601481
9864.9572733324621	99.322491276308924	99.322491276308924
6146.5153318681369	78.399715126192504	78.399715126192504
1795.6855045114794	42.375529548449059	42.375529548449059
3889.6399090647619	62.366977713087572	62.366977713087572
6626.0275885156998	81.400415161814124	81.400415161814124
3391.2668241328824	58.234584433417936	58.234584433417936
2894.8106577706976	53.803444664544458	53.803444664544458
7302.7270914218134	85.45599505840309	85.45599505840309
586.59408657190738	24.219704510416872	24.219704510416872
8985.3016391740512	94.79083098683148	94.79083098683148
3721.3441667676016	61.002820973850064	61.002820973850064
2907.5185463414196	53.921410834115044	53.921410834115044
1729.1205025795387	41.582694748892102	41.582694748892102
2118.4098794661472	46.026186888185158	46.026186888185158
9444.588873202385	97.183274657743368	97.183274657743368
4772.5850142165918	69.083898371593008	69.083898371593008
5399.1015050187543	73.478578545170251	73.478578545170251
1569.9348869238602	39.622403850900568	39.622403850900568
8685.1161820017678	93.193970738464444	93.193970738464444
7953.2688564137961	89.181101453243983	89.181101453243983
4827.3983840342707	69.479481748457729	69.479481748457729
3907.6904918933665	62.51152287293413	62.51152287293413
6647.6506192921033	81.533125901636467	81.533125901636467
6612.5178085715379	81.317389336915738	81.317389336915738
733.45044950203567	27.082290329697663	27.082290329697663
2194.6941301419574	46.847562691584685	46.847562691584685
1820.2901434687992	42.664858413790611	42.664858413790611
42.344659005428674	6.5072773880808761	6.5072773880808761
2365.7039454673977	48.638502705854314	48.638502705854314
69.052354674272365	8.3097746464192621	8.3097746464192621
8275.2230006248465	90.968252707331075	90.968252707331075
3145.7616514559945	56.087089882217946	56.087089882217946
9797.9608244079827	98.984649438223414	98.984649438223414
7015.0705520436795	83.756018004939079	83.756018004939079
9328.7750813571984	96.585584231588086	96.585584231588086
2516.5959090557617	50.165684576767831	50.165684576767831
6557.604537430233	80.979037642035692	80.979037642035692
2318.2196693024412	48.147893716157938	48.147893716157938
6383.098557397383	79.894296150585006	79.894296150585006
3011.5296711073652	54.877405834344657	54.877405834344657
9937.7880799025097	99.68845509838394	99.68845509838394
8205.7932777580481	90.585833758695671	90.585833758695671
5410.2860655264685	73.554646797646086	73.554646797646086
1624.4280327573715	40.304193736599814	40.304193736599814
1054.3767809115625	32.471168456209924	32.471168456209924
5304.1950074443785	72.8299046233371	72.8299046233371
6412.3623829129738	80.077227617550378	80.077227617550378
3352.3454533940094	57.899442600028621	57.899442600028621
8688.6641630056001	93.213004259092514	93.213004259092514
6637.0812685823721	81.46828382003865	81.46828382003865
7040.711911488469	83.90895012743556	83.90895012743556
5611.7342969481824	74.911509776189817	74.911509776189817
3519.5174457631178	59.325521032377942	59.325521032377942
6123.5317408828505	78.252998286857036	78.252998286857036
5592.3533366008769	74.782038863626056	74.782038863626056
4692.4904323569708	68.501754958226954	68.501754958226954
4712.5585935308563	68.648077857510742	68.648077857510742
2950.3582302238278	54.31720013240583	54.31720013240583
1477.6307309436975	38.439962681351517	38.439962681351517
3597.8584620000493	59.982151195168463	59.982151195168463
259.21540040151655	16.100167713459278	16.100167713459278
6504.3263648690217	80.649403995745814	80.649403995745814
7006.5175125805645	83.704943178886182	83.704943178886182
4413.367913327952	66.433183826518146	66.433183826518146
2290.5226000289804	47.859404509761511	47.859404509761511
8023.2349089447916	89.57251201649305	89.57251201649305
5645.1860982529852	75.13445347011573	75.13445347011573
208.92826264148761	14.454350993437499	14.454350993437499
4678.0053596063372	68.395945490988993	68.395945490988993
2682.7473088974475	51.795244076048597	51.795244076048597
5046.4271040216809	71.038208761353786	71.038208761353786
3387.8392406266294	58.205147887679395	58.205147887679395
2212.7655804002206	47.040042308656787	47.040042308656787
7543.9141431531161	86.855708753962261	86.855708753962261
8896.768332311849	94.32268196097823	94.32268196097823
2246.9205560144419	47.401693598588245	47.401693598588245
1120.4133276435041	33.472575754541268	33.472575754541268
4121.9899602735559	64.202725489449094	64.202725489449094
3637.426121573279	60.311077934101618	60.311077934101618
9783.0348162394239	98.90922513213529	98.90922513213529
9734.6632421902832	98.664397034544749	98.664397034544749
5818.4146395463194	76.278533281299531	76.278533281299531
8652.5801773291405	93.019246273710152	93.019246273710152
7554.726387445764	86.917929033345956	86.917929033345956
6495.0666720225418	80.591976474228133	80.591976474228133
5411.0925476825614	73.560128790551758	73.560128790551758
3657.815557829354	60.479877296745187	60.479877296745187
3394.4052831080885	58.261524895149186	58.261524895149186
9420.1550075941559	97.057483006691228	97.057483006691228
3791.7650013346693	61.577309143341665	61.577309143341665
5055.0809192506922	71.099092253352239	71.099092253352239
9562.3132778134459	97.787081344180862	97.787081344180862
7227.6091196005364	85.015346376995581	85.015346376995581
2919.616952862636	54.033479925529839	54.033479925529839
7982.4777846945635	89.344713244234896	89.344713244234896
6930.7005276819445	83.250828990959278	83.250828990959278
6085.8709914830442	78.011992613206871	78.011992613206871
9152.7633128459674	95.670075325808995	95.670075325808995
5758.796274278091	75.886733190183449	75.886733190183449
1657.0123135155609	40.706416122222805	40.706416122222805
6304.5256590459821	79.401043186131901	79.401043186131901
808.075084376787	28.426661506001491	28.426661506001491
8713.808381488896	93.347781877711995	93.347781877711995
4178.0703621424864	64.637994725567452	64.637994725567452
6350.7846509366673	79.691810438317106	79.691810438317106
6742.1773878600179	82.110762923383064	82.110762923383064
3557.0721392673058	59.641194985239068	59.641194985239068
4875.8362986843931	69.827188821292197	69.827188821292197
7400.4048430560961	86.025605740710105	86.025605740710105
1911.6884463156248	43.722859539554648	43.722859539554648
3323.06487937466	57.646030907380428	57.646030907380428
3163.2435468824897	56.242719945629318	56.242719945629318
5811.3964064490428	76.232515414677508	76.232515414677508
5866.2947634227894	76.591740830345344	76.591740830345344
4177.1125100749205	64.630584943004507	64.630584943004507
9576.0531353247188	97.857310076073105	97.857310076073105
4637.6626181831061	68.100386329176615	68.100386329176615
8211.8984227114252	90.619525615131224	90.619525615131224
7673.6309429195571	87.599263369731347	87.599263369731347
4306.5899445846599	65.624613862366147	65.624613862366147
6946.6961266183162	83.346842331418387	83.346842331418387
3215.813188315532	56.70814040607867	56.70814040607867
1139.0649718470263	33.750036619936076	33.750036619936076
2707.6280880200284	52.034873767695721	52.034873767695721
9749.8344734623861	98.741250110895322	98.741250110895322
858.51385560117728	29.300407089342244	29.300407089342244
3320.8633200301924	57.626932245523818	57.626932245523818
2296.7498578613895	47.924418179685702	47.924418179685702
1182.8019382436651	34.391887680725887	34.391887680725887
7669.7997505213725	87.577392919185328	87.577392919185328
1262.0139064526506	35.524835065805028	35.524835065805028
101.58904815468999	10.079139256637443	10.079139256637443
1004.5498038621012	31.694633676098878	31.694633676098878
8293.8181052259024	91.070401916461876	91.070401916461876
3062.6851377507269	55.34153176187597	55.34153176187597
5422.7090018003055	73.639045361820834	73.639045361820834
8909.9914927020654	94.392751272023347	94.392751272023347
3451.6194758715519	58.750484899033403	58.750484899033403
47.388825306473983	6.883954191195202	6.883954191195202
1205.9409407188039	34.726660373822355	34.726660373822355
1399.8482348229593	37.414545765289724	37.414545765289724
1151.7192063739683	33.936988764089961	33.936988764089961
7992.5005146716012	89.400785872785264	89.400785872785264
1570.450352883867	39.628908045565261	39.628908045565261
4274.5388126647767	65.379957270288699	65.379957270288699
7980.3065449382311	89.332561504404609	89.332561504404609
8039.0256579877905	89.660613749783082	89.660613749783082
8644.4591996178297	92.975583889631096	92.975583889631096
3053.495749542572	55.258445051797935	55.258445051797935
5836.3656042460625	76.396109876393979	76.396109876393979
1994.6756589947581	44.661791936673993	44.661791936673993
9008.8960362005473	94.915204452187467	94.915204452187467
8863.0956691897627	94.14401557820743	94.14401557820743
5297.5027839755103	72.78394592199237	72.78394592199237
1650.7443283175839	40.629353038383272	40.629353038383272
7201.0831791308092	84.85919619658678	84.85919619658678
8959.6339362400904	94.655342882692523	94.655342882692523
8504.6379416339969	92.220593912824029	92.220593912824029
1345.4813737372558	36.680803886191697	36.680803886191697
4607.3049862539074	67.877131541145047	67.877131541145047
8927.001167870063	94.482808848329981	94.482808848329981
3979.4650398073618	63.083001195309038	63.083001195309038
2974.1961150190837	54.536190873759082	54.536190873759082
9921.3815456349748	99.606132068437304	99.606132068437304
6053.4798203424098	77.804111847269425	77.804111847269425
3679.0504967103284	60.655176998425524	60.655176998425524
9610.6084684591679	98.033710877734137	98.033710877734137
3689.4170417549371	60.740571628483522	60.740571628483522
3161.8242229136399	56.230100683829832	56.230100683829832
8488.8128954716904	92.13475400451064	92.13475400451064
1844.6395118002315	42.949266720169177	42.949266720169177
5743.0488132143955	75.782905811366163	75.782905811366163
6837.8128376747127	82.69106866932313	82.69106866932313
3533.4231541797499	59.442603864398052	59.442603864398052
8436.628929292594	91.851123723624596	91.851123723624596
4775.8216829526737	69.107320038854596	69.107320038854596
362.46934249152281	19.038627642020913	19.038627642020913
1764.6753301082497	42.008038874818347	42.008038874818347
3231.3931947404053	56.845344530052813	56.845344530052813
4533.5399663806102	67.331567383958998	67.331567383958998
5501.2695655317766	74.170543786140442	74.170543786140442
2647.7943359144451	51.456722941851289	51.456722941851289
9600.652263421016	97.982918222621933	97.982918222621933
9331.4606818016655	96.599485929282594	96.599485929282594
3973.8983201295973	63.038863569464809	63.038863569464809
8067.3452299399869	89.818401399379113	89.818401399379113
4284.0356900609331	65.45254532912324	65.45254532912324
5327.7744968498446	72.991605660170578	72.991605660170578
7369.4969882998994	85.845774434737905	85.845774434737905
283.34105898595362	16.832737715117933	16.832737715117933
2902.0606118236296	53.870776974382224	53.870776974382224
1210.3102899817691	34.789514080851561	34.789514080851561
8351.8496712634624	91.388454802909663	91.388454802909663
3095.7012261708724	55.639026107318521	55.639026107318521
9662.310125809081	98.297050443078305	98.297050443078305
8382.9813665949041	91.558622568248069	91.558622568248069
411.15724939780353	20.277012832214798	20.277012832214798
5695.5705766689143	75.469004078952267	75.469004078952267
32.694482785821705	5.7179089522151108	5.7179089522151108
2024.2356746937294	44.991506695083345	44.991506695083345
4592.9302768503157	67.771161100060226	67.771161100060226
5303.7624440591626	72.826934880297983	72.826934880297983
9039.3275777587442	95.075378399240378	95.075378399240378
5268.7886881027944	72.586422202108807	72.586422202108807
1686.3306973135307	41.064957047506219	41.064957047506219
8821.1513649811404	93.920984689158473	93.920984689158473
6679.2181854290293	81.726483990375044	81.726483990375044
1740.1484197351456	41.715086236697935	41.715086236697935
2221.4545910801612	47.132309418064388	47.132309418064388
5027.1662343521775	70.902512186467533	70.902512186467533
6683.0502420615267	81.749925027864862	81.749925027864862
2702.0841427504738	51.981575031451996	51.981575031451996
7026.1326683566394	83.822029731787339	83.822029731787339
3727.4427902731381	61.052786916512979	61.052786916512979
9348.8560299537567	96.689482519836446	96.689482519836446
2419.2537221376424	49.185909792720544	49.185909792720544
8935.3390206640088	94.52692220031291	94.52692220031291
6971.3459452373309	83.494586322930729	83.494586322930729
9692.2958571701874	98.449458389420244	98.449458389420244
105.09859550256532	10.251760605016356	10.251760605016356
6709.4281280742689	81.91109893094017	81.91109893094017
54.582177694818199	7.3879752094073918	7.3879752094073918
8555.5733347072292	92.496342277450239	92.496342277450239
2348.3429668335316	48.459704568161904	48.459704568161904
6606.2962247119549	81.279125393374869	81.279125393374869
7800.123111288277	88.318305640950086	88.318305640950086
7424.8213339442891	86.167402966227826	86.167402966227826
7591.9729084625233	87.131928180561474	87.131928180561474
6863.4216417066555	82.845770210111851	82.845770210111851
4801.3778779271197	69.291975566634846	69.291975566634846
1532.948478568165	39.152885954526582	39.152885954526582
7869.8172935909361	88.711990697937424	88.711990697937424
7674.0897916928361	87.601882352451966	87.601882352451966
5886.0233995443359	76.720423614213288	76.720423614213288
512.2136502582033	22.632137553890118	22.632137553890118
3829.7434542142382	61.88492105686359	61.88492105686359
6444.6149368323631	80.27835908158788	80.27835908158788
8898.6269393077309	94.33253383275428	94.33253383275428
8633.6408093945829	92.917387013381855	92.917387013381855
1545.2190294508853	39.309274089594751	39.309274089594751
5384.7374924107407	73.380770590194416	73.380770590194416
7495.5160411868119	86.576648359628777	86.576648359628777
7535.3242036517531	86.806245188072467	86.806245188072467
839.4003174926595	28.972406139163855	28.972406139163855
7788.6842750898422	88.253522734731916	88.253522734731916
5688.8390071983695	75.424392653824995	75.424392653824995
527.76001813098492	22.973028057506589	22.973028057506589
9595.9588138257786	97.958964948726248	97.958964948726248
4628.6078414193262	68.033872750412542	68.033872750412542
2394.0085840817183	48.928607011458219	48.928607011458219
8148.0908184293385	90.266775828259966	90.266775828259966
8554.4413719028416	92.490223115218186	92.490223115218186
8416.5704136189743	91.741868378723211	91.741868378723211
2055.974231779855	45.342852047261594	45.342852047261594
3027.9295349295039	55.026625690928057	55.026625690928057
1171.074730766599	34.220969167552795	34.220969167552795
7669.3306930835606	87.574714918654237	87.574714918654237
781.43468728301343	27.954153310072073	27.954153310072073
5744.5815978047913	75.79301813363017	75.79301813363017
1273.2391509915847	35.682476805731753	35.682476805731753
9357.6298651178877	96.734843076928016	96.734843076928016
3652.6687139565429	60.437312266153455	60.437312266153455
8209.2009398361279	90.604640829463747	90.604640829463747
9939.9522058711373	99.699308953829444	99.699308953829444
1251.5331762179105	35.377014800826686	35.377014800826686
395.74418450726029	19.893320097642331	19.893320097642331
8444.0803045719986	91.891677014689407	91.891677014689407
4708.8334753899762	68.620940502079804	68.620940502079804
3345.3319756828919	57.83884486815839	57.83884486815839
5248.7454948390978	72.448226305680507	72.448226305680507
2073.0232447310459	45.530465017733412	45.530465017733412
933.2257703759002	30.54874417019299	30.54874417019299
7552.7804996569866	86.906734489664188	86.906734489664188
7314.3184400281216	85.523788737567756	85.523788737567756
6558.971887341565	80.987479818435915	80.987479818435915
8027.5535054759994	89.596615480028035	89.596615480028035
8240.2505047857012	90.775825552763223	90.775825552763223
3845.7878693368684	62.014416624982196	62.014416624982196
6236.6609652815978	78.972532980027921	78.972532980027921
2426.4144551377281	49.258648531376984	49.258648531376984
1861.9912092284812	43.150796159844852	43.150796159844852
80.063398683893737	8.9478153022899249	8.9478153022899249
7570.5838874983947	87.009102325552092	87.009102325552092
694.16878133043213	26.347082975738171	26.347082975738171
9716.0698034211782	98.570126323451461	98.570126323451461
4576.9400119238135	67.653085753155509	67.653085753155509
2252.7716770035549	47.463371951469639	47.463371951469639
2543.2865918972466	50.431008237960569	50.431008237960569
7589.1100500075954	87.115498334151738	87.115498334151738
2016.1249276808335	44.901279800032796	44.901279800032796
4660.7302496954553	68.269541156327207	68.269541156327207
6685.2309104632886	81.763261373695755	81.763261373695755
6202.259103600516	78.754422755807923	78.754422755807923
518.92002606992196	22.779816199212888	22.779816199212888
3349.9009691474739	57.878329011362048	57.878329011362048
9720.411115460789	98.59214530306555	98.59214530306555
8886.5230564385329	94.268356601982475	94.268356601982475
2119.2268112808547	46.035060674238878	46.035060674238878
6604.5434495721565	81.268342234674364	81.268342234674364
7328.5988243810007	85.60723581789685	85.60723581789685
2406.1272067735886	49.052290535443788	49.052290535443788
3436.6754874878252	58.623165109774014	58.623165109774014
326.31084924324773	18.064076207856512	18.064076207856512
3051.6816129456124	55.242027596256932	55.242027596256932
464.74595630957043	21.557967351064672	21.557967351064672
3071.3574503696241	55.419829035911178	55.419829035911178
4465.512777572967	66.824492348037836	66.824492348037836
9807.9030582698415	99.034857793959802	99.034857793959802
5445.1165925969217	73.791033280452993	73.791033280452993
3782.3541677964713	61.500846886823204	61.500846886823204
4239.1232762060654	65.108549947038952	65.108549947038952
4972.0862855686073	70.513022099244949	70.513022099244949
7684.4200818825129	87.660824099950787	87.660824099950787
6368.9355294005809	79.805610889213682	79.805610889213682
6933.9703248162969	83.270464900925688	83.270464900925688
4360.1879885600765	66.031719563858672	66.031719563858672
8958.075716894371	94.647111508457414	94.647111508457414
3272.957404900576	57.209766691541191	57.209766691541191
6572.414990046419	81.07043227987883	81.07043227987883
7310.3565795955528	85.500623270216877	85.500623270216877
9765.4804518785149	98.820445515482845	98.820445515482845
9662.5554065492888	98.298298085721143	98.298298085721143
2852.4649745422976	53.408472872216613	53.408472872216613
8202.9910396724863	90.57036512939807	90.57036512939807
1699.4946274292886	41.224927258023008	41.224927258023008
8018.5304659976509	89.54624763772992	89.54624763772992
8113.0188662223754	90.072297995678866	90.072297995678866
5809.6296856123754	76.220926822050487	76.220926822050487
2820.22100250832	53.105753007638633	53.105753007638633
7364.584418444334	85.817156900262859	85.817156900262859
434.95880713288028	20.85566606783107	20.85566606783107
4774.4515005253597	69.097405888537949	69.097405888537949
6139.9562257675989	78.357872774645941	78.357872774645941
272.88444309857454	16.519214360815546	16.519214360815546
1945.0856594379823	44.103125279712117	44.103125279712117
895.26894307991085	29.921045153535509	29.921045153535509
8315.7349702355823	91.190651769990012	91.190651769990012
6669.2633836168689	81.665558123463953	81.665558123463953
2229.6680682661245	47.219361159021673	47.219361159021673
6853.5043802255359	82.785894814427991	82.785894814427991
1452.250410328119	38.108403408278846	38.108403408278846
6732.1035144481757	82.049396795151253	82.049396795151253
6145.7236890399145	78.394666202745668	78.394666202745668
2746.3894893335996	52.406006233385114	52.406006233385114
7110.3906466145381	84.323132333983764	84.323132333983764
4223.7214779760561	64.990164471064816	64.990164471064816
1788.6962018853685	42.292980527333	42.292980527333
6296.7630100226543	79.35214559180271	79.35214559180271
3198.2950877624917	56.553471049640194	56.553471049640194
2656.9132846975144	51.545254725314088	51.545254725314088
5867.4255337924305	76.599122278211723	76.599122278211723
6078.5637314122669	77.965144336506341	77.965144336506341
8791.971305410596	93.765512345481241	93.765512345481241
5782.3378258312241	76.041684790851548	76.041684790851548
4446.0518995491093	66.678721490060894	66.678721490060894
5547.9201818702932	74.484361995457093	74.484361995457093
948.69243504261567	30.800851206462067	30.800851206462067
541.63803427777987	23.273118275765711	23.273118275765711
9199.0664760902637	95.911764013025348	95.911764013025348
890.93621895208867	29.848554721327609	29.848554721327609
3633.8385362720355	60.281328255704814	60.281328255704814
3330.4073005164105	57.709681168036361	57.709681168036361
5948.5447826932432	77.12680975311531	77.12680975311531
8210.5416826790242	90.612039391457387	90.612039391457387
1397.9982971370002	37.389815419937555	37.389815419937555
6382.7051269992462	79.891833919364032	79.891833919364032
4092.8214523749425	63.975162777244599	63.975162777244599
2789.6305792265725	52.816953520877867	52.816953520877867
1231.8861346428123	35.098235491870703	35.098235491870703
4537.6405831020256	67.362011424110733	67.362011424110733
3562.7832301857202	59.689054525815031	59.689054525815031
1411.1566220212258	37.565364659766395	37.565364659766395
5968.666544891541	77.25714559114607	77.25714559114607
7307.2501539945179	85.482455240794991	85.482455240794991
9688.7297146694873	98.431345183683675	98.431345183683675
455.59988702740401	21.344785944754847	21.344785944754847
6145.2480171815814	78.391632316093421	78.391632316093421
1300.3818062520388	36.060807066010582	36.060807066010582
9789.2284960847683	98.940530098058233	98.940530098058233
9604.777772158599	98.003968144961348	98.003968144961348
1554.1198196314933	39.422326410696428	39.422326410696428
2603.3126157557667	51.022667666006711	51.022667666006711
3797.6739904480423	61.62527071297977	61.62527071297977
2347.2289991114885	48.448209452068383	48.448209452068383
7399.6238620553304	86.021066385248503	86.021066385248503
9103.4553669412871	95.412029466631125	95.412029466631125
2166.5551919339555	46.546269366448215	46.546269366448215
9729.6543167264535	98.639010116314807	98.639010116314807
9466.5442361919086	97.296167633632464	97.296167633632464
8393.7350012508177	91.617329153664031	91.617329153664031
3493.4248581651354	59.105201616821638	59.105201616821638
2399.7912446664282	48.987664209129505	48.987664209129505
5762.5542197439054	75.911489379038699	75.911489379038699
1824.2261517268153	42.710960557295074	42.710960557295074
1396.2570163809603	37.366522669107979	37.366522669107979
8472.1783786033266	92.044436978034298	92.044436978034298
757.09098883341949	27.515286457411623	27.515286457411623
6136.0361843846649	78.332855076172635	78.332855076172635
9617.2259501645585	98.067456121613347	98.067456121613347
7379.2816812675119	85.902745481547399	85.902745481547399
7453.7986887540455	86.33538491692758	86.33538491692758
759.95270208211457	27.567239652930699	27.567239652930699
4993.7855888928198	70.666721933968461	70.666721933968461
6922.8229944718914	83.203503498782382	83.203503498782382
8974.6953785065871	94.734868863088565	94.734868863088565
6527.8461827581432	80.795087615263739	80.795087615263739
1103.4172110547067	33.2177243509351	33.2177243509351
6785.1415206886322	82.371970479578991	82.371970479578991
5880.8993916552517	76.687022315742908	76.687022315742908
2838.0706729560693	53.273545714135352	53.273545714135352
5249.5344416590297	72.45367100195152	72.45367100195152
3694.2946348110904	60.78070939707014	60.78070939707014
7406.5390774068983	86.061251893095871	86.061251893095871
4225.7063524849236	65.005433253574452	65.005433253574452
8171.7912274314467	90.397960305702952	90.397960305702952
3326.3610765522562	57.674613796299113	57.674613796299113
2581.6813680251403	50.810248651479164	50.810248651479164
4948.5326054570278	70.345807305460838	70.345807305460838
5375.8368456447379	73.320098510877202	73.320098510877202
5941.817836900952	77.083187770751621	77.083187770751621
9878.6593698459328	99.391445154228109	99.391445154228109
1983.0639530854596	44.531606226201404	44.531606226201404
647.91381306196104	25.45415119507938	25.45415119507938
1566.1770935873678	39.574955383264403	39.574955383264403
2324.9553969217513	48.217791290370727	48.217791290370727
3874.6618780938284	62.246782070190811	62.246782070190811
195.50840844528295	13.982432136265956	13.982432136265956
750.40501807231499	27.393521461694458	27.393521461694458
7902.8392692802881	88.897914875886087	88.897914875886087
3244.3858937757891	56.959511003657582	56.959511003657582
7875.1488318913307	88.742035315240159	88.742035315240159
1967.4815708980304	44.35630249353558	44.35630249353558
2355.077673085219	48.529142513393111	48.529142513393111
5731.6477765693862	75.707646750968209	75.707646750968209
1676.3837361592032	40.94366539721625	40.94366539721625
4697.6460292290221	68.539375757509077	68.539375757509077
2288.1800094599198	47.834924578804554	47.834924578804554
7290.8270339428291	85.386339855639847	85.386339855639847
9346.8167567334422	96.678936468775049	96.678936468775049
9389.367012020246	96.898746183943189	96.898746183943189
7404.5840381504677	86.049892725967226	86.049892725967226
9253.5247119465657	96.195242667954048	96.195242667954048
1450.5351829466179	38.085892177374788	38.085892177374788
3258.8644028858939	57.086464270314501	57.086464270314501
4569.2459989559729	67.596198110218992	67.596198110218992
463.14227158433778	21.520740498048337	21.520740498048337
8673.0487323971502	93.129204508559781	93.129204508559781
5115.8512642882133	71.525179232828307	71.525179232828307
783.04581623778904	27.982955816671495	27.982955816671495
8695.5335945232309	93.249845010719625	93.249845010719625
1610.4154840908816	40.12998235846711	40.12998235846711
3898.1710282311237	62.435334773116445	62.435334773116445
1075.2761162274007	32.791403084153025	32.791403084153025
1727.137561549544	41.558844564659687	41.558844564659687
110.20878627441408	10.498037258193271	10.498037258193271
4882.6857179807139	69.876217112696608	69.876217112696608
1192.7988876465929	34.536920645109532	34.536920645109532
961.24017316821369	31.003873518775258	31.003873518775258
865.35562589362917	29.416927540000319	29.416927540000319
8340.0563822639615	91.323909149050124	91.323909149050124
3128.4053265269622	55.932149310811951	55.932149310811951
268.27670222919124	16.379154502879299	16.379154502879299
8538.0400221658711	92.401515259036046	92.401515259036046
8542.2030828366533	92.424039528883682	92.424039528883682
937.69784957618378	30.621852484397213	30.621852484397213
507.37787626275315	22.525049972480709	22.525049972480709
3183.7585043130789	56.42480398116664	56.42480398116664
2346.46330831355	48.440306649664699	48.440306649664699
8293.443500991285	91.068345219353162	91.068345219353162
2007.3762061256025	44.803752143381949	44.803752143381949
2193.6381797230492	46.836291267809081	46.836291267809081
484.82395642070173	22.018718319209722	22.018718319209722
6247.0255006146263	79.038126879466375	79.038126879466375
1808.5810739681779	42.527415557122417	42.527415557122417
5046.9316442167892	71.041759861484209	71.041759861484209
7522.466040018463	86.732151132198169	86.732151132198169
6331.478473470509	79.570587992489465	79.570587992489465
5615.4636783029755	74.936397553545206	74.936397553545206
909.29753799144862	30.154560815761329	30.154560815761329
679.8057470672901	26.073084724813253	26.073084724813253
1058.5297042264872	32.53505346893543	32.53505346893543
4825.472793422523	69.465623105407488	69.465623105407488
4097.7348504321744	64.013552084165539	64.013552084165539
9170.7317752242743	95.763937759598605	95.763937759598605
1494.3024332028403	38.656208210361768	38.656208210361768
4772.2111177610059	69.081192214386448	69.081192214386448
3381.318540590883	58.149106103111187	58.149106103111187
8049.6140626350098	89.719641454003877	89.719641454003877
2749.2631560433069	52.433416406365389	52.433416406365389
7364.7837245937508	85.818318117950497	85.818318117950497
