# arg	result	expected
34.153371033502737	0.39323568563173167	0.39323568563173167
-95.853704647720193	-0.99938305020163065	-0.99938305020163065
0.67958268144587919	0.62846847375152115	0.62846847375152115
-86.540401706388536	0.9892729062579676	0.9892729062579676
-29.345433191666245	0.87772777918635281	0.87772777918635281
-56.308769126456184	0.23760416860189701	0.23760416860189701
56.604590047409033	0.055893139708295833	0.055893139708295833
-24.57483940800013	0.52940733686988539	0.52940733686988539
90.928305264599942	0.17694508688953703	0.17694508688953703
68.453670588984636	-0.61419682157899935	-0.61419682157899935
-89.392151586149296	-0.98975881674567445	-0.98975881674567445
-77.494397868277531	-0.86513449385021102	-0.86513449385021102
62.485060165671655	-0.33988339271760454	-0.33988339271760454
46.88725789862346	0.23442972599777484	0.23442972599777484
-98.110941422296236	0.66056356393644389	0.66056356393644389
81.441148442802302	-0.23795570098227484	-0.23795570098227484
-14.426123939655184	-0.95854160284424439	-0.95854160284424439
6.3217215356487628	0.038526691198101301	0.038526691198101301
-29.455734739251014	0.92513872619506665	0.92513872619506665
-51.665359969788142	-0.98542890372038605	-0.98542890372038605
64.639023980155059	0.9721933609878044	0.9721933609878044
10.230522883112258	-0.72134675699861139	-0.72134675699861139
8.9882435661485118	0.4228014012581201	0.4228014012581201
-65.958016344698947	-0.015428768492718258	-0.015428768492718258
51.382258169261092	0.89869100011720182	0.89869100011720182
91.351246354768165	-0.2426139511620462	-0.2426139511620462
25.69383227122843	0.53211027292546609	0.53211027292546609
-7.2210163516015768	-0.80627697785675068	-0.80627697785675068
98.559759181240224	-0.92090148628371393	-0.92090148628371393
56.082768354737567	-0.44922653191002143	-0.44922653191002143
4.7987071524830895	-0.99627689912590556	-0.99627689912590556
68.393760178071972	-0.66034509182157608	-0.66034509182157608
18.439085985345031	-0.39904027222277688	-0.39904027222277688
24.980262212091134	-0.15188885071814165	-0.15188885071814165
21.514225364219058	0.45904789780080141	0.45904789780080141
-85.452898565105471	0.58906146186701625	0.58906146186701625
54.552424174911692	-0.91085422604364941	-0.91085422604364941
-32.37131892286736	-0.81654032374697405	-0.81654032374697405
-47.717445433941919	0.55931201747824943	0.55931201747824943
61.526324198455853	-0.96502241782634757	-0.96502241782634757
-46.039490875100263	-0.88402260690730761	-0.88402260690730761
29.988699272776159	-0.98971165222299606	-0.98971165222299606
21.586258836623884	0.39391741637115107	0.39391741637115107
-43.958054031865267	0.024240743731852147	0.024240743731852147
-77.287937653246203	-0.9495753361695235	-0.9495753361695235
-35.463589189289266	0.78708562808563187	0.78708562808563187
-12.509700142220382	0.056640143738447009	0.056640143738447009
16.690427477498829	-0.83186746785679899	-0.83186746785679899
32.165613877002102	0.68140995767623003	0.68140995767623003
-88.326615664977311	-0.35416530088640286	-0.35416530088640286
47.790442668609899	-0.61828036359937188	-0.61828036359937188
-83.738250573008486	-0.88418716029000377	-0.88418716029000377
38.921581080800053	0.93994503559048981	0.93994503559048981
-43.355095496652417	0.58688131330918247	0.58688131330918247
75.185555544357243	-0.21106867990246184	-0.21106867990246184
-22.850886508814526	0.75767155499097827	0.75767155499097827
94.067132458696989	-0.17966622935123219	-0.17966622935123219
35.469671999068851	-0.79082318688722475	-0.79082318688722475
-79.037250210410633	0.47717197220806534	0.47717197220806534
15.007329441229203	0.64470233521712128	0.64470233521712128
-30.056701258925088	0.9777022069838105	0.9777022069838105
-11.019896213400102	0.99970423654230545	0.99970423654230545
22.411683547435061	-0.40824887198314097	-0.40824887198314097
87.337575077643919	-0.58673359430882677	-0.58673359430882677
-96.403535111936378	-0.83373462738052251	-0.83373462738052251
-96.8565419621833	-0.50797331521036637	-0.50797331521036637
6.6306417910676032	0.3405073912177653	0.3405073912177653
61.539172113724618	-0.96157455974644568	-0.96157455974644568
-73.797635389798558	0.99955625209740506	0.99955625209740506
-57.496985815758741	-0.81243599348646889	-0.81243599348646889
-36.208099842884124	0.99681891859300109	0.99681891859300109
70.619222949419196	0.99778225717358104	0.99778225717358104
45.822039636802771	0.96405145346563914	0.96405145346563914
-51.938954861849389	-0.99473344082008563	-0.99473344082008563
2.8919703195739146	0.2470380163561384	0.2470380163561384
15.1324415114684	0.54427257066198231	0.54427257066198231
67.740850520369037	-0.98073473330825367	-0.98073473330825367
98.697099584878856	-0.96559644723269678	-0.96559644723269678
96.661452484373399	0.6653180642426556	0.6653180642426556
17.660879963818616	-0.92787606025223823	-0.92787606025223823
-55.300396975762411	0.94843794187076402	0.94843794187076402
-80.914857032175561	0.69365572149714605	0.69365572149714605
-44.57108666962479	-0.55535477795210519	-0.55535477795210519
59.755445748979042	-0.065139177117754202	-0.065139177117754202
-77.940782700921346	-0.56384463757655312	-0.56384463757655312
-75.56418911764365	-0.16520457363740126	-0.16520457363740126
-89.042899300386267	-0.88115763868661168	-0.88115763868661168
-89.055731604662313	-0.88715232745379646	-0.88715232745379646
74.745343939793514	-0.60747641260448837	-0.60747641260448837
41.007403477006932	-0.16592799851666687	-0.16592799851666687
-25.656128452861239	-0.49981677987827305	-0.49981677987827305
61.143122194976371	-0.99305377755209434	-0.99305377755209434
-67.684864767346753	0.99012890861433478	0.99012890861433478
24.433114710847079	-0.64393198742547242	-0.64393198742547242
-75.477226684655278	-0.078920841619591009	-0.078920841619591009
-90.698450562951962	-0.39653230572641118	-0.39653230572641118
46.962827813646356	0.16036654227645039	0.16036654227645039
60.611929279456461	-0.79661154143725799	-0.79661154143725799
-71.941693004949542	-0.30975754751412088	-0.30975754751412088
-90.734720593165363	-0.36298217110136338	-0.36298217110136338
-38.615948556608139	-0.7936812599847235	-0.7936812599847235
-26.094927166327111	-0.8204432890292479	-0.8204432890292479
19.37209924761936	0.49908567558156991	0.49908567558156991
-96.767174925612508	-0.58282212056209859	-0.58282212056209859
77.465881663446993	0.87908284256524449	0.87908284256524449
49.818534171550027	-0.43221560583933039	-0.43221560583933039
-24.412783233931307	0.65935309163000255	0.65935309163000255
-19.984242718635713	-0.90640191683601734	-0.90640191683601734
-28.143205427233511	-0.13075299289423503	-0.13075299289423503
30.873226780477438	-0.51644971881683277	-0.51644971881683277
60.15029959422688	-0.44398321039612199	-0.44398321039612199
73.612226675363502	-0.97693355911915958	-0.97693355911915958
24.164391806751411	-0.82395151911159403	-0.82395151911159403
50.180365927024496	-0.085013791925203142	-0.085013791925203142
34.515522990476086	0.041983855452363279	0.041983855452363279
-84.414971188962056	-0.39680224801645581	-0.39680224801645581
49.036123622836101	-0.94227430655527056	-0.94227430655527056
7.1293982695993918	0.74877564284349862	0.74877564284349862
-19.487664701895625	-0.59567743501602755	-0.59567743501602755
-38.840214810774853	-0.90909353657753089	-0.90909353657753089
-93.861386774161844	0.37684964797497694	0.37684964797497694
-72.236246353965768	-0.020383266870490965	-0.020383266870490965
-8.8655311009173943	-0.53054794549176032	-0.53054794549176032
58.494392688006371	0.93053377264588333	0.93053377264588333
63.620024182238467	0.70906482977976992	0.70906482977976992
16.757758260844938	-0.86732120176716088	-0.86732120176716088
78.313427732270611	0.22445975297940016	0.22445975297940016
72.976748051001181	-0.65947264258724358	-0.65947264258724358
43.234348761450264	-0.68013618545787868	-0.68013618545787868
10.493277014459764	-0.87647887575961603	-0.87647887575961603
40.932032551674382	-0.091201149562344624	-0.091201149562344624
76.220422923660038	0.73264442683729436	0.73264442683729436
57.915568302875926	0.97928516878951355	0.97928516878951355
-8.8707842760129552	-0.52608776576917637	-0.52608776576917637
-55.698026809971864	0.75170327005234272	0.75170327005234272
13.450737417507071	0.77351383509200933	0.77351383509200933
70.981614110481985	0.95657524771981006	0.95657524771981006
6.0065158758714148	-0.27315326056580325	-0.27315326056580325
91.75690775022511	-0.60576006258902371	-0.60576006258902371
-26.209463991565258	-0.88040841858943808	-0.88040841858943808
90.122015496051375	0.83281373418358196	0.83281373418358196
36.843594843998147	-0.75491007964098278	-0.75491007964098278
-57.72320064544882	-0.92250964345241004	-0.92250964345241004
24.267109887871285	-0.76150462492127957	-0.76150462492127957
74.37501812361387	-0.85378132339467039	-0.85378132339467039
-71.40231278686349	-0.75412336102154465	-0.75412336102154465
17.032759703447397	-0.96989431009181892	-0.96989431009181892
9.5070317834447593	-0.082161103383752807	-0.082161103383752807
52.111651121788441	0.96232402379446591	0.96232402379446591
-85.952828152098178	0.90433815249834792	0.90433815249834792
29.455790432348294	-0.92515986748683299	-0.92515986748683299
-42.617493172369606	0.97885849283572346	0.97885849283572346
-51.78857012231893	-0.99886215763562336	-0.99886215763562336
-77.776464878842461	-0.69134683103432071	-0.69134683103432071
-26.909845046129504	-0.97879398557620478	-0.97879398557620478
-79.883681927270842	0.97436153022625327	0.97436153022625327
48.741801876020361	-0.99889025858380898	-0.99889025858380898
-97.311529595189043	-0.077764075554204601	-0.077764075554204601
33.620763737558093	0.80564025754845159	0.80564025754845159
14.231866351568939	0.9955193608584415	0.9955193608584415
63.304606259713353	0.45533922086884393	0.45533922086884393
93.036832707729815	-0.93594985611596893	-0.93594985611596893
59.158606206535893	0.5069599144044058	0.5069599144044058
-8.1251554057408413	-0.96345715069533788	-0.96345715069533788
-6.9423094570778403	-0.61242470212049938	-0.61242470212049938
-49.700458190993857	0.53543631101453026	0.53543631101453026
-76.334569915619326	-0.80539776463159285	-0.80539776463159285
83.110102868672328	0.98992042527791979	0.98992042527791979
29.573729367320624	-0.96339630231543461	-0.96339630231543461
-90.63717079823148	-0.45200890211053524	-0.45200890211053524
79.159408703697949	-0.58070334607529994	-0.58070334607529994
68.468036038158573	-0.60279730231222495	-0.60279730231222495
-49.416764725929156	0.75043351214644971	0.75043351214644971
-39.415883170875134	-0.98936455530540657	-0.98936455530540657
88.289641079859138	0.31935311598781313	0.31935311598781313
-72.41695665299531	0.15963965953500234	0.15963965953500234
-81.786482486227214	-0.10488025668087	-0.10488025668087
59.212752255453466	0.45956749719088791	0.45956749719088791
-76.0546884137093	-0.61032018861303305	-0.61032018861303305
79.960494499173137	-0.98875341232213521	-0.98875341232213521
-14.698413735565069	-0.84659217267484999	-0.84659217267484999
-41.04531078126584	0.20318167274849369	0.20318167274849369
-37.387131024552232	0.30694443671708443	0.30694443671708443
96.173753265088294	0.93758483566910777	0.93758483566910777
9.2627600896652496	0.16130997831454494	0.16130997831454494
3.8945683949749252	-0.68381305569219153	-0.68381305569219153
72.844105396838955	-0.55426059721151355	-0.55426059721151355
-78.128798283075042	-0.39954280222662436	-0.39954280222662436
-58.455387246587307	-0.94410640229431619	-0.94410640229431619
-11.89137248938583	0.62489585288025651	0.62489585288025651
35.044345566869737	-0.46782333131313952	-0.46782333131313952
-87.751105902153128	0.21187038600157668	0.21187038600157668
22.450125270160214	-0.44303093971214957	-0.44303093971214957
-98.859131909613978	0.99490013547693334	0.99490013547693334
-53.080040688344816	-0.32123604586976351	-0.32123604586976351
-48.906067539688834	0.97774201324051802	0.97774201324051802
38.69951984707771	0.84169136026520153	0.84169136026520153
-50.845613971862761	-0.54813393895756535	-0.54813393895756535
-36.733429891292516	0.82243704008458296	0.82243704008458296
-47.856995856123554	0.66918096510090985	0.66918096510090985
-51.969748930302536	-0.99110607506154458	-0.99110607506154458
-93.072013379344952	0.9229849818165291	0.9229849818165291
-89.316071908760236	-0.97604589863472924	-0.97604589863472924
35.37022928497916	-0.72615311887274414	-0.72615311887274414
21.351723303366015	0.59673435567599475	0.59673435567599475
18.428151491610961	-0.40904241993445561	-0.40904241993445561
-97.182977595526836	-0.20493242431254968	-0.20493242431254968
-62.125807705597893	0.64882963828022744	0.64882963828022744
-88.119597277253902	-0.15438304034359882	-0.15438304034359882
-32.406575103110896	-0.83638166499649169	-0.83638166499649169
88.263809521329961	0.29477038754542961	0.29477038754542961
-91.144370148487482	0.038173916821471782	0.038173916821471782
-98.444230223251949	0.86983016182894746	0.86983016182894746
-38.97263961367328	-0.95614012118042979	-0.95614012118042979
94.476627744095964	0.22685584166725051	0.22685584166725051
-85.815841391691947	0.83758074474959998	0.83758074474959998
68.387179005839045	-0.66527296798597146	-0.66527296798597146
11.898579855401309	-0.61925282201439069	-0.61925282201439069
79.406993216712863	-0.76250546890867354	-0.76250546890867354
-7.5980763369810802	-0.96743454217941272	-0.96743454217941272
42.154741927877012	-0.96721812574550714	-0.96721812574550714
-42.957242998663062	0.85474229825308778	0.85474229825308778
68.280327519354699	-0.7411024161735057	-0.7411024161735057
97.83787117720604	-0.43361339776711849	-0.43361339776711849
-17.901868588876866	0.81206809125933199	0.81206809125933199
83.45954628446114	0.97858175881265097	0.97858175881265097
11.02892424531629	-0.99944394170008444	-0.99944394170008444
51.522518256819524	0.9511796574886231	0.9511796574886231
46.405659975939244	0.65805281405219784	0.65805281405219784
30.944548017145024	-0.45411489828158708	-0.45411489828158708
56.662992600163534	0.11407595744524171	0.11407595744524171
12.628336110106702	0.061925848306992819	0.061925848306992819
97.441786538640997	-0.052390281410022083	-0.052390281410022083
-19.624573571056288	-0.69972868442418379	-0.69972868442418379
-38.902544826525755	-0.93327755948740443	-0.93327755948740443
-56.112783046912845	0.42221256031881177	0.42221256031881177
85.758477568983125	-0.80488159826770822	-0.80488159826770822
-79.786427794874029	0.94791068919897703	0.94791068919897703
92.93973060341699	-0.96568004878614244	-0.96568004878614244
22.383437766476462	-0.38230471092266133	-0.38230471092266133
34.899958293482285	-0.33578557453644581	-0.33578557453644581
31.376360563178082	-0.039555650329042076	-0.039555650329042076
63.558736598804416	0.66454408441307766	0.66454408441307766
36.789263343440325	-0.78941074792610078	-0.78941074792610078
-20.49488706083126	-0.99722356657879652	-0.99722356657879652
26.355976336419062	0.94020617111413551	0.94020617111413551
97.934785347667656	-0.51877128770341097	-0.51877128770341097
34.971815921972933	-0.40254625915233483	-0.40254625915233483
63.210860655916832	0.36999866537584164	0.36999866537584164
72.244704816357	0.01192593349009052	0.01192593349009052
10.44366932256726	-0.85152727492713265	-0.85152727492713265
73.438864176448902	-0.92545436617014365	-0.92545436617014365
-46.40387309871776	-0.65939723089126057	-0.65939723089126057
62.502824266790611	-0.32312408412857746	-0.32312408412857746
79.599945834710695	-0.87241878150412078	-0.87241878150412078
-34.06622235100123	-0.4717697353124593	-0.4717697353124593
-53.354753121048617	-0.05229812054704204	-0.05229812054704204
56.783926015194652	0.23309413013621022	0.23309413013621022
18.82575549501631	-0.023798179586622115	-0.023798179586622115
-30.293160204699475	0.90130223853619773	0.90130223853619773
-1.7359290800464322	-0.9863965416233651	-0.9863965416233651
-88.731043161600979	-0.69358145413792893	-0.69358145413792893
90.846773528558572	0.25651364802353865	0.25651364802353865
92.276634413743409	-0.92092508268588369	-0.92092508268588369
-89.938525503300468	-0.91983569195494108	-0.91983569195494108
11.69980680623965	-0.76210868127003562	-0.76210868127003562
90.451542609046811	0.60887715339343917	0.60887715339343917
47.799660291580636	-0.62549865631211721	-0.62549865631211721
-49.30689594684641	0.81838008579166044	0.81838008579166044
21.811356853578957	0.17882465610438825	0.17882465610438825
-97.524708572084819	0.13492355421028671	0.13492355421028671
9.8161243926008268	-0.38143339712859264	-0.38143339712859264
78.936217311146862	-0.38610090254062479	-0.38610090254062479
26.004078378786929	0.76519048333181106	0.76519048333181106
-24.92802872441473	0.20328567567631117	0.20328567567631117
26.337252850425656	0.93366441584600146	0.93366441584600146
95.89055856535532	0.99741036889745738	0.99741036889745738
-70.519430454366869	-0.9861867312859639	-0.9861867312859639
79.775561398999969	-0.94439345320503698	-0.94439345320503698
45.126061559952092	0.9101990511871787	0.9101990511871787
-7.0856502657427001	-0.71907126299546331	-0.71907126299546331
-45.099158992460808	-0.89872877204871426	-0.89872877204871426
-64.916046554093995	-0.87108106079343717	-0.87108106079343717
-66.370122284223982	0.3863551053121918	0.3863551053121918
7.530643077662674	0.94817993179266691	0.94817993179266691
-68.837591132331823	0.27390141329068435	0.27390141329068435
43.546238060689802	-0.42237062144596399	-0.42237062144596399
11.192939129284269	-0.98058669954919175	-0.98058669954919175
-45.260831178863768	-0.95759451472201162	-0.95759451472201162
68.314646546185173	-0.71762902835757358	-0.71762902835757358
-68.247635200919873	0.76265186206066815	0.76265186206066815
-56.95664523086387	-0.39675360614596056	-0.39675360614596056
-5.6491973999950318	0.5923624034097098	0.5923624034097098
-65.802087352759742	-0.17052098393757131	-0.17052098393757131
-15.590477943310034	-0.11721523999992971	-0.11721523999992971
-31.580728450138835	-0.1640569323405888	-0.1640569323405888
-11.784549704875474	0.70457276175304395	0.70457276175304395
75.456339217852644	0.058082823843176354	0.058082823843176354
-4.306383007202669	0.91870555986896063	0.91870555986896063
-67.422854736925984	0.99264160193456175	0.99264160193456175
1.0111129099889666	0.84742323317575374	0.84742323317575374
1.1558521200931295	0.91513881436632138	0.91513881436632138
-68.054157023139609	0.87278601373387077	0.87278601373387077
74.54848725631652	-0.75110642718253495	-0.75110642718253495
-64.387167535136555	-0.99988015834573951	-0.99988015834573951
-94.212751895301537	0.035020550011048548	0.035020550011048548
-42.605668155234341	0.98120867267022127	0.98120867267022127
53.039925489745912	0.35895648053801937	0.35895648053801937
84.270685954320243	0.52466001046006827	0.52466001046006827
-59.277253180489957	-0.40136552174992496	-0.40136552174992496
-40.519015985514152	-0.31616890601938979	-0.31616890601938979
55.584892019277532	-0.82135118927572226	-0.82135118927572226
-80.776063015346466	0.78663881349482301	0.78663881349482301
49.356690725515676	-0.78876159416984493	-0.78876159416984493
-41.736390192167775	0.78063781315590342	0.78063781315590342
-32.284489311273106	-0.76340138734774643	-0.76340138734774643
27.415277532247146	0.75722655298963037	0.75722655298963037
-21.973637146192743	-0.017510533969165892	-0.017510533969165892
62.780079185310512	-0.051750759296653785	-0.051750759296653785
-99.531714551659746	0.84106571792706242	0.84106571792706242
56.882399087670535	0.32757075402443703	0.32757075402443703
-42.22860650876774	0.98332140473172314	0.98332140473172314
-4.1541120906498463	0.84816914515475883	0.84816914515475883
36.970725921528242	-0.66566599690047701	-0.66566599690047701
-12.045916654586023	0.49727404162974931	0.49727404162974931
-8.0206743119073565	-0.98613891606085002	-0.98613891606085002
19.569423972023898	0.65928546583036507	0.65928546583036507
-92.062662020938262	0.81716486358200857	0.81716486358200857
-34.896744070177249	0.33275624468651893	0.33275624468651893
24.018647099187859	-0.89751167564707413	-0.89751167564707413
-16.379586217908098	0.62225727199073622	0.62225727199073622
43.493426595407527	-0.46962904163875063	-0.46962904163875063
23.838382644950357	-0.96203378833085251	-0.96203378833085251
-9.9146842241921433	0.47054317924154188	0.47054317924154188
-67.194868000998397	0.93958716528187203	0.93958716528187203
-23.319234351962976	0.97069010254907484	0.97069010254907484
-91.652239824966614	0.51931814160365464	0.51931814160365464
1.1325597699484575	0.90550137609704395	0.90550137609704395
58.222475295324756	0.99469903593580755	0.99469903593580755
-94.168134592587151	0.079560839394001437	0.079560839394001437
-16.642625336587543	0.80439836230488193	0.80439836230488193
59.962511934656419	-0.2689007048089434	-0.2689007048089434
12.557787695391511	-0.0085828135891197442	-0.0085828135891197442
-23.847249971699199	0.95957583536142677	0.95957583536142677
69.535550619929126	0.40822812109239742	0.40822812109239742
60.098121364603173	-0.39664664695194313	-0.39664664695194313
58.953564884536689	0.67184399014133123	0.67184399014133123
-3.3684301190201609	0.22489713496272704	0.22489713496272704
-17.790584164052575	0.87185234221205377	0.87185234221205377
49.489491713670532	-0.70042354000546481	-0.70042354000546481
-91.515594442061513	0.39806585291429025	0.39806585291429025
6.0975462530147126	-0.18457464542907501	-0.18457464542907501
72.330674626643599	-0.073975955857938341	-0.073975955857938341
88.010652754036812	0.046042170660691481	0.046042170660691481
-72.10961344095729	-0.1464885530769485	-0.1464885530769485
38.792475825384372	0.88817768740905045	0.88817768740905045
1.5415501728050884	0.99957236172096142	0.99957236172096142
-42.002582301654002	0.91755137369788409	0.91755137369788409
79.459756653274951	-0.79556545935270007	-0.79556545935270007
-81.976482817033769	-0.29081048400481763	-0.29081048400481763
95.027077664939753	0.70278022537344365	0.70278022537344365
-25.012617083071376	0.11983545923650731	0.11983545923650731
27.884505789856775	0.38002941065705081	0.38002941065705081
49.657067196884157	-0.57156781274798718	-0.57156781274798718
-46.995154206953082	-0.12838030539134537	-0.12838030539134537
-15.893156093899734	0.18413606572420224	0.18413606572420224
-98.86055449740887	0.99504261783303771	0.99504261783303771
-41.332669136325173	0.47235844491875195	0.47235844491875195
-96.791971800108712	-0.56249507602320958	-0.56249507602320958
18.916432433995212	0.0668266730935968	0.0668266730935968
36.025643608631583	-0.9947338682153678	-0.9947338682153678
-8.7956297991359804	-0.58845623544253234	-0.58845623544253234
-74.283738265675908	0.89768416260123696	0.89768416260123696
98.607644207191214	-0.93850411602111106	-0.93850411602111106
-45.232437551257135	-0.94902888157705123	-0.94902888157705123
0.75605491578687634	0.68605655235220464	0.68605655235220464
83.365219501049864	0.99362069161328581	0.99362069161328581
-56.153424927237893	0.38503231552592287	0.38503231552592287
27.459357914370287	0.72770911555755013	0.72770911555755013
50.169977020010123	-0.09536031485170357	-0.09536031485170357
-45.422980583848997	-0.99154725258257359	-0.99154725258257359
-50.697820202474347	-0.41899459155467789	-0.41899459155467789
34.038009645913775	0.49645445060584142	0.49645445060584142
-15.016841074723587	-0.63740226829223734	-0.63740226829223734
75.508604096192613	0.11015640376151974	0.11015640376151974
42.093264143347795	-0.94978862353962556	-0.94978862353962556
-6.0275294588164883	0.25287999472733935	0.25287999472733935
50.573620686357941	0.30328508167430079	0.30328508167430079
-75.299038431385597	0.099022708703272441	0.099022708703272441
23.430639218597165	-0.99139178741267064	-0.99139178741267064
-30.049800552690215	0.97912803853907371	0.97912803853907371
45.869669279670404	0.95030698902289834	0.95030698902289834
14.878420412971408	0.7376227779191975	0.7376227779191975
90.525143650161965	0.54889632315620729	0.54889632315620729
-75.904019321693269	-0.48450360703076734	-0.48450360703076734
-18.537734999177474	0.30679225522772335	0.30679225522772335
66.026408853159268	-0.052938370163923151	-0.052938370163923151
-57.523819503720269	-0.82778702977574758	-0.82778702977574758
57.528716251368053	0.83052437772968257	0.83052437772968257
96.882137895257813	0.48576169113159279	0.48576169113159279
74.028389461693905	-0.97987498404910434	-0.97987498404910434
-22.799017666303115	0.72281627277517646	0.72281627277517646
-58.296524183716954	-0.98436577074472653	-0.98436577074472653
13.631719216682654	0.87495777428544064	0.87495777428544064
52.071278419819521	0.97251442618337225	0.97251442618337225
-93.987238294562474	0.25760363378689272	0.25760363378689272
17.282159291648313	-0.99999422103604496	-0.99999422103604496
-9.7090548640089338	0.28046344961936159	0.28046344961936159
39.756932445754302	0.8837294028525986	0.8837294028525986
72.70090756328986	-0.42980475662132611	-0.42980475662132611
-92.376674934491533	0.95524532111751581	0.95524532111751581
93.235789212615629	-0.84788877944644014	-0.84788877944644014
92.363909065853278	-0.95139125536032143	-0.95139125536032143
93.037792545865187	-0.93561143404955971	-0.93561143404955971
-45.419301147545276	-0.99106314931345851	-0.99106314931345851
-87.622124052997222	0.33581490965491467	0.33581490965491467
-42.560544361637255	0.98891355750979282	0.98891355750979282
-97.678480184829837	0.28509728463947609	0.28509728463947609
-75.39661942220016	0.0016042632667382817	0.0016042632667382817
-66.755407916782247	0.70467301285223471	0.70467301285223471
47.799741502387292	-0.62556201697082081	-0.62556201697082081
-54.246074629817784	0.74397496338755909	0.74397496338755909
-70.173767003272957	-0.87173323738998509	-0.87173323738998509
-36.866511896634549	0.73968351586111869	0.73968351586111869
69.234002118607066	0.11868333495471532	0.11868333495471532
-98.767485046230192	0.98149388907848722	0.98149388907848722
42.445165494317905	-0.99943339848238799	-0.99943339848238799
26.8039037587167	0.99496753924444503	0.99496753924444503
-34.194727716693478	-0.35488538788771595	-0.35488538788771595
-1.8984945001807887	-0.94678572747959533	-0.94678572747959533
20.270077198008906	0.98872993752810234	0.98872993752810234
-42.212960095576754	0.98035544683928888	0.98035544683928888
-52.642795978379844	-0.69201679767934587	-0.69201679767934587
33.953672412921264	0.56781316957081318	0.56781316957081318
-51.676917909073197	-0.98732890596069089	-0.98732890596069089
-19.28537254817023	-0.42215083499728279	-0.42215083499728279
-18.075160494338576	0.69928402797210609	0.69928402797210609
62.500263655882293	-0.32554627321186458	-0.32554627321186458
5.6335803620027889	-0.60487186177471974	-0.60487186177471974
-66.048672922238808	0.075156263498388345	0.075156263498388345
72.809144570068781	-0.52482842789884743	-0.52482842789884743
-35.20701000827431	0.60478097638705031	0.60478097638705031
-57.970620981089908	-0.98894329964811467	-0.98894329964811467
52.103777754072127	0.96443498477296841	0.96443498477296841
-32.723110914880323	-0.96545511478082768	-0.96545511478082768
13.243605706623057	0.626640706462117	0.626640706462117
96.425353290995673	0.82148990604731342	0.82148990604731342
5.4308962634482185	-0.75278916585481359	-0.75278916585481359
8.5987459845401162	0.7352476456435566	0.7352476456435566
39.966488269433967	0.76704087065564575	0.76704087065564575
-80.088712027799204	0.99976019059674981	0.99976019059674981
-76.883763139690174	-0.99636783368517878	-0.99636783368517878
83.682339757835024	0.90890969830678947	0.90890969830678947
25.532862086919138	0.38952965723887534	0.38952965723887534
86.16354214909498	-0.97360804088029451	-0.97360804088029451
20.10561410327314	0.95087747328934336	0.95087747328934336
80.623094659505057	-0.87153016821932527	-0.87153016821932527
-1.2911169576966728	-0.96114399706980735	-0.96114399706980735
-91.825917963844049	0.65918241970025504	0.65918241970025504
-79.639964563552724	0.89127458401550685	0.89127458401550685
-67.005359809000026	0.85828282445285264	0.85828282445285264
-3.8008369292616919	0.61251966060049501	0.61251966060049501
-56.935571344168849	-0.37732268978713213	-0.37732268978713213
55.13140580415029	-0.98823673420017044	-0.98823673420017044
39.515514725574377	0.96999002259829081	0.96999002259829081
-46.499363859833828	-0.58471276528869665	-0.58471276528869665
54.050083156958209	-0.59960547679344001	-0.59960547679344001
-88.937854832222882	-0.8267245024151062	-0.8267245024151062
-59.774598586466759	0.084238221945754643	0.084238221945754643
55.154156115230251	-0.98450205358111076	-0.98450205358111076
94.610237345188949	0.3545733557234661	0.3545733557234661
-68.842036040718085	0.26962379641285905	0.26962379641285905
3.0446938782680633	0.096747210042428186	0.096747210042428186
61.396180247840135	-0.9908847013619716	-0.9908847013619716
-66.339189349767764	0.35764383292518848	0.35764383292518848
-15.855939166802358	0.1474364550447918	0.1474364550447918
-94.04285113383952	0.20349713092546401	0.20349713092546401
61.213084713451423	-0.99884956274651371	-0.99884956274651371
-3.5422446148640603	0.39001875560362542	0.39001875560362542
-7.7047464074469048	-0.98888507508894508	-0.98888507508894508
-11.914462662998403	0.6067041924580735	0.6067041924580735
64.490772579907684	0.99611966455778067	0.99611966455778067
17.04807295074022	-0.97350962608607405	-0.97350962608607405
19.908314834029554	0.87174807762264228	0.87174807762264228
-90.581454085284349	-0.50098183178759392	-0.50098183178759392
-24.149488376144404	0.83230488575846995	0.83230488575846995
53.768736330478845	-0.35382847649220617	-0.35382847649220617
-28.194728373554383	-0.079521458213698368	-0.079521458213698368
27.91132386871999	0.35508969534452556	0.35508969534452556
8.2482136550314351	0.9232918167323616	0.9232918167323616
-78.76653808614661	0.22478437885948971	0.22478437885948971
64.260084102130349	0.98985476896902647	0.98985476896902647
99.286281110009753	-0.94729490200500066	-0.94729490200500066
56.72835707760612	0.17872389733482424	0.17872389733482424
-81.731127135091967	-0.04969766129588285	-0.04969766129588285
-84.522009535997171	-0.2964678608380073	-0.2964678608380073
-80.324553816539009	0.97720174941426008	0.97720174941426008
21.216433268217898	0.6995126562620243	0.6995126562620243
85.130625305010369	-0.30279470706230405	-0.30279470706230405
-25.840986964183188	-0.65050240136929949	-0.65050240136929949
70.350881842694747	0.94442580575095469	0.94442580575095469
-96.114599921324299	-0.9565039269669896	-0.9565039269669896
-3.621158992107965	0.46139447659933103	0.46139447659933103
-85.865926306668257	0.86388105879784638	0.86388105879784638
-80.306290473244019	0.98091610794577144	0.98091610794577144
15.584636557154383	0.12301432597560974	0.12301432597560974
7.7621728197991331	0.99578853022382208	0.99578853022382208
-31.587000395067193	-0.17024063055431682	-0.17024063055431682
-48.223676816574681	0.89111072964739757	0.89111072964739757
80.829419343737214	-0.75259205242596117	-0.75259205242596117
64.369530151593267	0.99945160786881215	0.99945160786881215
32.539675678481018	0.90172754803188226	0.90172754803188226
-69.485107261482852	-0.3616796521522988	-0.3616796521522988
-38.466057254432087	-0.69393907261120613	-0.69393907261120613
99.282294932503333	-0.94856439582655316	-0.94856439582655316
-14.42791393400725	-0.95803000391483262	-0.95803000391483262
82.26779243951313	0.55335224932794791	0.55335224932794791
39.372178004557156	0.99477499691680482	0.99477499691680482
12.10826579397289	-0.44224913029069968	-0.44224913029069968
-82.715218375213823	-0.85925390573196025	-0.85925390573196025
-16.795345955041768	0.88541341007104435	0.88541341007104435
44.288080372226119	0.30104015691579361	0.30104015691579361
-97.942706808954497	0.52552710139047587	0.52552710139047587
-94.763378369422412	-0.49305585868906315	-0.49305585868906315
26.795620245919352	0.99576338393401798	0.99576338393401798
17.057651759506356	-0.9756550880548629	-0.9756550880548629
-43.385021776891556	0.56239164894267091	0.56239164894267091
-43.19505482357188	0.70840959840089901	0.70840959840089901
-1.6311462939207502	-0.99817949337633249	-0.99817949337633249
68.201283751032577	-0.79180255631480434	-0.79180255631480434
32.99937409865791	0.99991997418165601	0.99991997418165601
-99.054251933396813	0.99557742577731589	0.99557742577731589
81.091943994689274	-0.55591638892242079	-0.55591638892242079
23.274597664013925	-0.95899906619606579	-0.95899906619606579
20.363659159411228	0.99839337722475008	0.99839337722475008
86.926065061922031	-0.86165876554357146	-0.86165876554357146
73.3173328711691	-0.87269837676491502	-0.87269837676491502
73.333213691879195	-0.88034197058208674	-0.88034197058208674
23.64952252751587	-0.99616753022345406	-0.99616753022345406
-27.422992940036792	-0.75216472872538354	-0.75216472872538354
-23.33233006208367	0.97375413064179528	0.97375413064179528
82.306346460881315	0.58504656028313395	0.58504656028313395
82.40519930175364	0.66222950423425941	0.66222950423425941
11.535134133091844	-0.85793489752817553	-0.85793489752817553
1.8468810733622831	0.96213007184742261	0.96213007184742261
-64.972344689271637	-0.84206536698955836	-0.84206536698955836
-7.8654951210528878	-0.99993372053982177	-0.99993372053982177
-84.343721660772133	-0.46114040727164896	-0.46114040727164896
-4.3853371412649551	0.94699356179161498	0.94699356179161498
-3.2450819208344512	0.10330463730950709	0.10330463730950709
-62.771507263336488	0.060309189078075989	0.060309189078075989
66.205777409923314	-0.23024718462766036	-0.23024718462766036
-46.78574399292873	-0.33173847446777438	-0.33173847446777438
61.989069826633852	-0.74649794608342035	-0.74649794608342035
88.870415670072532	0.78693223774755361	0.78693223774755361
19.603506723161118	0.68452419028730016	0.68452419028730016
71.75449826844843	0.48129612340586969	0.48129612340586969
-51.887009441489383	-0.99871347615904005	-0.99871347615904005
28.705771875852577	-0.41817745785093713	-0.41817745785093713
-75.504335652184551	-0.1059129457520005	-0.1059129457520005
30.534272115871318	-0.77179193923442146	-0.77179193923442146
95.369521262063699	0.90085788486536111	0.90085788486536111
-70.691261277055077	-0.99998527619817779	-0.99998527619817779
35.312909549129301	-0.68557290425643602	-0.68557290425643602
-79.964159959350098	0.98929495664897937	0.98929495664897937
4.2075776250989065	-0.87526572656963408	-0.87526572656963408
-27.526216491260115	-0.68026006888511281	-0.68026006888511281
-13.202474116846872	-0.59406555163399	-0.59406555163399
86.217157508352699	-0.98443959565166761	-0.98443959565166761
25.895787812573886	0.69112651821333082	0.69112651821333082
-86.655658863329407	0.9659099066223038	0.9659099066223038
-4.2510569947187946	0.8954603703038041	0.8954603703038041
58.372064647462594	0.96826575824937589	0.96826575824937589
20.477876005562251	0.99834596485042415	0.99834596485042415
77.642071669474973	0.78192298317388986	0.78192298317388986
69.71232610132526	0.56240185991662217	0.56240185991662217
99.455009928833192	-0.88004406692355097	-0.88004406692355097
-82.619298138004638	-0.80631134501166879	-0.80631134501166879
41.531977713027374	-0.63751862906184165	-0.63751862906184165
-84.733360767390479	-0.089520876400337762	-0.089520876400337762
-85.944299763202139	0.90066525011093135	0.90066525011093135
-76.315796708573984	-0.79412896640824349	-0.79412896640824349
31.847518014432922	0.41831687337230855	0.41831687337230855
-93.889680489309029	0.35049456883556251	0.35049456883556251
57.172008544169614	0.58375090157861653	0.58375090157861653
-87.862872569843802	0.10154639701810216	0.10154639701810216
-10.780101228082387	0.97687535887026955	0.97687535887026955
-81.080509864255674	0.56538432830848884	0.56538432830848884
-39.767560920027812	-0.87870547482264982	-0.87870547482264982
-77.802766023989079	-0.67210673234918183	-0.67210673234918183
-9.2164000740073675	-0.20687314939276369	-0.20687314939276369
75.966329845608158	0.5380366557533498	0.5380366557533498
-70.029716857220649	-0.79236648497628814	-0.79236648497628814
-91.694033292539785	0.55457016902094947	0.55457016902094947
25.56057976030668	0.41490512940533536	0.41490512940533536
82.326046291451348	0.60090856398537495	0.60090856398537495
72.910842653189093	-0.60853383145433682	-0.60853383145433682
-26.892962947492251	-0.98211259283087349	-0.98211259283087349
60.173893286846436	-0.46499845727655204	-0.46499845727655204
-99.577899987427202	0.81519449794376042	0.81519449794376042
94.959652423698088	0.65325289931616592	0.65325289931616592
80.088602238008065	-0.99975778029695539	-0.99975778029695539
28.111059794318209	0.16254961591416464	0.16254961591416464
-26.974662346055339	-0.96347026977276018	-0.96347026977276018
-29.583816498177654	0.96605141478655543	0.96605141478655543
97.402353948339311	-0.012981322437391073	-0.012981322437391073
-7.9219613801487299	-0.99769026674771533	-0.99769026674771533
86.61867620619347	-0.97482126695179583	-0.97482126695179583
94.867470263765682	0.58078336438183631	0.58078336438183631
-46.655554465038861	-0.4514014994394408	-0.4514014994394408
-79.706691063113183	0.91952677113444126	0.91952677113444126
-43.902643922574057	0.079569025933951557	0.079569025933951557
61.058528737539234	-0.97956120911180389	-0.97956120911180389
73.459616733975594	-0.93311682213086855	-0.93311682213086855
-84.155690032991416	-0.61887653026747191	-0.61887653026747191
85.950775105751859	-0.90345997273043499	-0.90345997273043499
-90.576712839344111	-0.50507953381835968	-0.50507953381835968
50.901698827280825	0.59415634022878694	0.59415634022878694
88.836138914643044	0.76532403304462193	0.76532403304462193
84.8257002465173	-0.0026985963174858203	-0.0026985963174858203
76.580017811092176	0.92528795066846214	0.92528795066846214
15.888777019199324	-0.17983011809673682	-0.17983011809673682
33.536342293569987	0.85272337893815831	0.85272337893815831
-3.7605481973092338	0.5801847833038043	0.5801847833038043
-71.585929271343957	-0.62153588973282281	-0.62153588973282281
78.485841238674539	0.053948897173492667	0.053948897173492667
-57.627481151486755	-0.88139790167036314	-0.88139790167036314
-73.244551428330823	0.83488311386293568	0.83488311386293568
-49.499926827050679	0.69293771359871947	0.69293771359871947
70.273662641437795	0.91625285496889808	0.91625285496889808
81.412512209300615	-0.26566802714661847	-0.26566802714661847
-60.10478123893045	0.40275137933806415	0.40275137933806415
10.301488354540993	-0.7686387360317094	-0.7686387360317094
13.244390830458585	0.62725236678333807	0.62725236678333807
70.749260446326559	0.99798926192359705	0.99798926192359705
92.095496768632103	-0.83564708173725177	-0.83564708173725177
-5.4875746005847361	0.71429114031115792	0.71429114031115792
66.361799644411064	-0.37866542552821031	-0.37866542552821031
6.5221724169319799	0.23671864589841149	0.23671864589841149
-35.797592070726992	0.94580766849338849	0.94580766849338849
-72.020401190346902	-0.23403884831695804	-0.23403884831695804
50.464811669882693	0.19801186968563469	0.19801186968563469
0.56874511337935019	0.53857513385146238	0.53857513385146238
-9.8903412359945264	0.44892619782505677	0.44892619782505677
9.3974892281701869	0.027285345852804368	0.027285345852804368
82.790912641103262	0.89547786661843254	0.89547786661843254
96.926356371832412	0.44664847916059541	0.44664847916059541
-3.6718240102848938	0.50573294386584122	0.50573294386584122
-44.256470319111955	-0.27075108109701523	-0.27075108109701523
-1.4244140354889083	-0.98930522996783954	-0.98930522996783954
-60.170151754903245	0.46168278901749449	0.46168278901749449
-69.351349020290229	-0.23411740263590278	-0.23411740263590278
34.409201433001414	0.14777456807508507	0.14777456807508507
5.454884992009454	-0.73678322965559206	-0.73678322965559206
-45.673533414234747	-0.99275587392791476	-0.99275587392791476
6.8806181661745995	0.56252186226625056	0.56252186226625056
34.461603545082625	0.095768644409123735	0.095768644409123735
6.3344135736752349	0.05120586274434575	0.05120586274434575
57.086062877334342	0.51190001542623387	0.51190001542623387
-98.022691250742298	0.59182334288566241	0.59182334288566241
34.620763461101177	-0.063202118905526766	-0.063202118905526766
-50.620407357539257	-0.34751994710050615	-0.34751994710050615
-21.514965838057194	-0.45838992652509891	-0.45838992652509891
68.905440075259378	-0.20806701165412061	-0.20806701165412061
4.8734906316134214	-0.98705117124610897	-0.98705117124610897
-33.229369117401447	-0.97070555291699245	-0.97070555291699245
-61.977030530637343	0.75445445247736465	0.75445445247736465
-8.1581713978512909	-0.95408994782727363	-0.95408994782727363
15.750073292982862	-0.042097580840764912	-0.042097580840764912
47.367561383603572	-0.24126736108673158	-0.24126736108673158
61.429669785720762	-0.98581846790052019	-0.98581846790052019
-82.514890485152492	-0.74027646865095065	-0.74027646865095065
-37.153509357683035	0.51893319808652949	0.51893319808652949
-27.575804527239384	-0.64309217970145638	-0.64309217970145638
43.885002711994929	-0.097141009339307152	-0.097141009339307152
21.381530342007736	0.57255450389572526	0.57255450389572526
44.499646520052096	0.49457812730787598	0.49457812730787598
-40.79381179265917	-0.046875520302288844	-0.046875520302288844
44.158194929635101	0.17499213448817452	0.17499213448817452
74.755599294089222	-0.59929839611822311	-0.59929839611822311
-20.736389575693579	-0.95047448631828135	-0.95047448631828135
-85.763702960824773	0.80797152831626629	0.80797152831626629
-5.0011654335153821	0.95859303409767338	0.95859303409767338
41.680182013540247	-0.74429428028273481	-0.74429428028273481
1.1622681597659152	0.91770651558055927	0.91770651558055927
-94.783676251611581	-0.51061218901092076	-0.51061218901092076
80.589664351921783	-0.88743243581856701	-0.88743243581856701
55.291322432582604	-0.95127514538074953	-0.95127514538074953
13.262173364840748	0.64100178860907098	0.64100178860907098
76.651899510080341	0.95013727504754275	0.95013727504754275
-7.7307361455530099	-0.99241488323433169	-0.99241488323433169
-81.093751597904358	0.55441293266389058	0.55441293266389058
42.703987111043261	-0.95752995502805427	-0.95752995502805427
-70.866963129310221	-0.98364104526246521	-0.98364104526246521
-38.348678135681034	-0.6048410813967936	-0.6048410813967936
70.964963837329918	0.9612957432551299	0.9612957432551299
-58.552564424532001	-0.90766894487386363	-0.90766894487386363
-59.743662937194195	0.05337714013150921	0.05337714013150921
0.72034799909292246	0.65964625975113533	0.65964625975113533
94.721076595631416	0.45582330848132874	0.45582330848132874
-8.0142325188722623	-0.98718728177442772	-0.98718728177442772
63.045119984451361	0.21165392331950272	0.21165392331950272
55.765916477742394	-0.70523268205537515	-0.70523268205537515
15.890352635923222	-0.18137982475348818	-0.18137982475348818
-17.611571958355981	0.94512727660188012	0.94512727660188012
44.892281461698985	0.78949411080692844	0.78949411080692844
-9.2654431804129729	-0.15866144843056859	-0.15866144843056859
38.460466133570264	0.6899024515523684	0.6899024515523684
29.597030977844696	-0.96938092883790861	-0.96938092883790861
59.105294286448157	0.55217114565077674	0.55217114565077674
49.212009363930036	-0.86914610130698655	-0.86914610130698655
21.227438002232319	0.69160625314366386	0.69160625314366386
-82.407498343009536	-0.66395042663842974	-0.66395042663842974
98.145395271816398	-0.68603333939233735	-0.68603333939233735
58.497658003927484	0.9293330354002366	0.9293330354002366
-69.427472620269029	-0.30737594003837537	-0.30737594003837537
54.757270089918592	-0.97576604096067754	-0.97576604096067754
65.208023573335936	0.69284146988585815	0.69284146988585815
-80.4147211362897	0.95411429391059499	0.95411429391059499
-39.049642576868102	-0.97583945465033362	-0.97583945465033362
42.681778338001237	-0.963696837403064	-0.963696837403064
-21.012837233188691	-0.82955556621696591	-0.82955556621696591
-79.493617568191908	0.81562073312079864	0.81562073312079864
91.849246226051861	-0.67654392887359249	-0.67654392887359249
-57.933726858763563	-0.98280037213378391	-0.98280037213378391
-56.929664990108556	-0.37184637287533812	-0.37184637287533812
-4.1597939473898862	0.85116526244472812	0.85116526244472812
0.99492777316147851	0.83871963625941925	0.83871963625941925
55.795030542336036	-0.68429556038534867	-0.68429556038534867
-12.312382133238955	0.25126647006341907	0.25126647006341907
-91.310679875443427	0.20307067282191407	0.20307067282191407
-67.005994050422032	0.85860812988912971	0.85860812988912971
20.70147621822953	0.96074421589202574	0.96074421589202574
76.923396739638406	0.99895943897746942	0.99895943897746942
38.764105662323857	0.87478593353076473	0.87478593353076473
46.086555857238352	0.86105155369441067	0.86105155369441067
-37.756309312123015	-0.057166286745579491	-0.057166286745579491
66.790226894209042	-0.72894609097583873	-0.72894609097583873
-26.729474689369141	-0.99966365140042535	-0.99966365140042535
-81.255758818694602	0.41291302883236342	0.41291302883236342
80.540742238993829	-0.90891172707179979	-0.90891172707179979
45.540801006147888	0.99992444853089235	0.99992444853089235
56.476107707270586	-0.072496403115027572	-0.072496403115027572
26.428213964419626	0.96233727707112748	0.96233727707112748
-18.345156470846121	0.48328176768625125	0.48328176768625125
-18.434363395691975	0.40336610645668847	0.40336610645668847
-44.148549987992403	-0.16548802390014922	-0.16548802390014922
-93.256364356016718	0.83680167533300776	0.83680167533300776
12.387939763817542	-0.17748555585574669	-0.17748555585574669
5.7508281854859717	-0.50756567620820592	-0.50756567620820592
6.1190498910772959	-0.16339942828055259	-0.16339942828055259
55.168598973401458	-0.98186657367233487	-0.98186657367233487
-84.891484454794238	0.06842929089140988	0.06842929089140988
11.267315518580418	-0.96330499452892604	-0.96330499452892604
-39.051424935076959	-0.97622732973933424	-0.97622732973933424
-13.917605376528456	-0.97599303511781399	-0.97599303511781399
-52.592984923362977	-0.72710128596956269	-0.72710128596956269
86.637899869812316	-0.9703547744744998	-0.9703547744744998
-17.159111360970755	0.99285068513965802	0.99285068513965802
-89.684221105985131	-0.98894517276810567	-0.98894517276810567
69.144517312791237	0.029474664432008711	0.029474664432008711
-51.615855575034388	-0.97580500515521806	-0.97580500515521806
-89.837845209382166	-0.95460823331560118	-0.95460823331560118
61.139729216137141	-0.99264883966049156	-0.99264883966049156
-81.679300858782668	0.0021081329904506303	0.0021081329904506303
54.629962718519891	-0.94008775373959796	-0.94008775373959796
-28.968168629279319	0.63949002806906519	0.63949002806906519
-44.59765382813633	-0.57724981059999336	-0.57724981059999336
33.120903240665342	0.99101131154182265	0.99101131154182265
-12.363565625508983	0.20141762145250897	0.20141762145250897
98.676676071224449	-0.9600844021981062	-0.9600844021981062
-94.384184066128384	-0.13598185754237879	-0.13598185754237879
-96.966041072844021	-0.41079985633700883	-0.41079985633700883
18.058954351126459	-0.71077655637501269	-0.71077655637501269
-63.690208439233452	-0.7567685185617018	-0.7567685185617018
79.132271281267265	-0.55839925511940203	-0.55839925511940203
-56.701999322522113	-0.15273144515465636	-0.15273144515465636
-87.96203924030479	0.0025550574293742544	0.0025550574293742544
46.697031497348434	0.41401305803272587	0.41401305803272587
30.219965640269322	-0.93056788635455234	-0.93056788635455234
82.582483522206189	0.78399439513731073	0.78399439513731073
-2.6953845143183344	-0.4315480452791039	-0.4315480452791039
-1.6065703446859203	-0.99936017806229516	-0.99936017806229516
-11.496439925893242	0.87716722402077618	0.87716722402077618
-34.1953117597632	-0.35433929979389683	-0.35433929979389683
83.624295470762917	0.93156947888987651	0.93156947888987651
97.270884256965218	0.11821094865192186	0.11821094865192186
-85.820486988624566	0.8401096500397861	0.8401096500397861
-34.46870106365408	-0.088701395893621207	-0.088701395893621207
94.209159430949143	-0.038610577012128167	-0.038610577012128167
37.325224011752198	-0.36523742134601944	-0.36523742134601944
12.205531310183829	-0.35305961121814577	-0.35305961121814577
75.790364324693201	0.38216743851420326	0.38216743851420326
37.521212479318109	-0.17696248223031777	-0.17696248223031777
-60.71264947680195	0.85335594093944112	0.85335594093944112
-44.203613443482404	-0.21951400085572828	-0.21951400085572828
-85.505797601052265	0.63096462108964391	0.63096462108964391
29.207249138412294	-0.80335937121270351	-0.80335937121270351
-51.784162720359546	-0.99864226529511968	-0.99864226529511968
-33.85340439621551	-0.64735939205737103	-0.64735939205737103
-87.070630349527477	0.77956059439656444	0.77956059439656444
7.205972133229821	0.7972868437673164	0.7972868437673164
89.921079137975028	0.92653963654930926	0.92653963654930926
-4.700740013991819	0.99993215155823789	0.99993215155823789
-20.616701730104566	-0.98078529192886299	-0.98078529192886299
-11.199274428024481	0.97932476603213081	0.97932476603213081
-7.7352241482639954	-0.99295661357416176	-0.99295661357416176
-15.519351021608017	-0.18749593358554656	-0.18749593358554656
-13.223675889156979	-0.61098581648796402	-0.61098581648796402
-54.93821494066426	0.99921378416077611	0.99921378416077611
-81.672396764537311	0.0090121068018692973	0.0090121068018692973
23.217385623395302	-0.94122441174397065	-0.94122441174397065
53.428283974567165	-0.021207273562459328	-0.021207273562459328
-20.952558221976943	-0.86168977884606379	-0.86168977884606379
-21.377782197173332	-0.57562345389994118	-0.57562345389994118
-80.497839829053106	0.92595970355741031	0.92595970355741031
90.901340518060238	0.20341680902694295	0.20341680902694295
-61.995468896809783	0.74222482865054595	0.74222482865054595
-51.029902046236359	-0.69211818353698473	-0.69211818353698473
-91.844436380060372	0.67299413521688034	0.67299413521688034
44.610573767763412	0.5877513432756819	0.5877513432756819
44.156485600334292	0.17330892559971581	0.17330892559971581
94.185654564393474	-0.06208508885975994	-0.06208508885975994
42.665145761879984	-0.96800421523889169	-0.96800421523889169
-96.924137090179698	-0.44863299004785118	-0.44863299004785118
59.509267490218576	0.18000637095003752	0.18000637095003752
83.893582335925288	0.8012726501324221	0.8012726501324221
-56.741565451052736	-0.19170363846252139	-0.19170363846252139
60.507383628155821	-0.72918019980228976	-0.72918019980228976
33.611728756862618	0.8109596708284611	0.8109596708284611
39.524624335831192	0.96773485254299685	0.96773485254299685
57.063948379671274	0.49277904688075219	0.49277904688075219
58.307110951054227	0.9824459273848557	0.9824459273848557
75.901185783889645	0.48202291687757581	0.48202291687757581
0.80745193965809392	0.72252794140210941	0.72252794140210941
-52.716150671062451	-0.63724988076988764	-0.63724988076988764
-57.516072147325467	-0.82341563502800852	-0.82341563502800852
52.512459555800774	0.77996854607950694	0.77996854607950694
-61.198089683115278	0.99801822947395347	0.99801822947395347
-65.201423455561169	-0.69758562327340878	-0.69758562327340878
-19.640722756672474	-0.71117406009981321	-0.71117406009981321
45.065263901432047	0.88335223748931091	0.88335223748931091
-42.785890947495432	0.93073082966070442	0.93073082966070442
-58.653811212648449	-0.86060131029308029	-0.86060131029308029
57.808938808939331	0.95217319655374011	0.95217319655374011
-48.453623791312161	0.9710849059418194	0.9710849059418194
-76.447538174029376	-0.8670819308212887	-0.8670819308212887
-59.183117178605478	-0.48568203630047146	-0.48568203630047146
-70.291135861592323	-0.9231124097322615	-0.9231124097322615
-65.593883874711494	-0.37051354003829895	-0.37051354003829895
96.027053730652483	0.97834709996113944	0.97834709996113944
73.102852299761679	-0.74878114741906832	-0.74878114741906832
-50.924761077529254	-0.61254680797040995	-0.61254680797040995
-41.987090620935255	0.91128176023764673	0.91128176023764673
74.262411640814719	-0.90687666614584028	-0.90687666614584028
37.944357754606841	0.24279488540541297	0.24279488540541297
88.341657479428761	0.36819155187221342	0.36819155187221342
-28.242798790148768	-0.031529865677254298	-0.031529865677254298
95.57122871435584	0.96956531994991935	0.96956531994991935
-6.82391234239239	-0.51475944013080932	-0.51475944013080932
-89.734013386098894	-0.98033926385258208	-0.98033926385258208
-1.8821808551112014	-0.95191029492751433	-0.95191029492751433
84.141360099263295	0.63006859892562705	0.63006859892562705
25.743094694558735	0.57315714188341382	0.57315714188341382
69.318140816504325	0.20170896514210074	0.20170896514210074
31.53720736793889	0.12098372985680876	0.12098372985680876
17.651837080577536	-0.93121006599864065	-0.93121006599864065
85.147642698369623	-0.31896860743508809	-0.31896860743508809
73.433221460731772	-0.92330185002213727	-0.92330185002213727
38.230377781708626	0.50662519663089234	0.50662519663089234
-82.394108235246961	-0.65387839609757448	-0.65387839609757448
-54.678897812072904	0.95563930020652188	0.95563930020652188
-36.186642311671193	0.99829947465293678	0.99829947465293678
-29.242128729404982	0.82363713686165363	0.82363713686165363
-63.559705234792823	-0.66526758487703064	-0.66526758487703064
-26.936104082309157	-0.97307807842709348	-0.97307807842709348
-65.482216416628717	-0.47171019180271401	-0.47171019180271401
-67.323598816643312	0.97575687440170822	0.97575687440170822
-86.35589901984315	0.99928192060367627	0.99928192060367627
71.733204852331312	0.49985052058333551	0.49985052058333551
-20.119646185539992	-0.95512759519084967	-0.95512759519084967
-46.92455144052078	-0.1980208393665788	-0.1980208393665788
91.270028197339087	-0.16310920203177132	-0.16310920203177132
2.1148269902053585	0.85562941058112996	0.85562941058112996
-5.0875686987010624	0.93044178100332697	0.93044178100332697
50.278686834537325	0.013203993394518807	0.013203993394518807
87.978467614315065	0.013872868775044123	0.013872868775044123
86.983460214868217	-0.83112854755919641	-0.83112854755919641
-72.235738553111943	-0.020890959573573252	-0.020890959573573252
-1.9550298773858117	-0.92708600750204018	-0.92708600750204018
31.9703296810616	0.52643593918723897	0.52643593918723897
17.744991041907809	-0.89326867903601226	-0.89326867903601226
-10.746888912218949	0.96923682770595765	0.96923682770595765
97.943616448566672	-0.52630078419466264	-0.52630078419466264
-96.757248772066575	-0.59085926606653805	-0.59085926606653805
8.902115538673641	0.49918887500890058	0.49918887500890058
-20.105554066803634	-0.95085888623652748	-0.95085888623652748
-58.396131333445517	-0.96197112574596511	-0.96197112574596511
-70.905822751032858	-0.97590005813872638	-0.97590005813872638
-99.296366277303278	0.94401586907550161	0.94401586907550161
-19.08200740427192	-0.23036376245396814	-0.23036376245396814
74.980516989635646	-0.40566539259536605	-0.40566539259536605
69.537975936062026	0.41044094075875248	0.41044094075875248
92.857235866192752	-0.98379844116690596	-0.98379844116690596
-25.056283624668637	0.076383133619485566	0.076383133619485566
8.7794905322726322	0.60142809772159556	0.60142809772159556
-75.226955741521166	0.17043187965275408	0.17043187965275408
-5.1409328115793755	0.90957182002084369	0.90957182002084369
71.164143453846719	0.88777463877574492	0.88777463877574492
-17.051131561689132	0.974204410615508	0.974204410615508
65.610227163856507	0.35528464495915374	0.35528464495915374
49.932689055631585	-0.32668443707992223	-0.32668443707992223
94.422683179139909	0.17401318102815219	0.17401318102815219
-43.984893192565252	-0.0025960393921711641	-0.0025960393921711641
-37.224605064103265	0.45689977370072082	0.45689977370072082
-58.769383623277278	-0.7961324941923632	-0.7961324941923632
-71.458359651319299	-0.71615067944167843	-0.71615067944167843
76.468601703745634	0.87738193699981271	0.87738193699981271
-31.319184386057671	0.096591318107264845	0.096591318107264845
-7.5513339727184388	-0.95455070413317	-0.95455070413317
43.029318617977822	-0.81514445591786477	-0.81514445591786477
2.1933007903853508	0.81242072432042478	0.81242072432042478
54.772763452793811	-0.97903899660587235	-0.97903899660587235
30.902986939523373	-0.49074065055498589	-0.49074065055498589
11.511761232734003	-0.86970749752432985	-0.86970749752432985
34.289570429074331	0.26475395191288842	0.26475395191288842
-28.549011386354877	0.27123654460900559	0.27123654460900559
1.4668272442062573	0.99460008179585879	0.99460008179585879
80.256869085900718	-0.98932358182218505	-0.98932358182218505
7.7698453848950066	0.99646263325880979	0.99646263325880979
49.461807972635228	-0.71991128054561604	-0.71991128054561604
93.541272335825198	-0.6491810486440327	-0.6491810486440327
-30.172096061139243	0.94702118185956996	0.94702118185956996
87.067261243884928	-0.78166632726991381	-0.78166632726991381
-33.540960709023196	-0.85030180515657494	-0.85030180515657494
19.788737856401141	0.80707534521579871	0.80707534521579871
-92.22199912453793	0.89826799074808683	0.89826799074808683
96.053929183441056	0.97243202911614235	0.97243202911614235
-8.3018527342480581	-0.90137105915104909	-0.90137105915104909
38.373018485015876	0.62404335114792664	0.62404335114792664
96.051765710325697	0.97293424567971087	0.97293424567971087
6.2719126757490216	-0.011272392692366103	-0.011272392692366103
6.1679901180487775	-0.11494058607107767	-0.11494058607107767
-44.051545849206477	-0.069193366553759267	-0.069193366553759267
60.870872716245572	-0.92483907859510206	-0.92483907859510206
39.319371186686226	0.99877695437194869	0.99877695437194869
6.3300939968616916	0.046891488397827814	0.046891488397827814
-2.6102032165064486	-0.50673166898373678	-0.50673166898373678
-95.884797460225997	-0.99780815592958061	-0.99780815592958061
-93.381815023319604	0.76172057758416245	0.76172057758416245
-91.455191174049673	0.34196222899407136	0.34196222899407136
37.661635766414406	-0.037467305026971792	-0.037467305026971792
-99.21082300692585	0.9687503084331921	0.9687503084331921
13.988441113962068	0.98896068524650149	0.98896068524650149
-49.443469149011676	0.7325178686866386	0.7325178686866386
85.137649776042423	-0.30948189449438951	-0.30948189449438951
7.5150949695099882	0.94312536420226445	0.94312536420226445
10.171828387819687	-0.67947762833761094	-0.67947762833761094
93.989467145883623	-0.25544936661682455	-0.25544936661682455
-56.806827954863124	-0.25530214409222818	-0.25530214409222818
16.00209461337559	-0.28990860998098711	-0.28990860998098711
61.562315217954307	-0.95496382852754869	-0.95496382852754869
-27.778701165174738	-0.4755883274284346	-0.4755883274284346
-87.084983162031662	0.77049105707145837	0.77049105707145837
99.628254937848766	-0.78500857993284445	-0.78500857993284445
65.127570959960622	0.74855143509921562	0.74855143509921562
-15.062990449547158	-0.60117671748316914	-0.60117671748316914
-45.260914723377077	-0.95761858216890205	-0.95761858216890205
68.326383566438977	-0.70940582610583847	-0.70940582610583847
-69.856096894339657	-0.67506921404305031	-0.67506921404305031
45.094785383507485	0.89680233333915582	0.89680233333915582
39.77456786805763	0.87533906429804054	0.87533906429804054
-41.552583271091201	0.65325741066108545	0.65325741066108545
11.631359140267222	-0.80460589158623086	-0.80460589158623086
80.154125535199086	-0.99905346448979704	-0.99905346448979704
-7.2856880335315708	-0.8428205768812409	-0.8428205768812409
77.292536491720966	0.94812338479211	0.94812338479211
21.753230800281926	0.23567956822609429	0.23567956822609429
-94.117761244646687	0.12965235069560466	0.12965235069560466
53.679437996580333	-0.26900797028709261	-0.26900797028709261
69.435711488005097	0.31520542823780084	0.31520542823780084
-14.399892609452792	-0.96568567290894691	-0.96568567290894691
-70.999748232939581	-0.95113242485534044	-0.95113242485534044
77.065121513268963	0.99538580365890206	0.99538580365890206
-81.882320316126041	-0.19956240518257373	-0.19956240518257373
-75.526132356388644	-0.12756017774000278	-0.12756017774000278
68.628133025842089	-0.46789313036076435	-0.46789313036076435
5.5416890244728307	-0.67539211413111744	-0.67539211413111744
33.266327471359034	0.96116463181344447	0.96116463181344447
-99.817797185300805	0.65423278193148171	0.65423278193148171
-67.862882787963983	0.9496621201171811	0.9496621201171811
6.9350256388191553	0.60665043828268961	0.60665043828268961
1.1116920194543525	0.89644977909703782	0.89644977909703782
49.480425392416123	-0.70686554708061555	-0.70686554708061555
69.73328028721383	0.5796033903081198	0.5796033903081198
-58.66762965947683	-0.85348192123415656	-0.85348192123415656
-84.476871180441307	-0.3392603151784932	-0.3392603151784932
63.956532511369232	0.90212932961523185	0.90212932961523185
43.510987651212901	-0.45405340456476112	-0.45405340456476112
14.12893847266821	0.999966146344202	0.999966146344202
-24.467951797278772	0.61689341911476236	0.61689341911476236
22.687318106707551	-0.64128326442411487	-0.64128326442411487
15.76379038633479	-0.05579812381354772	-0.05579812381354772
-51.765290758905614	-0.99748140805834939	-0.99748140805834939
85.721991780219838	-0.78269876709358566	-0.78269876709358566
-58.555810099729008	-0.90630199905963993	-0.90630199905963993
58.336568652228209	0.97652522830078348	0.97652522830078348
72.187274340612362	0.06930110032316604	0.06930110032316604
11.132451987827039	-0.99064686425193749	-0.99064686425193749
-29.548693970112311	0.95638358371851018	0.95638358371851018
-9.2745785430028889	-0.14963530802083871	-0.14963530802083871
16.658884531243004	-0.8139510428092136	-0.8139510428092136
65.498152583731212	0.45759911626491501	0.45759911626491501
96.392698963496116	0.83966890699350671	0.83966890699350671
73.551406117900427	-0.96214738081316942	-0.96214738081316942
1.4989599990249616	0.99742088041235855	0.99742088041235855
-80.424925696993554	0.9510089890246417	0.9510089890246417
39.038884760621187	0.97343257084670887	0.97343257084670887
-84.766131759424482	-0.056839237842326459	-0.056839237842326459
67.787391118223013	-0.97058461863078249	-0.97058461863078249
29.385744859957327	-0.89632520132917837	-0.89632520132917837
-15.95953782613222	0.24892926092056811	0.24892926092056811
-95.51529711724649	-0.95436239887680152	-0.95436239887680152
46.248533108895856	0.76777209374634592	0.76777209374634592
-89.343860634522031	-0.98171413310711919	-0.98171413310711919
-2.204735239969807	-0.80570065598359275	-0.80570065598359275
3.1554112777857313	-0.013818184412346632	-0.013818184412346632
30.767649599485651	-0.60381380502543869	-0.60381380502543869
90.349831860016252	0.68627491562703213	0.68627491562703213
45.608523585731177	0.99846414482885382	0.99846414482885382
76.073166442199351	0.62485262494975591	0.62485262494975591
-52.871842616398872	-0.51004103348209351	-0.51004103348209351
55.314448688107831	-0.94389058386704539	-0.94389058386704539
26.042132242520921	0.78912983062355879	0.78912983062355879
76.289439977852567	0.77783672117382219	0.77783672117382219
-6.0328760739552934	0.24770356733294613	0.24770356733294613
-17.407377708240801	0.99174008658154	0.99174008658154
-0.050281961457329771	-0.05026077635914783	-0.05026077635914783
81.056039274558458	-0.58539706123664093	-0.58539706123664093
46.573835572552014	0.52273346167076862	0.52273346167076862
-67.199151554064656	0.94104484259079957	0.94104484259079957
-26.370348429689798	-0.94500412042147741	-0.94500412042147741
60.070617510567274	-0.37125206480446521	-0.37125206480446521
55.574261172201574	-0.82736874107681035	-0.82736874107681035
-1.5421873852223769	-0.99959079214260771	-0.99959079214260771
65.451441919772947	0.49861808007767688	0.49861808007767688
-71.146910436617219	-0.89557441049004327	-0.89557441049004327
-19.484829187481878	-0.5933974908819396	-0.5933974908819396
42.763896231631918	-0.93854863837376368	-0.93854863837376368
65.73272785809371	0.23839985688076332	0.23839985688076332
-46.458442389347809	-0.61741114893421811	-0.61741114893421811
95.562996062845201	0.96751686304817419	0.96751686304817419
57.190249561294905	0.59846344612361957	0.59846344612361957
-80.644960091605185	0.86060115555964234	0.86060115555964234
58.905467627082402	0.70667858880407874	0.70667858880407874
21.607382723285198	0.37441504444950102	0.37441504444950102
82.198612679288175	0.49445150340024929	0.49445150340024929
49.853764449201833	-0.40018436007730063	-0.40018436007730063
33.280325542497337	0.95720746477329977	0.95720746477329977
-59.728616918030383	0.038347095367631603	0.038347095367631603
-62.827356546091352	0.0044965105521785021	0.0044965105521785021
-34.443145278015066	-0.114124712867122	-0.114124712867122
-10.037459735241342	0.57506350859035349	0.57506350859035349
34.239461956229405	0.31272182513511337	0.31272182513511337
29.563424056015663	-0.96058253470067478	-0.96058253470067478
-60.287474292619301	0.56234079617963073	0.56234079617963073
28.871537487750743	-0.56233230468092754	-0.56233230468092754
17.464796681575947	-0.98274495353864755	-0.98274495353864755
17.741657327955068	-0.89476229414221309	-0.89476229414221309
82.944932543463722	0.95316199028006443	0.95316199028006443
15.738204382047982	-0.03023650493405998	-0.03023650493405998
26.881193568449476	0.98426063265515118	0.98426063265515118
-29.434263361519385	0.91677494475348154	0.91677494475348154
26.038960057182365	0.7871774233988611	0.7871774233988611
-74.440657710627804	0.81779318135882706	0.81779318135882706
1.9172498104148303	0.94058289538418682	0.94058289538418682
27.392333496853041	0.77201188385902586	0.77201188385902586
-43.204496969494031	0.70171383752918304	0.70171383752918304
-47.052374766770164	-0.071454093239483221	-0.071454093239483221
-47.80011740933282	0.62585524575825935	0.62585524575825935
-28.073812737406115	-0.19918006049412709	-0.19918006049412709
30.648992788582433	-0.69393067406251518	-0.69393067406251518
89.54372024715687	0.99996530891717628	0.99996530891717628
-87.001017385224444	0.82123775583855207	0.82123775583855207
63.180190935418352	0.34133596895499424	0.34133596895499424
-34.793225749334638	0.23353006691864731	0.23353006691864731
-8.7718803841791697	-0.60749057573106668	-0.60749057573106668
54.719664903086766	-0.96684948872276899	-0.96684948872276899
76.401705014872334	0.84334685178028146	0.84334685178028146
81.997604193677063	0.31095264182772758	0.31095264182772758
89.256631004535478	0.96139748416679249	0.96139748416679249
97.585961148151313	-0.19532506347759537	-0.19532506347759537
-29.120394604198765	0.74867472556112813	0.74867472556112813
-47.235396344605071	0.11127561106417175	0.11127561106417175
-48.437688300930702	0.96715742152394235	0.96715742152394235
7.6170805282323784	0.97206992503090339	0.97206992503090339
-79.610654402818795	0.8776025705641004	0.8776025705641004
-67.364532859097451	0.9838957142244964	0.9838957142244964
-59.344992748288803	-0.33844856271790624	-0.33844856271790624
-99.195761504858439	0.97237611388367451	0.97237611388367451
-55.419500842033017	0.90405643493017973	0.90405643493017973
79.237104053275232	-0.64214084907363667	-0.64214084907363667
40.450123687247412	0.38072554686117549	0.38072554686117549
93.404641120966318	-0.74673427235062151	-0.74673427235062151
-3.4258884993163861	0.28048163179379126	0.28048163179379126
-50.942510963613842	-0.62647969883956978	-0.62647969883956978
94.202089685988852	-0.045674026553868506	-0.045674026553868506
69.438426703362182	0.31778106625061564	0.31778106625061564
-57.461884216968997	-0.79147373631813212	-0.79147373631813212
-65.600419757793773	-0.36443496443148282	-0.36443496443148282
-43.719150942116322	0.26011973852144188	0.26011973852144188
-30.44111419834546	0.82759656342280341	0.82759656342280341
63.364818142662102	0.50808939933095909	0.50808939933095909
82.534602859590422	0.75338446763519873	0.75338446763519873
19.237765506599104	0.37853183564619353	0.37853183564619353
66.847991146194005	-0.76725203910897277	-0.76725203910897277
86.193562795697716	-0.98001982807839871	-0.98001982807839871
-20.039426145002565	-0.92832072670066623	-0.92832072670066623
16.079111292233719	-0.36268552786667985	-0.36268552786667985
86.568718830666199	-0.98474031527052253	-0.98474031527052253
47.81467997869683	-0.63714640264335787	-0.63714640264335787
96.00464105395713	0.98273976807281338	0.98273976807281338
13.162355855632939	0.56132440840559972	0.56132440840559972
67.092231216451637	-0.89957063824481498	-0.89957063824481498
-10.805958550448921	0.9820767340788864	0.9820767340788864
-89.1766194082673	-0.93632898488245864	-0.93632898488245864
-16.23825875970067	0.50578827150336947	0.50578827150336947
22.663231799232108	-0.62261751455870262	-0.62261751455870262
77.267132163558472	0.95589268403919614	0.95589268403919614
-18.71597676454553	0.13318226039913109	0.13318226039913109
-55.521717366328097	0.85572501272373869	0.85572501272373869
-26.747862673301299	-0.99901780279388885	-0.99901780279388885
62.405774500895518	-0.41330316158987124	-0.41330316158987124
69.724923033459021	0.57277291356589854	0.57277291356589854
37.617917075923003	-0.081105582586239011	-0.081105582586239011
-80.05234936888283	0.99830317415998027	0.99830317415998027
-39.715587565198028	-0.90231800603427204	-0.90231800603427204
83.78074494872547	0.86354441664010706	0.86354441664010706
-7.612311586620109	-0.97093964583542758	-0.97093964583542758
-43.022983159716219	0.81879793543697554	0.81879793543697554
-14.84585642870357	-0.75921546079706093	-0.75921546079706093
55.049021542645647	-0.99746989891408333	-0.99746989891408333
-59.641044485947297	-0.049196066127545297	-0.049196066127545297
-67.731713156775058	0.9824786988899451	0.9824786988899451
-67.532931816818561	0.99993603996985403	0.99993603996985403
83.157829788429609	0.99554993394510838	0.99554993394510838
-41.188936050864896	0.34123604240114364	0.34123604240114364
94.303318653338977	0.05551049755849527	0.05551049755849527
-63.134751720650506	-0.29828814629955752	-0.29828814629955752
-44.476587398327005	-0.47440697218508365	-0.47440697218508365
35.234631761395292	-0.62654522062854534	-0.62654522062854534
37.113366654526402	-0.55282050165425733	-0.55282050165425733
67.169395711635303	-0.93056389216398783	-0.93056389216398783
74.230704407772777	-0.91977990787255948	-0.91977990787255948
97.218604166306733	0.16993932179504601	0.16993932179504601
33.956475377633808	0.56550366073574732	0.56550366073574732
0.43912240197481367	0.42514529287034031	0.42514529287034031
-53.801006502424279	0.38382164721657913	0.38382164721657913
-96.361327102128513	-0.8562909628818629	-0.8562909628818629
60.094101016001559	-0.39295288644143517	-0.39295288644143517
-28.24404259352616	-0.030286656637689709	-0.030286656637689709
98.769189282186687	-0.98181881362761581	-0.98181881362761581
-11.878308522377196	0.63504138406779354	0.63504138406779354
94.344511312390239	0.096580921798344974	0.096580921798344974
-30.32822993406883	0.88555927538140544	0.88555927538140544
-50.323237483992827	-0.057722923551579639	-0.057722923551579639
14.810162820723846	0.78195775191963413	0.78195775191963413
-71.163804880064447	-0.88793042608234318	-0.88793042608234318
-92.112103102713647	0.84465274885492592	0.84465274885492592
52.793188063587422	0.57604913504496036	0.57604913504496036
91.170113663179905	-0.063883177233088256	-0.063883177233088256
55.221323792377149	-0.97051155417446466	-0.97051155417446466
2.4415341108482238	0.6442624620922287	0.6442624620922287
-65.817079259469779	-0.15573003882080508	-0.15573003882080508
28.496817595404309	-0.22065279675378061	-0.22065279675378061
93.287051197890747	-0.81960910852049007	-0.81960910852049007
27.581643207472524	0.63861004778502384	0.63861004778502384
-76.562766430233197	-0.91860774001641443	-0.91860774001641443
41.277478870186428	-0.42301886332624955	-0.42301886332624955
-84.913965102785781	0.090838063833069055	0.090838063833069055
-34.778833116494965	0.21951169235065224	0.21951169235065224
-45.269398615876554	-0.96002778472107819	-0.96002778472107819
95.17007731115973	0.79699151372012322	0.79699151372012322
-99.352544127529811	0.92400329841121398	0.92400329841121398
-77.460465611376009	-0.88165160087436045	-0.88165160087436045
-37.286695695822218	0.40082406129353187	0.40082406129353187
-10.577307745678482	0.91379440376467447	0.91379440376467447
-52.02718616272557	-0.98183246438152705	-0.98183246438152705
84.498171622761646	0.3191477035194536	0.3191477035194536
-25.136746246602243	-0.0040050071770456669	-0.0040050071770456669
21.412320880630901	0.547042970674816	0.547042970674816
-65.255243717570295	-0.65803186605327524	-0.65803186605327524
83.084073660394182	0.9858991367329184	0.9858991367329184
-71.483261478868641	-0.6985503206819349	-0.6985503206819349
13.099054243153205	0.50784697193374428	0.50784697193374428
51.94842352221778	0.99371836639637345	0.99371836639637345
-19.757835627344249	-0.78844674872779075	-0.78844674872779075
-49.62793728333331	0.59522463850218588	0.59522463850218588
-46.380930495559305	-0.67647031202650443	-0.67647031202650443
82.3605645563309	0.62813618873178501	0.62813618873178501
-55.541594188508867	0.84527177080393756	0.84527177080393756
-6.6131022359688387	-0.32396443839398092	-0.32396443839398092
7.1989746020441743	0.79304364451670606	0.79304364451670606
-12.710818281429965	-0.14394587100258396	-0.14394587100258396
-56.792094184242337	-0.24102943606048979	-0.24102943606048979
-35.975454805454305	0.98833953335181046	0.98833953335181046
-16.874565543157445	0.9194196574234661	0.9194196574234661
-89.146422422441333	-0.92530084401416124	-0.92530084401416124
27.280489355824329	0.83812924771966735	0.83812924771966735
-75.014568361776981	0.37431255433014693	0.37431255433014693
7.8661434077222907	0.99992604654119055	0.99992604654119055
15.194215445763717	0.49144470194690892	0.49144470194690892
5.9954178364425985	-0.28381220676939634	-0.28381220676939634
89.170618833323573	0.93420519481618347	0.93420519481618347
-59.039506543675053	-0.60578638100765458	-0.60578638100765458
22.365697047251714	-0.36585234163207114	-0.36585234163207114
28.110344805757109	0.16325505378425739	0.16325505378425739
-86.312623912434134	0.99670719457029222	0.99670719457029222
50.532715316271975	0.26406352878154815	0.26406352878154815
-53.142829783203567	-0.26118086517733163	-0.26118086517733163
60.448523371900421	-0.6876613326776998	-0.6876613326776998
16.305677237721966	-0.56275425748369989	-0.56275425748369989
1.2068004328395858	0.93448170514340811	0.93448170514340811
-9.0543370812981578	-0.36202644079433594	-0.36202644079433594
-35.238950144223821	0.62990505123522245	0.62990505123522245
-24.394028561696985	0.67333669823766085	0.67333669823766085
75.847487587782325	0.43430259868329729	0.43430259868329729
-40.365098067478634	-0.45787765611501313	-0.45787765611501313
-36.319172270681712	0.98184206903865745	0.98184206903865745
96.305636973097478	0.88371219736433448	0.88371219736433448
-61.082947815019274	0.9841804908613011	0.9841804908613011
-71.619110471880873	-0.59520485997889538	-0.59520485997889538
-18.381137782820247	0.45147538198716092	0.45147538198716092
-97.497090684876213	0.10751023029129732	0.10751023029129732
67.927516789706488	-0.92744499111556633	-0.92744499111556633
3.0321131920766788	0.10926089358449795	0.10926089358449795
29.176414557620546	-0.78461858161656228	-0.78461858161656228
42.206468523930255	-0.97905440888481265	-0.97905440888481265
-84.274329886515346	-0.52155441137350544	-0.52155441137350544
-77.122740233182554	-0.9882082941474255	-0.9882082941474255
-14.906039116845989	-0.71869533110162398	-0.71869533110162398
67.036166743046181	-0.8736824808414051	-0.8736824808414051
56.243315115493459	-0.30062952982097602	-0.30062952982097602
-96.580113456922348	-0.72377592223433507	-0.72377592223433507
-0.36323286557434642	-0.35529801574579994	-0.35529801574579994
39.38041838733875	0.99389995777836659	0.99389995777836659
16.776757318327569	-0.87662086092017921	-0.87662086092017921
-67.915263859836145	0.93195735753637254	0.93195735753637254
87.690352154989114	-0.27081748080255719	-0.27081748080255719
-11.22373581055497	0.97408388071029128	0.97408388071029128
23.942318860039464	-0.92852586192541009	-0.92852586192541009
-42.55695740959986	0.98943982949269349	0.98943982949269349
86.560763816994466	-0.98609355518814057	-0.98609355518814057
-11.761217892910508	0.72093648754431561	0.72093648754431561
84.498760252221217	0.31858980118715391	0.31858980118715391
96.178976597450458	0.93575560532391799	0.93575560532391799
-59.099483189548216	-0.55700668571204015	-0.55700668571204015
11.134973984777446	-0.99029958590939604	-0.99029958590939604
-26.626336723900408	-0.9970214955561123	-0.9970214955561123
50.371741668607882	0.10605936155084167	0.10605936155084167
-40.71947877929005	-0.12092901985468581	-0.12092901985468581
-55.120247656520533	0.98988161598226276	0.98988161598226276
13.630483643398449	0.87435884293299515	0.87435884293299515
-95.833104425942622	-0.99989446332442045	-0.99989446332442045
-89.237634698963674	-0.95599725161987714	-0.95599725161987714
39.856510112771559	0.83282642464142076	0.83282642464142076
-3.5022331407776051	0.35287359090314457	0.35287359090314457
-42.67683775444474	0.96500420075609827	0.96500420075609827
50.845091453652913	0.54769683484706644	0.54769683484706644
8.0789163742388155	0.97480866485540874	0.97480866485540874
-56.142374897384911	0.39520670810905967	0.39520670810905967
-69.83041163544118	-0.65589921445467014	-0.65589921445467014
48.660255576170726	-0.9994073270122068	-0.9994073270122068
-97.972830227670599	0.5509131142513376	0.5509131142513376
-40.781142885122094	-0.059526401139122415	-0.059526401139122415
44.110122749553227	0.12747778498285206	0.12747778498285206
25.032280759984829	-0.10029157435455474	-0.10029157435455474
-29.328830901027004	0.86965203335642183	0.86965203335642183
13.674029352172766	0.89465516254734045	0.89465516254734045
-19.9701613812868	-0.9003640653644539	-0.9003640653644539
5.9114586388609354	-0.36322471219831293	-0.36322471219831293
-36.926297248783094	0.69815310586473145	0.69815310586473145
71.586281212014342	0.62126014596153634	0.62126014596153634
-40.131209317363492	-0.65145085120966351	-0.65145085120966351
50.966498431413214	0.64499441438071281	0.64499441438071281
-71.816094471401257	-0.42642485833470917	-0.42642485833470917
27.178687637911509	0.88922407315691643	0.88922407315691643
50.49120600183906	0.22381161048990858	0.22381161048990858
-72.043932819713916	-0.21109807339681663	-0.21109807339681663
89.325271264014049	0.97800602529637937	0.97800602529637937
90.793282388545663	0.30782346102834451	0.30782346102834451
-20.020224797788416	-0.92101135494227326	-0.92101135494227326
65.0688066139885	0.78620218805934028	0.78620218805934028
78.412571537784146	0.12690170465708425	0.12690170465708425
5.551552221832992	-0.66808567860019719	-0.66808567860019719
-54.580507300827946	0.92208424655699661	0.92208424655699661
-31.357835420151019	0.05805844909496858	0.05805844909496858
-43.548127740659915	0.42065701853814275	0.42065701853814275
62.257171011886157	-0.54356795032471861	-0.54356795032471861
-17.530033903958497	0.96859636596007392	0.96859636596007392
19.836802317563368	0.83451193641603638	0.83451193641603638
43.196344784221964	-0.70749855301916664	-0.70749855301916664
-40.296547074532299	-0.5176973952406122	-0.5176973952406122
-18.874872376136409	-0.025313750368506992	-0.025313750368506992
55.780099691508553	-0.69510652970177733	-0.69510652970177733
34.476547200375506	0.080883536471966541	0.080883536471966541
65.845864491441432	0.12723540950004275	0.12723540950004275
-72.121448934063039	-0.13477075042309825	-0.13477075042309825
44.04934575512334	0.066998379817488934	0.066998379817488934
64.094041145828072	0.95275721194709628	0.95275721194709628
8.0743086518676961	0.97582603215872199	0.97582603215872199
69.944877495190099	0.73782278499335074	0.73782278499335074
-88.205862869437581	-0.23893464400214526	-0.23893464400214526
33.609708594663601	0.8121400162892245	0.8121400162892245
15.281880969102815	0.41330655623016471	0.41330655623016471
53.384731985096522	0.022341266971400448	0.022341266971400448
-55.641628906866117	0.78768289255107149	0.78768289255107149
35.455979019527661	-0.78236859593207786	-0.78236859593207786
-46.20437682518903	-0.7953064783479632	-0.7953064783479632
16.303883597038649	-0.56127068616818998	-0.56127068616818998
-56.382125648582701	0.16577330664316317	0.16577330664316317
-68.03089726860108	0.88390206183893316	0.88390206183893316
-6.9500145337341905	-0.61849754864378492	-0.61849754864378492
21.823079191884247	0.16727924848889519	0.16727924848889519
18.948897234313449	0.09917799850411714	0.09917799850411714
66.897974909804446	-0.7983373215918198	-0.7983373215918198
-53.636345203942476	0.22726677686997082	0.22726677686997082
-7.4351919617189708	-0.91358179519242733	-0.91358179519242733
19.184667040805522	0.32887411002507905	0.32887411002507905
-66.068454743381906	0.094866145963836121	0.094866145963836121
-8.8063879008496713	-0.57972411256106016	-0.57972411256106016
82.050427048145679	0.36069976342280141	0.36069976342280141
-10.983802595817949	0.99993071443681103	0.99993071443681103
15.097166268690614	0.57352053694871952	0.57352053694871952
-64.042438433815704	-0.93582248539752899	-0.93582248539752899
-40.675158468952709	-0.16479091823831996	-0.16479091823831996
-35.71684786482993	0.91653481572804452	0.91653481572804452
-87.439097380985956	0.50164293913894409	0.50164293913894409
-1.878270007709105	-0.95310120548946764	-0.95310120548946764
43.782229139339847	-0.1987359855624718	-0.1987359855624718
-66.756438685342076	0.70540400185640595	0.70540400185640595
82.124311881043184	0.42856405921686486	0.42856405921686486
-60.204142823856785	0.49156190741771594	0.49156190741771594
83.037909236069112	0.97712633080516809	0.97712633080516809
32.5781648431674	0.91769465599732325	0.91769465599732325
-60.396349579750421	0.64886296301307556	0.64886296301307556
-73.897644860137973	0.99753576403433264	0.99753576403433264
-35.00898647677036	0.43628627999359859	0.43628627999359859
35.906274692347722	-0.97545004911432132	-0.97545004911432132
56.834193932104341	0.28166235511363186	0.28166235511363186
58.771747759158018	0.79469967923202467	0.79469967923202467
76.767106860807189	0.97968469982184958	0.97968469982184958
25.063783151409808	-0.068903438537460004	-0.068903438537460004
-42.585692832856182	0.98486689519047332	0.98486689519047332
-46.859356994339251	-0.26145835754220537	-0.26145835754220537
-0.79166623069062325	-0.71152505445588965	-0.71152505445588965
10.037492447378767	-0.57509027036920957	-0.57509027036920957
-32.989730907850401	-0.99999547583557635	-0.99999547583557635
-93.808052709536042	0.42569235983880566	0.42569235983880566
-1.0628342180347801	-0.87373754683843008	-0.87373754683843008
23.308756059416396	-0.96811856449232425	-0.96811856449232425
71.774175304545423	0.4639559992353916	0.4639559992353916
67.741769272828151	-0.9805548463852275	-0.9805548463852275
-9.3366658480275504	-0.087998143671677326	-0.087998143671677326
48.471024073660544	-0.97509173809433491	-0.97509173809433491
47.167148462528274	-0.043245168205737289	-0.043245168205737289
-0.13274303029943724	-0.13235353582980178	-0.13235353582980178
99.230244212529271	-0.96375072219157265	-0.96375072219157265
-32.378340295808883	-0.82057352010634466	-0.82057352010634466
54.020420444833206	-0.57560624565893359	-0.57560624565893359
-25.459273244553799	-0.32076022648806257	-0.32076022648806257
-16.087996181665801	0.37095103501691562	0.37095103501691562
-78.032624282801976	-0.48572470869605516	-0.48572470869605516
68.981527055107705	-0.13311503125444202	-0.13311503125444202
-91.043588406354203	-0.062557672875302742	-0.062557672875302742
19.794533171959472	0.81048360817400888	0.81048360817400888
-72.302493330129536	0.045846221841849139	0.045846221841849139
-70.013040343864148	-0.78208334833520443	-0.78208334833520443
51.107298446607075	0.74585399672009522	0.74585399672009522
57.710446839971496	0.9175121126215624	0.9175121126215624
-90.458198133533429	-0.60358411551414881	-0.60358411551414881
20.640883217017404	0.97578143867404865	0.97578143867404865
21.269572168707526	0.66056900355524872	0.66056900355524872
17.12630528721624	-0.98840133317899481	-0.98840133317899481
89.38818865769656	0.98918533929712682	0.98918533929712682
85.936343516937768	-0.89717968228353751	-0.89717968228353751
-62.329676601247449	0.48133443417127786	0.48133443417127786
15.820341110962929	-0.112141459823003	-0.112141459823003
-89.91433603280295	-0.92905528977703888	-0.92905528977703888
-25.201136930522708	-0.068342388745790864	-0.068342388745790864
-86.747012102330444	0.93826574494296322	0.93826574494296322
45.502096640555266	0.99869994312267474	0.99869994312267474
-51.522093672003408	-0.95104852885563806	-0.95104852885563806
46.765522739071884	0.35074550539838756	0.35074550539838756
-34.949172014517799	0.38171660796675377	0.38171660796675377
-64.95596796419126	-0.85078525901570923	-0.85078525901570923
49.523922842310384	-0.67543881782716264	-0.67543881782716264
-69.409146933874027	-0.28988679813206025	-0.28988679813206025
97.295367201739339	0.093866667685575042	0.093866667685575042
-67.765653250756642	0.97558851235881305	0.97558851235881305
19.659790599194977	0.72444896430031647	0.72444896430031647
69.018244115945691	-0.096643187490909901	-0.096643187490909901
-84.770538244903321	-0.05243933854689916	-0.05243933854689916
-43.427350994586348	0.52689753712033394	0.52689753712033394
51.225749047711076	0.81934443403951374	0.81934443403951374
50.336244318746026	0.070702822476636812	0.070702822476636812
24.653522586838704	-0.46108597396355155	-0.46108597396355155
87.755204604171638	-0.20786296521623474	-0.20786296521623474
11.958940670073787	-0.57075902940013079	-0.57075902940013079
-71.877760218395053	-0.36987159821567034	-0.36987159821567034
-92.061869211061065	0.81670762802199226	0.81670762802199226
-45.963256069953275	-0.9170559996470693	-0.9170559996470693
6.9781453334421855	0.64035473704253398	0.64035473704253398
-45.762066091182405	-0.97824456727555742	-0.97824456727555742
1.3394347620871088	0.97335508643136937	0.97335508643136937
39.302723212043134	0.99946163481678163	0.99946163481678163
-34.79608043527422	0.23630486428142208	0.23630486428142208
-74.405923525673444	0.83728584062526457	0.83728584062526457
64.553305843991723	0.98867276692740935	0.98867276692740935
66.058008153898271	-0.084461682976811336	-0.084461682976811336
96.901826027316076	0.46845943513502331	0.46845943513502331
29.471734646586469	-0.93109408536976379	-0.93109408536976379
-11.728839918427241	0.74299268275903962	0.74299268275903962
55.140746676098587	-0.98676512550209727	-0.98676512550209727
17.461629246472256	-0.98332589004347737	-0.98332589004347737
75.160545168818516	-0.23544704366063265	-0.23544704366063265
32.000918805263325	0.55219293719022333	0.55219293719022333
45.776579287780265	0.97513081471113183	0.97513081471113183
-35.449608586453138	0.77838514196458708	0.77838514196458708
88.834170888020878	0.76405584090379552	0.76405584090379552
11.95570748451118	-0.57341086716942102	-0.57341086716942102
95.328880187179948	0.88247600696231843	0.88247600696231843
81.536166468766368	-0.14473240495139306	-0.14473240495139306
-29.367953937743593	0.8882953239304876	0.8882953239304876
34.810825219245942	-0.25060585467791807	-0.25060585467791807
-46.665197265175706	-0.44277617385558043	-0.44277617385558043
17.243360125697009	-0.99937350422269122	-0.99937350422269122
4.0564707020672017	-0.79248821609233866	-0.79248821609233866
60.766797603983235	-0.88032039977461962	-0.88032039977461962
-53.971062455540341	0.53456026435089876	0.53456026435089876
-54.296000255800607	0.7763947719703006	0.7763947719703006
48.579284829952513	-0.99334865640104542	-0.99334865640104542
30.852604646399726	-0.53399774979634529	-0.53399774979634529
-98.585575912617884	0.93065673650560754	0.93065673650560754
-90.686652329528684	-0.40733547976632617	-0.40733547976632617
-37.965960326838569	-0.26369277749164127	-0.26369277749164127
34.19094901100118	0.35841559488566543	0.35841559488566543
-81.627286308680894	0.054096265242575867	0.054096265242575867
-93.352306827051436	0.78050472715039132	0.78050472715039132
-1.7562482289385173	-0.98285302443481726	-0.98285302443481726
14.515124870003376	0.9294201447494308	0.9294201447494308
16.325659294540287	-0.5791584657223442	-0.5791584657223442
7.6594339804011611	0.98113521877663223	0.98113521877663223
86.392165347158425	-0.99999866726555242	-0.99999866726555242
-2.9425294222215541	-0.19775114813249337	-0.19775114813249337
68.407801599828332	-0.64973576383767973	-0.64973576383767973
38.70827472551747	0.84638631800526831	0.84638631800526831
98.25078831368711	-0.75876568841695624	-0.75876568841695624
-6.9269111369024188	-0.60017976159227648	-0.60017976159227648
58.148698839995433	0.99957269517264491	0.99957269517264491
72.40778548540024	-0.15057952221145576	-0.15057952221145576
-45.765836351896816	-0.97745545698745295	-0.97745545698745295
69.937664657089584	0.73293500881488594	0.73293500881488594
-39.867416599296114	-0.82673989821788618	-0.82673989821788618
-26.653357968630061	-0.99874126868620983	-0.99874126868620983
-99.775333224228049	0.68574857422153468	0.68574857422153468
49.673779137708294	-0.55777557279583412	-0.55777557279583412
-98.860272463316434	0.99501453012983654	0.99501453012983654
-0.79667767900360786	-0.71503745280998876	-0.71503745280998876
67.055173187349737	-0.88277069236593153	-0.88277069236593153
86.74966441601174	-0.93734496990813432	-0.93734496990813432
-87.069068065397616	0.78053814309336123	0.78053814309336123
81.461978516509276	-0.21767379150532415	-0.21767379150532415
11.028894612776156	-0.99944492932206574	-0.99944492932206574
50.888522252011001	0.58350649556151379	0.58350649556151379
23.194515206722443	-0.9332537267696811	-0.9332537267696811
87.80952334652298	-0.15445020226396441	-0.15445020226396441
-80.814078696381728	0.76260471986773792	0.76260471986773792
-35.053183823259587	0.47561640323085669	0.47561640323085669
13.297583047953736	0.66777261911403074	0.66777261911403074
-91.45733789796823	0.3439787453633274	0.3439787453633274
-76.568362457806515	-0.92080473086380987	-0.92080473086380987
41.290494121354044	-0.43477609264608591	-0.43477609264608591
-30.241736259359044	0.92237735295142997	0.92237735295142997
93.815500795596677	-0.41894108038132516	-0.41894108038132516
87.825574768293848	-0.13857217284803847	-0.13857217284803847
55.503390131720153	-0.86506384910226175	-0.86506384910226175
74.146779088519537	-0.94943914293633647	-0.94943914293633647
-36.349036289232529	0.97573990183903003	0.97573990183903003
37.422122330138791	-0.27346115566302903	-0.27346115566302903
35.038070016546783	-0.46226768626717762	-0.46226768626717762
12.864128688428394	0.29337767213171057	0.29337767213171057
83.931728670371115	0.77787234445225262	0.77787234445225262
-46.988185317286209	-0.13528835422173546	-0.13528835422173546
2.9815181330171043	0.15939177491433698	0.15939177491433698
23.458492759373414	-0.99465359790722696	-0.99465359790722696
18.401149070349305	-0.43353043649007478	-0.43353043649007478
-26.107249867679158	-0.8274260521420238	-0.8274260521420238
31.045392589928269	-0.36211319282192966	-0.36211319282192966
-89.587756226142361	-0.99862923530991432	-0.99862923530991432
-44.795119018963035	-0.72622996211183588	-0.72622996211183588
-83.021125989812035	-0.97341976486209958	-0.97341976486209958
-22.331729103626301	0.33403433186500098	0.33403433186500098
-70.512616664457013	-0.98503522881047223	-0.98503522881047223
4.0383685813804249	-0.7813187264780056	-0.7813187264780056
58.011281173718174	0.99415393313930744	0.99415393313930744
21.803792738353579	0.18626165830442856	0.18626165830442856
-3.9457077522205992	0.72021702577491409	0.72021702577491409
-7.2390039526912062	-0.81678632367121395	-0.81678632367121395
14.77666218460682	0.80239709400186321	0.80239709400186321
-15.26215473110561	-0.43118753349757188	-0.43118753349757188
88.21664647026779	0.2493918096661655	0.2493918096661655
-45.676280275628912	-0.99242209648606572	-0.99242209648606572
-85.773446932749209	0.81367443937327899	0.81367443937327899
-5.585692299899776	0.64229821099356332	0.64229821099356332
-31.785795983146699	-0.36149371098359784	-0.36149371098359784
-42.333248150668027	0.9969398216571248	0.9969398216571248
-64.899579225874845	-0.87905034275989891	-0.87905034275989891
-78.080557802767572	-0.4432835951989505	-0.4432835951989505
89.345099044001415	0.98194912527136136	0.98194912527136136
-37.615303764949871	0.08371000413107707	0.08371000413107707
93.384718365298056	-0.75983627806768594	-0.75983627806768594
2.4295667109312831	0.65336882993864887	0.65336882993864887
33.165976782909524	0.98397698930015098	0.98397698930015098
8.8941644299132605	0.5060626047858201	0.5060626047858201
-77.367111665646462	-0.92180246184070191	-0.92180246184070191
-82.996076618752838	-0.96737796962365019	-0.96737796962365019
82.165280887323661	0.46521005587876674	0.46521005587876674
-50.018193326323299	0.24477645887191329	0.24477645887191329
85.562044415883207	-0.67358071778668482	-0.67358071778668482
51.094734649554198	0.73742648741217731	0.73742648741217731
-62.084981673104025	0.67934626501827111	0.67934626501827111
76.471611897799988	0.87882222854947323	0.87882222854947323
-53.942941783743542	0.5105864192093964	0.5105864192093964
-20.938558545778761	-0.86870903832563451	-0.86870903832563451
38.32857718062786	0.58871265178824972	0.58871265178824972
-33.454403086505366	-0.89261648314892728	-0.89261648314892728
57.572409082594504	0.85406013215684295	0.85406013215684295
-33.372611023617097	-0.92646451022392728	-0.92646451022392728
-17.553341401008737	0.96253867269541027	0.96253867269541027
71.270445492577693	0.83392694601795725	0.83392694601795725
19.683332342507029	0.74047471807900056	0.74047471807900056
-24.280177867145795	0.75296971045849714	0.75296971045849714
7.6134238529577942	0.97120523774509893	0.97120523774509893
51.925270920825881	0.99604281245865756	0.99604281245865756
-24.417779022816333	0.65558887816095923	0.65558887816095923
11.706973813283938	-0.75744887546976614	-0.75744887546976614
-65.423140239220373	-0.52294763898460794	-0.52294763898460794
-65.636686651030843	-0.33042994831114514	-0.33042994831114514
-6.5670859516206264	-0.28010227223424428	-0.28010227223424428
-7.7342356212651566	-0.9928390092099133	-0.9928390092099133
1.1965325172055117	0.93077701605500496	0.93077701605500496
-63.380141820338537	-0.52122758049827278	-0.52122758049827278
-3.3910075388811691	0.24683699202704776	0.24683699202704776
54.810830180919538	-0.98608101930627245	-0.98608101930627245
-82.248351496484233	-0.53705542084898772	-0.53705542084898772
9.7375723752083303	-0.30771865659551761	-0.30771865659551761
93.117965852194317	-0.90433271065078646	-0.90433271065078646
98.082865222028346	-0.6392272256794489	-0.6392272256794489
5.3400563323020833	-0.80939957611819369	-0.80939957611819369
93.010345359223237	-0.9449475407157264	-0.9449475407157264
5.4057183771692507	-0.7691224594827466	-0.7691224594827466
-0.49783655154830342	-0.47752581347313255	-0.47752581347313255
-21.49098769217639	-0.47956672047235432	-0.47956672047235432
7.459630159253237	0.92324592808427219	0.92324592808427219
-88.596827108321449	-0.59094745800262571	-0.59094745800262571
41.269820249517608	-0.4160668891864478	-0.4160668891864478
-56.045508409894424	0.48219573590612591	0.48219573590612591
3.8732806562828728	-0.66812654073102129	-0.66812654073102129
-98.554873366770991	0.91898603438138027	0.91898603438138027
-54.514159449622127	0.89439839789356457	0.89439839789356457
-92.138416195685565	0.85844451363372332	0.85844451363372332
92.858243324573152	-0.98361732673715474	-0.98361732673715474
36.295004587570077	-0.98613951447547654	-0.98613951447547654
0.11598044674046548	0.11572060376429415	0.11572060376429415
-42.024848363063406	0.92617657098536843	0.92617657098536843
-38.784807317341411	-0.88462792631646447	-0.88462792631646447
81.070797050930508	-0.57336893018590596	-0.57336893018590596
99.620757685308348	-0.78963090900148825	-0.78963090900148825
-22.398633375478099	0.39630132759727615	0.39630132759727615
56.622305566676943	0.073571269620532342	0.073571269620532342
-12.649889757763319	-0.083422080032585097	-0.083422080032585097
-12.581114880017864	-0.014743731446898554	-0.014743731446898554
16.356481426087171	-0.60400607141881613	-0.60400607141881613
-52.168236568348256	-0.94540612458845907	-0.94540612458845907
6.3981873674466669	0.1147487350519923	0.1147487350519923
3.5123630465482449	-0.3623335830056062	-0.3623335830056062
42.554841162315086	-0.98974435144955952	-0.98974435144955952
-78.953218033714577	0.40172678008414059	0.40172678008414059
-22.512820123463925	0.49833004471368125	0.49833004471368125
-20.468496095566778	-0.99884130881683764	-0.99884130881683764
97.2014308470591	0.18683695628375482	0.18683695628375482
-59.605788415764877	-0.084371579677155639	-0.084371579677155639
0.2489128765908788	0.24635048589136985	0.24635048589136985
37.637418194367513	-0.061654520726265302	-0.061654520726265302
-53.350493489003703	-0.056551436033764411	-0.056551436033764411
-57.324097685202702	-0.70002315498219791	-0.70002315498219791
93.665543272185602	-0.54989317597081533	-0.54989317597081533
90.646518811188088	0.44365072115615506	0.44365072115615506
39.316961177256815	0.99889321147179522	0.99889321147179522
-47.881399353850306	0.68711414267429305	0.68711414267429305
-76.508844117445847	-0.89597439518827804	-0.89597439518827804
30.08399146553927	-0.97160802734463192	-0.97160802734463192
-54.542222843345684	0.90659652711149463	0.90659652711149463
-87.662786714788325	0.29724657553589479	0.29724657553589479
0.25017426966054757	0.24757280753568156	0.24757280753568156
16.387866003452075	-0.62871739082499078	-0.62871739082499078
-42.420586485666725	0.99995872565508448	0.99995872565508448
84.963025231572004	-0.1395664685007304	-0.1395664685007304
19.819923451492286	0.82509342213212322	0.82509342213212322
-17.384587769140452	0.99440542309692115	0.99440542309692115
-36.767152907900439	0.80278952007419868	0.80278952007419868
96.050809745143482	0.97315470755492472	0.97315470755492472
-68.909474064503769	0.20411962574461406	0.20411962574461406
-87.615480376325564	0.34206531751594171	0.34206531751594171
-63.847030889135191	-0.84957435831050765	-0.84957435831050765
-23.865759483212202	0.95420225545196358	0.95420225545196358
-14.902701356608546	-0.72101215196604007	-0.72101215196604007
73.370409915938495	-0.89737261043034111	-0.89737261043034111
97.465353748882308	-0.075908399483599731	-0.075908399483599731
-81.164273653215275	0.49439209568975784	0.49439209568975784
-79.649675036828199	0.89563584476903702	0.89563584476903702
23.006842276667626	-0.84984635810338738	-0.84984635810338738
43.939157236026006	-0.043126534537462152	-0.043126534537462152
-15.868789708319326	0.16013403659561515	0.16013403659561515
29.485781226852225	-0.9361259621123672	-0.9361259621123672
-1.6780399139333326	-0.99425491595054383	-0.99425491595054383
98.044055586568817	-0.60890807456305907	-0.60890807456305907
-68.1484723994662	0.82293960325413729	0.82293960325413729
-10.353662847468897	0.80095278999861153	0.80095278999861153
-92.450263925963753	0.97440906739940158	0.97440906739940158
9.202715923970743	0.22024149415145919	0.22024149415145919
-27.574846738183524	-0.64382534872395891	-0.64382534872395891
-45.461544736296602	-0.99581234005062014	-0.99581234005062014
6.9696686286925882	0.63382102751081171	0.63382102751081171
-52.52594306629905	-0.77145966847766134	-0.77145966847766134
15.741030791855067	-0.033061497893521349	-0.033061497893521349
-16.860518067360246	0.91380456379522756	0.91380456379522756
26.10360446518682	0.8253733931057583	0.8253733931057583
-34.118791071679837	-0.42478838332977342	-0.42478838332977342
-30.95124378575143	0.44813921412333946	0.44813921412333946
27.493609816856306	0.70379398273313098	0.70379398273313098
-70.569718146444671	-0.99326604362089832	-0.99326604362089832
-92.024002299245169	0.79427621455048758	0.79427621455048758
57.079573467272496	0.50631458040977573	0.50631458040977573
-74.474812181322662	0.79766374467273804	0.79766374467273804
-21.398403979751563	-0.55863952051808796	-0.55863952051808796
35.19813970771196	-0.59769304139288104	-0.59769304139288104
82.872702713446046	0.92884901405548648	0.92884901405548648
71.79607556856763	0.44444576335434388	0.44444576335434388
9.5458015834688297	-0.12072840584989035	-0.12072840584989035
-9.6326511278331139	0.20637932157668859	0.20637932157668859
8.5726186875354102	0.75270373656759759	0.75270373656759759
-64.645295132150679	-0.97070567813440478	-0.97070567813440478
71.327777515749432	0.80093400759223821	0.80093400759223821
-77.306922135407206	-0.94345220552316889	-0.94345220552316889
18.289876155501858	-0.5309148508270487	-0.5309148508270487
-90.277906171212749	-0.73677002317417162	-0.73677002317417162
-88.21416108565235	-0.24698418879094267	-0.24698418879094267
-73.654765410249837	0.98513092072635522	0.98513092072635522
9.1435768331608926	0.27750979915662666	0.27750979915662666
73.983268820839442	-0.98788127609841814	-0.98788127609841814
-86.621970323045304	0.97408143187608132	0.97408143187608132
9.2532327638609218	0.17070506902313712	0.17070506902313712
-12.687899993649339	-0.12123044766031642	-0.12123044766031642
83.739211356444599	0.88373793879056528	0.88373793879056528
58.336034410620044	0.97664016621574923	0.97664016621574923
11.57566317562133	-0.83641393382780904	-0.83641393382780904
15.623397718122263	0.084464793137185773	0.084464793137185773
-49.703183270045983	0.53313279047830509	0.53313279047830509
23.448970368019758	-0.99362516197554063	-0.99362516197554063
-71.346621033183908	-0.78950987672827289	-0.78950987672827289
20.24437139466886	0.98455529063766833	0.98455529063766833
-13.259113845886887	-0.63865049088112968	-0.63865049088112968
48.551896752593649	-0.98982290596703804	-0.98982290596703804
-53.762797448246999	0.34826757145415144	0.34826757145415144
27.799944509390471	0.45679533572991105	0.45679533572991105
56.383825927635968	-0.16409631403094216	-0.16409631403094216
-72.350363733809601	0.093595508430123805	0.093595508430123805
62.492862882685216	-0.33253491834398674	-0.33253491834398674
-88.943276298449305	-0.82976249249707501	-0.82976249249707501
-57.247664106741482	-0.64344972301273018	-0.64344972301273018
-43.857840998799027	0.12413510971960734	0.12413510971960734
32.838559885753597	0.98904393069762009	0.98904393069762009
-38.27095492107523	-0.54118282047140076	-0.54118282047140076
50.17230655392575	-0.093041140388779517	-0.093041140388779517
-19.093444519755352	-0.24147796285295789	-0.24147796285295789
-72.621370393571695	0.35670581327844542	0.35670581327844542
-75.965913843115544	-0.53768595178679979	-0.53768595178679979
-58.057471784025573	-0.99807909220884206	-0.99807909220884206
0.2257824894835494	0.2238690598884433	0.2238690598884433
-80.237365783832018	0.99197757319047286	0.99197757319047286
-23.280979804366439	0.9607882806210073	0.9607882806210073
63.411722227881398	0.54791448605364546	0.54791448605364546
-86.769942941328992	0.9300876418970232	0.9300876418970232
-63.19164147617078	-0.35207619371701082	-0.35207619371701082
81.905890336371641	0.22260074839493879	0.22260074839493879
-71.268925619494993	-0.834764762231337	-0.834764762231337
26.302533967734803	0.92066971473849912	0.92066971473849912
60.436397885639934	-0.67880751023457642	-0.67880751023457642
-20.370727509203419	-0.99876894529869187	-0.99876894529869187
-23.421516225646329	0.99015608640888253	0.99015608640888253
-57.698883294983325	-0.91285196050744088	-0.91285196050744088
22.322390367102685	-0.32521756603751367	-0.32521756603751367
31.804340772898968	0.37872125115411842	0.37872125115411842
47.577680966682607	-0.43837614166590522	-0.43837614166590522
57.0837569727085	0.50991778032313073	0.50991778032313073
97.691455141447705	-0.29750941560511213	-0.29750941560511213
-32.508124268361556	-0.88764119152045673	-0.88764119152045673
1.1923312804735957	0.92923288708679896	0.92923288708679896
-48.670845104392136	0.99971581619477423	0.99971581619477423
-46.608380187834243	-0.4929783001661549	-0.4929783001661549
51.937950758361609	0.99483585570035094	0.99483585570035094
-59.617320477765468	-0.072875281373476666	-0.072875281373476666
-71.556892937809067	-0.64401734896558571	-0.64401734896558571
-85.574878944199725	0.68301115560576442	0.68301115560576442
-37.120932031501439	0.54650051017522427	0.54650051017522427
-35.719289744591492	0.9175087240174884	0.9175087240174884
-53.400415566158628	-0.0066594956433431813	-0.0066594956433431813
-93.890968940043322	0.34928756068261413	0.34928756068261413
-13.510016755682813	-0.80970317815788861	-0.80970317815788861
-26.49495266919935	-0.97832492980681951	-0.97832492980681951
-38.570523105948382	-0.76523819534503279	-0.76523819534503279
-87.324362873665493	0.59738105186194035	0.59738105186194035
50.187029729601051	-0.078372275391112051	-0.078372275391112051
16.929862556673569	-0.93975034461295437	-0.93975034461295437
-6.2107328391030734	0.072389096528925764	0.072389096528925764
98.663249941889319	-0.95624255466676711	-0.95624255466676711
-95.991880181805911	-0.98502036727661912	-0.98502036727661912
41.467877688678243	-0.5868582684882313	-0.5868582684882313
8.9232382375182624	0.48077620404723304	0.48077620404723304
-56.492997909920177	0.055641104440120326	0.055641104440120326
-85.012522917967303	0.18838875948962366	0.18838875948962366
-90.804761528485344	-0.29688166708166325	-0.29688166708166325
57.403207432094717	0.75426875747490962	0.75426875747490962
-53.891778777686575	0.4659461803004239	0.4659461803004239
81.837945053255282	0.15589756147955638	0.15589756147955638
49.413248514361641	-0.75275289406011403	-0.75275289406011403
33.662819323161585	0.78002130677203363	0.78002130677203363
-45.250181299998793	-0.95447183218330867	-0.95447183218330867
-31.403013294072608	0.012912882943899496	0.012912882943899496
-57.517949688433426	-0.82447957257452587	-0.82447957257452587
70.277179215462695	0.91765592781764593	0.91765592781764593
28.896118432395298	-0.5824866414496207	-0.5824866414496207
-71.263512694855876	-0.83773291134296801	-0.83773291134296801
80.069695144156213	-0.9991629949699693	-0.9991629949699693
-46.625916392272181	-0.47764605664490217	-0.47764605664490217
50.767547024439097	0.48123634355604206	0.48123634355604206
69.703466739913665	0.55505439750165764	0.55505439750165764
93.286983167364866	-0.81964808288542812	-0.81964808288542812
46.283250001683342	0.74507001169315412	0.74507001169315412
-4.1240662555479162	0.8318726803656632	0.8318726803656632
69.53260132260516	0.40553399514989297	0.40553399514989297
-4.391741119832318	0.94903142362287674	0.94903142362287674
46.300992218103943	0.73311955205528756	0.73311955205528756
9.1696799576408665	0.25234024145319134	0.25234024145319134
-72.205847257052596	-0.050761949836678609	-0.050761949836678609
48.839040643160217	-0.98959896777964529	-0.98959896777964529
-27.485778194654458	-0.70933595937986194	-0.70933595937986194
55.118622414043216	-0.99011092343775808	-0.99011092343775808
-16.788671180412166	0.88229124508815437	0.88229124508815437
89.575423732787755	0.99919878224738112	0.99919878224738112
31.892405774358394	0.45865342233399475	0.45865342233399475
16.748981881899212	-0.8629194227658562	-0.8629194227658562
30.875716547072159	-0.51431608955515262	-0.51431608955515262
45.140494528313326	0.91608176141226194	0.91608176141226194
-74.378459733957882	0.85198445882851548	0.85198445882851548
-53.897445455316543	0.47095262282548384	0.47095262282548384
99.255727310844634	-0.95663955001317658	-0.95663955001317658
58.838365556915704	0.75252963217187496	0.75252963217187496
27.927005312250657	0.34038711849710701	0.34038711849710701
56.156500526849385	-0.38219201854261747	-0.38219201854261747
13.553978811366534	0.83471123046644446	0.83471123046644446
89.218149079631445	0.95009952244972196	0.95009952244972196
-55.686390399066504	0.75932643499014563	0.75932643499014563
-28.633380875011824	0.35138215693678432	0.35138215693678432
-74.030662631834332	0.97941870037705681	0.97941870037705681
-95.472634300708904	-0.94075657802444568	-0.94075657802444568
0.97551578301953157	0.82799121900990558	0.82799121900990558
-62.470296116986432	0.35373095477177702	0.35373095477177702
-27.257236195939711	-0.85058546311599537	-0.85058546311599537
4.8971978096938642	-0.98297139785459819	-0.98297139785459819
-65.817603016915626	-0.15521265006097448	-0.15521265006097448
49.304846806970431	-0.81955596102521322	-0.81955596102521322
-56.499561229162957	0.049086801492096363	0.049086801492096363
-69.996637365448763	-0.77175668922977403	-0.77175668922977403
-54.231031257564553	0.73383906814489508	0.73383906814489508
23.046834790678702	-0.87023848339693999	-0.87023848339693999
86.74046806162886	-0.94050932226683559	-0.94050932226683559
88.869698232511524	0.78648934800116554	0.78648934800116554
86.210548354164189	-0.98325672110576956	-0.98325672110576956
44.729596524690606	0.67966025903609317	0.67966025903609317
20.299303484306535	0.99268254002223977	0.99268254002223977
36.304930456540689	-0.98444408068759359	-0.98444408068759359
-86.727435567148902	0.94485735028701323	0.94485735028701323
21.605401744295392	0.3762511935935724	0.3762511935935724
16.249474522600508	-0.51543162027901623	-0.51543162027901623
-54.747927300324534	0.97367912888127428	0.97367912888127428
-68.54907742508604	0.53622717937667053	0.53622717937667053
-81.414704954463573	0.26355344223006333	0.26355344223006333
-34.071458009426948	-0.46714689618941901	-0.46714689618941901
-61.918610385267485	0.79148977045730629	0.79148977045730629
61.895556150731068	-0.80536853685246412	-0.80536853685246412
82.410363253277183	0.66609001178837868	0.66609001178837868
60.146364234429825	-0.440453560977909	-0.440453560977909
92.874072062703164	-0.98064079367204715	-0.98064079367204715
63.078493241415345	0.24414718758514148	0.24414718758514148
45.687916053374181	0.99092519511602917	0.99092519511602917
65.002940400642103	0.8251712678483496	0.8251712678483496
-76.184097054532145	-0.70744272199812686	-0.70744272199812686
21.903339463690784	0.087696313784242419	0.087696313784242419
-7.3340288501172495	-0.8678426394738249	-0.8678426394738249
-90.642043940275926	-0.44765664415098982	-0.44765664415098982
-21.023366529483596	-0.82362987687120082	-0.82362987687120082
-68.467239235360324	0.60343287534861079	0.60343287534861079
23.161348509149789	-0.92082858392788802	-0.92082858392788802
48.846015222326002	-0.98857158769097941	-0.98857158769097941
-69.815080420691785	-0.64424984194663049	-0.64424984194663049
89.542840236012609	0.99997225179341043	0.99997225179341043
2.7402546606828366	0.39065036644461898	0.39065036644461898
22.476642058535816	-0.46664487507226227	-0.46664487507226227
68.684277332712554	-0.41756244662533587	-0.41756244662533587
-89.03366667317421	-0.87675475056491936	-0.87675475056491936
-58.409856707267252	-0.95813153228261549	-0.95813153228261549
41.575742589058251	-0.67061541325844498	-0.67061541325844498
1.8888615792051837	0.94984224798635486	0.94984224798635486
73.398046714495109	-0.90922376639049973	-0.90922376639049973
77.864128308403508	0.62543431962692075	0.62543431962692075
-98.5079648978394	0.89948638742908937	0.89948638742908937
-79.071969251291378	0.50738971549426171	0.50738971549426171
-29.2673481040582	0.83767605114010635	0.83767605114010635
72.515981102096589	-0.25645241134833396	-0.25645241134833396
-55.814819727061774	0.66973214971768513	0.66973214971768513
-16.000689640662159	0.28856368906683044	0.28856368906683044
66.047903248479997	-0.074388744369663778	-0.074388744369663778
39.044355970435618	0.97467075924852753	0.97467075924852753
38.764307996887368	0.87488394866573693	0.87488394866573693
44.842497175536494	0.75797305172057661	0.75797305172057661
13.828239667810038	0.95266026640860368	0.95266026640860368
-42.433110919218272	0.99976651096746072	0.99976651096746072
92.580557193680477	-0.9953546059282673	-0.9953546059282673
67.007135630339462	-0.85919278125717058	-0.85919278125717058
-14.890771086022212	-0.72922739709077888	-0.72922739709077888
-50.843666038752936	-0.54650366717330467	-0.54650366717330467
-82.329177186742129	-0.6034081949369926	-0.6034081949369926
58.822640523032533	0.76279201877513914	0.76279201877513914
-64.196437950015294	-0.97881365499534001	-0.97881365499534001
24.868844841229603	-0.26084402070967244	-0.26084402070967244
-80.399969234966292	0.95842766783164546	0.95842766783164546
42.354821484729769	-0.99839415625359107	-0.99839415625359107
15.770684213820289	-0.062679830792918292	-0.062679830792918292
11.225130077007364	-0.97376756896134276	-0.97376756896134276
-21.145482351110019	-0.74841313986938884	-0.74841313986938884
-55.168328752221733	0.98191776454153035	0.98191776454153035
-22.098992288452209	0.10763479299617822	0.10763479299617822
-84.564370099950978	-0.25575785230182374	-0.25575785230182374
64.124231741164863	0.96149152428769913	0.96149152428769913
62.943515833075111	0.11143086003244525	0.11143086003244525
-65.814030450333419	-0.15874092298973327	-0.15874092298973327
16.6643538076314	-0.81711613887332657	-0.81711613887332657
-99.139444466126719	0.98397307408043699	0.98397307408043699
99.023909640476461	-0.99796922683200751	-0.99796922683200751
4.4920477998229131	-0.97582293682738241	-0.97582293682738241
3.5856890948575284	-0.42964214294647679	-0.42964214294647679
2.790180918293089	0.34422361093342169	0.34422361093342169
57.48609521984244	0.80603817377430231	0.80603817377430231
41.378486711817771	-0.51223251548730486	-0.51223251548730486
-72.362959905243841	0.10612862989601816	0.10612862989601816
2.2699527236275543	0.76538537914524918	0.76538537914524918
-70.984043321294664	-0.95586434628807559	-0.95586434628807559
-0.15279730766671662	-0.15220344111228507	-0.15220344111228507
-88.987261746226807	-0.85350103907051433	-0.85350103907051433
53.794536318136949	-0.37783903985529033	-0.37783903985529033
23.559923070831431	-0.99999795610021391	-0.99999795610021391
-80.546886327575123	0.90633257286849211	0.90633257286849211
74.426219823523354	-0.82601683903705703	-0.82601683903705703
3.9335059414676437	-0.71169863012207579	-0.71169863012207579
-61.568051842646447	0.95324594040582178	0.95324594040582178
-73.089789064864917	0.74005896726222187	0.74005896726222187
-30.169127588484031	0.94797039562169882	0.94797039562169882
74.318748205883878	-0.88171046454798196	-0.88171046454798196
-85.385031211483636	0.53290466167356076	0.53290466167356076
63.565181114366482	0.66934590948286388	0.66934590948286388
27.948721954216566	0.31988862013776115	0.31988862013776115
67.943772282678651	-0.92124382922542791	-0.92124382922542791
70.108386675988214	0.83785846541077591	0.83785846541077591
-57.138726161836139	-0.55640954658962405	-0.55640954658962405
-4.9287376539669907	0.9766877697326618	0.9766877697326618
-50.16188045494534	0.10341676873926328	0.10341676873926328
-43.92780506476641	0.054465121475832198	0.054465121475832198
34.535830852445145	0.021686636774913289	0.021686636774913289
6.23842941559991	-0.044740951397530503	-0.044740951397530503
-22.313553818830329	0.31684879101119451	0.31684879101119451
-20.68187774789692	-0.96599667755050922	-0.96599667755050922
91.287673210200694	-0.18049161883978687	-0.18049161883978687
-47.326774971632524	0.20149615650985769	0.20149615650985769
13.403905033175661	0.74299517447880914	0.74299517447880914
7.9161926672586986	0.99806551769443208	0.99806551769443208
-16.391219681528298	0.63132178397378125	0.63132178397378125
72.739627380968756	-0.46443484443623323	-0.46443484443623323
-49.448764594687013	0.72890275200641708	0.72890275200641708
34.875684258817188	-0.31282425084331167	-0.31282425084331167
-28.837274539077967	0.53367538410337978	0.53367538410337978
-30.227506687239483	0.92778052963590196	0.92778052963590196
19.384398383439546	0.5097055080179056	0.5097055080179056
98.685726670931615	-0.962576593432932	-0.962576593432932
18.501373478872949	-0.34118987824791625	-0.34118987824791625
-83.220900319787873	-0.99951003849241293	-0.99951003849241293
5.0964183979518793	-0.92716250718051374	-0.92716250718051374
-90.562382932713831	-0.51739500603641397	-0.51739500603641397
91.85633643533663	-0.68174812616145863	-0.68174812616145863
-13.190026857891155	-0.5840070080816907	-0.5840070080816907
7.2758135879512906	0.83746520037693128	0.83746520037693128
49.712493260654128	-0.52523325351281225	-0.52523325351281225
76.052673574707057	0.60872288643469674	0.60872288643469674
-63.435142176600301	-0.56735402962897374	-0.56735402962897374
-22.201673399990966	0.20897316605357685	0.20897316605357685
-69.619469120399813	-0.48330916138593427	-0.48330916138593427
84.36800008168305	0.43946371980063498	0.43946371980063498
-51.364903561345159	-0.8909446257232676	-0.8909446257232676
66.117427658697494	-0.14348497200374527	-0.14348497200374527
56.507910011401975	-0.040746469725994751	-0.040746469725994751
83.836549842402661	0.83407386115439142	0.83407386115439142
78.842032182905996	-0.29763635525904863	-0.29763635525904863
10.166988873490951	-0.67591895182446604	-0.67591895182446604
-31.728337155316439	-0.30735346165592076	-0.30735346165592076
-3.7095009450532075	0.53786985805073106	0.53786985805073106
-27.840602259991016	-0.42025980897346654	-0.42025980897346654
95.127872851113182	0.77079828569970199	0.77079828569970199
62.074638229846812	-0.68689999285321102	-0.68689999285321102
89.23190214625302	0.95429976159608776	0.95429976159608776
-48.06803687505333	0.80999704206805556	0.80999704206805556
23.263767075439404	-0.95587339191239118	-0.95587339191239118
79.71434379620996	-0.92250754977384619	-0.92250754977384619
18.439920490021507	-0.39827494815534092	-0.39827494815534092
5.5927960043261606	-0.63683738225297504	-0.63683738225297504
-61.433907164660347	0.98509852298648692	0.98509852298648692
-31.034460991325759	0.37228107000652888	0.37228107000652888
-31.552754586394002	-0.13640150278374713	-0.13640150278374713
60.04429184251839	-0.34668202074107218	-0.34668202074107218
11.800361953903987	-0.69326427600490836	-0.69326427600490836
32.777804084870951	0.97825573446793712	0.97825573446793712
66.852373800091755	-0.77005545780362739	-0.77005545780362739
-62.28239203851146	0.52222767069485598	0.52222767069485598
-27.497381868205011	-0.70110930131070348	-0.70110930131070348
20.766802251722808	0.94058407714012315	0.94058407714012315
10.846277956592317	-0.98887598811775479	-0.98887598811775479
-60.702403215371206	0.84796956924466937	0.84796956924466937
-73.404267143658771	0.91179577198197148	0.91179577198197148
57.487097483571858	0.80663097219865432	0.80663097219865432
51.858780294925708	0.99974685168964017	0.99974685168964017
-51.324790504370185	-0.87201699699432955	-0.87201699699432955
13.178093587189707	0.57427884035000387	0.57427884035000387
63.191731409704801	0.35216036750365942	0.35216036750365942
-39.494862098982665	-0.97480438474303865	-0.97480438474303865
36.825468956083085	-0.76667289051660625	-0.76667289051660625
-68.749762365604866	0.35720711152469858	0.35720711152469858
28.538071803453192	-0.26069103704429836	-0.26069103704429836
-76.245459877606237	-0.74945347102427728	-0.74945347102427728
45.968323959238631	0.91502336809225016	0.91502336809225016
-7.8331580132577159	-0.99978319624455314	-0.99978319624455314
91.5788763392475	-0.45528241518205947	-0.45528241518205947
-69.617395297316676	-0.48149259550608059	-0.48149259550608059
49.114016210409346	-0.9133619023753643	-0.9133619023753643
87.878980951454565	-0.085508801464865378	-0.085508801464865378
66.297786697553022	-0.31868418835715934	-0.31868418835715934
79.150009983989207	-0.57302616947984086	-0.57302616947984086
-97.189921324173042	-0.19813118268858787	-0.19813118268858787
64.507766720297155	0.99448025974834819	0.99448025974834819
-94.167016814557385	0.080675024146052335	0.080675024146052335
-12.119246112798805	0.43237450518849579	0.43237450518849579
55.541430801026394	-0.84535906343775113	-0.84535906343775113
-28.858871637651632	0.55181394439293086	0.55181394439293086
75.573537446345085	0.17441709700444075	0.17441709700444075
-79.026932571979074	0.46807949175296909	0.46807949175296909
-9.0927852936505218	-0.32592753127608076	-0.32592753127608076
-11.797094250667172	0.69561555018083732	0.69561555018083732
-99.389000647624883	0.90945200988511976	0.90945200988511976
-7.3551691421249359	-0.8781512647185048	-0.8781512647185048
15.300667438324012	0.39612782262567592	0.39612782262567592
-78.613021628806365	0.073139921880121361	0.073139921880121361
-63.931513246054884	-0.89105316496733644	-0.89105316496733644
-97.18249964717765	-0.20540020532073233	-0.20540020532073233
79.639585429014915	-0.89110259609139697	-0.89110259609139697
-12.660061663795801	-0.093554039379922377	-0.093554039379922377
22.328092252486002	-0.33060417662776487	-0.33060417662776487
-1.6227370691535583	-0.99865138287870048	-0.99865138287870048
-9.9401578919377158	0.49286546481079685	0.49286546481079685
97.658927881156501	-0.26630312973329356	-0.26630312973329356
43.442412332606807	-0.51403719534153824	-0.51403719534153824
47.829983096952873	-0.64886610673461997	-0.64886610673461997
-69.69614220209948	-0.54894690955660708	-0.54894690955660708
-6.5512526756261451	-0.26486832567428847	-0.26486832567428847
-79.73456135047212	0.93012203955937012	0.93012203955937012
-90.672515900195464	-0.42020484819729853	-0.42020484819729853
-49.945176573834004	0.31485690144489636	0.31485690144489636
-22.813032349884907	0.73242968278100828	0.73242968278100828
-64.443908355808333	-0.99914896996074853	-0.99914896996074853
92.197551463048683	-0.88725715427514562	-0.88725715427514562
-76.507495911312816	-0.89537483503724613	-0.89537483503724613
-8.5701216323645326	-0.75434534791576746	-0.75434534791576746
-44.889012888733085	-0.78748378382567352	-0.78748378382567352
-32.379069459267257	-0.82099004873001313	-0.82099004873001313
-49.122416019431938	0.90990974981045647	0.90990974981045647
-78.814034904054182	0.27079478072470498	0.27079478072470498
-9.9802132623719331	0.52731321329069814	0.52731321329069814
0.42868415970040985	0.4156743881175482	0.4156743881175482
44.0661906488223	0.083795124450888991	0.083795124450888991
33.242203888145013	0.96754184727988635	0.96754184727988635
-32.700318935040997	-0.95926598231410698	-0.95926598231410698
-48.025225959405006	0.78415677775319148	0.78415677775319148
-73.5975228763687	0.97368816629478627	0.97368816629478627
88.18581513073093	0.2194208652519036	0.2194208652519036
53.145643699385005	0.25846358991350676	0.25846358991350676
59.118640341356326	0.54099528424475907	0.54099528424475907
-76.18035966494125	-0.70479630995947851	-0.70479630995947851
39.904929737529216	0.80505890283716752	0.80505890283716752
2.5681852112802233	0.54249763944597607	0.54249763944597607
22.61346114567408	-0.58291575652395278	-0.58291575652395278
82.940267434827774	0.95174061341207195	0.95174061341207195
-85.254554813043043	0.41828207385316074	0.41828207385316074
65.143383322717312	0.73797348372137883	0.73797348372137883
-24.587478366854555	0.51864285294496049	0.51864285294496049
-29.599425942339437	0.96996626003889919	0.96996626003889919
67.630604958612679	-0.99627304153643492	-0.99627304153643492
-85.355356067496487	0.50756334888472432	0.50756334888472432
29.423809367039865	-0.91254955681260275	-0.91254955681260275
17.781478971292827	-0.87627558006718598	-0.87627558006718598
31.352649000448508	-0.063235316203722691	-0.063235316203722691
-62.602735466892959	0.22711827643947324	0.22711827643947324
-38.728531369087449	-0.85700000582281677	-0.85700000582281677
6.1963709751490228	-0.086705323778890855	-0.086705323778890855
-39.808549994825839	-0.85840617674203656	-0.85840617674203656
85.27914612134569	-0.44049006254319906	-0.44049006254319906
-73.434199135123222	0.92367690909865408	0.92367690909865408
64.447225558674177	0.99900664747789225	0.99900664747789225
-50.122051804261162	0.14293937446525445	0.14293937446525445
72.300694908012844	-0.044049617577269815	-0.044049617577269815
26.476447092243902	0.97432558181121864	0.97432558181121864
-35.440935133597833	0.77291085061843767	0.77291085061843767
92.792736523235106	-0.99330807044557023	-0.99330807044557023
-31.715975275728496	-0.295566769248918	-0.295566769248918
-6.4869414405633705	-0.20234918146497305	-0.20234918146497305
20.657343998844894	0.97204864748819741	0.97204864748819741
-81.95267939941445	-0.26795560152266973	-0.26795560152266973
-27.448594330170963	-0.73504940957915244	-0.73504940957915244
22.811193436626695	-0.73117643445657376	-0.73117643445657376
-93.876948495031456	0.36239017604552765	0.36239017604552765
-96.101557720329012	-0.96022713378080349	-0.96022713378080349
5.0064093120591338	-0.9570865117521915	-0.9570865117521915
-95.304683630018602	-0.8708377669171844	-0.8708377669171844
25.178374610641498	0.045617545704182291	0.045617545704182291
65.387612711515601	0.55289368439217856	0.55289368439217856
63.495333521139742	0.61586266086592312	0.61586266086592312
-91.095974794964732	-0.010211981638924476	-0.010211981638924476
16.685996043579721	-0.82939997587038083	-0.82939997587038083
68.604746777364227	-0.4884317198286961	-0.4884317198286961
19.203932803140319	0.34700603301458727	0.34700603301458727
-51.968356240124741	-0.99129044499292607	-0.99129044499292607
-0.77569131035758687	-0.70020979476713363	-0.70020979476713363
35.075607088828093	-0.49521987290032343	-0.49521987290032343
-83.351917083648061	-0.99503289957776697	-0.99503289957776697
61.482648720080959	-0.97554879670619332	-0.97554879670619332
31.635498363414854	0.21781175065532615	0.21781175065532615
35.129485320648655	-0.54128629238934145	-0.54128629238934145
51.49393055507926	0.94196896287801379	0.94196896287801379
87.418078699614313	-0.51971352628476797	-0.51971352628476797
67.129296490162517	-0.9151382679848078	-0.9151382679848078
67.709124266731294	-0.98643769503840661	-0.98643769503840661
83.054464007467175	0.9805128093752159	0.9805128093752159
-28.198211887954514	-0.07604850009799119	-0.07604850009799119
39.838526279611216	0.84264588334207324	0.84264588334207324
-2.5602897604625241	-0.54911329277772303	-0.54911329277772303
96.857331740187135	0.50729286356176362	0.50729286356176362
46.554211764454294	0.53936096182056215	0.53936096182056215
41.642215901868809	-0.71840827729855428	-0.71840827729855428
-67.322441471927206	0.97550292762002799	0.97550292762002799
50.352081441513974	0.086490784816750918	0.086490784816750918
27.261208490021872	0.84848997935182469	0.84848997935182469
-6.224893306990964	0.058258993509093283	0.058258993509093283
58.953641871541009	0.67178696443947494	0.67178696443947494
8.0061314308129852	0.98844753169435551	0.98844753169435551
49.782799973342549	-0.46415686104386272	-0.46415686104386272
-78.203704859176256	-0.32981866028679602	-0.32981866028679602
-35.372225918076779	0.72752442171580611	0.72752442171580611
25.77115633818228	0.59592345787800816	0.59592345787800816
-71.428043957312539	-0.73697708617761548	-0.73697708617761548
50.566995684408738	0.29696550870307098	0.29696550870307098
2.7102997392133545	0.41804566856091779	0.41804566856091779
-85.419269566016737	0.56155832896820679	0.56155832896820679
79.581148713084389	-0.86307793594051363	-0.86307793594051363
-85.128627025683286	0.30088963207160946	0.30088963207160946
-54.317242688945392	0.78960657883934249	0.78960657883934249
-55.121344251387264	0.98972541875380615	0.98972541875380615
47.824819791746648	-0.64492870252988421	-0.64492870252988421
-37.684924447043265	0.014186920093981229	0.014186920093981229
-79.431846576128066	0.77834800035552532	0.77834800035552532
-47.76840857884261	0.60081382212809342	0.60081382212809342
-97.827261684529418	0.42402896997438705	0.42402896997438705
-94.626376967064488	-0.36961752221669492	-0.36961752221669492
-3.6093856081302107	0.4509174522188395	0.4509174522188395
-7.155535179170343	-0.76584208520085673	-0.76584208520085673
21.135481673425559	0.75500838154315186	0.75500838154315186
-18.69484939125482	0.15409014118395198	0.15409014118395198
-52.794183952067321	-0.57523479526865229	-0.57523479526865229
-97.023365054698488	-0.35788996886509344	-0.35788996886509344
57.561826615710515	0.84850768566104118	0.84850768566104118
-88.107352690766746	-0.14227398246066802	-0.14227398246066802
-52.176928923056437	-0.94253765339543771	-0.94253765339543771
4.6776392930064645	-0.99939629036755895	-0.99939629036755895
44.973545317900573	0.83671018412122899	0.83671018412122899
63.919148979622406	0.88537307135589649	0.88537307135589649
6.1320910782930014	-0.15051998466950564	-0.15051998466950564
-81.932519642041242	-0.24847992776989014	-0.24847992776989014
27.667537356453195	0.57023880390717296	0.57023880390717296
18.107359873580791	-0.67590799677631486	-0.67590799677631486
3.9396566904990067	-0.71600594895959357	-0.71600594895959357
82.003793634710007	0.316829250130509	0.316829250130509
46.978116979939415	0.14525710030551875	0.14525710030551875
4.6732913643025853	-0.9992357855654731	-0.9992357855654731
-42.201505463925329	0.97803188206409519	0.97803188206409519
95.166068355717869	0.79456374468925917	0.79456374468925917
-87.621213893946148	0.33667207473326394	0.33667207473326394
-39.757598361989956	-0.8834175593141157	-0.8834175593141157
-56.455494398139997	0.093038614358803479	0.093038614358803479
-28.531890618375613	0.25471864113721893	0.25471864113721893
-96.524994066195987	-0.76069178891160039	-0.76069178891160039
-94.375625496633333	-0.12749790906546823	-0.12749790906546823
-57.356407916657098	-0.72272716463487729	-0.72272716463487729
87.899877466879445	-0.064671667847568948	-0.064671667847568948
-13.776141954607382	-0.93553525576595609	-0.93553525576595609
28.228045903329502	0.046271451489467687	0.046271451489467687
92.09530768231275	-0.83554320797241466	-0.83554320797241466
-20.937111165114231	-0.86942504868343529	-0.86942504868343529
31.334635308626076	-0.081201724539735856	-0.081201724539735856
-53.331287195588381	-0.075715384397360544	-0.075715384397360544
59.360884064643642	0.3234529694799651	0.3234529694799651
-24.77739241104608	0.34791741174847562	0.34791741174847562
34.851308168207083	-0.28958092945563485	-0.28958092945563485
-22.540668827705105	0.52227817235324836	0.52227817235324836
-71.667455602795386	-0.55567566490403963	-0.55567566490403963
-47.996838617888628	0.7662270847364222	0.7662270847364222
48.798592051041368	-0.9946066349022179	-0.9946066349022179
-7.930868767254168	-0.99704564022211573	-0.99704564022211573
-33.709712006860769	-0.74983137754622664	-0.74983137754622664
85.634257838190621	-0.72515274458339984	-0.72515274458339984
21.770222753051655	0.21913303682780039	0.21913303682780039
4.3154435641403381	-0.92224620612753339	-0.92224620612753339
-4.2146782885554899	0.87867781406027212	0.87867781406027212
-82.051769962048382	-0.36195194940144054	-0.36195194940144054
-74.934423674277582	0.44734990358265841	0.44734990358265841
-94.794608740798921	-0.51998136402628292	-0.51998136402628292
-66.687097666637953	0.65459891124194824	0.65459891124194824
-21.501698550532041	-0.47014055564989909	-0.47014055564989909
8.9140874462346034	0.48877977321872135	0.48877977321872135
-48.690935429794145	0.99999296612982158	0.99999296612982158
5.1701845863626517	-0.89702895616920897	-0.89702895616920897
9.7288953174502097	-0.29945115170530567	-0.29945115170530567
-21.541602294033979	-0.4345569394803887	-0.4345569394803887
-80.936843806351519	0.67765212058779523	0.67765212058779523
73.523000158536348	-0.95401880376363968	-0.95401880376363968
70.627381697322221	0.99829210927167011	0.99829210927167011
-1.5547186456848721	-0.99987075686912263	-0.99987075686912263
93.781409121798163	-0.44964734979017978	-0.44964734979017978
36.744594017120448	-0.81603513761333835	-0.81603513761333835
18.179536116368553	-0.62100151063627385	-0.62100151063627385
32.29344385902121	0.769154664816873	0.769154664816873
-23.115041000772976	0.90178948072877596	0.90178948072877596
40.223826292843228	0.57849157074138247	0.57849157074138247
-58.991053189280436	-0.64361114009779119	-0.64361114009779119
-35.552900699319807	0.83896663832976426	0.83896663832976426
55.376554861049982	-0.9215728947269527	-0.9215728947269527
98.567321932247211	-0.92382304827573658	-0.92382304827573658
-34.346488249380357	-0.20946808018423657	-0.20946808018423657
-2.7740047850711989	-0.35936548599729301	-0.35936548599729301
-49.753366087233864	0.49002320269663019	0.49002320269663019
-44.256424815354521	-0.27070727665229133	-0.27070727665229133
40.377420964056483	0.44688792604491262	0.44688792604491262
-74.744148274758075	0.60842573998373917	0.60842573998373917
-34.211016423831012	-0.33961051071056902	-0.33961051071056902
-17.634121183189961	0.93752074286518461	0.93752074286518461
-31.865175316674467	-0.43428897826973689	-0.43428897826973689
22.192589864754567	-0.20008168374801846	-0.20008168374801846
-92.392770876354192	0.95988279332315551	0.95988279332315551
-93.178025213789965	0.87708255638090005	0.87708255638090005
47.918494637267941	-0.71358682006968122	-0.71358682006968122
51.726113465438829	0.99393793595805313	0.99393793595805313
6.8399984189232867	0.52848339769857655	0.52848339769857655
-46.995376588354411	-0.12815976102108553	-0.12815976102108553
-16.112208206665954	0.39332466948300077	0.39332466948300077
-54.089059021549552	0.63033442027257702	0.63033442027257702
-28.308103327068096	0.033763026818568499	0.033763026818568499
49.85217051114563	-0.40164459117052503	-0.40164459117052503
-21.889535893403149	-0.10143791116486735	-0.10143791116486735
-46.014123593527486	-0.89559470392864915	-0.89559470392864915
30.471928964797485	-0.80990936107707256	-0.80990936107707256
-94.995104206705122	-0.67967876173000918	-0.67967876173000918
78.78016916857851	-0.23804532766921505	-0.23804532766921505
98.561978783494169	-0.92176440784658353	-0.92176440784658353
52.694991009439178	0.65341285745412003	0.65341285745412003
59.660729405718854	0.029526720436706247	0.029526720436706247
-36.663459901048654	0.86019500702882712	0.86019500702882712
-88.127501862739663	-0.16218795389587717	-0.16218795389587717
-57.572240261758004	-0.85397230372815069	-0.85397230372815069
-13.336833385019702	-0.69646739206926933	-0.69646739206926933
58.560635144917143	0.90425224505716784	0.90425224505716784
-76.139075445806384	-0.67491666467813083	-0.67491666467813083
77.450789896514806	0.88617623858254879	0.88617623858254879
39.522542506513815	0.96825731515624247	0.96825731515624247
-39.800170111792418	-0.8626746205421183	-0.8626746205421183
-31.804669230964677	-0.37902522220190965	-0.37902522220190965
13.085211272167058	0.49587370475710957	0.49587370475710957
-46.135056347008764	-0.83538533949924076	-0.83538533949924076
52.065368890484848	0.97387342724740977	0.97387342724740977
-62.140034874940518	0.63793840638382981	0.63793840638382981
-8.3943723998204831	-0.85750770909802343	-0.85750770909802343
-42.25571155365202	0.98788937549591493	0.98788937549591493
26.457128338900432	0.96979454738977966	0.96979454738977966
-56.652197996742672	-0.10334538293274423	-0.10334538293274423
59.628896503195961	0.061325410982413099	0.061325410982413099
-88.349831814221844	-0.37577925348424035	-0.37577925348424035
-39.154099555349731	-0.99330167371639155	-0.99330167371639155
7.0953451909679472	0.72577472026500978	0.72577472026500978
-48.337745682514822	0.93697024289158715	0.93697024289158715
-85.361829769975614	0.51313050982038799	0.51313050982038799
94.437212656032813	0.18830211572128164	0.18830211572128164
-48.449815549311502	0.97016870816492273	0.97016870816492273
47.129676236524233	-0.0057864003863907802	-0.0057864003863907802
96.955922317057997	0.42000419652827647	0.42000419652827647
-61.792140555033406	0.8622586617694914	0.8622586617694914
-50.08706396281881	0.17747339608843912	0.17747339608843912
-39.739927839827892	-0.89155937976978294	-0.89155937976978294
-68.741560637755143	0.36485563185966263	0.36485563185966263
94.382132980378685	0.13394953904675	0.13394953904675
-34.096138503098075	-0.44518485091225773	-0.44518485091225773
67.126301352495204	-0.91392670487253591	-0.91392670487253591
-86.24064756011407	0.988295379964368	0.988295379964368
-32.880835741021016	-0.99439919472459348	-0.99439919472459348
2.6200218140847795	0.49824272889888244	0.49824272889888244
54.44436252224213	-0.8610278886924726	-0.8610278886924726
13.14979458119403	0.55088473917813385	0.55088473917813385
-87.341238407131527	0.58376317292584723	0.58376317292584723
-34.706340620077796	0.1482726936107982	0.1482726936107982
22.008775555947224	-0.017626068018320621	-0.017626068018320621
74.594997052305644	-0.71960037019682599	-0.71960037019682599
60.206693598065556	-0.49378162877625953	-0.49378162877625953
36.299058351593374	-0.98545882037333266	-0.98545882037333266
97.315675140638405	0.073630427319962971	0.073630427319962971
-96.327377974758036	-0.87332869794803458	-0.87332869794803458
-7.2740543339870243	-0.83650248905175484	-0.83650248905175484
-13.158864779735822	-0.55843179371447571	-0.55843179371447571
-52.487689425755399	-0.79522930569138162	-0.79522930569138162
-15.36471064045918	-0.33655175239905188	-0.33655175239905188
79.514761210374786	-0.82767095006819635	-0.82767095006819635
82.380165983339225	0.64326648331692549	0.64326648331692549
72.587307167112556	-0.32468260618839367	-0.32468260618839367
-19.042752433239173	-0.19199691280865686	-0.19199691280865686
-1.5409125351765169	-0.99955351272835835	-0.99955351272835835
-6.2565815595859675	0.026600609529326944	0.026600609529326944
35.068897990057025	-0.4893801230910112	-0.4893801230910112
98.010585492736141	-0.58202215561559334	-0.58202215561559334
97.194822486755896	0.19332482268844012	0.19332482268844012
-18.516967965216338	0.32649025678475124	0.32649025678475124
28.427903289263497	-0.15296649937246082	-0.15296649937246082
-16.545514165041482	0.7430062032349084	0.7430062032349084
61.92529643095753	-0.78738571635806043	-0.78738571635806043
95.507723779515629	0.95207326690594629	0.95207326690594629
84.652478534543377	0.16969789748953351	0.16969789748953351
43.053162323772909	-0.80110241080363165	-0.80110241080363165
34.367179093138787	0.18919286010283584	0.18919286010283584
-43.538884974687122	0.42902415100565439	0.42902415100565439
-10.038673939714897	0.57605643576994336	0.57605643576994336
87.092104703571124	-0.76593192487830519	-0.76593192487830519
-96.451283381442707	-0.80642947055282077	-0.80642947055282077
53.264546892035042	0.14204614889252348	0.14204614889252348
51.229276046361861	0.82136136753432543	0.82136136753432543
82.424472519763071	0.67654706187666014	0.67654706187666014
72.161193254786895	0.095292963322376176	0.095292963322376176
-80.052706497129179	0.99832390619655687	0.99832390619655687
3.0766280642291974	0.064918902933304157	0.064918902933304157
22.850056386850397	-0.75712952647622189	-0.75712952647622189
28.703160391047419	-0.4158038522779352	-0.4158038522779352
48.995431561864962	-0.95511593373207881	-0.95511593373207881
-55.035943394659242	0.99831429772621127	0.99831429772621127
-41.831234078476754	0.83631643752150608	0.83631643752150608
-91.93533616441718	0.73735692676942932	0.73735692676942932
79.064828732706161	-0.50122372856145447	-0.50122372856145447
89.010111173324162	0.86518384186476915	0.86518384186476915
-9.5946811839312716	0.1690869664974555	0.1690869664974555
-99.272455771610197	0.95163335447790753	0.95163335447790753
1.6914801517812492	0.99272654153483442	0.99272654153483442
-94.711994845011375	-0.44772122562706212	-0.44772122562706212
-11.896550418033272	0.62084504298391552	0.62084504298391552
95.328787408301849	0.88243236393104052	0.88243236393104052
-3.9669915043094335	0.73481836674683243	0.73481836674683243
65.74723869937543	0.22428280116476906	0.22428280116476906
-45.877203282566981	-0.9479345978163688	-0.9479345978163688
-42.491054373802285	0.99683728484946943	0.99683728484946943
17.718010093715804	-0.90507065113411012	-0.90507065113411012
-65.712636126278284	-0.25786285601854769	-0.25786285601854769
-30.374450112236389	0.86315068259177252	0.86315068259177252
37.591216462867948	-0.10768615957966013	-0.10768615957966013
75.141064105831276	-0.25433456541419586	-0.25433456541419586
47.344650036250982	-0.21897146881018509	-0.21897146881018509
-28.852383999492645	0.54639189187357085	0.54639189187357085
-79.695367985541679	0.9150176401875928	0.9150176401875928
-41.919332071799019	0.88131011371419832	0.88131011371419832
69.604411929762591	0.47007305913667052	0.47007305913667052
-95.094896282862379	-0.74937433907817219	-0.74937433907817219
40.12012660902792	0.65981902108327384	0.65981902108327384
-23.411831657568399	0.98875414857100608	0.98875414857100608
99.444613435703957	-0.88493362944718534	-0.88493362944718534
76.899751038449637	0.99760186370889303	0.99760186370889303
30.660888823654773	-0.68531613292365789	-0.68531613292365789
-76.832200048770801	-0.99065474072914772	-0.99065474072914772
-84.543971792488676	-0.27542315498935532	-0.27542315498935532
-0.78823244548981108	-0.70910807844331381	-0.70910807844331381
95.713442972388634	0.99447861857649245	0.99447861857649245
-86.353791152210093	0.99919983385011812	0.99919983385011812
-62.780839726184148	0.05099122263000281	0.05099122263000281
43.965374574621279	-0.016921767951002344	-0.016921767951002344
-86.836493568006233	0.90360021755762621	0.90360021755762621
25.758159114848127	0.58543611208258206	0.58543611208258206
-97.68223366530961	0.28869297361135621	0.28869297361135621
28.12502808816032	0.14875168585121842	0.14875168585121842
54.279413410433108	-0.76583464364591947	-0.76583464364591947
58.495457181208621	0.93014342161438923	0.93014342161438923
94.884588887449439	0.59463314260236277	0.59463314260236277
96.167591842611643	0.93970970087836325	0.93970970087836325
55.718659647755942	-0.73793684895794287	-0.73793684895794287
-3.0138431102295016	-0.12740234918637711	-0.12740234918637711
-48.538086813515356	0.98776336456749614	0.98776336456749614
4.2333111118575601	-0.88742036671262259	-0.88742036671262259
77.206294073732607	0.9719823280810157	0.9719823280810157
-69.918158724381314	-0.71952656066560161	-0.71952656066560161
25.022290129326734	-0.11022666264361596	-0.11022666264361596
36.698744033621722	-0.84166965618180911	-0.84166965618180911
-74.351924251903043	0.86557599609840263	0.86557599609840263
40.791006288646599	0.049677752181344098	0.049677752181344098
-66.291975927526721	0.31317103715341738	0.31317103715341738
-28.149534945307352	-0.1244752366277162	-0.1244752366277162
0.37194656159560679	0.36342957832568512	0.36342957832568512
-43.004720415625343	0.8291451199377462	0.8291451199377462
-82.327193505187765	-0.60182515668230452	-0.60182515668230452
50.705306041701363	0.42577984600871727	0.42577984600871727
-44.461863319660566	-0.46139432656158197	-0.46139432656158197
-83.038208694761323	-0.97718996977760608	-0.97718996977760608
36.104747594941699	-0.9997222893966492	-0.9997222893966492
-8.2830423053574833	-0.90935692728401918	-0.90935692728401918
27.989405635216528	0.28108859205693904	0.28108859205693904
-30.85780501504783	0.52959371060239235	0.52959371060239235
-60.196954301569114	0.48528918901716694	0.48528918901716694
-23.153883853973539	0.91789198273260442	0.91789198273260442
-55.909353201023606	0.59664551548273348	0.59664551548273348
2.2583819462078623	0.77278060863417886	0.77278060863417886
31.83860633184139	0.41020587804371089	0.41020587804371089
-62.373505682143779	0.44246667577203402	0.44246667577203402
-44.410215395743855	-0.41497765694761263	-0.41497765694761263
32.853440808310751	0.99113108768422986	0.99113108768422986
46.919773431171365	0.20270195550678519	0.20270195550678519
-80.38431680087271	0.96277627779761521	0.96277627779761521
76.365008771516727	0.82306406385923203	0.82306406385923203
-64.763168710253808	-0.93571375736974793	-0.93571375736974793
7.8712215909825005	0.9998513956218702	0.9998513956218702
75.874083514134014	0.45810291679219411	0.45810291679219411
-63.603381061460546	-0.69723138563227471	-0.69723138563227471
8.5191900883279317	0.78678813936977487	0.78678813936977487
-9.2269693877517795	-0.19652111113100881	-0.19652111113100881
-78.271017080079417	-0.26557400609469511	-0.26557400609469511
34.739587652483408	-0.18106423325433854	-0.18106423325433854
94.383801599562446	0.13560293364659656	0.13560293364659656
-9.6808220443034969	0.25325559227675332	0.25325559227675332
16.077088809731748	-0.36080001250083976	-0.36080001250083976
-4.000787070022696	0.75731672414262197	0.75731672414262197
33.817246481683696	0.6744892726914018	0.6744892726914018
51.604798743918451	0.97332791278590536	0.97332791278590536
-52.48363303689316	-0.79768218071995711	-0.79768218071995711
93.376581902805214	-0.7651007005350583	-0.7651007005350583
48.432794075445997	-0.96590183805466845	-0.96590183805466845
48.979750230390152	-0.95964362856401841	-0.95964362856401841
-11.183394996362864	0.98241348139920237	0.98241348139920237
57.856452181585752	0.96561129251630473	0.96561129251630473
43.557290708932584	-0.41232665003100161	-0.41232665003100161
-87.602460631795623	0.3542703236650882	0.3542703236650882
72.690434706485689	-0.42032518778264194	-0.42032518778264194
-57.42629840886822	-0.76922707918163058	-0.76922707918163058
31.214721428522694	-0.19985027170825762	-0.19985027170825762
82.628166068106225	0.81152487616557079	0.81152487616557079
59.919167581643819	-0.22691332937526495	-0.22691332937526495
-64.677437058281612	-0.9624828362912371	-0.9624828362912371
97.453276658418304	-0.06386091085073646	-0.06386091085073646
88.089472715613169	0.12455409620881512	0.12455409620881512
4.030689218471494	-0.77650279755446883	-0.77650279755446883
63.844081915791151	0.84801517478999411	0.84801517478999411
1.1783385485693429	0.92397184845420932	0.92397184845420932
-81.208069769569065	0.45586090093014736	0.45586090093014736
66.927230528243769	-0.81561122937990338	-0.81561122937990338
86.522686314688087	-0.99170538997151347	-0.99170538997151347
-92.105875464040906	0.84130264518896491	0.84130264518896491
27.08094420689595	0.92962343773944589	0.92962343773944589
-98.91620844470539	0.99903390849286244	0.99903390849286244
-11.778473390235334	0.70887167408598972	0.70887167408598972
3.4502522941650966	-0.30378189352125423	-0.30378189352125423
93.3316519580967	-0.7932497129171151	-0.7932497129171151
-79.215798159173787	0.62566352866657438	0.62566352866657438
4.3215165275590977	-0.92457701143405024	-0.92457701143405024
-3.1273375105290313	-0.01425466026985996	-0.01425466026985996
5.9642734811512668	-0.31353344130234939	-0.31353344130234939
-71.572105651079653	-0.6323053866537004	-0.6323053866537004
-31.419151944254409	-0.0032254027640198956	-0.0032254027640198956
-64.484401941529512	-0.99666012165034124	-0.99666012165034124
81.884126772666349	0.20133219848737136	0.20133219848737136
1.5483273277392016	0.999747582660518	0.999747582660518
54.913613544740315	-0.99793617187709915	-0.99793617187709915
-68.002258840915133	0.89693117769184949	0.89693117769184949
-45.163832107160459	-0.9251896261387168	-0.9251896261387168
-68.209598304313062	0.786696906565161	0.786696906565161
38.660261341482709	0.81985028724721754	0.81985028724721754
7.8384600662103878	0.99987954288546943	0.99987954288546943
-62.786655642678163	0.045182042414114797	0.045182042414114797
-52.952592728519683	-0.43899729933287318	-0.43899729933287318
-0.20619447579461792	-0.20473647905216019	-0.20473647905216019
-51.081207803967857	-0.72822289937770657	-0.72822289937770657
-2.1718568484153167	-0.82473633534112412	-0.82473633534112412
-86.616062258213731	0.97540081409670931	0.97540081409670931
-96.406294597957526	-0.83220776241235195	-0.83220776241235195
-18.305248879158938	0.51782539910991709	0.51782539910991709
64.380131350709547	0.99974647947264361	0.99974647947264361
-20.658948594409836	-0.97167067008033825	-0.97167067008033825
4.3256290540426505	-0.9261360412917341	-0.9261360412917341
48.640563774790763	-0.99853574277969803	-0.99853574277969803
56.758873194561517	0.20866081228328326	0.20866081228328326
94.002097254836372	-0.24321824424522462	-0.24321824424522462
-22.072030823024164	0.080794088961562427	0.080794088961562427
-91.679170273776407	0.54214130333588506	0.54214130333588506
79.771158178785697	-0.94293644653779396	-0.94293644653779396
93.927443176163962	-0.31488589553168006	-0.31488589553168006
-4.0732850617321645	0.80263057148238104	0.80263057148238104
-16.287083805647569	0.54728808758395386	0.54728808758395386
75.016657033037518	-0.3723749089704132	-0.3723749089704132
73.962384451049928	-0.9909071053351769	-0.9909071053351769
-82.960542585086685	-0.95776708832424118	-0.95776708832424118
59.542979804323295	0.1467487328934807	0.1467487328934807
82.158205515303337	0.45893534220287141	0.45893534220287141
-95.130010663162921	-0.77215847904719326	-0.77215847904719326
24.350979868073622	-0.70453050275690898	-0.70453050275690898
-18.635192344541693	0.21272561488565392	0.21272561488565392
-29.137653430575199	0.76000418110285717	0.76000418110285717
-60.174260105322489	0.46532317459682881	0.46532317459682881
34.340931715715584	0.21489808322569218	0.21489808322569218
-90.125668439893261	-0.83078608294272338	-0.83078608294272338
42.833538496358955	-0.91225616284114486	-0.91225616284114486
73.564279828513463	-0.96557602351856409	-0.96557602351856409
7.5378303847288635	0.95043907293333729	0.95043907293333729
65.742924976229006	0.22848452855489626	0.22848452855489626
-63.571764160731611	-0.67422225093757426	-0.67422225093757426
-12.694252485651319	-0.12753359767777159	-0.12753359767777159
30.042072294264131	-0.98066950856826296	-0.98066950856826296
-27.472595412575771	-0.71856620979182406	-0.71856620979182406
-13.297035937565823	-0.66736526919342953	-0.66736526919342953
-70.85809836941209	-0.98519927015183362	-0.98519927015183362
-66.885745676513096	0.79091323552622694	0.79091323552622694
86.003922037771787	-0.92495622045462655	-0.92495622045462655
-61.182348307071997	0.99690408966298472	0.99690408966298472
99.99631332924065	-0.50954127853915532	-0.50954127853915532
-78.953513667243556	0.4019974917589399	0.4019974917589399
-4.1160134137902418	0.82737669845983619	0.82737669845983619
3.9784049508866133	-0.7425116671968619	-0.7425116671968619
-58.203714777220206	-0.99645300981252427	-0.99645300981252427
31.732205107520429	0.31103187892974826	0.31103187892974826
20.833714617729314	0.91577536927411363	0.91577536927411363
84.660155933023418	0.16212692414028421	0.16212692414028421
-18.420816559429284	0.41572459482034735	0.41572459482034735
72.551893237072676	-0.29099071796084741	-0.29099071796084741
85.442779690396492	-0.58085450059013255	-0.58085450059013255
65.861553912744228	0.11165848198093996	0.11165848198093996
53.454920233592873	-0.047826870499338238	-0.047826870499338238
73.294332874596734	-0.86123857674350524	-0.86123857674350524
-55.581177889353114	0.82346414380350874	0.82346414380350874
17.426188060941513	-0.98915209345750876	-0.98915209345750876
61.963535894487904	-0.76324272654321423	-0.76324272654321423
79.541056698062647	-0.84214050579853261	-0.84214050579853261
54.764860803508157	-0.97739888675168862	-0.97739888675168862
-77.746091082261785	-0.71297034240870116	-0.71297034240870116
-98.207790053750941	0.73006549947617672	0.73006549947617672
-49.709531438035761	0.52775133359529103	0.52775133359529103
83.152366724152955	0.99502026583252035	0.99502026583252035
-60.236545243945137	0.51951635185928979	0.51951635185928979
-65.223027025232156	-0.68194505850711329	-0.68194505850711329
-8.6433555898784533	-0.70428989016601051	-0.70428989016601051
-50.773076685116777	-0.48607621160848308	-0.48607621160848308
-53.541664024300282	0.13418295326222326	0.13418295326222326
83.675714487035691	0.91165242176347094	0.91165242176347094
89.059065160701664	0.88868575377857106	0.88868575377857106
-87.08428443332707	0.770936274126369	0.770936274126369
1.1457906969575475	0.91103641164065907	0.91103641164065907
-35.034069942595906	0.45871697016666563	0.45871697016666563
52.729182159236473	0.62715324621496049	0.62715324621496049
97.520709164959243	-0.13095964911687993	-0.13095964911687993
87.293986967595231	-0.62146191318124	-0.62146191318124
-51.254713560071323	-0.83560384532329757	-0.83560384532329757
-54.094747408532491	0.63474022812877751	0.63474022812877751
3.7941710109473945	-0.60723698036474638	-0.60723698036474638
-67.869528579307229	0.94755919688711721	0.94755919688711721
-69.586515490022862	-0.45420273620170815	-0.45420273620170815
-0.57063458108969201	-0.54016619448328007	-0.54016619448328007
-93.167696520184506	0.88199696534042671	0.88199696534042671
65.371521312044393	0.56622971374430742	0.56622971374430742
73.051895272066673	-0.71404862290844462	-0.71404862290844462
24.037614561751866	-0.88898626106087997	-0.88898626106087997
2.9543378286565343	0.18616241320214535	0.18616241320214535
87.425973222142858	-0.51295279018070872	-0.51295279018070872
-47.922201305321089	0.7161786806062076	0.7161786806062076
23.025663360334534	-0.85961454052734099	-0.85961454052734099
-97.057534581880262	-0.32578100278860361	-0.32578100278860361
-44.524213556931102	-0.51577876517692911	-0.51577876517692911
82.422621741912707	0.67518299224568856	0.67518299224568856
95.440076505380716	0.92922018228436465	0.92922018228436465
26.704676321158871	0.99999935160647224	0.99999935160647224
95.698734536497909	0.99282760996353958	0.99282760996353958
-29.283072744383659	0.84616042163979799	0.84616042163979799
37.470330678041989	-0.22679061584608176	-0.22679061584608176
-16.313299666396048	0.56903873250037551	0.56903873250037551
25.491230416796611	0.35085986769210348	0.35085986769210348
19.940623408119308	0.88712010611069114	0.88712010611069114
-74.783069875796599	0.57708414367679794	0.57708414367679794
52.401369107330197	0.84454023656268518	0.84454023656268518
55.123647397968057	-0.98939348761895629	-0.98939348761895629
-90.850508578300492	-0.25290178990889639	-0.25290178990889639
-95.381337987012117	-0.90592467775517704	-0.90592467775517704
-8.8484397482382633	-0.5449573210504991	-0.5449573210504991
-62.793450444626728	0.038393188744042982	0.038393188744042982
-9.0719989368978133	-0.34550701919404742	-0.34550701919404742
60.2782018801297	-0.55464932228224861	-0.55464932228224861
-85.594261107496521	0.69703886645195112	0.69703886645195112
53.46500002666761	-0.057892528536821822	-0.057892528536821822
48.797600949934207	-0.99470894246118846	-0.99470894246118846
64.816231775096981	0.91568697228644114	0.91568697228644114
-84.543416994239607	-0.27595645294201548	-0.27595645294201548
-55.851565232881647	0.64199888016715656	0.64199888016715656
-35.014196941586178	0.44096875391324886	0.44096875391324886
-82.109332141042074	-0.41498211713794048	-0.41498211713794048
-24.919685180666207	0.21144783121799271	0.21144783121799271
-81.621761569957357	0.05961206058448474	0.05961206058448474
30.336800217135703	-0.8815456795812151	-0.8815456795812151
52.089088606863328	0.96821343655220271	0.96821343655220271
51.203629029090564	0.80646358412713026	0.80646358412713026
-10.849621964792604	0.98936785376139447	0.98936785376139447
58.714347833088851	0.8282136570502624	0.8282136570502624
14.984819223295659	0.66174511984869644	0.66174511984869644
23.872577320855186	-0.95214045459693342	-0.95214045459693342
-7.3590224293631366	-0.87998808820478513	-0.87998808820478513
63.818962264189111	0.83443633075159362	0.83443633075159362
18.708481216340431	-0.14060722413244789	-0.14060722413244789
-94.616935910647015	-0.36082870152676894	-0.36082870152676894
-83.38204117470876	-0.99158315920739515	-0.99158315920739515
63.501902440767196	0.62102468274913281	0.62102468274913281
70.511812432805357	0.9848962984362456	0.9848962984362456
-33.609882214340672	-0.81203870346278306	-0.81203870346278306
31.124746194837059	-0.28708308023978768	-0.28708308023978768
24.518693595882752	-0.57618039253980013	-0.57618039253980013
97.946729629759403	-0.52894536269278825	-0.52894536269278825
-94.489462344829406	-0.2393367955974593	-0.2393367955974593
45.298385514552336	0.96773691954211893	0.96773691954211893
-83.277393874972915	-0.99968278512474895	-0.99968278512474895
-24.044466852180918	0.88582751915739866	0.88582751915739866
-37.531623013901971	0.16670684652661191	0.16670684652661191
36.292790194765701	-0.98650450451872163	-0.98650450451872163
63.08379113421131	0.24928130619224184	0.24928130619224184
-25.294526014119754	-0.16107994077129462	-0.16107994077129462
61.39354729885963	-0.99123595797696662	-0.99123595797696662
57.567587338431395	0.85154206643973052	0.85154206643973052
-59.996855884519675	0.30181462304480394	0.30181462304480394
-94.250363992014613	-0.0025843814439478903	-0.0025843814439478903
-9.7097680288881776	0.28114792003589872	0.28114792003589872
94.529632361360655	0.2781357722104385	0.2781357722104385
-34.5067527722737	-0.050744613909054985	-0.050744613909054985
-80.331388369402703	0.97572787439815345	0.97572787439815345
-57.900945624738547	-0.97621969265347786	-0.97621969265347786
37.378941713602046	-0.31472804898670398	-0.31472804898670398
94.875083258643741	0.58696389475006872	0.58696389475006872
-90.653786806181316	-0.43712548542385887	-0.43712548542385887
67.227170779095502	-0.95015262531537392	-0.95015262531537392
64.1352883118048	0.9644714208795413	0.9644714208795413
-58.113504959754216	-0.99998224442749117	-0.99998224442749117
-67.025332181264361	0.86836032740975189	0.86836032740975189
1.2195232048380404	0.93893540095157502	0.93893540095157502
-96.78832440668468	-0.56550699496801815	-0.56550699496801815
-41.599418854180961	0.68798899604522867	0.68798899604522867
2.0307465986024908	0.89607457315447647	0.89607457315447647
26.096434500266369	0.82130414154792009	0.82130414154792009
80.656042443499956	-0.85490440766179987	-0.85490440766179987
47.924847290333503	-0.71802284922795356	-0.71802284922795356
88.975949958739562	0.84755208760126943	0.84755208760126943
-28.103667587279844	-0.16983900169439031	-0.16983900169439031
-86.377697212862486	0.99987038554999663	0.99987038554999663
-11.335053868507075	0.94292809089264695	0.94292809089264695
9.5816545676484139	-0.15623393560158533	-0.15623393560158533
56.432042648032763	-0.11636091849783958	-0.11636091849783958
91.022303451712247	0.083785163429767801	0.083785163429767801
-78.087557279253232	-0.43699858696360955	-0.43699858696360955
-66.317046823232587	0.33687987428722144	0.33687987428722144
4.805749511161423	-0.99564507022471627	-0.99564507022471627
23.023450664970355	-0.85848187569774259	-0.85848187569774259
-15.327783988173152	-0.37108695423884169	-0.37108695423884169
6.8022918318773549	0.49610456461382957	0.49610456461382957
-71.72746767637868	-0.50481130216152459	-0.50481130216152459
12.959261659710378	0.38286077660256357	0.38286077660256357
-63.059135816183215	-0.2253309846812511	-0.2253309846812511
67.657482744299074	-0.99359512160374064	-0.99359512160374064
-57.556752196312772	-0.84581147601861872	-0.84581147601861872
-86.699761036921657	0.95355730896340363	0.95355730896340363
18.681990283111972	-0.16678258045612415	-0.16678258045612415
-65.255073207261034	-0.65816024905863535	-0.65816024905863535
-57.386708988599096	-0.74333428210708441	-0.74333428210708441
86.458761092013816	-0.99789063861571425	-0.99789063861571425
-98.605133869078998	0.93763442026451482	0.93763442026451482
-32.811443432788437	-0.9846778494410735	-0.9846778494410735
-3.4251209758226224	0.2797448346165452	0.2797448346165452
29.962052738008936	-0.99317234477351368	-0.99317234477351368
15.951279549436322	-0.24092254357412748	-0.24092254357412748
91.209029765195993	-0.10266161830917594	-0.10266161830917594
28.698160709013223	-0.41125169193061284	-0.41125169193061284
60.88213657998196	-0.92906462696504022	-0.92906462696504022
9.1512440268776345	0.27013566667295791	0.27013566667295791
79.515317726166074	-0.82798314616025326	-0.82798314616025326
33.460396835767625	0.88989838269767474	0.88989838269767474
-83.264320082676704	-0.99992661716173703	-0.99992661716173703
77.793082740660225	0.67924513875568837	0.67924513875568837
-19.424565313182725	-0.54384267205498182	-0.54384267205498182
-48.401954426319108	0.95745916424922073	0.95745916424922073
72.584064705531318	-0.3216141099397325	-0.3216141099397325
94.097062375485905	-0.15014727243899173	-0.15014727243899173
65.551981544541462	0.40909694283377318	0.40909694283377318
-5.5616369852263148	0.66054791844983984	0.66054791844983984
35.971355007808427	-0.98770696871848884	-0.98770696871848884
46.186330640790658	0.80611611984686427	0.80611611984686427
-53.651641098697674	0.24213525039734551	0.24213525039734551
69.835091403196913	0.65942453495797992	0.65942453495797992
-51.5765035103747	-0.96644772645268695	-0.96644772645268695
-49.210905140640882	0.86969167091984056	0.86969167091984056
55.188062885918697	-0.97799098754962255	-0.97799098754962255
4.8322169509598751	-0.99282921518527745	-0.99282921518527745
-14.07326778788854	-0.997959143666445	-0.997959143666445
11.080054063809627	-0.99643370546376864	-0.99643370546376864
-66.151726520380493	0.17733788068236572	0.17733788068236572
97.755477906681506	-0.35798188572747802	-0.35798188572747802
-76.586214430687079	-0.92762033415901812	-0.92762033415901812
-39.07218066968511	-0.98051552281370336	-0.98051552281370336
77.509111455708279	0.8576616637646638	0.8576616637646638
20.6584693003214	0.9717838343398939	0.9717838343398939
-28.08836521502495	-0.18489858526657676	-0.18489858526657676
-36.505711901989926	0.9296272207034737	0.9296272207034737
50.611971534018465	0.33959763519810154	0.33959763519810154
3.0297570275056955	0.11160264660218915	0.11160264660218915
-4.6177649006875185	0.99552648115053244	0.99552648115053244
-78.203392950914335	-0.33011309945712708	-0.33011309945712708
14.584424855364219	0.90163642842388059	0.90163642842388059
-15.885877247480323	0.17697686731137205	0.17697686731137205
-64.235063796010564	-0.98599036729918266	-0.98599036729918266
-64.901939061473939	-0.87792289421177905	-0.87792289421177905
20.752867156776162	0.94522441409366442	0.94522441409366442
93.411623922869865	-0.74207168637634735	-0.74207168637634735
67.950858737505229	-0.91846419198014284	-0.91846419198014284
-33.509577023836485	-0.8663974708931772	-0.8663974708931772
-49.107198057991795	0.91611665278331111	0.91611665278331111
-15.044019837824223	-0.61622735588944599	-0.61622735588944599
44.74049431512293	0.68761356642080818	0.68761356642080818
14.582034286877359	0.90266775953303935	0.90266775953303935
-63.216316962548319	-0.37506221759062403	-0.37506221759062403
-69.829821111718928	-0.65545334418726398	-0.65545334418726398
-94.563209679333823	-0.31022535312093097	-0.31022535312093097
0.57361362217602618	0.54267083082124268	0.54267083082124268
94.652082438979988	0.3933778952313311	0.3933778952313311
-46.609542726169714	-0.49196651054504914	-0.49196651054504914
35.983024383002657	-0.98946379738343659	-0.98946379738343659
-95.668166329266981	-0.98870978435212631	-0.98870978435212631
47.802145508870382	-0.62743575194748458	-0.62743575194748458
-13.173191794286581	-0.57025905653604803	-0.57025905653604803
-77.527081677601046	-0.84828313572375302	-0.84828313572375302
46.007090380756978	0.89870139920735315	0.89870139920735315
-95.456555549027769	-0.93518318427813796	-0.93518318427813796
-48.019659384292538	0.7806902371313198	0.7806902371313198
-65.272536563284632	-0.64491278642450767	-0.64491278642450767
-75.774872599597714	-0.36780635698512443	-0.36780635698512443
38.887330807142291	0.92770555557683732	0.92770555557683732
-18.121041699190471	0.66576173586844556	0.66576173586844556
40.299518609178762	0.5151527758865867	0.5151527758865867
16.068171414558449	-0.35246902939321545	-0.35246902939321545
7.2345281748195305	0.81419589453881624	0.81419589453881624
20.872759342814916	0.89939749158630533	0.89939749158630533
30.798166563216938	-0.57921059434871602	-0.57921059434871602
91.956032252942407	-0.75117829599140706	-0.75117829599140706
-11.984673500044096	0.54944271963937108	0.54944271963937108
-29.906379343203824	0.99812485810535134	0.99812485810535134
45.284029601501999	0.96402016785873346	0.96402016785873346
-56.110413157208285	0.42435967022736637	0.42435967022736637
74.311577118682123	-0.8850710186025893	-0.8850710186025893
-97.959856667748966	0.54003980768136706	0.54003980768136706
-17.399046403070187	0.99277426056279339	0.99277426056279339
-63.285316031251348	-0.43808113161626083	-0.43808113161626083
77.886524425840776	0.60780376122016144	0.60780376122016144
34.193687913157902	0.35585731839372664	0.35585731839372664
-51.602743671255681	-0.97285438642262589	-0.97285438642262589
19.092001790146455	0.24007767811786537	0.24007767811786537
91.487089490560351	-0.37175847191780675	-0.37175847191780675
-18.91154805338202	-0.06195243325950496	-0.06195243325950496
67.488733078529748	-0.99845977246806727	-0.99845977246806727
-31.70374310467119	-0.2838592855466025	-0.2838592855466025
-69.012696572310773	0.10216324815669733	0.10216324815669733
23.535053371628777	-0.99963844458835882	-0.99963844458835882
79.500408101254521	-0.81953081190104893	-0.81953081190104893
-92.742036328524676	0.99788479659909446	0.99788479659909446
36.513596225125781	-0.92669297338907675	-0.92669297338907675
61.673118472308943	-0.91629705045112098	-0.91629705045112098
-12.813863339091995	-0.24497385400546995	-0.24497385400546995
68.606452340810307	-0.48694273186532072	-0.48694273186532072
13.086220627145522	0.49674997047456354	0.49674997047456354
51.583388781002895	0.96819337823195573	0.96819337823195573
55.116680165507802	-0.99038152739995156	-0.99038152739995156
2.3157363745592647	0.73512854698599672	0.73512854698599672
-97.032659698551285	-0.3491956331649439	-0.3491956331649439
11.374008126094111	-0.92924441774396482	-0.92924441774396482
0.67569972672596634	0.62544344522165485	0.62544344522165485
29.696925849103195	-0.98903782082181924	-0.98903782082181924
-37.910910444277576	-0.21021864929430187	-0.21021864929430187
15.287716999012304	0.40798530613469902	0.40798530613469902
78.937416764466377	-0.38720706811111394	-0.38720706811111394
92.175653629060747	-0.87694431725808153	-0.87694431725808153
66.087792490949028	-0.11409774427545245	-0.11409774427545245
-70.049450701730251	-0.80424996561510254	-0.80424996561510254
-42.952382217156369	0.85725519204396239	0.85725519204396239
-64.738589266382775	-0.94410089300127886	-0.94410089300127886
96.433416888464905	0.81686519952889425	0.81686519952889425
62.289229675592082	-0.51638432957649061	-0.51638432957649061
11.178383724549917	-0.98333683843948638	-0.98333683843948638
-80.755562769031229	0.79912976425234983	0.79912976425234983
53.492260844112195	-0.085082743865818725	-0.085082743865818725
-55.563869431289326	0.8331605794171324	0.8331605794171324
-5.1165000370676239	0.91945229431684872	0.91945229431684872
-41.359780034249695	0.49607765941660104	0.49607765941660104
65.29680459469688	0.62617771676812761	0.62617771676812761
90.444798996331542	0.61421273691701217	0.61421273691701217
86.626337570268532	-0.97308428484198628	-0.97308428484198628
96.757508758460403	0.59064949566938008	0.59064949566938008
-0.13827333156464761	-0.13783313277323242	-0.13783313277323242
64.35570840631803	0.99889847390827058	0.99889847390827058
-61.186324408712316	0.99720883835427776	0.99720883835427776
89.078486030564335	0.89742240097687076	0.89742240097687076
39.96268612101278	0.76947477222449023	0.76947477222449023
-80.286652485223499	0.98454496568869965	0.98454496568869965
26.581452893262508	0.99255691923374223	0.99255691923374223
-89.311101013806407	-0.9749523528383196	-0.9749523528383196
36.519736237604349	-0.92436798481062166	-0.92436798481062166
12.788619574668473	0.22042382397713536	0.22042382397713536
8.4412492213221668	0.83245778317435459	0.83245778317435459
-40.284762116427054	-0.52774399548182849	-0.52774399548182849
-33.417842096182383	-0.90849860468621468	-0.90849860468621468
-88.746281778557844	-0.70447806829465476	-0.70447806829465476
39.262272199674669	0.99997084612122877	0.99997084612122877
8.1017945193503067	0.96945120471560875	0.96945120471560875
5.3925659463143916	-0.7774614316338242	-0.7774614316338242
44.952727960837279	0.82512917380144057	0.82512917380144057
-86.271631515547227	0.9925469546738529	0.9925469546738529
90.01151309043658	0.88877881596690211	0.88877881596690211
69.564656383719125	0.43462153586275748	0.43462153586275748
-19.303002460629486	-0.43806637070941318	-0.43806637070941318
-93.287574095224016	0.81930941650954336	0.81930941650954336
-29.173676980408388	0.78291840387714018	0.78291840387714018
-14.214477957204323	-0.99701299162076418	-0.99701299162076418
8.560993365518982	0.7603063413998683	0.7603063413998683
-79.913733476513698	0.98068181341064387	0.98068181341064387
-35.340323894818226	0.70527055344891976	0.70527055344891976
-22.69954103989194	0.65061383588453003	0.65061383588453003
56.457126003724852	-0.091413962741316954	-0.091413962741316954
29.636041107604001	-0.97822039475443012	-0.97822039475443012
-44.077193151490256	-0.094753638296512413	-0.094753638296512413
8.6149142115701522	0.72419322293387689	0.72419322293387689
5.4370569145331586	-0.74871958532990113	-0.74871958532990113
39.419276036990368	0.98886534513462931	0.98886534513462931
-39.348023887570996	-0.99695051847541194	-0.99695051847541194
-39.134277818431407	-0.99081629514985992	-0.99081629514985992
-46.249731187734511	-0.76700390618888237	-0.76700390618888237
-80.375174673680476	0.96520712269630082	0.96520712269630082
9.5111500661741815	-0.086264754113820688	-0.086264754113820688
-86.22494119898964	0.98577753634233278	0.98577753634233278
-86.672147018721446	0.96151037909145742	0.96151037909145742
-84.362361980879754	-0.44452119045762634	-0.44452119045762634
-89.163626388872743	-0.93168791914130844	-0.93168791914130844
92.752816061137366	-0.99712607235329609	-0.99712607235329609
-7.3293821939663815	-0.86552463807478419	-0.86552463807478419
-74.241602677631576	0.91544851264040705	0.91544851264040705
53.248781809487866	0.15763307611409896	0.15763307611409896
16.616160187078876	-0.78839582369187433	-0.78839582369187433
-61.81033816614471	0.85289989391544374	0.85289989391544374
-95.186510655565144	-0.80680903765526013	-0.80680903765526013
-97.336650790109118	-0.052697050876773739	-0.052697050876773739
-82.748080713624617	-0.87559766092914371	-0.87559766092914371
93.310834643866713	-0.80575251089082001	-0.80575251089082001
-13.082916107539489	-0.49387929174611822	-0.49387929174611822
-50.221618401187762	0.04384999145613145	0.04384999145613145
-75.336688077970109	0.061496780096014614	0.061496780096014614
-56.319499596122228	0.22716751837114696	0.22716751837114696
76.806237911646946	0.9867802239468082	0.9867802239468082
94.169342291619813	-0.078356911024217157	-0.078356911024217157
-28.649801183504422	0.3667073164035522	0.3667073164035522
-76.605181891994249	-0.93453786246035042	-0.93453786246035042
-75.727780022323529	-0.32362327174581385	-0.32362327174581385
-81.034360102726311	0.60283444347523729	0.60283444347523729
11.487848231211942	-0.8812604015924832	-0.8812604015924832
0.57535349617634779	0.54413140796891646	0.54413140796891646
43.781550948457834	-0.19940060285974229	-0.19940060285974229
-37.018718986967933	0.62909844968114437	0.62909844968114437
93.746997518755535	-0.48011173952485053	-0.48011173952485053
30.629832925224065	-0.70759836563702239	-0.70759836563702239
-74.401063945995844	0.83993299382703512	0.83993299382703512
96.060049499657481	0.97098665008927643	0.97098665008927643
46.152059564714676	0.82591896449367475	0.82591896449367475
74.663568260942384	-0.6703314996588573	-0.6703314996588573
-81.15258364823903	0.50451949210999691	0.50451949210999691
91.951854200610285	-0.74841381801642826	-0.74841381801642826
-61.593458211641568	0.94526143782187644	0.94526143782187644
5.8744218165650324	-0.39747499504048667	-0.39747499504048667
-3.3109421609827194	0.16854119771372866	0.16854119771372866
21.108079959923259	0.77269041873001854	0.77269041873001854
46.350646405574963	0.6984600432299588	0.6984600432299588
97.28475842619423	0.10442312289220426	0.10442312289220426
69.975536696955231	0.75816759010885237	0.75816759010885237
9.0464583177207771	0.36935945840614037	0.36935945840614037
-92.976650728459319	0.95543471226359744	0.95543471226359744
-4.773320608598425	0.99814424259841106	0.99814424259841106
-0.3025091293623916	-0.29791633672470891	-0.29791633672470891
39.369597425753255	0.99503513988489545	0.99503513988489545
93.44326860878067	-0.72049162468210315	-0.72049162468210315
96.913382984456348	0.45821797992621427	0.45821797992621427
72.097557438104758	0.15840356555538035	0.15840356555538035
-9.6974548249589816	0.26931036176215184	0.26931036176215184
-48.999146542752584	0.95400884826172561	0.95400884826172561
98.477515013582348	-0.88576643590753801	-0.88576643590753801
18.178075091890577	-0.62214601210763554	-0.62214601210763554
56.682850889562133	0.13378082361375346	0.13378082361375346
2.5143987926630587	0.58687500377063273	0.58687500377063273
55.269705692545585	-0.95771775458631492	-0.95771775458631492
-75.702132615434749	-0.29925228219437944	-0.29925228219437944
48.395830720903405	-0.95567411281557768	-0.95567411281557768
15.06274235064582	0.60137495880748193	0.60137495880748193
90.387912135116437	0.65808669039947187	0.65808669039947187
56.991879695851964	0.42884326309617171	0.42884326309617171
87.492448523795559	-0.45479834776202799	-0.45479834776202799
6.4885870661392886	0.20396048998790772	0.20396048998790772
-79.5357982602508	0.83929322028408804	0.83929322028408804
59.388061322919356	0.29762036636795192	0.29762036636795192
-69.086949877524717	0.028084808127426603	0.028084808127426603
17.947485695978926	-0.78461210294892381	-0.78461210294892381
-48.001930664485272	0.76948913267665775	0.76948913267665775
-75.320479837520054	0.077665556955216306	0.077665556955216306
-40.876892732288539	0.036180337522825609	0.036180337522825609
25.320768019883658	0.18692082913553984	0.18692082913553984
-8.6952056243836608	-0.66655089005128654	-0.66655089005128654
-28.367230724609755	0.092763286053802879	0.092763286053802879
-30.508329700342131	0.78802652937702833	0.78802652937702833
-75.969297016003125	-0.54053537516823746	-0.54053537516823746
-19.281283247359966	-0.41844025975938698	-0.41844025975938698
-72.325629882219999	0.068944113924137129	0.068944113924137129
-24.798160799763409	0.32837289372670925	0.32837289372670925
-94.065167012357733	0.18159934494827618	0.18159934494827618
52.680786952311223	0.66409907826269399	0.66409907826269399
79.732237132984494	-0.92926595784552712	-0.92926595784552712
-13.984349659440269	-0.98834614520188357	-0.98834614520188357
45.216043884550345	0.94373448362646295	0.94373448362646295
-73.283667445857787	0.85576951637642995	0.85576951637642995
11.644711084251142	-0.79660590080573046	-0.79660590080573046
5.5458283199511129	-0.67233377694511987	-0.67233377694511987
-23.703250994827926	0.99003289539849393	0.99003289539849393
97.077814322317721	0.30654194320519018	0.30654194320519018
-45.313936396913491	-0.97153799401870367	-0.97153799401870367
-88.29647382977457	-0.32582056925223324	-0.32582056925223324
54.648169348298524	-0.94613883735922533	-0.94613883735922533
65.970262495170516	0.0031832248392234174	0.0031832248392234174
-50.643622409105518	-0.3691924676520188	-0.3691924676520188
33.513698909651254	0.86433183239280009	0.86433183239280009
-62.236620494063381	0.5607013482373957	0.5607013482373957
-94.067085294894525	0.17971262548691147	0.17971262548691147
72.75078282144608	-0.47428508123262691	-0.47428508123262691
7.5352409220881214	0.94963079525670147	0.94963079525670147
19.51040617495498	0.61378832386558402	0.61378832386558402
-85.627114928075031	0.72021576489897177	0.72021576489897177
5.2836581911418108	-0.84121539043767113	-0.84121539043767113
56.414467225259415	-0.13379808146536165	-0.13379808146536165
28.170634781120555	0.1035133463154027	0.1035133463154027
-62.808506712959087	0.023344238062813532	0.023344238062813532
52.57199631546095	0.74134939525126875	0.74134939525126875
-25.263703752788203	-0.13058848461184164	-0.13058848461184164
61.296157021497208	-0.99938404853803253	-0.99938404853803253
11.002881778408224	-0.99997330040759502	-0.99997330040759502
-16.472296129030823	0.6920555822383766	0.6920555822383766
22.068928677022043	-0.077701700658580036	-0.077701700658580036
-64.807519021111858	-0.91915376052666375	-0.91915376052666375
74.61549229130344	-0.70521857895092077	-0.70521857895092077
55.222695621136182	-0.97017995542721092	-0.97017995542721092
56.109582702004332	-0.42511149577873764	-0.42511149577873764
-65.126325585537472	-0.74937663319944192	-0.74937663319944192
47.97263929323907	-0.7504545020131268	-0.7504545020131268
-52.374037482858611	-0.85885885978338539	-0.85885885978338539
67.129007672632639	-0.91502179588649324	-0.91502179588649324
64.66561922844167	0.96562223203652231	0.96562223203652231
10.125585039313577	-0.64483476507584447	-0.64483476507584447
-23.084661277654746	0.88824601455092034	0.88824601455092034
-24.168733646312972	0.82148341236085443	0.82148341236085443
-91.373826780056305	0.26445602884018471	0.26445602884018471
-40.006966829378484	-0.74044867178674567	-0.74044867178674567
95.853137268572453	0.99940281654065666	0.99940281654065666
-28.132834934320286	-0.14102723959762389	-0.14102723959762389
81.151358594398658	-0.50557682512108559	-0.50557682512108559
-28.013239388254703	-0.25813810578475238	-0.25813810578475238
-59.353072688709361	-0.33083449574649004	-0.33083449574649004
99.608928343195799	-0.79683376542851347	-0.79683376542851347
77.417331269428217	0.90118036325960416	0.90118036325960416
-1.7645878419483552	-0.98128111703545362	-0.98128111703545362
5.346100134326818	-0.80583554210086905	-0.80583554210086905
51.104124880946188	0.74373630221483211	0.74373630221483211
-0.42345525790619831	-0.4109129704776171	-0.4109129704776171
-11.466924660632102	0.89095591004805885	0.89095591004805885
-48.374719433733524	0.9492458935950655	0.9492458935950655
93.878306321854325	-0.36112431181140325	-0.36112431181140325
90.626369236335989	0.46161748445636935	0.46161748445636935
71.812895032901451	0.42931663654963226	0.42931663654963226
-36.964918452154095	0.66998857013571822	0.66998857013571822
-77.122753124990453	-0.98820632012922915	-0.98820632012922915
32.761111178989268	0.97465745418858574	0.97465745418858574
-34.821545173555606	0.26096912858875698	0.26096912858875698
-11.210231530797969	0.97704946309138685	0.97704946309138685
-85.987390448534015	0.91854689559098701	0.91854689559098701
-27.599841340188163	-0.62450106039061548	-0.62450106039061548
-38.638180871283637	-0.80700867451005409	-0.80700867451005409
-64.233625716901329	-0.98574947298013604	-0.98574947298013604
77.978943095955486	0.53192585556127847	0.53192585556127847
12.178806480465965	-0.37793433480763355	-0.37793433480763355
43.935636845556957	-0.046643375198111271	-0.046643375198111271
70.402051216415856	0.96000297350493902	0.96000297350493902
-65.917225731202905	-0.056190383221576136	-0.056190383221576136
-97.844507829444339	0.43958408536256388	0.43958408536256388
14.624506163226485	0.88358196476652784	0.88358196476652784
18.102335424459355	-0.67960239824903401	-0.67960239824903401
-76.796334907699645	-0.98512694211412788	-0.98512694211412788
98.251685603408163	-0.75934984481188195	-0.75934984481188195
-83.450865202950112	-0.98033193788723194	-0.98033193788723194
70.594952587190164	0.99587306199215564	0.99587306199215564
44.02967490580312	0.04736003310841562	0.04736003310841562
-85.47343039730508	0.6055276713324832	0.6055276713324832
26.181887320865641	0.86699802957603556	0.86699802957603556
-9.598598178858964	0.17294625413652687	0.17294625413652687
46.673157853899539	0.43562449974500139	0.43562449974500139
87.829585163944159	-0.13459936444115708	-0.13459936444115708
88.809886871124974	0.74816526842667741	0.74816526842667741
66.086823971796065	-0.11313549664579296	-0.11313549664579296
-53.727070415528267	0.31456210347943614	0.31456210347943614
-0.020001629960646028	-0.020000296327971279	-0.020000296327971279
-44.892681010654954	-0.7897392742055257	-0.7897392742055257
-2.4477168795163351	-0.639521569142111	-0.639521569142111
-48.894700756494494	0.98006367202804801	0.98006367202804801
60.877990578802439	-0.92752296819399249	-0.92752296819399249
67.695457267147589	-0.98858874844303346	-0.98858874844303346
36.359456804313282	-0.97340557292413854	-0.97340557292413854
-15.882104186712468	0.17326211335730701	0.17326211335730701
68.954143652488739	-0.16020144112530066	-0.16020144112530066
-85.603546676978141	0.70366678396774052	0.70366678396774052
-56.683559280774851	-0.13448281343269539	-0.13448281343269539
23.481004270323936	-0.99672609504832665	-0.99672609504832665
-88.794392641119146	-0.73779526106881776	-0.73779526106881776
-17.711996351422414	0.90761168124874581	0.90761168124874581
-67.051315917420567	0.88095196842397649	0.88095196842397649
-81.967053837137058	-0.28177622466561647	-0.28177622466561647
-55.090217609457177	0.99369580383231282	0.99369580383231282
-84.111492605785372	-0.65297742767687894	-0.65297742767687894
-67.940747739468009	0.92241611752416186	0.92241611752416186
81.105098245023044	-0.54493429309152042	-0.54493429309152042
29.008734853895731	-0.67014265765091396	-0.67014265765091396
30.95053105304865	-0.44877625746777489	-0.44877625746777489
16.415129585762259	-0.6496822003274918	-0.6496822003274918
-52.189459236810571	-0.93827739346555084	-0.93827739346555084
39.689855150347796	0.91311055829429943	0.91311055829429943
69.013810134856584	-0.10105544905028511	-0.10105544905028511
-86.1599484926397	0.97278158787832902	0.97278158787832902
88.60508152098609	0.59758616793832264	0.59758616793832264
-57.892240616755188	-0.97429562652406831	-0.97429562652406831
3.0468737846186968	0.094577301510797532	0.094577301510797532
23.668188471644129	-0.99436145878623006	-0.99436145878623006
-26.333192288217646	-0.93220243605513409	-0.93220243605513409
-33.715760301319548	-0.74581595998631023	-0.74581595998631023
-15.26804124932832	-0.42586890998831128	-0.42586890998831128
-57.539044948056564	-0.83623287585527861	-0.83623287585527861
-66.812731893365793	0.74416647395543434	0.74416647395543434
96.292926446603161	0.88958956981614123	0.88958956981614123
80.52695347589912	-0.91457489724024654	-0.91457489724024654
76.137271433898604	0.67358439766622302	0.67358439766622302
-48.600168441570723	0.99553652761514011	0.99553652761514011
3.7918461766162324	-0.6053882118589321	-0.6053882118589321
-42.018908749061332	0.92392047714176706	0.92392047714176706
62.8671717562016	0.035311342053474366	0.035311342053474366
60.342507239519762	-0.60697353472499993	-0.60697353472499993
-93.844809526257976	0.39215224684314537	0.39215224684314537
-98.872656205319885	0.9961732346145612	0.9961732346145612
22.817029366643666	-0.73514516445839362	-0.73514516445839362
5.3274066712391601	-0.81676323988375898	-0.81676323988375898
-4.6035237490702627	0.99408003094955688	0.99408003094955688
0.25540945073818477	0.25264159792958191	0.25264159792958191
59.494370164213876	0.19463983966636669	0.19463983966636669
-59.168045977471429	-0.49880065212796704	-0.49880065212796704
5.442420174472943	-0.74515359959207228	-0.74515359959207228
-72.601133165040224	0.33772810444594575	0.33772810444594575
19.539944508321412	0.63683683016356962	0.63683683016356962
-80.367046153469317	0.96730071109796922	0.96730071109796922
44.482129413499052	0.47927832900657058	0.47927832900657058
95.128172338480766	0.77098904832440918	0.77098904832440918
-48.909126658429948	0.97709560325696476	0.97709560325696476
18.236526495963616	-0.57534789024990518	-0.57534789024990518
-27.22057348257529	-0.86928815428204498	-0.86928815428204498
95.033408108953836	0.70726963589174618	0.70726963589174618
11.673583988282871	-0.77882266413304702	-0.77882266413304702
48.152140110348284	-0.85639690218325815	-0.85639690218325815
-72.15623626230996	-0.10022620690576418	-0.10022620690576418
-77.604191592300523	-0.80496990761082154	-0.80496990761082154
26.378121787625886	0.94751788617248822	0.94751788617248822
-40.368314786522738	-0.45501557998254455	-0.45501557998254455
78.986830937019846	-0.4322754025294403	-0.4322754025294403
87.538809000105601	-0.41303609362070487	-0.41303609362070487
22.614992492598461	-0.58415934185524032	-0.58415934185524032
-40.86543192419586	0.024724907692495544	0.024724907692495544
-70.263017336700344	-0.91193650629308454	-0.91193650629308454
-14.281580208126087	-0.9895905140268425	-0.9895905140268425
-0.81762483812552489	-0.72952338310907328	-0.72952338310907328
15.278169077467155	0.41668371979872659	0.41668371979872659
72.105717435211147	0.15034140862352499	0.15034140862352499
17.445532111549539	-0.98612566590975248	-0.98612566590975248
-39.920144214760001	-0.79594092521549675	-0.79594092521549675
39.173342261900132	0.99534113471403496	0.99534113471403496
-96.632625833471579	-0.68655949662021221	-0.68655949662021221
34.902066088431638	-0.33777024026496349	-0.33777024026496349
-39.473928772103598	-0.97925988814245046	-0.97925988814245046
9.460814152731075	-0.036028392992125811	-0.036028392992125811
-1.5586693947751371	-0.99992646966103016	-0.99992646966103016
24.432217987814809	-0.64461779574927458	-0.64461779574927458
-33.908588704138367	-0.60433463648796282	-0.60433463648796282
-96.010133554619614	-0.9817088735599947	-0.9817088735599947
81.566391689959971	-0.11476387745861627	-0.11476387745861627
-46.431959603894001	-0.63802465455544732	-0.63802465455544732
45.92940327942955	0.93002707923898609	0.93002707923898609
-48.903256978682172	0.97832783669526546	0.97832783669526546
96.002998605741197	0.98304228443564945	0.98304228443564945
-76.712525629273372	-0.96728526392352177	-0.96728526392352177
71.385595816138505	0.76499606238505091	0.76499606238505091
-96.657952761859448	-0.66792673741956565	-0.66792673741956565
-68.293477366789233	0.73220989409973558	0.73220989409973558
46.375080630050206	0.68076696264686642	0.68076696264686642
0.9579832745406236	0.81803327082780031	0.81803327082780031
-35.082625908432036	0.501305348277018	0.501305348277018
86.822911378872817	-0.90933498788512168	-0.90933498788512168
49.416209511573669	-0.7508003631397151	-0.7508003631397151
-4.09978660430113	0.81815442747630507	0.81815442747630507
-27.098062907398969	-0.92317910886610377	-0.92317910886610377
-83.837984172375386	-0.83328175133205296	-0.83328175133205296
37.261730136560033	-0.42356910238474216	-0.42356910238474216
-48.159348374013234	0.86009637801792604	0.86009637801792604
-1.6779956552432083	-0.99425965234435287	-0.99425965234435287
-36.136099697557086	0.99996970341392488	0.99996970341392488
-1.4219954473163625	-0.98894956135248746	-0.98894956135248746
-47.980441366014567	0.75558817128336953	0.75558817128336953
-6.2131661387359713	0.069961968824783644	0.069961968824783644
-70.407045358859108	-0.96138930474835782	-0.96138930474835782
-60.212957099288488	0.49921855989497449	0.49921855989497449
89.137528589461056	0.92189145001592621	0.92189145001592621
-20.841831430000241	-0.91248478983647296	-0.91248478983647296
-85.589263865260136	0.69344698868703092	0.69344698868703092
-40.974348789831794	0.13324681602630828	0.13324681602630828
1.4036313942636269	0.98606044877202337	0.98606044877202337
0.56627014492885053	0.53648813376595639	0.53648813376595639
66.604500127682854	-0.58999641635036759	-0.58999641635036759
43.828269117719998	-0.15341971145843733	-0.15341971145843733
58.841455344034159	0.75049123806389784	0.75049123806389784
-37.168953478164227	0.50566997323193785	0.50566997323193785
-57.574270505825318	-0.85502691648827878	-0.85502691648827878
-83.935542335007725	-0.7754701015768598	-0.7754701015768598
-77.28737744507022	-0.94975083424642859	-0.94975083424642859
81.56097139823558	-0.12014664400657901	-0.12014664400657901
27.849196224644416	0.41244618929990479	0.41244618929990479
-0.93764515447119834	-0.80616700292112675	-0.80616700292112675
-70.230357756225857	-0.89805132466751991	-0.89805132466751991
-91.948637644945563	0.74627662724830401	0.74627662724830401
95.985453146937573	0.98610828097452807	0.98610828097452807
90.442055877369626	0.61637512956308826	0.61637512956308826
8.6950371751194524	0.66667645270328779	0.66667645270328779
-24.799673264535002	0.32694392285682128	0.32694392285682128
-74.488346264884598	0.78942850158453159	0.78942850158453159
88.274969237633002	0.30541568019765625	0.30541568019765625
12.343662695888	-0.2208714704611518	-0.2208714704611518
-32.556374647499652	-0.90882053382303651	-0.90882053382303651
-83.593655457176354	-0.94227007245286698	-0.94227007245286698
16.400450505251001	-0.6384534831819737	-0.6384534831819737
40.000504701429435	0.74477646100165229	0.74477646100165229
77.561434266880696	0.82959506200010191	0.82959506200010191
1.1122759938128439	0.89670841174240035	0.89670841174240035
53.098063770012146	0.30411695436636238	0.30411695436636238
-36.585689594147176	0.89721517999837164	0.89721517999837164
-27.870546801478724	-0.39290367389204195	-0.39290367389204195
-11.826992986671598	0.67382817868147082	0.67382817868147082
35.670869744609064	-0.89718351816426567	-0.89718351816426567
50.85907992772178	0.55934670071617776	0.55934670071617776
15.907749759895793	-0.19846007416139722	-0.19846007416139722
52.19266482616473	0.93716381348990441	0.93716381348990441
61.759271164470505	-0.87843721534610197	-0.87843721534610197
34.254762266156348	0.29815286971250987	0.29815286971250987
34.310183481885673	0.24482161821686058	0.24482161821686058
65.224378358701841	0.68095606625972127	0.68095606625972127
-6.6593088879346567	-0.36731779812512511	-0.36731779812512511
39.049833241601704	0.97588109502288112	0.97588109502288112
-67.141157774675278	0.91985554075763887	0.91985554075763887
10.205884135522098	-0.7040653833729037	-0.7040653833729037
41.041573101591183	-0.19952054639778069	-0.19952054639778069
-85.494210005741166	0.62193267126639562	0.62193267126639562
56.200569365608658	-0.34111087647521182	-0.34111087647521182
36.048279611835198	-0.9967988363671888	-0.9967988363671888
21.749667893010184	0.23914060809995891	0.23914060809995891
78.680983019664922	-0.14069828453250152	-0.14069828453250152
-63.883111678146768	-0.86804878447146605	-0.86804878447146605
33.441258793273335	0.89846487246716145	0.89846487246716145
59.968561585548713	-0.27472257819972173	-0.27472257819972173
6.1662275996375229	-0.11669124372280965	-0.11669124372280965
26.394162887439037	0.95252414657762652	0.95252414657762652
-34.392724599491032	-0.16404970732910104	-0.16404970732910104
35.908852220341544	-0.97601443349523176	-0.97601443349523176
98.32368336199346	-0.80418980612772517	-0.80418980612772517
88.70642063546893	0.67563547727701634	0.67563547727701634
73.988325293641225	-0.98708382812180273	-0.98708382812180273
17.222087228611315	-0.99839455122010567	-0.99839455122010567
44.365652530566734	0.37403439858207271	0.37403439858207271
-28.502629350508286	0.22631754781998212	0.22631754781998212
-75.35690981733616	0.041302117157072306	0.041302117157072306
-67.501621515052179	0.99909188238700519	0.99909188238700519
46.97891326559315	0.14446921413428288	0.14446921413428288
70.008457489870153	0.7792192307471526	0.7792192307471526
74.105426666726686	-0.96160641721042595	-0.96160641721042595
-45.413914482863746	-0.99033022818008221	-0.99033022818008221
-5.4912840356995503	0.71169018873246159	0.71169018873246159
-98.920718397619169	0.99922194215296989	0.99922194215296989
54.778730643635726	-0.98023691390486789	-0.98023691390486789
-3.1528936116352213	0.011300717502959145	0.011300717502959145
70.968744751023365	0.96024716272210964	0.96024716272210964
-86.075812342487083	0.94986714486214174	0.94986714486214174
8.7992510820694747	0.58552447090292881	0.58552447090292881
43.974462902803168	-0.0078341673157945949	-0.0078341673157945949
10.773685620406908	-0.97548354591013087	-0.97548354591013087
82.693964646811708	0.84818832935799093	0.84818832935799093
-54.833447532536553	0.98958898299178988	0.98958898299178988
-4.8578229777938873	0.98944310334564722	0.98944310334564722
50.51128671974331	0.24333649113987349	0.24333649113987349
73.871952075722533	-0.99900893856016426	-0.99900893856016426
-80.803737684765835	0.7692530620481729	0.7692530620481729
39.373158887493702	0.994674378420907	0.994674378420907
9.9730083377143899	-0.52117776425438267	-0.52117776425438267
-39.628818688828062	-0.93628006426139831	-0.93628006426139831
-11.365044579198312	0.93251876551534418	0.93251876551534418
-67.983979854017932	0.90486331266393505	0.90486331266393505
-88.724072839545798	-0.68854337777329122	-0.68854337777329122
60.421043324958021	-0.66745283263855359	-0.66745283263855359
-15.584094146140913	-0.12355259919807579	-0.12355259919807579
93.376465108179133	-0.76517590061947227	-0.76517590061947227
21.829680342416438	0.16076751376353518	0.16076751376353518
-58.673456551997447	-0.85043092494167105	-0.85043092494167105
-34.083549831219514	-0.45642166225299147	-0.45642166225299147
57.740000618020161	0.92886351060555006	0.92886351060555006
-90.139412162311515	-0.82305821759800357	-0.82305821759800357
-57.248709688695762	-0.64424975197618595	-0.64424975197618595
-43.916503835039279	0.06574585824169793	0.06574585824169793
44.359471150449565	0.36829458568934326	0.36829458568934326
-10.908340123314289	0.9961975125587984	0.9961975125587984
-74.415406347932517	0.83206339333721135	0.83206339333721135
88.773866546695132	0.72378519749609216	0.72378519749609216
25.357315464893219	0.22269130985476346	0.22269130985476346
-74.3951494828123	0.84312800509360497	0.84312800509360497
25.012127074433053	-0.12032192235192123	-0.12032192235192123
32.700445839842814	0.9593018257632927	0.9593018257632927
-19.33270478308782	-0.46456990578806462	-0.46456990578806462
80.375075370532244	-0.96523308437383337	-0.96523308437383337
36.347225432514563	-0.97613475803239036	-0.97613475803239036
3.3638453907262971	-0.22042750790864996	-0.22042750790864996
-12.861709654336067	-0.29106422758365569	-0.29106422758365569
33.874999859171425	0.6307499889881405	0.6307499889881405
41.248118215824292	-0.39623606549590584	-0.39623606549590584
55.49167437659429	-0.87088169298269524	-0.87088169298269524
58.283406109966478	0.98659157917118345	0.98659157917118345
58.250063592275922	0.99148399975453705	0.99148399975453705
-41.268656045928289	0.41500795754373487	0.41500795754373487
-16.998361729279793	0.96094540987924704	0.96094540987924704
36.347152697446575	-0.97615055101107551	-0.97615055101107551
-11.781518632505623	0.70672046706227776	0.70672046706227776
-54.788058163075739	0.98203948272283037	0.98203948272283037
-6.4814546650406299	-0.19697288960377085	-0.19697288960377085
-41.721932231224869	0.77152055030089961	0.77152055030089961
-2.5012947531258192	-0.59743435955832236	-0.59743435955832236
-65.147081571826106	-0.73547275439413551	-0.73547275439413551
-68.92058070639203	0.19323445744512344	0.19323445744512344
39.581589316270083	0.95181937613196455	0.95181937613196455
62.607223580656012	-0.22274517697285562	-0.22274517697285562
91.052988963376635	0.053172902326262032	0.053172902326262032
-5.951422478292784	0.3257102348100579	0.3257102348100579
-6.0992432447998937	0.18290654554470012	0.18290654554470012
35.978411001059442	-0.98878534249526584	-0.98878534249526584
-87.342106745018896	0.58305792857450967	0.58305792857450967
-17.285440859643543	0.99997768043269786	0.99997768043269786
12.748614101198513	0.18123636140236224	0.18123636140236224
-49.571711171762914	0.63944123777456641	0.63944123777456641
-0.63392739163367651	-0.59231364666228159	-0.59231364666228159
25.279188044625414	0.14592391086455261	0.14592391086455261
-57.508238222556599	-0.81894514177945454	-0.81894514177945454
-15.464261418388872	-0.24129673656983583	-0.24129673656983583
-6.1944822602268772	0.088586770036331738	0.088586770036331738
-66.424944896314912	0.43631496892938831	0.43631496892938831
82.750928422481223	0.87696966927907971	0.87696966927907971
76.434583947593438	0.86055600949203737	0.86055600949203737
-99.848559252941158	0.63066177982571792	0.63066177982571792
88.566583261515007	0.56628291581052626	0.56628291581052626
-55.964591037487168	0.5514294033321403	0.5514294033321403
-49.469105413835493	0.71482725045486983	0.71482725045486983
59.527172803321946	0.16236562000642393	0.16236562000642393
-14.168193943136203	-0.99951870118704755	-0.99951870118704755
-80.270693927057323	0.98721433383624435	0.98721433383624435
90.882353510635141	0.2219690581499551	0.2219690581499551
29.499019887802092	-0.94069936562386081	-0.94069936562386081
76.69915096377261	0.96380581680342992	0.96380581680342992
32.214737632441057	0.71652726709120473	0.71652726709120473
-84.555930744559262	-0.26390731744700302	-0.26390731744700302
37.739195326582404	0.040072750774170461	0.040072750774170461
-64.568630731636674	-0.98625669416437467	-0.98625669416437467
99.837686259077117	-0.63906240665722946	-0.63906240665722946
-14.786589398602885	-0.79643318666131535	-0.79643318666131535
38.887903325577156	0.92791913195058162	0.92791913195058162
-11.988200354141014	0.54649251128183485	0.54649251128183485
-18.654476165718151	0.19384477860800628	0.19384477860800628
-54.86413414320667	0.99353888359051179	0.99353888359051179
69.741588362803299	0.5863535493240789	0.5863535493240789
-68.008107991172608	0.89432952954252964	0.89432952954252964
-75.16985899638108	0.22638497279917136	0.22638497279917136
-4.2688504720942575	0.90323881182647903	0.90323881182647903
98.509089209820331	-0.89997708556703448	-0.89997708556703448
43.939764740188053	-0.042519587665393259	-0.042519587665393259
-19.48547593419913	-0.59391793936497117	-0.59391793936497117
-56.784217690691627	-0.23337776127237531	-0.23337776127237531
23.269780593034127	-0.95762274273525072	-0.95762274273525072
-80.285810159681631	0.98469213453812166	0.98469213453812166
-48.506796286172559	0.98240057015129323	0.98240057015129323
-22.273107246307219	0.27823750884439657	0.27823750884439657
-95.479887020715637	-0.94319108546387231	-0.94319108546387231
96.865363822754006	0.50035473653963025	0.50035473653963025
-91.355539414150769	0.24677649792489931	0.24677649792489931
67.667895541710124	-0.9923646435405814	-0.9923646435405814
-63.45171081252515	-0.58091937290259243	-0.58091937290259243
45.91593341518012	0.93489261387837475	0.93489261387837475
-13.167352405742875	-0.56545250852677698	-0.56545250852677698
-64.320700738771706	-0.99664408728353981	-0.99664408728353981
37.062194947537051	-0.59471966194379011	-0.59471966194379011
-22.188293870460839	0.19587072444937667	0.19587072444937667
-55.395752056079836	0.91395108902840072	0.91395108902840072
-7.1865623242768066	-0.78542162650665126	-0.78542162650665126
-97.042994017870114	-0.3394933866697718	-0.3394933866697718
34.38383362844786	0.17281362463087693	0.17281362463087693
90.999131430641881	0.10685114877067285	0.10685114877067285
-45.096354222290238	-0.89749533301934903	-0.89749533301934903
-51.174029632755527	-0.78861124182835673	-0.78861124182835673
-22.908232433540334	0.79383158233784734	0.79383158233784734
-91.881524988878795	0.69995753451795106	0.69995753451795106
88.667028962520334	0.6460779082873962	0.6460779082873962
30.978026888097503	-0.42403822980604261	-0.42403822980604261
-54.266716505606723	0.7576085465596919	0.7576085465596919
-35.175066368215951	0.57903711629850207	0.57903711629850207
48.7167172585618	-0.99975732451715305	-0.99975732451715305
71.621377674231383	0.5933814669391243	0.5933814669391243
-77.901555993408465	-0.59579916956804413	-0.59579916956804413
-51.853204814220817	-0.99985675817423592	-0.99985675817423592
16.348706171486938	-0.59779115628613866	-0.59779115628613866
-8.8788907502500933	-0.5191765642982511	-0.5191765642982511
-18.159018369659591	0.63695167497913019	0.63695167497913019
-55.667634788637891	0.77139662940415321	0.77139662940415321
56.542965470710499	-0.0057022630030503152	-0.0057022630030503152
24.127157354017825	-0.84447483115210531	-0.84447483115210531
-54.044148722584531	0.59484564384317806	0.59484564384317806
-94.770514566447872	-0.49925172621684627	-0.49925172621684627
-19.588567500544954	-0.67355766453873656	-0.67355766453873656
-93.658144018212028	0.55605818245500827	0.55605818245500827
-92.967728040882207	0.9580306440046662	0.9580306440046662
47.043380735888775	0.080422123401583612	0.080422123401583612
44.191213774206886	0.2074002024489226	0.2074002024489226
68.09245033489816	-0.85345966089139003	-0.85345966089139003
-69.001001026404623	0.11379034643878397	0.11379034643878397
95.318950419960402	0.87776203824933785	0.87776203824933785
24.656280811447743	-0.45863669745668523	-0.45863669745668523
57.91335521827051	0.97883465248336854	0.97883465248336854
17.785443239946304	-0.87435867432397252	-0.87435867432397252
80.690530874624898	-0.83650747104436673	-0.83650747104436673
6.9501311090097317	0.61858914774531448	0.61858914774531448
-41.454635950602658	0.57608543301617754	0.57608543301617754
26.406517283410096	0.95621281651909018	0.95621281651909018
-33.357503680840935	-0.932044705533566	-0.932044705533566
-87.361676194960324	0.56704848235902361	0.56704848235902361
35.830167946555662	-0.95588228027251865	-0.95588228027251865
-37.088376324378217	0.57347017153296098	0.57347017153296098
35.166092788377711	-0.57169773087073317	-0.57169773087073317
2.8330240464127883	0.30369516095686416	0.30369516095686416
92.150917047291188	-0.86478903970050147	-0.86478903970050147
71.568022543574671	0.63546336898316946	0.63546336898316946
-55.745277574633754	0.71971393205977185	0.71971393205977185
-81.487699691309302	0.19250013767590715	0.19250013767590715
1.9682852306818432	0.92203595593965992	0.92203595593965992
-83.411777132639472	-0.98729541093519357	-0.98729541093519357
0.014443234420639328	0.014442732265860457	0.014442732265860457
71.550697002044501	0.64874491518991673	0.64874491518991673
-12.045711395963153	0.4974521122056425	0.4974521122056425
-97.14817947443494	-0.23886105621984904	-0.23886105621984904
67.614320431242788	-0.99754551513438461	-0.99754551513438461
17.185159346750353	-0.9956226939886923	-0.9956226939886923
-96.171043972060517	-0.93852356807790915	-0.93852356807790915
-93.87828194211491	0.36114704624222144	0.36114704624222144
-17.688402227449103	0.91726321418739698	0.91726321418739698
30.281770746291357	-0.90617748281682409	-0.90617748281682409
-39.225333733525048	-0.99900672428849824	-0.99900672428849824
98.499062388015801	-0.89556085396186047	-0.89556085396186047
-77.078839892350075	-0.99397585516631548	-0.99397585516631548
48.697921908143826	-0.99999476487654648	-0.99999476487654648
-78.980069176955098	0.42616820633563279	0.42616820633563279
95.773714774086613	0.99899390689285594	0.99899390689285594
91.038625827545445	0.067509741094838552	0.067509741094838552
-39.20310029852795	-0.99776918408025361	-0.99776918408025361
88.223333807477246	0.2558622201460416	0.2558622201460416
58.793956598961415	0.78102398125396477	0.78102398125396477
-47.060239603435583	-0.063607230930967179	-0.063607230930967179
26.546373373110896	0.98767511057416713	0.98767511057416713
-56.86986732235151	-0.31570499671037572	-0.31570499671037572
-74.71542700795419	0.63096518283371483	0.63096518283371483
-36.641711498326266	0.87108163712492725	0.87108163712492725
35.189537534040824	-0.59077443475170299	-0.59077443475170299
42.550454546464124	-0.99036145494461658	-0.99036145494461658
-23.857756436745476	0.95656588176483193	0.95656588176483193
-19.638002848513381	-0.70925929298467361	-0.70925929298467361
57.55664343338816	0.8457534479633928	0.8457534479633928
66.807863236036553	-0.74090543213943771	-0.74090543213943771
6.7964805976624945	0.49105053780684693	0.49105053780684693
-63.860127527205336	-0.85640937045107823	-0.85640937045107823
-71.605778046904618	-0.60586523355639277	-0.60586523355639277
-41.106715173600648	0.26288453094670566	0.26288453094670566
32.026480104696645	0.57332110387161805	0.57332110387161805
67.416276401130858	-0.99182356278859751	-0.99182356278859751
31.140687573082204	-0.27177691303597434	-0.27177691303597434
66.978956499207783	-0.84443567641341177	-0.84443567641341177
6.4284110538995094	0.14471580373944282	0.14471580373944282
-4.2352731713383776	0.8883230909969011	0.8883230909969011
56.205119454084439	-0.33683017204616811	-0.33683017204616811
-23.001300294507672	0.84691252844961684	0.84691252844961684
83.769104584174272	0.86935569946971525	0.86935569946971525
-60.740123203432184	0.86735494332952512	0.86735494332952512
-44.425989854228021	-0.42927753346719266	-0.42927753346719266
62.382373310665287	-0.43449702768847953	-0.43449702768847953
-46.878030428510108	-0.24338994720926677	-0.24338994720926677
-96.145450842520646	-0.94705038652989548	-0.94705038652989548
28.182747831476462	0.091458067148946484	0.091458067148946484
4.8772349761364069	-0.98644363920541644	-0.98644363920541644
65.233820046645093	0.67401143991424506	0.67401143991424506
36.121850535472475	-0.99997910208434981	-0.99997910208434981
-74.811301824268	0.55380064103794624	0.55380064103794624
-79.276223122004041	0.67163008607884722	0.67163008607884722
87.332765028456237	-0.59062187355245144	-0.59062187355245144
62.035297190173679	-0.7149523006444447	-0.7149523006444447
-74.916143267000649	0.463623496114552	0.463623496114552
-81.170909093483942	0.48861347071608002	0.48861347071608002
54.139951680701955	-0.66901041908069447	-0.66901041908069447
-45.130424988249018	-0.9119975864256189	-0.9119975864256189
-20.525306746048571	-0.9944973306846433	-0.9944973306846433
-48.122055246116155	0.84047835356388756	0.84047835356388756
85.493132434609521	-0.62108849594636939	-0.62108849594636939
-88.172504223939853	-0.20641528651048713	-0.20641528651048713
32.684094369907683	0.95455641709324623	0.95455641709324623
-33.847528361176515	-0.65182681553500443	-0.65182681553500443
-48.54795497584157	0.98925428451080366	0.98925428451080366
59.77055270448534	-0.080206042013320836	-0.080206042013320836
-93.14156530797851	0.89400891611323174	0.89400891611323174
14.792980437547001	0.79255211689896743	0.79255211689896743
9.5978848529167919	-0.17224363317437347	-0.17224363317437347
75.289477684216024	-0.10853179583051049	-0.10853179583051049
30.580126420369169	-0.74183329407327125	-0.74183329407327125
-68.248476861651241	0.76210719809463534	0.76210719809463534
-72.116937292981959	-0.13923984414108598	-0.13923984414108598
-79.585733476233571	0.86538448669774526	0.86538448669774526
-84.050854129503847	-0.69767535788328539	-0.69767535788328539
83.872478157858154	0.81371989805831424	0.81371989805831424
56.167851741687656	-0.37167815746776711	-0.37167815746776711
50.426592580410613	0.16041405190718194	0.16041405190718194
-35.723554915573715	0.91919669863897591	0.91919669863897591
-63.604208836663616	-0.69782453415177725	-0.69782453415177725
-32.952999173735719	-0.99943141029210936	-0.99943141029210936
-5.5386261893112589	0.67764765745376487	0.67764765745376487
-40.496665847623959	-0.33729181732056629	-0.33729181732056629
-64.45358544338464	-0.99870304011820199	-0.99870304011820199
95.906957354876852	0.99609690393756845	0.99609690393756845
-74.823147488512859	0.54389873357958529	0.54389873357958529
-70.314758644404662	-0.93193768551093237	-0.93193768551093237
-30.681420140475538	0.67022090290432235	0.67022090290432235
2.1093285381165856	0.85846240015534592	0.85846240015534592
-34.914265687591779	0.34922743209866569	0.34922743209866569
89.067082781187082	0.89233336466247348	0.89233336466247348
-12.460059312167658	0.10611115862347453	0.10611115862347453
81.725833796532555	0.04441019211412426	0.04441019211412426
82.08409530520359	0.39189119133967515	0.39189119133967515
-50.479015916189262	-0.21191442320677387	-0.21191442320677387
60.859741848568518	-0.92054815312610472	-0.92054815312610472
-11.287191204973141	0.95778026195667221	0.95778026195667221
53.796521186391715	-0.37967602690910451	-0.37967602690910451
-72.809760320385408	0.52535245998972857	0.52535245998972857
-96.946592405695412	-0.42845289505043771	-0.42845289505043771
26.557141925476714	0.98930328429157111	0.98930328429157111
-46.126197301290752	-0.8402219995007516	-0.8402219995007516
77.041054799662476	0.99740661646718454	0.99740661646718454
-32.319676773301694	-0.78565258065837329	-0.78565258065837329
29.127292378956611	-0.7532296723525711	-0.7532296723525711
-24.71508246698771	0.40562157869428472	0.40562157869428472
9.6122069753231898	-0.18633355498619136	-0.18633355498619136
70.026872998347642	0.79062840023329528	0.79062840023329528
-50.152971588513445	0.11227364564584992	0.11227364564584992
-16.434367066530115	0.66418553134081448	0.66418553134081448
8.6415025469948006	0.70560417852643009	0.70560417852643009
-6.6245050001884067	-0.33473094812202286	-0.33473094812202286
-5.9024170447356141	0.37163381804169116	0.37163381804169116
82.500606398801466	0.73059804728760724	0.73059804728760724
54.415316761141696	-0.84589533874716383	-0.84589533874716383
46.909724598322754	0.21253177955961655	0.21253177955961655
-21.857845653130596	-0.13290848114820783	-0.13290848114820783
93.67486243738	-0.54208571768146374	-0.54208571768146374
41.658637244567302	-0.72973394522125146	-0.72973394522125146
-42.824649676850058	0.91586111580792062	0.91586111580792062
-96.772035827988077	-0.57886528244073565	-0.57886528244073565
-91.0980180380501	-0.0081688252006265165	-0.0081688252006265165
84.009002838826149	0.72703854810242563	0.72703854810242563
61.117192295459944	-0.98966934631058989	-0.98966934631058989
51.175400278694269	0.78945330017025117	0.78945330017025117
-70.48615833526965	-0.98013082177201916	-0.98013082177201916
0.94070076971783578	0.80797120767209063	0.80797120767209063
-71.987544379016811	-0.26585106882899129	-0.26585106882899129
-37.553045250158256	0.14554774731442732	0.14554774731442732
-13.130414638481568	-0.53460816515012977	-0.53460816515012977
48.656625017423153	-0.99927576326697376	-0.99927576326697376
55.590800632489504	-0.81796646357363378	-0.81796646357363378
-65.582824949023802	-0.38076250351218316	-0.38076250351218316
0.82451130224465885	0.73421608527943905	0.73421608527943905
89.783043528481414	0.96949043391375822	0.96949043391375822
24.562628465276021	-0.53972698095495342	-0.53972698095495342
27.096337928078867	0.92384076543531235	0.92384076543531235
-68.000586455515432	0.89766940198880441	0.89766940198880441
56.294618245162297	-0.25132554969429838	-0.25132554969429838
9.4218049380627491	0.00297301832694198	0.00297301832694198
-38.279992791905414	-0.54876060483489852	-0.54876060483489852
-69.698786841768737	-0.55115552844002624	-0.55115552844002624
-50.735348245358708	-0.45276662206791052	-0.45276662206791052
31.184219732521569	-0.22963904774930841	-0.22963904774930841
13.481918575544299	0.79289660943652851	0.79289660943652851
44.899672903506826	0.79400906076207034	0.79400906076207034
2.0848256521907444	0.87077040329374078	0.87077040329374078
29.148827234135013	-0.76721864385147387	-0.76721864385147387
38.396573623440588	0.64227427665921077	0.64227427665921077
2.1439365134252171	0.84020228170906019	0.84020228170906019
-12.376379029375755	0.18885063138789157	0.18885063138789157
-27.95363435498254	-0.31523049971057981	-0.31523049971057981
24.306483502164738	-0.73540064015366535	-0.73540064015366535
93.954565695023916	-0.28903045510279474	-0.28903045510279474
25.146803778459898	0.014062086255498546	0.014062086255498546
14.499664063089824	0.93501423493083247	0.93501423493083247
-22.039577813525227	0.048410309698862564	0.048410309698862564
90.419199258199313	0.63421107024662293	0.63421107024662293
94.225222411165873	-0.022555283624385233	-0.022555283624385233
99.401403879240689	-0.90422481379673536	-0.90422481379673536
-22.518484631087105	0.50323308038663017	0.50323308038663017
71.611387619777958	0.60139293180327313	0.60139293180327313
-85.148964140452264	0.32022074550417923	0.32022074550417923
-96.87836987866612	-0.48905182540723613	-0.48905182540723613
-76.837392346296184	-0.99134957916528021	-0.99134957916528021
-89.051341506278419	-0.8851178568174366	-0.8851178568174366
73.758290997030741	-0.9976110335018481	-0.9976110335018481
-15.38147342671617	-0.32072028008808745	-0.32072028008808745
-27.951385807004186	-0.31736360708495226	-0.31736360708495226
74.011523093364758	-0.98310218533082105	-0.98310218533082105
-11.923242853069056	0.59970128018789814	0.59970128018789814
-78.568442387304898	0.028622138114947897	0.028622138114947897
-51.367318690044392	-0.89203876511839342	-0.89203876511839342
-8.3284104918296578	-0.88955378182547173	-0.88955378182547173
-61.843634826041303	0.83504702158544331	0.83504702158544331
-60.318649938407894	0.58784268251021898	0.58784268251021898
14.865915907955895	0.74600809504928156	0.74600809504928156
-76.496252107522366	-0.89031132810450309	-0.89031132810450309
-97.25408007843221	-0.13487982963457418	-0.13487982963457418
87.030631770118617	-0.80398257664225981	-0.80398257664225981
-77.373227844863834	-0.91941423783814447	-0.91941423783814447
77.899306335620935	0.59760443582241762	0.59760443582241762
40.742208275507693	0.098337038121755677	0.098337038121755677
-57.52745816402534	-0.82982298829031464	-0.82982298829031464
-64.036538712269618	-0.93372672636873444	-0.93372672636873444
-44.379985917339049	-0.38728851761850991	-0.38728851761850991
2.4417571214673188	0.64409188655413141	0.64409188655413141
-47.919641569912699	0.71438985348816564	0.71438985348816564
24.534812421852365	-0.56293183404558644	-0.56293183404558644
-44.498646023799779	-0.49370831543399668	-0.49370831543399668
46.358127629899826	0.69308661619836331	0.69308661619836331
0.75338468042606621	0.6841113838431524	0.6841113838431524
28.367225085585972	-0.092757671342941161	-0.092757671342941161
97.93679579359511	-0.52048899462956821	-0.52048899462956821
-7.7172982278323872	-0.99067335711971438	-0.99067335711971438
10.173871012718735	-0.6809748759784191	-0.6809748759784191
95.469247742922931	0.93960286248725566	0.93960286248725566
-61.813240551776907	0.85138104220548816	0.85138104220548816
83.102743570993084	0.98885136990560696	0.98885136990560696
-19.182040102677618	-0.32639216666452936	-0.32639216666452936
-6.7985359040482649	-0.49283994066238968	-0.49283994066238968
63.237252997020505	0.39438630108391975	0.39438630108391975
-40.627688684170003	-0.21140850524667468	-0.21140850524667468
-23.15004215549412	0.91636071060696356	0.91636071060696356
-62.976257793159178	-0.14390337241774659	-0.14390337241774659
-10.578445166827848	0.91425580692037323	0.91425580692037323
-28.964750164227524	0.63685818283117068	0.63685818283117068
51.356413679364806	0.88705720647230812	0.88705720647230812
-82.649261030353813	-0.82366956890072573	-0.82366956890072573
-45.312396573702443	-0.97117208323195725	-0.97117208323195725
-7.2027180407857117	-0.79531845379175059	-0.79531845379175059
-49.017624525639569	0.94830700067964147	0.94830700067964147
65.937476518607099	0.035961451217221559	0.035961451217221559
75.373105649830364	-0.02511539518054225	-0.02511539518054225
58.43211030741648	0.9515229854450109	0.9515229854450109
93.482742552521387	-0.6925637290355674	-0.6925637290355674
-72.369410877407063	0.11254091685280117	0.11254091685280117
-28.797973919326154	0.50003573301203363	0.50003573301203363
72.686943739619437	-0.41715502204451937	-0.41715502204451937
-4.4839646020360675	0.9740243925750014	0.9740243925750014
-70.945511227811352	-0.96647308746473459	-0.96647308746473459
-96.830684594687639	-0.53007385964669385	-0.53007385964669385
-7.5502159955311043	-0.95421689616116823	-0.95421689616116823
-69.819938106589689	-0.647957457670571	-0.647957457670571
65.815012812594347	0.15777094037582165	0.15777094037582165
44.616249596039012	0.59233383279102281	0.59233383279102281
83.342190156240719	0.99595409580581351	0.99595409580581351
10.293871730561492	-0.76374426195576539	-0.76374426195576539
-47.402090907072015	0.27462636282067165	0.27462636282067165
-25.251285287777321	-0.11826661017926031	-0.11826661017926031
86.081733546193362	-0.95170176953100905	-0.95170176953100905
23.195144995411397	-0.93347977302907625	-0.93347977302907625
-74.113750662651285	0.959288755938559	0.959288755938559
25.706465202019842	0.54276351644332688	0.54276351644332688
-48.45682874389081	0.97184504965482954	0.97184504965482954
97.879694211585189	-0.47090993110553436	-0.47090993110553436
-60.608228021120645	0.79436871059282232	0.79436871059282232
20.99813604276693	0.8376751284500128	0.8376751284500128
-79.269422544575235	0.66657613722385023	0.66657613722385023
87.257968898971228	-0.64927089755203349	-0.64927089755203349
12.374986244787394	-0.19021817035269217	-0.19021817035269217
-17.455158757295891	0.98448196952061573	0.98448196952061573
5.5237451544980019	-0.68851553967086143	-0.68851553967086143
67.346166028024413	-0.98044699865142926	-0.98044699865142926
98.83383646864047	-0.99203070529449278	-0.99203070529449278
76.625563504247538	0.94159633503488682	0.94159633503488682
-20.408228221336898	-0.99992650488496393	-0.99992650488496393
31.977361457819597	0.53240139557937449	0.53240139557937449
-34.192141886544675	-0.35730171670560351	-0.35730171670560351
26.628483528983566	0.99718476846482551	0.99718476846482551
3.9747193409867236	-0.74003788613548172	-0.74003788613548172
-78.6411500778988	0.10116040247727537	0.10116040247727537
-43.771440297160822	0.2092978520357594	0.2092978520357594
-11.632039483958138	0.80420171106548577	0.80420171106548577
81.26124097083877	-0.40791386678567965	-0.40791386678567965
-53.24410423083625	-0.16225043319826629	-0.16225043319826629
-92.019620206492078	0.79160622658715485	0.79160622658715485
97.642201620823897	-0.25014436693324588	-0.25014436693324588
33.962669987043853	0.56038386535652474	0.56038386535652474
41.672546480316839	-0.73917322865780777	-0.73917322865780777
-88.238954824272369	-0.27093143342780168	-0.27093143342780168
69.836936340612567	0.66081038191064823	0.66081038191064823
6.93218408494009	0.6043890457322848	0.6043890457322848
41.973063664303822	-0.90541623362619206	-0.90541623362619206
-96.769640046063131	-0.5808171954441852	-0.5808171954441852
38.203895496262675	0.48361808779293014	0.48361808779293014
36.490103777103343	-0.93526536936322069	-0.93526536936322069
-40.528690471348128	-0.30697604036466619	-0.30697604036466619
27.75679320049656	0.49474439387641561	0.49474439387641561
-25.579277292386394	-0.43184383937441501	-0.43184383937441501
-11.441256349269992	0.90231685663189964	0.90231685663189964
-75.761618547068011	-0.35544943672486357	-0.35544943672486357
25.526861313126375	0.3839958808755895	0.3839958808755895
64.008380611610619	0.92327769434542728	0.92327769434542728
-40.39118444699529	-0.43453331414806307	-0.43453331414806307
40.324078008220965	0.49394971797812137	0.49394971797812137
-24.557194060478338	0.54429388862568862	0.54429388862568862
-63.298296300353933	-0.44971232279532386	-0.44971232279532386
-16.586044362549984	0.76951482787261127	0.76951482787261127
68.697317334775278	-0.405678506644572	-0.405678506644572
-48.14727737960829	0.85387607111885355	0.85387607111885355
-55.275298365083195	0.95609372077590571	0.95609372077590571
-99.90896410208552	0.58266241486002612	0.58266241486002612
-44.577613149445206	-0.56077042076271189	-0.56077042076271189
43.83975049237236	-0.14206440079197	-0.14206440079197
-7.6278752311073958	-0.97454666496459663	-0.97454666496459663
-21.9034488484062	-0.087587349975656509	-0.087587349975656509
-54.412944428405133	0.84462767848645315	0.84462767848645315
-83.341581439495627	-0.9960086126687403	-0.9960086126687403
44.421013512402084	0.42477774098488652	0.42477774098488652
31.584568154954496	0.16784339382570168	0.16784339382570168
76.873100668436791	0.99540326565841186	0.99540326565841186
4.73885357467978	-0.99964983306245403	-0.99964983306245403
-7.0421266259336477	-0.68815368888934259	-0.68815368888934259
18.003144555691165	-0.74890713456634772	-0.74890713456634772
-54.868540990502183	0.99402937751117948	0.99402937751117948
-31.417553443823792	-0.0016269072081682035	-0.0016269072081682035
29.941730002664031	-0.99533786703310101	-0.99533786703310101
92.225705069405961	-0.89989038897311602	-0.89989038897311602
-2.8451478582286853	-0.29212192948940907	-0.29212192948940907
1.6697338956120973	0.99510966983259586	0.99510966983259586
76.65766136251969	0.95191822299468265	0.95191822299468265
-82.484429991745856	-0.71945756411199324	-0.71945756411199324
-42.226361661832549	0.98291064281318641	0.98291064281318641
77.654607641009278	0.7740471369933255	0.7740471369933255
-95.400082349373747	-0.9137021604663228	-0.9137021604663228
8.5886006426591166	0.74208618743864996	0.74208618743864996
15.501917457804296	0.20459096030538282	0.20459096030538282
-39.697984826797054	-0.90976585350711026	-0.90976585350711026
-29.781589167425366	0.99798194713299537	0.99798194713299537
91.509576286290581	-0.39253788127086797	-0.39253788127086797
54.615647175267696	-0.93511095883754491	-0.93511095883754491
-62.047199605258477	0.70658000496424	0.70658000496424
93.650051318534992	-0.56276609417751344	-0.56276609417751344
-66.669626292038373	0.6412917316437633	0.6412917316437633
86.917568828839705	-0.86593935120172116	-0.86593935120172116
-15.021146454738528	-0.63407894133104148	-0.63407894133104148
91.923491786440366	-0.72930447592160319	-0.72930447592160319
86.191996211221976	-0.97970703226711375	-0.97970703226711375
-1.4618258020521893	-0.99406858527434983	-0.99406858527434983
-12.765959646728561	-0.19826653838999375	-0.19826653838999375
-9.3887039260824707	-0.036066211122775436	-0.036066211122775436
80.750878052829393	-0.8019372421580101	-0.8019372421580101
49.272373559825951	-0.83772775625482887	-0.83772775625482887
74.384714835191858	-0.84869284768665421	-0.84869284768665421
-7.4776611532924449	-0.9300231550052136	-0.9300231550052136
32.661239914856338	0.94749640641914001	0.94749640641914001
28.856764456154849	-0.55005540025394661	-0.55005540025394661
99.841344147627495	-0.63624465470602676	-0.63624465470602676
-14.877216952598275	-0.73843483569382307	-0.73843483569382307
45.490636743770096	0.99805021217561884	0.99805021217561884
-14.644269756199364	-0.87415518267527859	-0.87415518267527859
84.064698399125632	0.68769058691276097	0.68769058691276097
-84.282487346791825	-0.51457704332654497	-0.51457704332654497
-71.780920958866005	-0.45796979520235753	-0.45796979520235753
26.009897086824424	0.76892361577366808	0.76892361577366808
39.894635532056867	0.81112260900561639	0.81112260900561639
28.654115219261541	-0.37071739590861003	-0.37071739590861003
-14.95124302455919	-0.68654045838203459	-0.68654045838203459
53.926727992080828	-0.49657887143618351	-0.49657887143618351
-99.30857780291268	0.93991700077596085	0.93991700077596085
-59.42667867439696	-0.26054025678549453	-0.26054025678549453
45.202591646213619	0.93920051787732572	0.93920051787732572
-24.595278948520445	0.51195771416162739	0.51195771416162739
-36.170327906449927	0.99911760933563964	0.99911760933563964
-66.286223027669294	0.30770237472154621	0.30770237472154621
-58.985305385848996	-0.64799958100412114	-0.64799958100412114
40.014266529949936	0.7355227648128988	0.7355227648128988
0.37106210733711009	0.36260545952904127	0.36260545952904127
77.332209511952755	0.93476848687700964	0.93476848687700964
26.577531430965976	0.99207172674664812	0.99207172674664812
9.3095847632791049	0.11493860763017592	0.11493860763017592
-46.183454554541356	-0.8078147287326285	-0.8078147287326285
-31.19957757375245	0.21466513795989181	0.21466513795989181
-17.061474591663156	0.97648634458760486	0.97648634458760486
-61.869759061887606	0.82039072793006385	0.82039072793006385
-94.322049043790315	-0.074201177186201256	-0.074201177186201256
-19.730286778749502	-0.77120433951963463	-0.77120433951963463
-13.615193991481689	-0.86683717180274034	-0.86683717180274034
20.178236257508757	0.97083282410894234	0.97083282410894234
-83.699562467823824	-0.90159350601885802	-0.90159350601885802
-66.9004039287735	0.79979774580402596	0.79979774580402596
-20.796632267763954	-0.93003802379144473	-0.93003802379144473
3.0042646729271638	0.13689674335582835	0.13689674335582835
-73.057759853487113	0.71814209080174685	0.71814209080174685
71.744960252006393	0.48963472938560587	0.48963472938560587
-56.942635833795251	-0.38385551548733199	-0.38385551548733199
-3.690329172909145	0.52160966374928808	0.52160966374928808
92.553306723012298	-0.99236179805730373	-0.99236179805730373
-94.631578070863711	-0.37444528346892864	-0.37444528346892864
34.204088363757563	0.34611860715797543	0.34611860715797543
-55.398263007106486	0.912929203846923	0.912929203846923
20.355856907186691	0.99792089633021519	0.99792089633021519
42.106963219571583	-0.95398570498758339	-0.95398570498758339
-72.661998857594071	0.39435680257445582	0.39435680257445582
22.281684018830589	-0.28646526973723219	-0.28646526973723219
42.098580223011822	-0.95143855510584774	-0.95143855510584774
11.437392506882048	-0.90397571676452126	-0.90397571676452126
90.981766925429099	0.12409926625345245	0.12409926625345245
-30.125989928518067	0.9608174948571031	0.9608174948571031
46.990783759746705	0.13271334731468587	0.13271334731468587
-2.4009549791376799	-0.67475867703741599	-0.67475867703741599
66.710274189207865	-0.67194244459690733	-0.67194244459690733
49.608122745021319	-0.61102891066217702	-0.61102891066217702
-90.269154639890829	-0.74265902384419591	-0.74265902384419591
52.933207167612949	0.45633142465968135	0.45633142465968135
55.977042914856867	-0.54099929837793304	-0.54099929837793304
-79.583295266868475	0.86416010826891754	0.86416010826891754
-19.08799086606578	-0.23618213811989033	-0.23618213811989033
-66.927583798823818	0.81581558094975337	0.81581558094975337
-26.296013636269535	-0.91810499927297218	-0.91810499927297218
29.318792395834862	-0.86465263806092196	-0.86465263806092196
-17.724524920364587	0.90228096064381702	0.90228096064381702
-11.394236689138765	0.92158105524207878	0.92158105524207878
-98.940177270137056	0.99980018025849182	0.99980018025849182
-66.281055977124737	0.30278193003839732	0.30278193003839732
87.433190972134497	-0.50674364467466393	-0.50674364467466393
89.424133514749514	0.99381730892208775	0.99381730892208775
-59.753163022131552	0.062861130615136485	0.062861130615136485
28.481842905111989	-0.20602300291676331	-0.20602300291676331
-40.452276198701995	-0.3787342646907757	-0.3787342646907757
-56.489817899174867	0.058815902134701122	0.058815902134701122
36.415474721435373	-0.95905233946102231	-0.95905233946102231
-70.383824934056577	-0.95474063198475179	-0.95474063198475179
-18.197955119379188	0.60646000244032117	0.60646000244032117
76.71398845828557	0.9676553356876203	0.9676553356876203
-98.878877113413509	0.99669766724262721	0.99669766724262721
36.107549526373504	-0.99978439457960888	-0.99978439457960888
0.17956005267238595	0.17859671671044153	0.17859671671044153
9.5444355297649111	-0.11937223181847646	-0.11937223181847646
83.399478050525772	0.98917495827003432	0.98917495827003432
0.12385031976675975	0.12353394119572084	0.12353394119572084
32.780684895534279	0.9788491611226362	0.9788491611226362
-81.311501994705225	0.36152872268024527	0.36152872268024527
96.864917199835475	0.50074138190186723	0.50074138190186723
95.546257182858767	0.96314982205800459	0.96314982205800459
45.017510564511696	0.85997129040208331	0.85997129040208331
36.439750433008498	-0.95189485587554179	-0.95189485587554179
93.936822521238014	-0.30596996214636218	-0.30596996214636218
-40.180067359090586	-0.61362006122974944	-0.61362006122974944
-33.50391503946588	-0.86921090855139516	-0.86921090855139516
24.798993738280785	-0.32758602935625347	-0.32758602935625347
-48.50251956058392	0.98159275463465079	0.98159275463465079
57.482964105724136	0.80418103333750413	0.80418103333750413
20.555195740033597	0.99092238356925355	0.99092238356925355
-59.430955417048338	-0.2564088499422858	-0.2564088499422858
-84.482333549976687	-0.3341168691818886	-0.3341168691818886
-82.166894968441383	-0.46663823438195623	-0.46663823438195623
63.258355863090202	0.41368941671602549	0.41368941671602549
24.129143110175349	-0.84340960533055565	-0.84340960533055565
22.530189973108847	-0.5133135542804137	-0.5133135542804137
41.138518058628591	-0.2934307179174177	-0.2934307179174177
16.301895251074285	-0.55962395842044932	-0.55962395842044932
-98.257687326187323	0.76324136169207901	0.76324136169207901
14.400074435065193	0.9656384343522959	0.9656384343522959
-51.365058309904299	-0.89101488822699426	-0.89101488822699426
-28.683065308678607	0.39744557226877369	0.39744557226877369
7.6564009602730749	0.98054435507715876	0.98054435507715876
-33.711583731773146	-0.74859167736537335	-0.74859167736537335
96.362128875574456	0.85587657672853412	0.85587657672853412
7.4600724209557825	0.92341575894443462	0.92341575894443462
78.843668378501661	-0.29919799825088889	-0.29919799825088889
-52.380158736784189	-0.85570740713685656	-0.85570740713685656
-56.474539094431911	0.074060798589748678	0.074060798589748678
29.207780764540132	-0.80367583811716126	-0.80367583811716126
-86.322835716854584	0.9974832354433868	0.9974832354433868
8.7900871721986249	0.59292854863251099	0.59292854863251099
-51.849504881821176	-0.99991253644628397	-0.99991253644628397
94.525929609786004	0.27457722611573709	0.27457722611573709
74.380880817092788	-0.85071436363848063	-0.85071436363848063
-7.5955366004949383	-0.96678856129765345	-0.96678856129765345
-77.438136216922757	-0.89196819904307367	-0.89196819904307367
79.444096703846725	-0.78598044263869871	-0.78598044263869871
56.757669921935246	0.20748387523725961	0.20748387523725961
78.68499753715497	-0.14467172324498306	-0.14467172324498306
-64.246091626040453	-0.98776984300903869	-0.98776984300903869
52.196986059580041	0.9356474347318533	0.9356474347318533
-70.457584030211763	-0.97406371168057337	-0.97406371168057337
12.674916722731339	0.10833308087231858	0.10833308087231858
26.026426102844852	0.77938577072011317	0.77938577072011317
-73.280937737293513	0.85435409528638051	0.85435409528638051
10.648134135749856	-0.94024740044923905	-0.94024740044923905
30.55716417740453	-0.75703449899530084	-0.75703449899530084
34.468843089265135	0.088559929216103714	0.088559929216103714
-29.106477024705669	0.73937603017659959	0.73937603017659959
-15.613407695930619	-0.094414735272986092	-0.094414735272986092
77.278047126051518	0.9526299066934667	0.9526299066934667
50.440210533771364	0.17384036071009715	0.17384036071009715
52.776887602323598	0.58929625977434119	0.58929625977434119
62.771322759645273	-0.060493355897820136	-0.060493355897820136
32.923185355776127	0.99798217157804781	0.99798217157804781
79.230593005775461	-0.63713599076002791	-0.63713599076002791
-74.560858769591121	0.74288171649514301	0.74288171649514301
-7.9971627822942821	-0.98976707927417185	-0.98976707927417185
54.633232986841278	-0.94119766577343467	-0.94119766577343467
-95.26212901511154	-0.84913710639885276	-0.84913710639885276
92.462212356134955	-0.97702524118529011	-0.97702524118529011
49.651823889879978	-0.57586235711216893	-0.57586235711216893
15.594855945397484	0.11286630808611922	0.11286630808611922
26.439091690119284	0.96523748568988876	0.96523748568988876
-32.787274621509496	-0.98017604620589871	-0.98017604620589871
40.342078426376389	0.47821934972798397	0.47821934972798397
-70.909503704213108	-0.97509019844118705	-0.97509019844118705
70.523489064174839	0.98685086442792047	0.98685086442792047
-95.043031102893522	-0.71403970061440247	-0.71403970061440247
-56.651079126683065	-0.10223243937317504	-0.10223243937317504
-19.484447098054233	-0.59308990013631424	-0.59308990013631424
-95.676939102089975	-0.9899862611204584	-0.9899862611204584
-25.133984617552528	-0.0012433885137990949	-0.0012433885137990949
88.270680292185773	0.3013288677725301	0.3013288677725301
-39.748190597831076	-0.88778675304948695	-0.88778675304948695
45.487681182079086	0.99786137855183321	0.99786137855183321
-96.684969497153674	-0.64757885225105438	-0.64757885225105438
66.196735223367369	-0.2214386492731352	-0.2214386492731352
-75.3568844909463	0.04132742192276366	0.04132742192276366
-88.030184037236168	-0.065542718847175774	-0.065542718847175774
-64.239875461713268	-0.98678154707462096	-0.98678154707462096
88.242521044422347	0.27436254200737159	0.27436254200737159
51.438160330985596	0.92179207201052182	0.92179207201052182
3.2823168135683716	-0.14026015278742998	-0.14026015278742998
-15.492309992439147	-0.21398561748237196	-0.21398561748237196
-28.358339898298695	0.083907245622240625	0.083907245622240625
16.613681008561059	-0.78686829037675765	-0.78686829037675765
-17.316400547477741	0.99929166297799832	0.99929166297799832
-51.27171259123827	-0.84482078807760419	-0.84482078807760419
-44.808786167203444	-0.73555735038504166	-0.73555735038504166
56.230532078449784	-0.31279634225606268	-0.31279634225606268
-27.84941650545602	-0.41224550744818111	-0.41224550744818111
-89.524135998750154	-0.99993666733651565	-0.99993666733651565
93.786512424262696	-0.44508321310425897	-0.44508321310425897
-28.944264585656782	0.6209316693289012	0.6209316693289012
-49.149572485601865	0.89831096509004549	0.89831096509004549
17.127504275748521	-0.98858270639361334	-0.98858270639361334
9.7552847345422293	-0.32452241621174377	-0.32452241621174377
-44.72327926593691	-0.67501284786953997	-0.67501284786953997
-54.20530580366578	0.71612228041069725	0.71612228041069725
19.619506428734439	0.6960997063624762	0.6960997063624762
21.88230255300796	0.10863122464765156	0.10863122464765156
-48.189610602657019	0.8751379309290428	0.8751379309290428
31.002828554511098	-0.40144863385549628	-0.40144863385549628
37.179462004602527	-0.49657623050055399	-0.49657623050055399
-42.336156363099917	0.99716294863891175	0.99716294863891175
87.906066396145178	-0.058494495383553363	-0.058494495383553363
-54.867614428329745	0.99392785106438886	0.99392785106438886
-95.405198171785344	-0.91576918581602773	-0.91576918581602773
-56.251699270513086	0.29262274497855623	0.29262274497855623
-64.264503665237385	-0.99047304387589385	-0.99047304387589385
-99.143879913546897	0.98317248160537318	0.98317248160537318
-33.963149343803451	-0.55998678189521955	-0.55998678189521955
66.331063737029552	-0.35004394066832345	-0.35004394066832345
-56.530192676985564	0.018474036635208805	0.018474036635208805
-84.228079771915191	-0.56044405369444283	-0.56044405369444283
-74.705754446069889	0.63843963133321302	0.63843963133321302
-6.2653469045945371	0.017837456544562397	0.017837456544562397
22.520833419505522	-0.50526139760392386	-0.50526139760392386
-20.109154470172811	-0.95196749425725324	-0.95196749425725324
-58.094947294942514	-0.99969947839886897	-0.99969947839886897
-12.471517254584171	0.094711188606709587	0.094711188606709587
-35.948622052287632	0.98389852557437596	0.98389852557437596
67.716160392506907	-0.98525840429589151	-0.98525840429589151
1.6924451276832713	0.99260990485271294	0.99260990485271294
-53.34692402248541	-0.060114822457727916	-0.060114822457727916
-9.4242019845660536	-0.00057597617147954255	-0.00057597617147954255
-26.666324432838607	-0.99930767165157697	-0.99930767165157697
27.428263675237602	0.74868101360909578	0.74868101360909578
12.120704506369904	-0.4310590209348214	-0.4310590209348214
65.797056538693852	0.17547593815614979	0.17547593815614979
73.989722248134939	-0.98685906651031374	-0.98685906651031374
-95.336710173154401	-0.88613180970523997	-0.88613180970523997
-57.403221861526781	-0.7542782312679025	-0.7542782312679025
-67.173034687243302	0.93189006437805399	0.93189006437805399
73.742299624458155	-0.9963788219764792	-0.9963788219764792
-99.731983939670243	0.71664575715404333	0.71664575715404333
-83.64817263570967	-0.92262390164111663	-0.92262390164111663
19.423231893756949	0.54272320040099309	0.54272320040099309
-41.181826040687042	0.3345442230361661	0.3345442230361661
88.203818022189864	0.23694852626662005	0.23694852626662005
-91.55957216499074	0.43801123934854713	0.43801123934854713
34.415411468596687	0.14162990208162959	0.14162990208162959
-87.557869428564445	0.39560350738964345	0.39560350738964345
-38.570528673294646	-0.76524177929694492	-0.76524177929694492
-46.307248148854107	-0.72885057674497178	-0.72885057674497178
-69.144096647219072	-0.029054179031874967	-0.029054179031874967
26.41397136913686	0.95836783531176328	0.95836783531176328
-31.043961943963922	0.36344637572063859	0.36344637572063859
66.265829071994148	-0.28823523808079454	-0.28823523808079454
-31.449326037191057	-0.033393291966965659	-0.033393291966965659
-92.825142031929246	0.98904455452373863	0.98904455452373863
40.423698999328593	0.4050243816821284	0.4050243816821284
-34.28946770613274	-0.26485300789186039	-0.26485300789186039
56.082488229306932	-0.449476783351968	-0.449476783351968
38.912782513454715	0.93690551334788696	0.93690551334788696
19.619982175997919	0.69644118800088806	0.69644118800088806
-80.846957231772393	0.74092843493769645	0.74092843493769645
-95.702491446109249	-0.99326975871524759	-0.99326975871524759
-99.473818811576095	0.87095674127047562	0.87095674127047562
-83.315749256975238	-0.9979817632905843	-0.9979817632905843
53.318405698209546	0.088553268084290288	0.088553268084290288
-33.181733361163808	-0.98104563524316879	-0.98104563524316879
-28.374505849170447	0.10000452291410392	0.10000452291410392
17.508021399582546	-0.97383442160383016	-0.97383442160383016
-31.496228284416731	-0.080215473764817372	-0.080215473764817372
76.979407378281877	0.99994605180580531	0.99994605180580531
-23.585482167606742	0.9997230113501403	0.9997230113501403
-98.606267165992833	0.9380277780307662	0.9380277780307662
38.577085141714463	0.76944598177903845	0.76944598177903845
-46.893748545395852	-0.22811505986699993	-0.22811505986699993
-57.789075746259677	-0.94591643165534844	-0.94591643165534844
47.496185248229494	-0.36375458296660773	-0.36375458296660773
62.548373585205837	-0.2796979484331798	-0.2796979484331798
-1.8534940785238518	-0.96030640307291693	-0.96030640307291693
-9.3617231552150599	-0.063013030503608666	-0.063013030503608666
86.410871625473987	-0.99985424874858886	-0.99985424874858886
93.110372832311953	-0.9075475257876674	-0.9075475257876674
-63.736516683302568	-0.78621732814018686	-0.78621732814018686
-57.040507778102182	-0.47224859492699672	-0.47224859492699672
10.209378124778937	-0.70654228532401897	-0.70654228532401897
99.589877325966881	-0.80819906958201715	-0.80819906958201715
-60.331047839541704	0.59782684346986281	0.59782684346986281
98.390326201031399	-0.84198601770541792	-0.84198601770541792
59.416542984187942	0.27031234013196115	0.27031234013196115
-79.678776776155573	0.90819888917604674	0.90819888917604674
52.245375836657843	0.91748037222242762	0.91748037222242762
-8.652888658511273	-0.6974903456555378	-0.6974903456555378
32.485865086645958	0.8771709993438126	0.8771709993438126
26.069529111969132	0.80565946960407542	0.80565946960407542
-43.290679376463018	0.63778405029973451	0.63778405029973451
32.120096566754597	0.64740149232236566	0.64740149232236566
32.142496095669117	0.664309439939619	0.664309439939619
-24.28087174937636	0.75251291643441631	0.75251291643441631
91.193181488679244	-0.086884846272391375	-0.086884846272391375
10.903219121577806	-0.99573829212826892	-0.99573829212826892
99.426680407600884	-0.89314261006113804	-0.89314261006113804
12.519933226980086	-0.046420699341981085	-0.046420699341981085
5.5003376595571325	-0.70530099623206988	-0.70530099623206988
-44.843630035886548	-0.7587115139777848	-0.7587115139777848
-45.44008838159148	-0.99362171617375183	-0.99362171617375183
36.507125261497094	-0.92910546751352174	-0.92910546751352174
-58.973740455256078	-0.65676437267347532	-0.65676437267347532
-26.680896307967814	-0.99974369790400242	-0.99974369790400242
23.392714645241327	-0.98571470189757182	-0.98571470189757182
60.789511749294945	-0.89086751701569977	-0.89086751701569977
82.900430062119653	0.93876250085244695	0.93876250085244695
-59.903863730037664	0.21198268928140321	0.21198268928140321
-98.750081093423617	0.97801267185361307	0.97801267185361307
25.80477394610638	0.62257799093071375	0.62257799093071375
94.16819314545566	-0.079502472001030972	-0.079502472001030972
-35.703654362997142	0.91117839419217173	0.91117839419217173
-69.316774597222931	-0.20037063997666604	-0.20037063997666604
69.968158534779491	0.75333599504800031	0.75333599504800031
72.849706818605881	-0.55891418291086326	-0.55891418291086326
56.879558434054985	0.3248855107561951	0.3248855107561951
-37.057752864176486	0.59828492078120055	0.59828492078120055
-53.696896978480034	0.28578152614726748	0.28578152614726748
-63.773348079960606	-0.8084389355235867	-0.8084389355235867
-33.35143040970209	-0.93422811210467771	-0.93422811210467771
86.662765000324271	-0.96404590860648398	-0.96404590860648398
-78.474944730866724	-0.064826118308643543	-0.064826118308643543
-30.955639414512774	0.44420536449699899	0.44420536449699899
27.662304889701545	0.57452933953449026	0.57452933953449026
-71.468192237931618	-0.70925356008616602	-0.70925356008616602
31.857620594676661	0.42747155564266864	0.42747155564266864
74.874102586982445	-0.50045227725828778	-0.50045227725828778
-73.083786246950623	0.7360085108801836	0.7360085108801836
48.265452926953742	-0.90928513741214612	-0.90928513741214612
-10.277859064166776	0.75331031221188594	0.75331031221188594
-17.154965222446521	0.99234725740680874	0.99234725740680874
-98.119481089726918	0.66695072722467386	0.66695072722467386
-7.0645828594537647	-0.70427227090296474	-0.70427227090296474
56.817664609683789	0.26576449111395095	0.26576449111395095
-67.102026661160977	0.90380582128566023	0.90380582128566023
-41.470644855955804	0.58909656555898604	0.58909656555898604
-18.318426011258936	0.50650791286940888	0.50650791286940888
-98.017743852304761	0.58782817815205435	0.58782817815205435
-84.704321848106488	-0.11840139620998716	-0.11840139620998716
26.703345995724547	0.99999998165242376	0.99999998165242376
49.642980564292486	-0.58306957685902494	-0.58306957685902494
10.577794894753836	-0.91399216409800799	-0.91399216409800799
82.609465053774358	0.80045627386635387	0.80045627386635387
-37.842613210088594	-0.14300936181452248	-0.14300936181452248
-4.3145106714138706	0.92188514567568236	0.92188514567568236
-12.36962321717273	0.19548051820456699	0.19548051820456699
95.477754287778794	0.94248033875874282	0.94248033875874282
-64.78889985695794	-0.92632808713835935	-0.92632808713835935
-1.1898668302222291	-0.92831946515478203	-0.92831946515478203
46.4181680009346	0.64858339411134924	0.64858339411134924
29.732313738138259	-0.99364296868850932	-0.99364296868850932
14.421137088796826	0.95995069436364011	0.95995069436364011
95.006219393776746	0.6877897078284716	0.6877897078284716
35.491281239131325	-0.80386334403471871	-0.80386334403471871
-6.392949825145763	-0.1095442389921584	-0.1095442389921584
31.526882373364288	0.11072831102273686	0.11072831102273686
-21.824076131309582	-0.16629627341687983	-0.16629627341687983
74.490020496460488	-0.78839968112890224	-0.78839968112890224
34.682263639264562	-0.12442117298170577	-0.12442117298170577
67.83622462080848	-0.95767507274780039	-0.95767507274780039
13.489754081003142	0.79764683445942364	0.79764683445942364
97.705050940939998	-0.31046168598614876	-0.31046168598614876
-21.433359659947996	-0.52931154807663228	-0.52931154807663228
-97.084394570399454	-0.30027189565235529	-0.30027189565235529
88.953963262660267	0.8356795680949638	0.8356795680949638
-25.793408947763822	-0.6136442081143082	-0.6136442081143082
-65.393757406138192	-0.54776320086903951	-0.54776320086903951
-97.663103562588091	0.27032569115047256	0.27032569115047256
40.913165406964225	-0.072397516598309772	-0.072397516598309772
21.932916558855183	0.058199111371602968	0.058199111371602968
-21.983045621755437	-0.0081028647029859468	-0.0081028647029859468
-71.991871614345825	-0.2616770768998759	-0.2616770768998759
-50.45802339888025	-0.19135349787785888	-0.19135349787785888
60.492579852860587	-0.71897012552921757	-0.71897012552921757
-18.277853551137014	0.54106449339883844	0.54106449339883844
-65.244390700056499	-0.6661651664232805	-0.6661651664232805
-51.075066560111857	-0.72400035118447981	-0.72400035118447981
75.194197920615323	-0.20261322849969884	-0.20261322849969884
-85.214660346724642	0.38172203788926673	0.38172203788926673
39.407444735386633	0.99055674661977133	0.99055674661977133
-32.068274454270465	-0.60705387568434632	-0.60705387568434632
-52.006603945833234	-0.98552970320396593	-0.98552970320396593
42.760833329045369	-0.93960138593422271	-0.93960138593422271
-52.090620864403782	-0.96782904350178289	-0.96782904350178289
88.596762271135731	0.5908951519513157	0.5908951519513157
-28.562567474889818	0.28425913078154186	0.28425913078154186
-72.162341970937078	-0.09414941204771736	-0.09414941204771736
69.839379039217505	0.66264178312933408	0.66264178312933408
-56.094899213254422	0.43835581855085021	0.43835581855085021
-1.3345833281800736	-0.9722311877210017	-0.9722311877210017
-90.869048338541873	-0.23492228575772653	-0.23492228575772653
-21.016130688935348	-0.82771192519508552	-0.82771192519508552
-26.730842071990779	-0.99962725484875725	-0.99962725484875725
-41.820341696750418	0.8302952281061281	0.8302952281061281
-43.75294663038364	0.22734509852297305	0.22734509852297305
-89.647396888966284	-0.99373385373005207	-0.99373385373005207
89.741306941485846	0.97887404204579276	0.97887404204579276
-29.74811986046312	0.99529818526537683	0.99529818526537683
-2.3382070097768519	-0.71971077577982823	-0.71971077577982823
-53.676066484653873	0.26575921643386607	0.26575921643386607
-0.33142093133835715	-0.32538696202703277	-0.32538696202703277
-4.8413859709810794	0.99169141918765824	0.99169141918765824
-24.778766420501071	0.34662891526684775	0.34662891526684775
-87.494317472387579	0.45313307920170065	0.45313307920170065
75.063471436732385	-0.32853518158684925	-0.32853518158684925
-26.405579093233058	-0.95593781349393625	-0.95593781349393625
-58.585686287464938	-0.8932728375860266	-0.8932728375860266
-67.307548354236047	0.97211858095205972	0.97211858095205972
-15.791390425659785	0.083330414620687687	0.083330414620687687
-89.755187060522402	-0.9759418534131129	-0.9759418534131129
90.423955800990939	0.6305263412920683	0.6305263412920683
-4.9111534244963622	0.98031129675636397	0.98031129675636397
-50.384254752813803	-0.11849324162461272	-0.11849324162461272
25.004671149595609	-0.12772026639059741	-0.12772026639059741
43.299009570900751	-0.63134595338140787	-0.63134595338140787
44.958839959366259	0.82856667793594685	0.82856667793594685
-65.992785974924601	0.019339043873405806	0.019339043873405806
-49.349163141018252	0.79336640359398591	0.79336640359398591
-93.411841759348476	0.74192564850714904	0.74192564850714904
-27.685412742649135	-0.5554642303569971	-0.5554642303569971
48.588840897901491	-0.99440362106666835	-0.99440362106666835
96.930817797188695	0.44265236752744214	0.44265236752744214
68.071063832252321	-0.86440940631049257	-0.86440940631049257
-80.350312247691377	0.97140934136788981	0.97140934136788981
54.38461577723902	-0.82912495594649116	-0.82912495594649116
-47.092530230669723	-0.031354433476540558	-0.031354433476540558
59.538930342043159	0.15075314074149485	0.15075314074149485
-31.411821074084543	0.004105450280598332	0.004105450280598332
49.439121887897414	-0.73547032602106888	-0.73547032602106888
-97.534390726018742	0.14451070065037633	0.14451070065037633
26.898052971047548	0.98114145061287983	0.98114145061287983
-59.728094627957034	0.037825184242699324	0.037825184242699324
-81.989043029935843	-0.3028045983502074	-0.3028045983502074
86.885216926581933	-0.88166417462662061	-0.88166417462662061
59.430097439784078	0.25723804919084259	0.25723804919084259
-72.056770821528531	-0.19853232636354531	-0.19853232636354531
-98.697776866809704	0.96577234966318992	0.96577234966318992
3.6836727170968686	-0.51591896664790293	-0.51591896664790293
77.4225787935992	0.89889345665511045	0.89889345665511045
44.154247543777473	0.17110430420373701	0.17110430420373701
49.991736650474451	-0.27033965671867471	-0.27033965671867471
69.676324613815666	0.53227552726555383	0.53227552726555383
-6.1202154533182949	0.1622494204684938	0.1622494204684938
44.376823030537082	0.38437053470154076	0.38437053470154076
81.063774848917944	-0.57910801733739592	-0.57910801733739592
82.500460870770951	0.73049867187698592	0.73049867187698592
-59.039452616991689	-0.60582928567031302	-0.60582928567031302
-11.184185849447275	0.98226550738725249	0.98226550738725249
74.851021448227186	-0.52030002561024313	-0.52030002561024313
88.510870315303578	0.51950882323056624	0.51950882323056624
97.601045711716267	-0.21009629345033778	-0.21009629345033778
33.089425094860673	0.99473075974925862	0.99473075974925862
15.010270164483401	0.64245156282247784	0.64245156282247784
-64.498194027904489	-0.99543908312135077	-0.99543908312135077
74.320241950183998	-0.88100474616920954	-0.88100474616920954
54.593716701054944	-0.92711554788091721	-0.92711554788091721
-3.1991047825475079	0.057480429249991437	0.057480429249991437
-94.913498923044855	-0.61762501436513451	-0.61762501436513451
62.190655009731358	-0.59815597303913204	-0.59815597303913204
-91.293682793401359	0.18639920898134432	0.18639920898134432
26.067902446218838	0.80469480157780005	0.80469480157780005
59.661966172809429	0.028290470320522586	0.028290470320522586
-73.731813455668203	0.99543247200369689	0.99543247200369689
-89.552953556341919	-0.999845775726245	-0.999845775726245
56.224626305231141	-0.31840027759566647	-0.31840027759566647
-65.399653917861315	-0.54282048817922501	-0.54282048817922501
23.629364674531843	-0.99772814787092379	-0.99772814787092379
-92.966225497704755	0.95846029015372181	0.95846029015372181
23.288900789269661	-0.96295447163154968	-0.96295447163154968
-61.262219566607783	0.99999932392303159	0.99999932392303159
-22.762618680533592	0.69718989035587886	0.69718989035587886
77.909584936758847	0.58933172214521345	0.58933172214521345
-90.690013187526986	-0.40426378534707091	-0.40426378534707091
27.795042633375203	0.46115040101379728	0.46115040101379728
57.133362362869491	0.55194473945495737	0.55194473945495737
-87.572767877515886	0.38187705524218951	0.38187705524218951
79.192294590781415	-0.60715744077124834	-0.60715744077124834
-83.767365223058334	-0.87021395340726337	-0.87021395340726337
84.005308119583702	0.72957036178001955	0.72957036178001955
29.606312808689182	-0.97161840258585341	-0.97161840258585341
95.005355206777551	0.68716212910084351	0.68716212910084351
84.880293505883827	-0.05726052204609882	-0.05726052204609882
11.637419430321529	-0.80099248227836184	-0.80099248227836184
-1.1718990683911414	-0.92148986169725478	-0.92148986169725478
0.94942235373247286	0.81307936203425646	0.81307936203425646
7.5950240167638441	0.96665742940754829	0.96665742940754829
-80.143321357908206	0.99946511844432973	0.99946511844432973
84.705949203059674	0.11678533230591139	0.11678533230591139
39.468105427285991	0.98042313476112986	0.98042313476112986
-84.908914255946215	0.085806961528634262	0.085806961528634262
-86.08409231648325	0.95242332043265321	0.95242332043265321
-7.7420782073032228	-0.99374534256975855	-0.99374534256975855
-99.775735418495188	0.68545578629089821	0.68545578629089821
95.487475248281726	0.94568510083870505	0.94568510083870505
-90.47485099732377	-0.59022372170254067	-0.59022372170254067
-64.59469968614755	-0.98161495633159945	-0.98161495633159945
-43.915773655523203	0.066474440350379929	0.066474440350379929
-30.491055713560726	0.79854301294975805	0.79854301294975805
-72.640685481278638	0.37468263354009873	0.37468263354009873
95.111085788935441	0.75999549356208784	0.75999549356208784
5.5296566846476907	-0.68421636489651683	-0.68421636489651683
95.600396073343433	0.97629304079996793	0.97629304079996793
-68.16872027262751	0.81126830089099311	0.81126830089099311
-42.671270506552283	0.96644916250080082	0.96644916250080082
-54.483507883530301	0.88027086345040728	0.88027086345040728
-30.313639828711871	0.8922422705940215	0.8922422705940215
46.671633372896451	0.43699622178925052	0.43699622178925052
-11.163767324883239	0.98588886391131725	0.98588886391131725
41.016077050846036	-0.17447498948926865	-0.17447498948926865
42.777584826260721	-0.93373627837966644	-0.93373627837966644
-71.531756065312678	-0.66304185054095244	-0.66304185054095244
63.215381115577685	0.37419452367066863	0.37419452367066863
-43.459694191021505	0.49913734996239573	0.49913734996239573
30.641893348364846	-0.69902503727035759	-0.69902503727035759
-68.212607787768874	0.78483547400474263	0.78483547400474263
-98.004581041226444	0.57712903562318552	0.57712903562318552
-76.033648625198765	-0.593519567186371	-0.593519567186371
75.67445095647912	0.27272788804285591	0.27272788804285591
-22.824803100353023	0.7403927883727367	0.7403927883727367
4.0014093924318814	-0.75772298372412605	-0.75772298372412605
9.5140957140673663	-0.089199042865805447	-0.089199042865805447
-28.392687082693712	0.11807708882251972	0.11807708882251972
-8.0385557460801493	-0.98301450208696528	-0.98301450208696528
27.667291046881431	0.57044112474195618	0.57044112474195618
-5.3016871421428391	0.83133094985917155	0.83133094985917155
-60.109076725401657	0.40667935084113155	0.40667935084113155
-62.485359767405555	0.33960161174836029	0.33960161174836029
-96.6787035776279	-0.65234072944555554	-0.65234072944555554
-50.699686187161035	-0.42068815418753353	-0.42068815418753353
-65.196043130197211	-0.70143051869235074	-0.70143051869235074
-6.9634985473194746	-0.6290365601532879	-0.6290365601532879
-36.087200248340999	0.99915488643403449	0.99915488643403449
-8.451606184581081	-0.82667456468494593	-0.82667456468494593
76.4538264433385	0.8701973662147312	0.8701973662147312
82.537284202010795	0.75514495519749691	0.75514495519749691
57.434013870712732	0.774134126129574	0.774134126129574
48.143983625335693	-0.85215712117169318	-0.85215712117169318
-91.213484794035111	0.10709207484538104	0.10709207484538104
-98.499139514782271	0.89559516800827221	0.89559516800827221
-31.591503420393394	-0.17467618206343047	-0.17467618206343047
28.263027218100973	0.011306423300145462	0.011306423300145462
-92.117634327084815	0.84760075817790181	0.84760075817790181
-60.057940658898993	0.35945168589040261	0.35945168589040261
-77.677128310361752	-0.7595935939735301	-0.7595935939735301
65.506994433240465	0.44971952496270318	0.44971952496270318
85.230016326433315	-0.39586965623656967	-0.39586965623656967
-55.428721979652202	0.90007682031422098	0.90007682031422098
54.665979335146034	-0.9517546632663666	-0.9517546632663666
-99.30689563849397	0.94048996671091112	0.94048996671091112
-68.646352120037236	0.45171460502471478	0.45171460502471478
74.293043618038666	-0.89354505145574314	-0.89354505145574314
35.670796557518173	-0.89715119210178451	-0.89715119210178451
91.216232283094115	-0.10982335575051284	-0.10982335575051284
48.074436123885988	-0.8137331685134751	-0.8137331685134751
-6.9283011227404643	-0.60129098266952929	-0.60129098266952929
0.87778185349385751	0.76932368938963358	0.76932368938963358
33.583664273417838	0.82705876113905386	0.82705876113905386
-1.5299584579162087	-0.99916625011496762	-0.99916625011496762
32.70309145279515	0.96004554310066903	0.96004554310066903
51.266539752998341	0.8420417736022231	0.8420417736022231
58.050916706147575	0.99765154776750031	0.99765154776750031
34.965877778558337	-0.39710341954579909	-0.39710341954579909
88.391816495606747	0.41434426782795958	0.41434426782795958
67.536364888317479	-0.99996897530516038	-0.99996897530516038
-41.770014201038549	0.8012070677426808	0.8012070677426808
-98.630760412889757	0.9462339545425289	0.9462339545425289
-5.8294210389706933	0.43835196884242617	0.43835196884242617
-15.594959090453031	-0.11276382150835793	-0.11276382150835793
51.251625339932929	0.8339034036626638	0.8339034036626638
-73.295037715969727	0.86159656377340321	0.86159656377340321
-14.272913022135896	-0.99080064015640723	-0.99080064015640723
24.992286679457635	-0.13999320216190717	-0.13999320216190717
25.482069407912533	0.34226663998772766	0.34226663998772766
-81.213775970421366	0.45077469697483474	0.45077469697483474
35.603772729168583	-0.86555301221408054	-0.86555301221408054
3.1066387919241265	0.034946744489618882	0.034946744489618882
-11.828773285583978	0.67251166990530697	0.67251166990530697
-30.55441495578917	0.75882790823142321	0.75882790823142321
-46.017717558180372	-0.89399007304108713	-0.89399007304108713
-13.367605451813219	-0.71821586329941389	-0.71821586329941389
25.681545578037458	0.52166753403654809	0.52166753403654809
-12.418995882162221	0.14684183161398906	0.14684183161398906
39.414870060985521	0.98951141159953093	0.98951141159953093
-78.425089085665576	-0.11447573975388979	-0.11447573975388979
-64.922966103464262	-0.86766177179709059	-0.86766177179709059
-95.851683823140363	-0.99945198391543522	-0.99945198391543522
96.629753387542081	0.68864514104503827	0.68864514104503827
-25.896057598233739	-0.69132147627267948	-0.69132147627267948
39.753671191518123	0.88525096178337248	0.88525096178337248
71.327105240426306	0.80133635318901497	0.80133635318901497
68.124270466515327	-0.83644707784191652	-0.83644707784191652
-8.3556270756792514	-0.87679250745314674	-0.87679250745314674
-82.637489610590492	-0.81693743769662519	-0.81693743769662519
41.323099468772853	-0.463902177251512	-0.463902177251512
40.664285139295373	0.17550564061969492	0.17550564061969492
-58.04547329953386	-0.99726392994970259	-0.99726392994970259
-9.2965614213951824	-0.1278655257960164	-0.1278655257960164
-67.521951555524936	0.99975157716575513	0.99975157716575513
-24.019441531353493	0.897161055272096	0.897161055272096
-15.015082892205101	-0.63875601693030171	-0.63875601693030171
62.507580212909204	-0.31861962569872815	-0.31861962569872815
-46.382444205402962	-0.67535473570763072	-0.67535473570763072
54.253997630176372	-0.74924576520984032	-0.74924576520984032
-5.7872211492932024	0.47587985911606412	0.47587985911606412
75.240205351874039	-0.15736154060923296	-0.15736154060923296
39.023853199183264	0.96988089534348232	0.96988089534348232
70.872926128410427	0.98254939126119234	0.98254939126119234
-87.847680787825254	0.11664735068437108	0.11664735068437108
-51.58784410787149	-0.96929850178569954	-0.96929850178569954
-3.985406508094627	0.74718330431328561	0.74718330431328561
41.930738294069215	-0.88664254474692161	-0.88664254474692161
89.027449897607426	0.87374794536309053	0.87374794536309053
55.29235130297684	-0.95095739663454038	-0.95095739663454038
15.53783993733218	0.169303900557217	0.169303900557217
59.211168396178095	0.46097361345005966	0.46097361345005966
84.757569926321963	0.065385041681967321	0.065385041681967321
0.1888247394702347	0.18770465399512706	0.18770465399512706
33.053867163074443	0.99774666822268576	0.99774666822268576
63.365379873405629	0.50857314026995692	0.50857314026995692
-28.224143906891882	-0.050168906364101692	-0.050168906364101692
-6.8700095953841469	-0.55371939374379697	-0.55371939374379697
-71.642615890322247	-0.57615383694160371	-0.57615383694160371
-30.405207964092767	0.84721380607490915	0.84721380607490915
-44.50532222904414	-0.49950308173262303	-0.49950308173262303
-38.486823019818871	-0.70874043562796518	-0.70874043562796518
-98.415211033790357	0.85514929463510658	0.85514929463510658
1.8033825588851187	0.97307353664645857	0.97307353664645857
54.669897716122875	-0.95294974811172806	-0.95294974811172806
-55.314908285552242	0.94373869829821033	0.94373869829821033
-47.475750554874438	0.3446451515638983	0.3446451515638983
-16.653789156365576	0.81098041557511757	0.81098041557511757
-82.748674952338547	-0.8758845480585381	-0.8758845480585381
-97.494265016831534	0.10470051441640757	0.10470051441640757
-32.753946682840905	-0.97302973710480156	-0.97302973710480156
16.671419239303219	-0.82116874089854397	-0.82116874089854397
-95.27670949998884	-0.85674758682152485	-0.85674758682152485
-61.442314943167666	0.98361765942349677	0.98361765942349677
30.112709968894336	-0.96441362721082668	-0.96441362721082668
-30.129604081139632	0.95980944462555018	0.95980944462555018
-49.953887253458539	0.30657741396078358	0.30657741396078358
46.460202635252443	0.61602551219703361	0.61602551219703361
-70.823837916600112	-0.99049266012996606	-0.99049266012996606
89.945076112526976	0.91724614597989618	0.91724614597989618
36.604856445371894	-0.88858693998927674	-0.88858693998927674
27.750331625732017	0.50034938406803398	0.50034938406803398
-25.002369966874014	0.13000226277458413	0.13000226277458413
-37.500344824671153	0.19746077603735399	0.19746077603735399
-46.674042096466181	-0.43482839761993097	-0.43482839761993097
-64.934913413670046	-0.86166032511307511	-0.86166032511307511
39.134032212949933	0.99078305574546477	0.99078305574546477
74.380717956000154	-0.85079995674937026	-0.85079995674937026
29.476138743362867	-0.9326915729419204	-0.9326915729419204
93.473982820492267	-0.69885596852556087	-0.69885596852556087
-17.743999264172288	0.89371406670003761	0.89371406670003761
-97.118804822697271	-0.26727827451248631	-0.26727827451248631
82.531155800761212	0.75111327822999208	0.75111327822999208
11.268919947595862	-0.96287311137249243	-0.96287311137249243
3.6891087090746879	-0.5205679950135742	-0.5205679950135742
22.131548002716769	-0.13993862308937893	-0.13993862308937893
-37.486525598042334	0.2109886274651539	0.2109886274651539
56.33000201931938	-0.21692733345564971	-0.21692733345564971
-2.2217335322415721	-0.79551626501468897	-0.79551626501468897
-97.074055869610348	-0.31011727977293563	-0.31011727977293563
88.798266065747185	0.74040437655629676	0.74040437655629676
51.30227478165142	0.86077600285271727	0.86077600285271727
-32.969507858444373	-0.99985182547378915	-0.99985182547378915
-32.925342099981521	-0.99811679236000428	-0.99811679236000428
-43.277031819938387	0.64823588535815668	0.64823588535815668
-24.482032163699486	0.60575072872662428	0.60575072872662428
80.483200374660271	-0.93138846992158852	-0.93138846992158852
-40.585720449425501	-0.2522299717037168	-0.2522299717037168
-50.448318250966409	-0.18181882741190455	-0.18181882741190455
30.580363048306367	-0.74167459431581484	-0.74167459431581484
-15.208593047688083	-0.47887275984837702	-0.47887275984837702
93.641336309700819	-0.56994859907686035	-0.56994859907686035
-71.473193727018796	-0.70571888679224204	-0.70571888679224204
-8.937653150086291	-0.46808707239401248	-0.46808707239401248
99.392306065964675	-0.90807262178591153	-0.90807262178591153
-63.928666875230967	-0.88975759240557117	-0.88975759240557117
85.358558877204729	-0.51032032797907878	-0.51032032797907878
52.923227107640827	0.46518890777628674	0.46518890777628674
80.184514337660346	-0.99727051408958067	-0.99727051408958067
-10.108439730870089	0.63163609458823666	0.63163609458823666
-77.941805603488987	-0.56299954706952615	-0.56299954706952615
-77.871409360694528	-0.61973655528730998	-0.61973655528730998
20.640720680170972	0.97581698035629183	0.97581698035629183
-4.3863635525124778	0.9473228001149121	0.9473228001149121
71.95991077664317	0.29238536367315288	0.29238536367315288
-11.331973243934982	0.94394945191537027	0.94394945191537027
-65.208444168693205	-0.69253812153303351	-0.69253812153303351
-34.99452343363221	0.423227142720493	0.423227142720493
-91.098401244169779	-0.0077856312763716221	-0.0077856312763716221
-76.819265511955962	-0.98880773505216002	-0.98880773505216002
1.0237977416595641	0.85408948094562875	0.85408948094562875
17.539212828288825	-0.9662733613504022	-0.9662733613504022
45.389734478388675	0.98668656536459298	0.98668656536459298
93.209707765996427	-0.86142655193587792	-0.86142655193587792
69.56804852269164	0.43767403460259185	0.43767403460259185
19.601840621704298	0.68330866922192501	0.68330866922192501
41.350809504447483	-0.48826888915466726	-0.48826888915466726
10.016419641076595	-0.55772441152128838	-0.55772441152128838
69.482197744335963	0.35896557519986594	0.35896557519986594
-39.877522252264498	-0.8210124981445408	-0.8210124981445408
95.114546199119587	0.76223995747217543	0.76223995747217543
-74.14121471306963	0.95117137753835512	0.95117137753835512
40.748667405846504	0.091907207478995154	0.091907207478995154
-19.74261423928445	-0.77899305240364036	-0.77899305240364036
23.126643513671155	-0.90674299296917804	-0.90674299296917804
-22.14906441840013	0.15726032570281218	0.15726032570281218
91.622147554508103	-0.49337062520424135	-0.49337062520424135
-52.72434340170156	-0.63091477792386974	-0.63091477792386974
-7.9815761305607396	-0.9918708599780337	-0.9918708599780337
93.550166199507117	-0.64239048819458311	-0.64239048819458311
-68.878369374394694	0.23446579134851928	0.23446579134851928
-45.388069942113759	-0.98641448940469667	-0.98641448940469667
9.9380900709414846	-0.49106518989150605	-0.49106518989150605
-2.3309521443476626	-0.72472865588852786	-0.72472865588852786
15.869456590804404	-0.16079227749127531	-0.16079227749127531
-60.645402575992065	0.81639584377922003	0.81639584377922003
16.943985467293501	-0.94448454547149807	-0.94448454547149807
-97.426248552398633	0.036867933912552955	0.036867933912552955
62.05651913706609	-0.69995460632361228	-0.69995460632361228
-62.336019208159257	0.4757652599428715	0.4757652599428715
-76.323239373616545	-0.79863020435754661	-0.79863020435754661
-81.872310216237537	-0.18974382286829602	-0.18974382286829602
69.948390084006519	0.74018920642562558	0.74018920642562558
-20.889902229320512	-0.89177200534874657	-0.89177200534874657
-30.926939119080004	0.46973221163806417	0.46973221163806417
-6.9261946666142649	-0.59960652798374225	-0.59960652798374225
-18.071449282464741	0.70193214352685096	0.70193214352685096
78.955422684127257	-0.40374473187472998	-0.40374473187472998
73.6397461135453	-0.98243951214688308	-0.98243951214688308
58.420769725602327	0.95494983367754172	0.95494983367754172
31.078269754836896	-0.33127709804110872	-0.33127709804110872
92.637637419745516	-0.99922605145838272	-0.99922605145838272
-56.082623969322832	0.44935552373935289	0.44935552373935289
-11.591205118861581	0.8277947476182248	0.8277947476182248
81.747307362284914	0.065850684316968791	0.065850684316968791
-43.050987639881974	0.80240212314661963	0.80240212314661963
67.592324668111502	-0.99884425371616892	-0.99884425371616892
-50.177897987615452	0.087472535443386012	0.087472535443386012
4.1093893837824282	-0.82363820479612038	-0.82363820479612038
29.660371062494562	-0.98298052626602195	-0.98298052626602195
39.533140561937387	0.96555394585553267	0.96555394585553267
99.347340529877471	-0.92598055472069596	-0.92598055472069596
59.833343286174255	-0.14259515187144048	-0.14259515187144048
1.7777900534434252	0.97865318166031179	0.97865318166031179
66.681643729770826	-0.65046614867295116	-0.65046614867295116
-41.335700855345756	0.47502844701876978	0.47502844701876978
-60.328112575101329	0.59547128934463622	0.59547128934463622
-50.179428208146639	0.085948078535389119	0.085948078535389119
30.138080158927835	-0.9573961626059927	-0.9573961626059927
8.1862274121413634	0.94531222969127049	0.94531222969127049
36.987076960263835	-0.65337559796531086	-0.65337559796531086
24.356969941546126	-0.70026689094619832	-0.70026689094619832
-2.4048371564244349	-0.67188840345626466	-0.67188840345626466
-35.35505153417175	0.71563467652407542	0.71563467652407542
48.916631040573947	-0.97547116688608371	-0.97547116688608371
-24.097678550530929	0.85989435362409361	0.85989435362409361
14.825294908386539	0.77243628134595999	0.77243628134595999
-5.7616003867458545	0.49825493754399403	0.49825493754399403
62.908976192622447	0.077046689151864717	0.077046689151864717
-91.249380187775301	0.14270438888962125	0.14270438888962125
-0.04091159855137505	-0.04090018681443737	-0.04090018681443737
19.146165150052738	0.29227918629649496	0.29227918629649496
-14.882313976686063	-0.73498820848977597	-0.73498820848977597
44.3051227597457	0.31724746989153568	0.31724746989153568
35.188759198147551	-0.59014626585242258	-0.59014626585242258
-7.0970563549696237	-0.72695082237036557	-0.72695082237036557
-98.05752873660434	0.61953993803387997	0.61953993803387997
86.819666607641039	-0.91068023348074034	-0.91068023348074034
-45.218100543961803	-0.94441263299112943	-0.94441263299112943
39.505872783745787	0.97228928534083159	0.97228928534083159
-92.105678386604211	0.84119609580750887	0.84119609580750887
-54.09596754252609	0.63568258418176404	0.63568258418176404
23.027981721536506	-0.86079677997710957	-0.86079677997710957
94.551018649035086	0.29861302542640855	0.29861302542640855
63.837741486118603	0.84463790196104382	0.84463790196104382
-33.649508841495134	-0.78828103732345611	-0.78828103732345611
0.048859683617493488	0.048840245739048618	0.048840245739048618
-72.526658283676127	0.26675770041734992	0.26675770041734992
-60.641637418973396	0.81421571142567706	0.81421571142567706
71.823272842657644	0.41992092568335893	0.41992092568335893
31.881668845472063	0.44908617014466978	0.44908617014466978
-23.584673425434815	0.9997417182285081	0.9997417182285081
91.130652859442591	-0.024463464609230757	-0.024463464609230757
29.30365099405401	-0.85694722557885306	-0.85694722557885306
97.081096211542416	0.30341640823467086	0.30341640823467086
36.48772190118143	-0.93610577407515005	-0.93610577407515005
34.988267189949511	-0.41755059254573335	-0.41755059254573335
37.408037669173211	-0.28698138049901595	-0.28698138049901595
-65.701825698353773	-0.2682924208939424	-0.2682924208939424
70.80580805637976	0.99281182575869464	0.99281182575869464
-44.004058282575699	-0.02175941487320654	-0.02175941487320654
91.69267445835456	-0.55343892122729821	-0.55343892122729821
30.23442518364439	-0.92517687247879732	-0.92517687247879732
54.378900426766961	-0.82591618873030836	-0.82591618873030836
34.853984232168074	-0.29214129358265756	-0.29214129358265756
-66.991088650965992	0.85087204352612555	0.85087204352612555
-76.321187593836626	-0.79739371784572044	-0.79739371784572044
-27.239980488799475	-0.85953206735978327	-0.85953206735978327
-20.068959116842208	-0.93889409969364224	-0.93889409969364224
51.134360157511509	0.76360476703377522	0.76360476703377522
-61.977981742763383	0.75382978088835195	0.75382978088835195
63.193113277412237	0.35345337566993446	0.35345337566993446
56.951932026949066	0.39242284697424901	0.39242284697424901
75.389769027468134	-0.0084545579623304268	-0.0084545579623304268
70.275494331280186	0.91698509324601696	0.91698509324601696
68.353407867925142	-0.69010238194059326	-0.69010238194059326
-35.464055878727365	0.78737341682583428	0.78737341682583428
-51.446264852019986	-0.92490376290209964	-0.92490376290209964
-73.522937315236987	0.95399996480423432	0.95399996480423432
38.417721380582634	0.65833867721608241	0.65833867721608241
-86.737311741536843	0.94157705184314633	0.94157705184314633
11.673265005462525	-0.77902270462372514	-0.77902270462372514
9.9467299090111823	-0.49857312830834405	-0.49857312830834405
-94.035636844482184	0.21055510834151683	0.21055510834151683
-32.457210275838108	-0.86305337161166962	-0.86305337161166962
5.0882334795431206	-0.93019797329736309	-0.93019797329736309
-67.057602246131182	0.88390926873382614	0.88390926873382614
-41.334466270553115	0.47394168715303914	0.47394168715303914
15.66110616599839	0.046839957350989996	0.046839957350989996
62.274944117020681	-0.52856476060286139	-0.52856476060286139
58.903421448351509	0.70812485090068189	0.70812485090068189
-89.649503838094191	-0.99349614982621837	-0.99349614982621837
14.673263291679291	0.85970914788066022	0.85970914788066022
-84.260316558289944	-0.53345923541066798	-0.53345923541066798
87.110312278164571	-0.75409957146372841	-0.75409957146372841
-14.172598185299037	-0.99937237913148558	-0.99937237913148558
-80.960718158326344	0.65990388830062419	0.65990388830062419
84.399226095880408	0.41120495250560535	0.41120495250560535
50.02317969185853	-0.23993875786749674	-0.23993875786749674
15.958645874369665	-0.24806528740419156	-0.24806528740419156
-58.7150637448878	-0.82781223894182798	-0.82781223894182798
-83.312321551121812	-0.99819356351657829	-0.99819356351657829
42.000394696304511	-0.91667934924698635	-0.91667934924698635
58.933653521173454	0.686458040787573	0.686458040787573
-43.017741834969115	0.82179562416063856	0.82179562416063856
-63.462111161149053	-0.58935328161543354	-0.58935328161543354
42.93964460158233	-0.86374396559864386	-0.86374396559864386
8.3155882559387919	0.89533808459230979	0.89533808459230979
-64.348996681082113	-0.9985610381863036	-0.9985610381863036
18.728553576934388	-0.12070728336450068	-0.12070728336450068
23.893938771668942	-0.94539436386304943	-0.94539436386304943
-94.207124095170883	0.040644313730898329	0.040644313730898329
-59.289771079541303	-0.38986900642407513	-0.38986900642407513
-64.366027319422841	-0.99932948660347931	-0.99932948660347931
-5.7604137496785057	0.49928343712260681	0.49928343712260681
43.604622089601577	-0.36876037993329214	-0.36876037993329214
-40.615330920929878	-0.22347050598243814	-0.22347050598243814
2.9401580418639384	0.20007514087574865	0.20007514087574865
48.933940749603664	-0.97151488403185093	-0.97151488403185093
-76.777087707639311	-0.98163746899363824	-0.98163746899363824
-36.102886753685361	0.99967670643767592	0.99967670643767592
-11.366312733059885	0.93206005814357107	0.93206005814357107
3.0612158828157305	0.080290254038563977	0.080290254038563977
91.896376596442423	-0.71048673851470368	-0.71048673851470368
-59.721968110498693	0.031702379524970431	0.031702379524970431
-95.845483084665346	-0.99963802447450723	-0.99963802447450723
34.013743625096993	0.51737065384367475	0.51737065384367475
-81.369143790039075	0.30721508108970619	0.30721508108970619
-86.916620694175492	0.8664131705296475	0.8664131705296475
-50.042671605987913	0.22097186012491984	0.22097186012491984
-7.2755252213567161	-0.83730757590956573	-0.83730757590956573
-53.24376697970601	-0.16258320638684759	-0.16258320638684759
-75.813518447028969	-0.40345965335272677	-0.40345965335272677
-26.080762653595968	-0.81226300968784715	-0.81226300968784715
-27.277391325765521	-0.83981511061582992	-0.83981511061582992
-60.37318613126137	0.63106528425927511	0.63106528425927511
-61.621985549204354	0.93556922624794914	0.93556922624794914
-60.748898442739844	0.87168884166959171	0.87168884166959171
41.135429545531878	-0.29047676530184618	-0.29047676530184618
-19.496703137966165	-0.60291289141855919	-0.60291289141855919
-86.295019081093855	0.99512533074215748	0.99512533074215748
-65.860720633718842	-0.11248651135105495	-0.11248651135105495
-80.873291699801428	0.72298776833060241	0.72298776833060241
44.482301884090418	0.47942969292839754	0.47942969292839754
91.507310101626018	-0.39045258384632014	-0.39045258384632014
-6.7033464029838967	-0.40790754256510964	-0.40790754256510964
69.209373442987641	0.094195209993137533	0.094195209993137533
-44.931975010224967	-0.81322807917770912	-0.81322807917770912
-17.265270520290628	0.99990902381467539	0.99990902381467539
-34.382068830069599	-0.17455160079305967	-0.17455160079305967
40.970829800938077	-0.12975838854167662	-0.12975838854167662
31.011251998675135	-0.3937196058889269	-0.3937196058889269
14.595055403574108	0.89698791237530906	0.89698791237530906
-22.807550271262983	0.72868626246050971	0.72868626246050971
-10.797804678519611	0.98050725001230488	0.98050725001230488
90.097414078490345	0.84617854792635716	0.84617854792635716
-98.487461881842762	0.89033919363146374	0.89033919363146374
21.585109216973251	0.39497382394844716	0.39497382394844716
53.368621259719987	0.038444375063954039	0.038444375063954039
-74.24549194782621	0.91387641397167918	0.91387641397167918
-85.063211392900158	0.23790635542827931	0.23790635542827931
-3.410870615329614	0.26603548775929214	0.26603548775929214
24.724444153451202	-0.39704696303313475	-0.39704696303313475
24.578863423526414	-0.52598921474663973	-0.52598921474663973
53.754008536771835	-0.34001554351034818	-0.34001554351034818
-87.726516292822296	0.23583528441723961	0.23583528441723961
94.755581532205724	0.48625771079560998	0.48625771079560998
-68.308494780659359	0.72189966914958603	0.72189966914958603
-81.512014084636121	0.16858594936221366	0.16858594936221366
36.453138703327824	-0.94770716953132461	-0.94770716953132461
-81.53675892638006	0.14414616005569944	0.14414616005569944
-47.088298312883815	-0.035583977160391085	-0.035583977160391085
-40.946425195533386	0.10552387121034916	0.10552387121034916
-78.825231289224135	0.2815556381816684	0.2815556381816684
-77.116721072261129	-0.98911201414678029	-0.98911201414678029
-99.800653866119532	0.66710138830895083	0.66710138830895083
-5.5112049745468568	0.69755557460214934	0.69755557460214934
57.618947392572949	0.87733472613510277	0.87733472613510277
82.550911708078388	0.76400817979749613	0.76400817979749613
-38.887072571718384	-0.9276091220718693	-0.9276091220718693
-55.723320385837539	0.73478345421218083	0.73478345421218083
71.888048596149787	0.36029343578298539	0.36029343578298539
1.771039340404343	0.9800182695513372	0.9800182695513372
88.109293201673211	0.14419448408372867	0.14419448408372867
-74.216495807097445	0.92526282387123748	0.92526282387123748
84.588403292825035	0.23245236034338237	0.23245236034338237
-39.455413678474436	-0.9828431384899371	-0.9828431384899371
-66.919162425113726	0.81091652735466968	0.81091652735466968
82.365171663213943	0.63171431544124612	0.63171431544124612
-43.191468258314828	0.71093644003325163	0.71093644003325163
72.62104546033342	-0.35640223637451257	-0.35640223637451257
-12.383192245836895	0.18215568170497382	0.18215568170497382
16.292266921017855	-0.55161869564423638	-0.55161869564423638
64.597460446984599	0.98108426453433129	0.98108426453433129
-34.144517952556285	-0.40136002551621397	-0.40136002551621397
90.689136627254925	0.40506536916024583	0.40506536916024583
32.536101770613413	0.90017677504584304	0.90017677504584304
-79.157451203163703	0.57910860350437487	0.57910860350437487
-11.944314223947401	0.58270758268903744	0.58270758268903744
22.975668873722469	-0.83300678534892347	-0.83300678534892347
51.472033593952006	0.93439292383350081	0.93439292383350081
-29.930406585228866	0.9963661727559282	0.9963661727559282
-31.028352063175419	0.37794390681061596	0.37794390681061596
1.009186916996029	0.84639911783070232	0.84639911783070232
-47.979491541417993	0.75496565083234146	0.75496565083234146
63.18474238667801	0.34561051595968334	0.34561051595968334
-1.0579256640099999	-0.87133952130296577	-0.87133952130296577
99.661837693687431	-0.76376585503675276	-0.76376585503675276
58.525550402460425	0.91867382801364705	0.91867382801364705
-61.995183504239023	0.74241605452535486	0.74241605452535486
8.6651808118064224	0.68862938827766562	0.68862938827766562
-69.150637532542035	-0.035591634910041026	-0.035591634910041026
23.939632499852266	-0.92951986919561369	-0.92951986919561369
1.9841822193735084	0.91576591997532208	0.91576591997532208
-93.140086077838006	0.8946707056068296	0.8946707056068296
-87.615600691497619	0.34195225773941912	0.34195225773941912
-79.952769578601817	0.98756862204786577	0.98756862204786577
5.1985602830269215	-0.88412827128536364	-0.88412827128536364
23.013596984850949	-0.85338688088345838	-0.85338688088345838
-29.215946885266419	0.80850837927828134	0.80850837927828134
-90.328476497933053	-0.70164990962010687	-0.70164990962010687
17.282008127252084	-0.99999472352291174	-0.99999472352291174
92.049649956969148	-0.80959569167280487	-0.80959569167280487
-80.58461298747207	0.88974946885853146	0.88974946885853146
-25.702225589334063	-0.53919785971299128	-0.53919785971299128
32.55891191303354	0.90987612226372916	0.90987612226372916
38.898564175530339	0.93184049461677299	0.93184049461677299
-67.898668154739852	0.93784581561861124	0.93784581561861124
81.447156749056944	-0.23211571732066519	-0.23211571732066519
43.352391953351088	-0.58906815178706684	-0.58906815178706684
6.1116038589398727	-0.17074078815135404	-0.17074078815135404
9.9616399049536284	-0.51144192690693546	-0.51144192690693546
79.217405585202215	-0.62691666168114168	-0.62691666168114168
-21.352442285281739	-0.59615726246730405	-0.59615726246730405
-63.302946141556227	-0.4538605609655475	-0.4538605609655475
78.709354772066007	-0.16872741698829913	-0.16872741698829913
-18.814853676899901	0.03469528005293112	0.03469528005293112
62.742836151563409	-0.088899404943093133	-0.088899404943093133
49.405400352317827	-0.75789612879668922	-0.75789612879668922
76.730284654124205	0.97163780656180354	0.97163780656180354
43.552385447570771	-0.41679054157035583	-0.41679054157035583
-12.340026528594535	0.22441636709179932	0.22441636709179932
94.550614944813901	0.29822771617902261	0.29822771617902261
-11.948052969001921	0.57966510672630556	0.57966510672630556
99.884123356090782	-0.60266900744276097	-0.60266900744276097
-25.438237454333262	-0.30076646150833569	-0.30076646150833569
43.331147716088964	-0.60610105166753803	-0.60610105166753803
-22.841899030225136	0.7517754812551809	0.7517754812551809
-59.856142887593009	0.16512275092287604	0.16512275092287604
42.667317867076349	-0.96745687722441853	-0.96745687722441853
-7.2591795374878103	-0.8282594092730825	-0.8282594092730825
-6.1050132403897805	0.17723087476840974	0.17723087476840974
-99.458844456191301	0.87821661500433956	0.87821661500433956
95.716069426767234	0.99475080671488469	0.99475080671488469
-12.106102475125738	0.44418835783281041	0.44418835783281041
1.2818698514185201	0.9585503000420883	0.9585503000420883
57.738205888849109	0.92819720754252955	0.92819720754252955
-10.416726424768257	0.83709349337312688	0.83709349337312688
28.934797259243339	-0.61348285031572958	-0.61348285031572958
-18.403797218541769	0.4311425697598808	0.4311425697598808
-22.976103731891314	0.83324729741606252	0.83324729741606252
5.4809991839863272	-0.71887746221257309	-0.71887746221257309
-51.636439775441126	-0.98009854915620032	-0.98009854915620032
44.246462952554083	0.26110409916599275	0.26110409916599275
25.317836242086813	0.18403992478176873	0.18403992478176873
-45.883688305211436	-0.94584942625699475	-0.94584942625699475
86.902456956243554	-0.87339837692860733	-0.87339837692860733
-9.4849355949387899	0.060121356246801684	0.060121356246801684
75.278764613037879	-0.11917515292045	-0.11917515292045
-84.972412303953931	0.14885538127132042	0.14885538127132042
-78.414318112597059	-0.1251690577045238	-0.1251690577045238
79.342731889479012	-0.71938432216741788	-0.71938432216741788
-66.47182562151221	0.47800313513564563	0.47800313513564563
-78.922891451555103	0.37377445873223997	0.37377445873223997
-98.356024402018832	0.82298855087911726	0.82298855087911726
6.9143771828487104	0.5901074075814613	0.5901074075814613
-46.270542483467892	-0.75348536717194736	-0.75348536717194736
76.22472765725729	0.7355674811820444	0.7355674811820444
-41.395008917739673	0.52635199993863491	0.52635199993863491
79.389451154177408	-0.75103933873046591	-0.75103933873046591
21.278323212393801	0.65397381386803444	0.65397381386803444
-94.004309387547679	0.24107194501388196	0.24107194501388196
-0.43455746856041344	-0.42100904161115266	-0.42100904161115266
-81.740538504349516	-0.059095061295345926	-0.059095061295345926
-17.159284843291076	0.99287137756292065	0.99287137756292065
23.65617338298469	-0.99556378057134554	-0.99556378057134554
91.906358010476453	-0.71747525652628219	-0.71747525652628219
-46.186563781051113	-0.80597813546954911	-0.80597813546954911
47.748335531647712	-0.58464768877566153	-0.58464768877566153
-4.8095398286938433	0.99528456688834654	0.99528456688834654
-7.9634608763108758	-0.99401313107082112	-0.99401313107082112
-8.5984576532728738	-0.73544304559868712	-0.73544304559868712
-1.414378943376235	-0.98779172260915959	-0.98779172260915959
-72.374911061587369	0.11800442901832203	0.11800442901832203
7.709556306933635	0.98958877836831272	0.98958877836831272
-74.685426861835339	0.65395222380031359	0.65395222380031359
60.529418842863748	-0.7440811360846421	-0.7440811360846421
14.935309184972255	0.69803817903606336	0.69803817903606336
21.613590900040649	0.36865126463272457	0.36865126463272457
-89.714306874525107	-0.98403713877672105	-0.98403713877672105
10.707066884616538	-0.95866961939282247	-0.95866961939282247
39.7025228725918	0.90787265054832156	0.90787265054832156
-38.67647527698761	-0.82902585884380464	-0.82902585884380464
-14.383493194479897	-0.96981478072411786	-0.96981478072411786
-44.22505595583538	-0.24038145107355519	-0.24038145107355519
14.11251484705771	0.99969615251679456	0.99969615251679456
-4.3920951176299354	0.94914293770195179	0.94914293770195179
23.458918293533088	-0.99469745178899716	-0.99469745178899716
78.062896884475691	0.45904456124341075	0.45904456124341075
59.524797705851597	0.16470874135045763	0.16470874135045763
-39.153037385625765	-0.99317837978466617	-0.99317837978466617
50.41204081861153	0.1460342612232437	0.1460342612232437
-68.654265800110437	0.44464024562673893	0.44464024562673893
-59.607957807476573	-0.082209726390642501	-0.082209726390642501
-93.362606381673771	0.77402467773786832	0.77402467773786832
-37.065096634638827	0.59238439903499684	0.59238439903499684
41.614247573940929	-0.69867447685722905	-0.69867447685722905
-78.608168852280244	0.068299300392836965	0.068299300392836965
64.236638963497597	0.98625188549901388	0.98625188549901388
38.193570575670265	0.47455528332706354	0.47455528332706354
32.325253140899378	0.78909026739859423	0.78909026739859423
-0.60507393941408338	-0.56882289002730424	-0.56882289002730424
-89.793370035248387	-0.96690745991906324	-0.96690745991906324
43.551931277290265	-0.41720334051558711	-0.41720334051558711
88.732837414721502	0.69487287785850471	0.69487287785850471
-78.202904752791866	-0.33057389051239033	-0.33057389051239033
60.997717628500425	-0.96552617034322874	-0.96552617034322874
-98.548270460378518	0.91636255972236436	0.91636255972236436
51.081616571080247	0.72850298313021755	0.72850298313021755
-48.280803673132056	0.91556633083481009	0.91556633083481009
-36.585803542819626	0.89716485516743716	0.89716485516743716
-56.446833303176653	0.10165854441443974	0.10165854441443974
87.085688478326119	-0.77004126101935033	-0.77004126101935033
-2.8523549723088308	-0.28522165484420053	-0.28522165484420053
5.5128140289690748	-0.69640173522969939	-0.69640173522969939
-34.147966009818035	-0.39819949997821619	-0.39819949997821619
-9.2416391636320157	-0.18211677221849859	-0.18211677221849859
35.366903416238586	-0.72386246239023433	-0.72386246239023433
-44.500866789845261	-0.49563833577662486	-0.49563833577662486
-53.066445156606981	-0.334080918398656	-0.334080918398656
-20.649771205075595	-0.97379869544059239	-0.97379869544059239
78.35300757018473	0.18572413682424532	0.18572413682424532
-96.780023002724022	-0.57233395991185654	-0.57233395991185654
-34.83976517125005	0.27851346270776478	0.27851346270776478
-62.62180376531817	0.20850812285216563	0.20850812285216563
-91.955957787651528	0.75112913941778481	0.75112913941778481
53.215472539544692	0.19043238376808727	0.19043238376808727
-78.532450117505306	-0.0073661556229926029	-0.0073661556229926029
-43.892348180800809	0.089827725071537121	0.089827725071537121
-33.390652460207747	-0.91952362920949426	-0.91952362920949426
43.946638794488706	-0.035650799539943649	-0.035650799539943649
-21.572108631085612	-0.40688364879985472	-0.40688364879985472
-99.009805974151817	0.99876831787512421	0.99876831787512421
-87.789463240822442	0.1742371940545947	0.1742371940545947
-68.432560131442642	0.63071810878628676	0.63071810878628676
-94.718624388465457	-0.45363930343380265	-0.45363930343380265
45.762948341182295	0.97806115943207805	0.97806115943207805
94.19292785611313	-0.054824250173414503	-0.054824250173414503
47.231861001263582	-0.10776153559543969	-0.10776153559543969
55.233506958874045	-0.96750279301843145	-0.96750279301843145
73.68156852506948	-0.98938144590632948	-0.98938144590632948
-18.756431534766023	0.092989846993085143	0.092989846993085143
16.664669038688913	-0.81729782049127708	-0.81729782049127708
-94.921667865072081	-0.62402898553620212	-0.62402898553620212
-97.383509655116541	-0.005862572583997497	-0.005862572583997497
13.106043006684757	0.51385497212142961	0.51385497212142961
29.472363883042561	-0.93132343334544598	-0.93132343334544598
72.250903688792903	0.0057273124605591447	0.0057273124605591447
95.615675111038399	0.9794861504780572	0.9794861504780572
48.733857533659915	-0.99923289868693377	-0.99923289868693377
98.211666391128261	-0.73270900836532504	-0.73270900836532504
-64.040843605592883	-0.93525916375277041	-0.93525916375277041
-95.855208458800277	-0.9993291041115866	-0.9993291041115866
-2.5381519655727374	-0.56747884794257075	-0.56747884794257075
33.439755122246339	0.89912403635619764	0.89912403635619764
-25.5524228565492	-0.40746973029245992	-0.40746973029245992
23.54776955304483	-0.9998995314244522	-0.9998995314244522
-92.794384538842493	0.99311638420649007	0.99311638420649007
-87.376889990153543	0.55445197661666468	0.55445197661666468
-86.991933809172224	0.82638676671533484	0.82638676671533484
-2.8564177868277341	-0.28132525992164104	-0.28132525992164104
3.8975204264840784	-0.68596404422257951	-0.68596404422257951
-18.650991086222106	0.19726256973871828	0.19726256973871828
82.431325678798402	0.68157779733890167	0.68157779733890167
-70.550750099660391	-0.99088994049537737	-0.99088994049537737
-29.771922166939717	0.99732148787399066	0.99732148787399066
-76.943920287248346	-0.99968501842180735	-0.99968501842180735
20.049702771699529	0.93209228821183876	0.93209228821183876
-54.907000350985932	0.99748969550046263	0.99748969550046263
14.845194339449648	0.75964620811207795	0.75964620811207795
75.821411664004017	0.41066928337041925	0.41066928337041925
31.027427643659991	-0.37879959913176919	-0.37879959913176919
77.719503959481102	0.73135890649095658	0.73135890649095658
48.283456661884486	-0.91663005206812698	-0.91663005206812698
90.029772085543584	0.88026236839839289	0.88026236839839289
-37.065667075775636	0.59192472366033111	0.59192472366033111
-48.528969302993765	0.98630036131280496	0.98630036131280496
2.7055813479036175	0.42232730854427014	0.42232730854427014
-42.583212816518703	0.98529368370935055	0.98529368370935055
79.545754709786877	-0.84466464410384912	-0.84466464410384912
80.745615863395784	-0.80506980016621954	-0.80506980016621954
-69.085107482595831	0.029926427604849287	0.029926427604849287
-61.981728435364388	0.75136265724893225	0.75136265724893225
78.411897798025308	0.12756996857788669	0.12756996857788669
35.506691617046215	-0.81293384140536673	-0.81293384140536673
-93.958168259758295	0.28557978005709783	0.28557978005709783
-37.086621148016206	0.57490717435133643	0.57490717435133643
-38.298427593675967	-0.56407760585650246	-0.56407760585650246
7.5172331802904466	0.9438340286858441	0.9438340286858441
27.086076518211684	0.92771989011391331	0.92771989011391331
14.280907514653563	0.9896870986645665	0.9896870986645665
20.110521719136827	0.95238525474192004	0.95238525474192004
9.6210451603543135	-0.19500956225473406	-0.19500956225473406
-85.652705034601482	0.73773116218482637	0.73773116218482637
-22.380571503527264	0.37965461309698606	0.37965461309698606
19.415124672380955	0.53589608986559734	0.53589608986559734
-67.182526823139696	0.93529121627007128	0.93529121627007128
-10.054715995751408	0.58909468737216875	0.58909468737216875
-41.955732733199234	0.89792321651735629	0.89792321651735629
90.538390674103539	0.53777542588995175	0.53777542588995175
-99.042642773407621	0.9966009317353105	0.9966009317353105
-39.74950166683594	-0.88718256412554097	-0.88718256412554097
33.652162985302454	0.78664512724540536	0.78664512724540536
18.395024916497249	-0.43904098559642862	-0.43904098559642862
33.373889728175897	0.92598247137946532	0.92598247137946532
-5.2348067728076444	0.86661529130289783	0.86661529130289783
49.777454702481236	-0.46888479738291838	-0.46888479738291838
39.100977278635384	0.98576507794857071	0.98576507794857071
-78.347661816427603	-0.1909742060232405	-0.1909742060232405
-8.9248755825194621	-0.47933986517434141	-0.47933986517434141
33.920877815006662	0.59449813885787461	0.59449813885787461
39.157309937818184	0.99366751377512441	0.99366751377512441
52.102651073971543	0.96473217687177115	0.96473217687177115
-66.196701192897223	0.22140546350485554	0.22140546350485554
63.716534139659245	0.77371297139926842	0.77371297139926842
23.979808145929454	-0.91395813978524432	-0.91395813978524432
-27.303383180484872	-0.82542277177262735	-0.82542277177262735
-56.504900898870126	0.04375289423136966	0.04375289423136966
27.917560888723074	0.34925225924843772	0.34925225924843772
84.541924706901796	0.27739048717092452	0.27739048717092452
-8.3686022030906315	-0.87047954257961713	-0.87047954257961713
79.914357059219356	-0.980803601598639	-0.980803601598639
-37.435463874614719	0.26060419366592474	0.26060419366592474
-11.223340043310259	0.97417332185759242	0.97417332185759242
83.030014311485559	0.97541696431649516	0.97541696431649516
-57.793316866539172	-0.94728378390089141	-0.94728378390089141
83.705398729925406	0.89905349020041869	0.89905349020041869
-19.418758779495064	-0.53896076269046012	-0.53896076269046012
77.657838211506771	0.77199773680047123	0.77199773680047123
-6.2241920465041289	0.058959048524386062	0.058959048524386062
35.118814170450463	-0.53228293146046146	-0.53228293146046146
10.646818064039664	-0.93979847436852382	-0.93979847436852382
-77.078783009232239	-0.99398208790623821	-0.99398208790623821
28.144378358372961	0.12959004172043348	0.12959004172043348
-44.007069953150868	-0.024770269160662536	-0.024770269160662536
-75.059187261617097	0.33257852220129552	0.33257852220129552
53.813486973859597	-0.39531601374415581	-0.39531601374415581
-55.276062989101675	0.9558693597664315	0.9558693597664315
18.415766822580821	-0.42031196280270977	-0.42031196280270977
31.140914195340542	-0.27155881379882063	-0.27155881379882063
-81.446953533390428	0.23231337800313878	0.23231337800313878
27.752189516379261	0.49873991589605171	0.49873991589605171
-52.375998162330276	-0.85785292540974034	-0.85785292540974034
-51.999570262509692	-0.98669754418502809	-0.98669754418502809
70.82287404600558	0.99062479542497373	0.99062479542497373
-79.241553669151855	0.64554549716772969	0.64554549716772969
93.919465204608656	-0.32244792275301348	-0.32244792275301348
62.583480650274112	-0.24582665125796133	-0.24582665125796133
-43.785854528905176	0.19518161315767749	0.19518161315767749
-41.541688580228872	0.64497004380313372	0.64497004380313372
-94.228775822903444	0.019002640961050494	0.019002640961050494
-74.823490616225513	0.54361076565130895	0.54361076565130895
79.871603829668857	-0.97157309976917905	-0.97157309976917905
-35.06532962782147	0.48626515028701933	0.48626515028701933
10.755361301194014	-0.97128732540131157	-0.97128732540131157
-35.349708172939003	0.71189227505447572	0.71189227505447572
-83.447366095654345	-0.98101650395392193	-0.98101650395392193
39.243229088342957	0.99964413441309474	0.99964413441309474
47.525778593600705	-0.39115733721238866	-0.39115733721238866
-94.286334978699756	-0.038545819515857671	-0.038545819515857671
-24.930758376123094	0.20061226652460712	0.20061226652460712
46.019471065803629	0.8932029754697155	0.8932029754697155
-65.08595358192801	-0.77549083047808576	-0.77549083047808576
86.806817881874309	-0.91591287908923824	-0.91591287908923824
16.190230303354738	-0.46378883606884602	-0.46378883606884602
-31.589250416331751	-0.17245737437959718	-0.17245737437959718
-38.53824947663287	-0.7440672456115982	-0.7440672456115982
3.9379030916975637	-0.71478067157575231	-0.71478067157575231
-22.670104544549915	0.62798087177833717	0.62798087177833717
80.091408308948814	-0.99981560199214303	-0.99981560199214303
-91.879682267721478	0.69864030404408473	0.69864030404408473
-23.239552776949324	0.94848022038888202	0.94848022038888202
-13.10752166149787	-0.51512291396683063	-0.51512291396683063
78.957603421912438	-0.40573886550798344	-0.40573886550798344
33.390604451687551	0.91954249716536895	0.91954249716536895
-82.375403177418789	-0.63961259509597335	-0.63961259509597335
42.249136492600485	-0.98684784344504162	-0.98684784344504162
-86.467945263912199	0.99725234886573944	0.99725234886573944
35.274907147513773	-0.65741867667224674	-0.65741867667224674
-94.591984917328574	-0.33744870694023593	-0.33744870694023593
39.995139591336311	0.74834593814935468	0.74834593814935468
57.092829286644786	0.51770090295669779	0.51770090295669779
63.718846467854178	0.77517584546550844	0.77517584546550844
-11.183700876795442	0.98235632194407896	0.98235632194407896
-13.359333183306319	-0.71243534232586769	-0.71243534232586769
-36.09114923962138	0.99930941343917723	0.99930941343917723
-66.501591342938326	0.50393249863767031	0.50393249863767031
-53.179071059983855	-0.22603368228992671	-0.22603368228992671
-86.709227355283872	0.95066326178853644	0.95066326178853644
3.6134558166624089	-0.45454663546006974	-0.45454663546006974
-27.541402073679777	-0.66905147457881853	-0.66905147457881853
-73.034227716918338	0.70156884017165122	0.70156884017165122
-25.643953934359573	-0.48923526984115623	-0.48923526984115623
61.480638306731947	-0.97598867951844537	-0.97598867951844537
51.874017840972613	0.99928796631285877	0.99928796631285877
10.719039391715228	-0.96200726783446389	-0.96200726783446389
78.921010434331208	-0.37202911812271067	-0.37202911812271067
-96.252880105946375	-0.90716305211801251	-0.90716305211801251
40.334541621977763	0.48482483121890507	0.48482483121890507
-62.990965327998012	-0.15844173905300937	-0.15844173905300937
-52.859266238982798	-0.52081798539055402	-0.52081798539055402
80.665587897775453	-0.84991349174351583	-0.84991349174351583
61.874966254565777	-0.81740212888523689	-0.81740212888523689
-20.79871209870538	-0.9292717512779608	-0.9292717512779608
94.828514784541852	0.54863873661160734	0.54863873661160734
-65.607905718744291	-0.35745367544279666	-0.35745367544279666
-12.929374100436718	-0.35508359320963073	-0.35508359320963073
-30.164840076717638	0.94932664407595813	0.94932664407595813
-87.033505652173432	0.80227029670612193	0.80227029670612193
-50.988843962368023	-0.66190814045188895	-0.66190814045188895
-24.050840286645595	0.88285218075047456	0.88285218075047456
-90.111248469884174	-0.83872546906239964	-0.83872546906239964
-95.896685610029721	-0.99695098996481757	-0.99695098996481757
-0.20001680298800295	-0.19868579881396381	-0.19868579881396381
-5.6001921258152834	0.63111761999576244	0.63111761999576244
20.204901417055481	0.97688011123166607	0.97688011123166607
-2.6836615530099692	-0.4420933156703068	-0.4420933156703068
-42.844428388032838	0.90774144002271206	0.90774144002271206
-8.0545607473843432	-0.97995136143047423	-0.97995136143047423
80.055946105086747	-0.99850615560619793	-0.99850615560619793
-81.872076482700379	-0.18951433023960546	-0.18951433023960546
60.9761047889954	-0.95967515947686266	-0.95967515947686266
42.170987337756429	-0.97121578990133783	-0.97121578990133783
-81.10462393882203	0.54533192745177661	0.54533192745177661
-21.710407944370729	-0.27706735992140691	-0.27706735992140691
3.0354558011832893	0.10593769212042259	0.10593769212042259
-38.486206795102795	-0.70830557344342804	-0.70830557344342804
65.20219128734513	0.69703526512054037	0.69703526512054037
58.161209184355926	0.99912880013511407	0.99912880013511407
30.112078333241868	-0.96458043808360572	-0.96458043808360572
-39.23507482151053	-0.99939338026212399	-0.99939338026212399
-25.225336807937438	-0.092463317755257332	-0.092463317755257332
-15.505715210586189	-0.20087207281207312	-0.20087207281207312
-2.5976322942220662	-0.51752878542065017	-0.51752878542065017
80.914751303520575	-0.69373187467839192	-0.69373187467839192
54.726017387844308	-0.96845205735007156	-0.96845205735007156
2.2968637168070671	0.74779117156167807	0.74779117156167807
83.870044347137167	0.81513215664901972	0.81513215664901972
-37.708390283721727	-0.0092783075154554851	-0.0092783075154554851
-78.413454530530657	-0.12602580128696253	-0.12602580128696253
-75.986024618437881	-0.55453238431100449	-0.55453238431100449
-19.16881596947978	-0.31386408586098713	-0.31386408586098713
69.160305393764475	0.045251556913019998	0.045251556913019998
94.943316271866706	0.64079753419778174	0.64079753419778174
24.901939187653312	-0.22875837055837039	-0.22875837055837039
-19.566964166615165	-0.65743396334678494	-0.65743396334678494
86.8248247632703	-0.90853723200626268	-0.90853723200626268
30.582869773253634	-0.73999085537218456	-0.73999085537218456
33.430710655923463	0.90304591531159717	0.90304591531159717
61.283728936185298	-0.99974299688263879	-0.99974299688263879
84.727250852000907	0.095604551337860125	0.095604551337860125
-70.132581177543869	-0.85081943523465542	-0.85081943523465542
-72.52888807128582	0.26890602367828326	0.26890602367828326
-96.387978078497568	-0.84222344693530848	-0.84222344693530848
62.835286397187474	0.0034333186464316134	0.0034333186464316134
-79.464899331934461	0.79867070801904227	0.79867070801904227
16.472977075142552	-0.69254695876324734	-0.69254695876324734
50.062680272275372	-0.20141487522316665	-0.20141487522316665
59.474369877853434	0.21421738048952288	0.21421738048952288
54.078068575264751	-0.62176437925508354	-0.62176437925508354
-17.382455188023883	0.99462842783211447	0.99462842783211447
50.14823893315625	-0.11697510305973778	-0.11697510305973778
52.257636300150665	0.91253455783351967	0.91253455783351967
-17.794996906208084	0.86968263725558492	0.86968263725558492
7.1074009074571336	0.7340152964283142	0.7340152964283142
87.246475028186239	-0.6579695647997621	-0.6579695647997621
38.017496179622839	0.31303250574124836	0.31303250574124836
96.416296042467792	0.82662079265598776	0.82662079265598776
48.945831907406415	-0.96862831606850652	-0.96862831606850652
62.266682682536242	-0.53555971706456917	-0.53555971706456917
-58.463069749154819	-0.94154609955700963	-0.94154609955700963
34.592746165267215	-0.035219690472023259	-0.035219690472023259
-33.165448084141204	-0.9840711163840361	-0.9840711163840361
-42.414889480602724	0.99999425850688617	0.99999425850688617
10.290322738656329	-0.76144851546545711	-0.76144851546545711
-33.569094509576644	-0.83516057944329158	-0.83516057944329158
-85.73444998360182	0.79039182179614564	0.79039182179614564
-18.387567784653058	0.44572870341982312	0.44572870341982312
-89.278916976435085	-0.96729052344490729	-0.96729052344490729
-52.906451327617262	-0.47997286673742112	-0.47997286673742112
83.158522918039324	0.99561501220825377	0.99561501220825377
22.022004463235348	-0.030850992097561123	-0.030850992097561123
-63.303315751878422	-0.45418987963160201	-0.45418987963160201
69.698469856190115	0.55089100718540063	0.55089100718540063
70.307248117613369	0.92918797117438379	0.92918797117438379
16.128596745748823	-0.40833879277793234	-0.40833879277793234
-29.943202861875193	0.99519473076355647	0.99519473076355647
-88.886796563130844	-0.79693386472380701	-0.79693386472380701
67.333225668365458	-0.97781853432176946	-0.97781853432176946
-96.907247980733089	-0.4636623582826796	-0.4636623582826796
-36.375517343186495	0.96960090673038113	0.96960090673038113
-84.703732018526992	-0.11898705618917041	-0.11898705618917041
3.8379059906426249	-0.64139360034061177	-0.64139360034061177
-97.27599662767723	-0.11313290061668885	-0.11313290061668885
84.222330482676142	0.56519628193617499	0.56519628193617499
84.332635630877718	0.47094880462438443	0.47094880462438443
29.446585610879623	-0.92162677845711616	-0.92162677845711616
-8.554993893313295	-0.76418968017072708	-0.76418968017072708
-88.783557458542532	-0.73043808126601317	-0.73043808126601317
33.669688484506622	0.77570453983634013	0.77570453983634013
-21.751599718689931	-0.23726438937885419	-0.23726438937885419
56.27973135794079	-0.26570622572297242	-0.26570622572297242
-69.300690932879462	-0.18458791320559961	-0.18458791320559961
54.954047926076043	-0.99971623356564043	-0.99971623356564043
50.879546487931719	0.5761937946392045	0.5761937946392045
-69.349868133063922	-0.23267741554837848	-0.23267741554837848
-47.152372906549303	0.028479251529475155	0.028479251529475155
-14.889681359298166	-0.72997263283735092	-0.72997263283735092
72.892958058647821	-0.59424534288961861	-0.59424534288961861
-43.206935799408576	0.69997418630533315	0.69997418630533315
18.697936759831265	-0.15103891615114212	-0.15103891615114212
93.066790953482979	-0.92498216340618955	-0.92498216340618955
-53.228406061833823	-0.17771996768605269	-0.17771996768605269
98.189708484038874	-0.71759029899752569	-0.71759029899752569
46.821328202975678	0.29796642519629252	0.29796642519629252
61.131698739621783	-0.99164491379167996	-0.99164491379167996
-8.2771253030994387	-0.91180256660898207	-0.91180256660898207
71.536499080595547	0.65948386847759566	0.65948386847759566
70.754485005855685	0.99764449346556761	0.99764449346556761
-59.024523174869572	-0.61763911413737849	-0.61763911413737849
80.986662380700892	-0.64019080387055627	-0.64019080387055627
24.987101725617691	-0.14512519221620074	-0.14512519221620074
83.672108350980665	0.91312847620342186	0.91312847620342186
39.00293953843061	0.96457502828209185	0.96457502828209185
-23.501294634990472	0.99816133628428338	0.99816133628428338
-36.420963493201583	0.95748332200907205	0.95748332200907205
72.633809962823818	-0.36829916921242956	-0.36829916921242956
29.59306173087694	-0.96839859957814889	-0.96839859957814889
-71.115607327742282	-0.90906051343796956	-0.90906051343796956
-83.077259380366129	-0.98473594979310652	-0.98473594979310652
49.43528340302251	-0.73806569348874052	-0.73806569348874052
99.690909207266344	-0.7446803015722161	-0.7446803015722161
-21.820955118562438	-0.16937301374456604	-0.16937301374456604
-35.373589863852075	0.72845952305369155	0.72845952305369155
70.195004700896618	0.88194193295098144	0.88194193295098144
25.070119558362023	-0.062580750176020591	-0.062580750176020591
60.506823436835361	-0.72879673431271919	-0.72879673431271919
-40.669284578760148	-0.17058162750641034	-0.17058162750641034
35.110813004500528	-0.52549244655155525	-0.52549244655155525
-86.82189226578069	0.90975853263629924	0.90975853263629924
-69.906062898861023	-0.71107400300578472	-0.71107400300578472
69.117873995352227	0.0028356125767107082	0.0028356125767107082
-29.586691503870028	0.96679017863596262	0.96679017863596262
79.85135153783304	-0.96657966376608273	-0.96657966376608273
84.869808070132649	-0.046789334173157796	-0.046789334173157796
-3.7939035414089659	0.60702444854352466	0.60702444854352466
-90.413400638234123	-0.63868364355810336	-0.63868364355810336
91.453289943624924	-0.34017499975615012	-0.34017499975615012
-23.017047609788762	0.85518053188552356	0.85518053188552356
-74.558588172280778	0.74439978957380992	0.74439978957380992
19.742318058263081	0.77880730309607449	0.77880730309607449
-70.480772089876552	-0.97904823606052183	-0.97904823606052183
5.6823331353643738	-0.56534559603825985	-0.56534559603825985
-65.430326460270877	-0.51680890686100367	-0.51680890686100367
59.594901876392896	0.095214087639547779	0.095214087639547779
-70.545405462944785	-0.99015600711030705	-0.99015600711030705
-37.181455496534511	0.49484490767614286	0.49484490767614286
32.543222304721297	0.90325509710997587	0.90325509710997587
61.808408985817266	-0.85390548198835858	-0.85390548198835858
78.108998229490112	0.41761429704053415	0.41761429704053415
97.487311062372356	-0.097782304523802072	-0.097782304523802072
-19.929753831155992	-0.88205107002812577	-0.88205107002812577
-80.560627307195546	0.90044073407549463	0.90044073407549463
-35.709333094255584	0.91350339556023175	0.91350339556023175
46.332465609624677	0.71135496409561272	0.71135496409561272
75.003435110624224	-0.38461303615049564	-0.38461303615049564
-6.6793461572722208	-0.38587938993632032	-0.38587938993632032
16.900533051719975	-0.92932098633151217	-0.92932098633151217
-84.575995084495972	-0.2445024762877783	-0.2445024762877783
94.315504901118487	0.067673532522700322	0.067673532522700322
65.470058230598738	0.48239558854176345	0.48239558854176345
54.513871616685464	-0.8942696214694893	-0.8942696214694893
73.809009125134565	-0.99983038911886457	-0.99983038911886457
71.422884869615899	0.74045438180314127	0.74045438180314127
13.237293743135311	0.62170929067714531	0.62170929067714531
-82.432286782915256	-0.68228076619994238	-0.68228076619994238
64.795839629597964	0.92369146638303223	0.92369146638303223
-44.290268213626383	-0.30312578540501711	-0.30312578540501711
32.742870975533805	0.97041516754306478	0.97041516754306478
47.893664129818973	-0.69597320710957533	-0.69597320710957533
17.900581752028714	-0.81281836865536927	-0.81281836865536927
-88.620039780144609	-0.60951246957116345	-0.60951246957116345
13.845846796795328	0.95786554240095512	0.95786554240095512
42.294010788755713	-0.99310598171516162	-0.99310598171516162
85.785552864053642	-0.82065207478793523	-0.82065207478793523
19.028309219708902	0.17780287488174218	0.17780287488174218
3.4955612294587297	-0.34662306930277359	-0.34662306930277359
-26.258914125417704	-0.90277269887785694	-0.90277269887785694
63.254540440837701	0.41021278464426503	0.41021278464426503
-56.837460597031466	-0.28479525608849454	-0.28479525608849454
-28.462751948800374	0.18730519390919997	0.18730519390919997
1.8440434656930478	0.96289970291167093	0.96289970291167093
22.897882993909917	-0.78749529702123522	-0.78749529702123522
15.098231310318084	0.57264773912724432	0.57264773912724432
-90.546937826927987	-0.53054986739878585	-0.53054986739878585
-73.938146036519726	0.99387694611846811	0.99387694611846811
-79.732366825919854	0.92931386007846584	0.92931386007846584
63.710594107126042	0.76993611752357316	0.76993611752357316
2.1289328814973345	0.84824347584728643	0.84824347584728643
-50.227221304488168	0.038251818447249057	0.038251818447249057
-1.3950561500257379	-0.98459739837099169	-0.98459739837099169
-83.585400058273038	-0.94500228485003923	-0.94500228485003923
-8.3513793430737451	-0.87882719374208451	-0.87882719374208451
-49.095880322067565	0.92059529730868006	0.92059529730868006
85.173165242690004	-0.34305148026430987	-0.34305148026430987
51.707570593108301	0.99172852886003116	0.99172852886003116
-79.428011860933012	0.77593472234900773	0.77593472234900773
-35.765679988686429	0.93496514591906243	0.93496514591906243
84.899195773435821	-0.076120423171774476	-0.076120423171774476
24.025347896719722	-0.89453655903722307	-0.89453655903722307
51.089629488951942	0.73396872739795127	0.73396872739795127
-7.4076981682880785	-0.90205744420097733	-0.90205744420097733
-61.215124868702269	0.99894531681476983	0.99894531681476983
-96.80802694144576	-0.5491487503187571	-0.5491487503187571
85.008195535122212	-0.18413710980751155	-0.18413710980751155
69.476340854039449	0.35349291639951474	0.35349291639951474
-48.179413405390449	0.87015836324345197	0.87015836324345197
-27.219578331789833	-0.86977963244720524	-0.86977963244720524
75.832466879070381	0.42072395507642418	0.42072395507642418
-84.887811001800387	0.064763995127552224	0.064763995127552224
-26.212906495599228	-0.88203568980869163	-0.88203568980869163
-91.458693202161058	0.34525102910931471	0.34525102910931471
-40.180474411029707	-0.61329860160909833	-0.61329860160909833
-22.42100983057675	0.41674468437168094	0.41674468437168094
45.648737678944826	0.99542957902948814	0.99542957902948814
39.945283106201913	0.78047259955687176	0.78047259955687176
12.213205060232085	-0.34586971961490715	-0.34586971961490715
-92.474213732529179	0.97951259547538982	0.97951259547538982
-98.328042137388039	0.80677289511330119	0.80677289511330119
12.556574183796471	-0.0097962738694626385	-0.0097962738694626385
-98.408396047642427	0.85159669902309143	0.85159669902309143
-96.109545538343696	-0.95796616473867702	-0.95796616473867702
28.619800073270056	-0.33863536135156724	-0.33863536135156724
5.266817543161622	-0.85020141650617265	-0.85020141650617265
-38.876053005558163	-0.92343650155152057	-0.92343650155152057
-51.35236864475538	-0.88518252568815226	-0.88518252568815226
47.543013040112953	-0.40695973316769918	-0.40695973316769918
2.9243569433812695	0.21553112938149813	0.21553112938149813
-13.718790992963577	-0.91374995996684638	-0.91374995996684638
-42.148812335892849	0.96569532858447371	0.96569532858447371
69.160343172535221	0.04528929695178488	0.04528929695178488
-17.355505952035372	0.99705644354328538	0.99705644354328538
22.09222819835388	-0.10090758786204858	-0.10090758786204858
-56.343221325836417	0.20400423039535814	0.20400423039535814
-6.9196941576531401	-0.59439157148270494	-0.59439157148270494
7.9384170878103504	0.99643744438006066	0.99643744438006066
44.29095820406954	0.30378323997075984	0.30378323997075984
51.758828603993351	0.99700223375608421	0.99700223375608421
86.590475039705126	-0.98072133081428503	-0.98072133081428503
63.631853134891912	0.71735613485896099	0.71735613485896099
-80.557956459857138	0.90159928283183111	0.90159928283183111
-85.633692329539969	0.72476322615550237	0.72476322615550237
-46.473068268627152	-0.60584021231462115	-0.60584021231462115
54.865220482195525	-0.99366158834949248	-0.99366158834949248
-96.546526821004718	-0.74653932850651472	-0.74653932850651472
-79.600449543323919	0.8726648629921987	0.8726648629921987
-10.969930302865009	0.9996712110429814	0.9996712110429814
-34.949304972188799	0.38183949463040223	0.38183949463040223
43.146018830733908	-0.74215388535258042	-0.74215388535258042
39.511934791750434	0.9708542471014574	0.9708542471014574
47.302190848236023	-0.17735780908794849	-0.17735780908794849
-3.9055813912365949	0.69180713775541636	0.69180713775541636
21.910151193670899	0.080908845594807058	0.080908845594807058
-50.873487363510407	-0.5712310462828506	-0.5712310462828506
-77.818330107616291	-0.66050130113655903	-0.66050130113655903
-29.823056231521107	0.99975637964931152	0.99975637964931152
-2.121774363490502	-0.8520129071071908	-0.8520129071071908
67.210726581827799	-0.94489733637427142	-0.94489733637427142
71.386810124439933	0.76421344157342375	0.76421344157342375
4.6016335148420922	-0.99387288060161127	-0.99387288060161127
-13.096237546449004	-0.50541852479567639	-0.50541852479567639
73.685528510174322	-0.98994923986740091	-0.98994923986740091
51.602528615453735	0.97280459611845926	0.97280459611845926
83.816081873660067	0.8451895783139286	0.8451895783139286
69.797142015459173	0.63042736185783721	0.63042736185783721
-21.131585397635817	-0.75755749123021654	-0.75755749123021654
-90.170522320955371	-0.80499357178267517	-0.80499357178267517
78.26530467150306	0.27107692180825654	0.27107692180825654
12.789461614117627	0.22124507454503878	0.22124507454503878
-16.657432482723848	0.81310664143130862	0.81310664143130862
-30.755941064286333	0.61310537459475523	0.61310537459475523
-75.963736126718345	-0.53584854715156016	-0.53584854715156016
-86.55170538895679	0.98755850849445781	0.98755850849445781
-88.426608988160339	-0.44575247065641471	-0.44575247065641471
83.30268764098065	0.99872603822910566	0.99872603822910566
-33.323770447895157	-0.94373514744674847	-0.94373514744674847
28.925179034327158	-0.60585900134874959	-0.60585900134874959
-46.761407418286893	-0.3545964022514787	-0.3545964022514787
86.69500315842015	-0.95497963898117866	-0.95497963898117866
-61.517562674069445	0.96728233489487858	0.96728233489487858
35.782605104787848	-0.9408349563466275	-0.9408349563466275
-36.14241131716075	0.99990065584372256	0.99990065584372256
-0.3858918926743371	-0.37638559199711852	-0.37638559199711852
-46.288631977593617	-0.74146953431418039	-0.74146953431418039
36.887963527159627	-0.72507845868890985	-0.72507845868890985
4.5780907284183314	-0.99099553569807242	-0.99099553569807242
-79.620702534289478	0.88237514913665505	0.88237514913665505
90.435142691397033	0.62180416403459438	0.62180416403459438
-5.4972161622318936	0.707510410825271	0.707510410825271
-12.673865462093758	-0.1072879475986343	-0.1072879475986343
29.433069979087037	-0.91629765011453079	-0.91629765011453079
72.038169408915564	0.21672806788538579	0.21672806788538579
-90.375746874524552	-0.66719750645438292	-0.66719750645438292
62.379165070011652	-0.43738436322528673	-0.43738436322528673
87.401392732237298	-0.53389601603539771	-0.53389601603539771
-7.5785911276587115	-0.96231908345442108	-0.96231908345442108
42.28229326109269	-0.99166430934754646	-0.99166430934754646
-60.011728813873447	0.31596007415852767	0.31596007415852767
12.086364973261581	-0.46178417915905828	-0.46178417915905828
-41.663347248223026	0.73294621557574191	0.73294621557574191
70.315135215428086	0.93207417103669521	0.93207417103669521
-96.665153208376864	-0.66255070205889555	-0.66255070205889555
-77.303357153311879	-0.94462802995076789	-0.94462802995076789
-61.249546262464584	0.99993375512729987	0.99993375512729987
70.452176434228051	0.97282587792157571	0.97282587792157571
-62.375537369937476	0.44064377679870809	0.44064377679870809
-91.112714473186358	0.006527472727814271	0.006527472727814271
-13.624539224623419	-0.87145870459798991	-0.87145870459798991
-96.42925048526935	-0.81926140320475815	-0.81926140320475815
8.6452396336916308	0.70295113473235737	0.70295113473235737
-55.519684983401518	0.85677486234062417	0.85677486234062417
65.404167347170613	0.53902437419879379	0.53902437419879379
-4.2179358773603184	0.88022837159897138	0.88022837159897138
-95.803423285227822	-0.99988520080673149	-0.99988520080673149
-1.9568076536672976	-0.92641814573440384	-0.92641814573440384
-32.568009196264128	-0.91361270070442291	-0.91361270070442291
-0.40563687347864175	-0.39460403236357677	-0.39460403236357677
-57.699477082865627	-0.91309423763660691	-0.91309423763660691
-57.083391178651219	-0.50960308170132362	-0.50960308170132362
17.653313018198261	-0.93067109784181523	-0.93067109784181523
-89.686324206890063	-0.98863113467522934	-0.98863113467522934
89.016781799093678	0.86850958531209788	0.86850958531209788
81.792382259974971	0.11074563300292883	0.11074563300292883
-87.632367518040795	0.32614885377047431	0.32614885377047431
-37.635354503751351	0.06371415252529615	0.06371415252529615
-61.296052909102286	0.99938769674518091	0.99938769674518091
26.226336736608729	0.88828404964542984	0.88828404964542984
-68.13297204904481	0.83164658903859778	0.83164658903859778
2.9136024354634742	0.226020207354964	0.226020207354964
-41.26536683266108	0.41201313325508332	0.41201313325508332
80.228201659080668	-0.99309437702341019	-0.99309437702341019
46.072204955152642	0.86826032594430325	0.86826032594430325
-78.509034189381609	-0.030777289369728074	-0.030777289369728074
-71.398108307223126	-0.75687790697319712	-0.75687790697319712
70.050921401896886	0.80512311964069527	0.80512311964069527
1.2362620871912497	0.94456333484921629	0.94456333484921629
-2.4530498788700328	-0.63541262758440109	-0.63541262758440109
79.965159588597857	-0.98944033797926823	-0.98944033797926823
30.874043024777052	-0.51575058255995243	-0.51575058255995243
71.708175811174755	0.52136964415383946	0.52136964415383946
-87.350876294127517	0.5759109501119708	0.5759109501119708
71.308674285616377	0.8122252819123239	0.8122252819123239
-10.854051214625159	0.99000231342591372	0.99000231342591372
-82.526106696253137	-0.7477704339723501	-0.7477704339723501
37.759314490354683	0.060166287868303144	0.060166287868303144
27.045097249899385	0.94223338109954546	0.94223338109954546
33.341434604781483	0.93774664553489551	0.93774664553489551
-50.704674537299667	-0.42520835904501891	-0.42520835904501891
-79.518523712161766	0.82977665415099755	0.82977665415099755
79.958839904759969	-0.98850460616783542	-0.98850460616783542
-24.855056651247267	0.27412966034297137	0.27412966034297137
-9.8682528857368368	0.42908083125365171	0.42908083125365171
-64.268191083866952	-0.99097409141418669	-0.99097409141418669
-97.197718860521007	-0.19048228264299355	-0.19048228264299355
33.377228823172345	0.9247165811661876	0.9247165811661876
12.419583776920604	-0.14626028430118193	-0.14626028430118193
-28.530094278740023	0.25298114335628819	0.25298114335628819
-73.083638029062456	0.73590816339390408	0.73590816339390408
62.645658125121628	-0.18512095832380737	-0.18512095832380737
-0.22703843639688159	-0.22509295301477383	-0.22509295301477383
50.806468246126656	0.51498126122019494	0.51498126122019494
-20.778378581805185	-0.93659027226287317	-0.93659027226287317
-54.179361049968406	0.69777451832215942	0.69777451832215942
81.76784063560612	0.086324068888919248	0.086324068888919248
98.956891484280476	-0.99999463030015412	-0.99999463030015412
73.385826406627018	-0.90406859509904447	-0.90406859509904447
76.3388339788427	0.80791789331132235	0.80791789331132235
65.8152694240529	0.15751753759498371	0.15751753759498371
-8.9531932779369896	-0.4542985690995871	-0.4542985690995871
77.960198072000395	0.54770459209669042	0.54770459209669042
-28.468907349692117	0.19334806852019476	0.19334806852019476
-37.443423212082159	0.25291171171121574	0.25291171171121574
-26.686894582036956	-0.99986150891368208	-0.99986150891368208
60.615008720408071	-0.79846925746172626	-0.79846925746172626
-98.352636412234801	0.821059256675996	0.821059256675996
96.695130250285331	0.63980307936232805	0.63980307936232805
-2.7010049612558902	-0.42647110709598296	-0.42647110709598296
72.343943297810057	-0.087201371008424178	-0.087201371008424178
81.030735475715773	-0.60572244489577354	-0.60572244489577354
91.254171079334412	-0.14744459151510628	-0.14744459151510628
54.006439024242582	-0.56411737412453411	-0.56411737412453411
-66.545050378549362	0.54098231246521311	0.54098231246521311
-65.604997280753253	-0.36016843978524299	-0.36016843978524299
-10.154909677192919	0.66696778092577091	0.66696778092577091
-7.5307308408581974	-0.94820781348143091	-0.94820781348143091
-32.51772329964254	-0.89202092611989714	-0.89202092611989714
-93.124540053212783	0.90150713358502377	0.90150713358502377
37.93550094345423	0.23419368046900316	0.23419368046900316
24.61937627503832	-0.49111122239184579	-0.49111122239184579
66.606689244467816	-0.59176250696771826	-0.59176250696771826
-45.025717913536532	-0.86413083777441368	-0.86413083777441368
-53.470743201156154	0.063625084412636729	0.063625084412636729
-4.0748529036386572	0.80356476540311772	0.80356476540311772
39.032913595945985	0.9720479846042358	0.9720479846042358
79.881828873794575	-0.97394294275094062	-0.97394294275094062
-31.851144118690542	-0.42160771070616537	-0.42160771070616537
21.379840616903351	0.57393903514373334	0.57393903514373334
-48.3137161264494	0.92830440432853656	0.92830440432853656
-73.295749527817549	0.86195765667515101	0.86195765667515101
-74.783056344918691	0.57709519408486776	0.57709519408486776
3.9214374703728794	-0.7031690888829486	-0.7031690888829486
-88.383510281295486	-0.40677040771456463	-0.40677040771456463
45.474684668273454	0.99692760391284696	0.99692760391284696
62.405293933846281	-0.41374071507253213	-0.41374071507253213
49.936828992985454	-0.32276885536307282	-0.32276885536307282
-62.100762266149331	0.66768207854853523	0.66768207854853523
-62.371309097593326	0.44443547070037376	0.44443547070037376
-33.102775466843426	-0.99327345116755994	-0.99327345116755994
-32.327914486818116	-0.79072227527509076	-0.79072227527509076
82.301832290510276	0.581379620923962	0.581379620923962
-18.512178037205558	0.33101393675207774	0.33101393675207774
-83.165615121356339	-0.99625341056711969	-0.99625341056711969
-97.337558030421789	-0.051791049570789692	-0.051791049570789692
6.9774779130108868	0.63984196264004956	0.63984196264004956
15.325181862133689	0.37350202454044662	0.37350202454044662
-6.1438126242524902	0.13892190782772121	0.13892190782772121
86.837740773898616	-0.90306524089418894	-0.90306524089418894
-28.094005849802642	-0.17935229649933176	-0.17935229649933176
63.522701396755991	0.63719122034476861	0.63719122034476861
77.383835623967656	0.91519064871848366	0.91519064871848366
9.8176455777216205	-0.38283913320068796	-0.38283913320068796
2.3415634957163292	0.71737640508065115	0.71737640508065115
15.654179697859334	0.053757644131449067	0.053757644131449067
28.129630433596532	0.14419898411004414	0.14419898411004414
-28.840718579041877	0.5365848014147544	0.5365848014147544
-15.945717037965863	0.23552018010917716	0.23552018010917716
-84.354800020524976	-0.45128218102038886	-0.45128218102038886
-23.291055576858952	0.96353330432229412	0.96353330432229412
34.654253566001643	-0.096583581125091189	-0.096583581125091189
-69.543017565030624	-0.41503310183201947	-0.41503310183201947
-3.3622922967055473	0.21891234954552044	0.21891234954552044
47.265839929951028	-0.14147389414264086	-0.14147389414264086
-80.3772863973591	0.96465278367940299	0.96465278367940299
-49.282608710441991	0.83209468086202409	0.83209468086202409
24.480311520378976	-0.60711886892424194	-0.60711886892424194
22.269012273395504	-0.27430191511369334	-0.27430191511369334
-20.622846020811409	-0.97956809477842777	-0.97956809477842777
-57.168476227587774	-0.58087926201905205	-0.58087926201905205
65.007875080030232	0.82237371764349898	0.82237371764349898
37.898207578477127	0.1977830101780701	0.1977830101780701
8.1654963201295345	0.95187040951236268	0.95187040951236268
76.070888654583172	0.62307263941933977	0.62307263941933977
-28.133844274890095	-0.14002791499676084	-0.14002791499676084
-73.401144797147467	0.91050915673116317	0.91050915673116317
92.318538560372701	-0.93644357642372666	-0.93644357642372666
-26.100656604861811	-0.823705484968836	-0.823705484968836
46.485372992379695	0.59600512569872677	0.59600512569872677
-6.5704248450762464	-0.28330594306131046	-0.28330594306131046
-31.860571261308991	-0.43013717850832794	-0.43013717850832794
25.288667647174833	0.15529534502910222	0.15529534502910222
96.366305790728944	0.85370889942730566	0.85370889942730566
92.56825985192981	-0.9940954278252897	-0.9940954278252897
88.53415468511875	0.53926188397065455	0.53926188397065455
-64.264983377186482	-0.99053898948184671	-0.99053898948184671
-17.195513738367254	0.9965370641998349	0.9965370641998349
2.2756344084755824	0.76171647032634893	0.76171647032634893
-93.142813967668417	0.89344875837472382	0.89344875837472382
-33.038186686338605	-0.99867602968063585	-0.99867602968063585
42.850950475872565	-0.90498594094935758	-0.90498594094935758
42.79038848842751	-0.92907664881132701	-0.92907664881132701
62.897098996901804	0.06519964264016001	0.06519964264016001
15.406429635381059	0.29698499370407444	0.29698499370407444
-13.217216479643227	-0.6058595688023144	-0.6058595688023144
89.834476299676766	0.95560629205057834	0.95560629205057834
-55.45370397015477	0.88891166443371405	0.88891166443371405
-18.27598388536687	0.54263590037679088	0.54263590037679088
-1.5707713252484723	-0.99999999968746134	-0.99999999968746134
-66.212522201195782	0.23680547107041616	0.23680547107041616
-84.053937318361321	-0.6954632054909895	-0.6954632054909895
-99.686595149472865	0.74755265723827891	0.74755265723827891
-36.436369255253041	0.95292548955989931	0.95292548955989931
12.809876875749012	0.24110692314553892	0.24110692314553892
-89.481116639898843	-0.99852752864923433	-0.99852752864923433
-42.019335590022877	0.92408369573580729	0.92408369573580729
-96.283393503381475	-0.89390335700075019	-0.89390335700075019
-69.22868467578509	-0.11340182197821989	-0.11340182197821989
36.227031110524649	-0.99513157112979611	-0.99513157112979611
-51.788442916058457	-0.99885608301562456	-0.99885608301562456
-37.687187079285309	0.011924481177334524	0.011924481177334524
-49.939764660482979	0.31998892434407028	0.31998892434407028
58.416069378942609	0.95633418865072517	0.95633418865072517
59.924584656040395	-0.23218574400058703	-0.23218574400058703
-53.758821488036624	0.34453778264091173	0.34453778264091173
-65.935611397888209	-0.037825301904922247	-0.037825301904922247
-46.02518612819344	-0.89061860371278723	-0.89061860371278723
39.663858569770639	0.92339995058877233	0.92339995058877233
58.736882087008382	0.81537597737900591	0.81537597737900591
24.02379750963641	-0.89522849861363463	-0.89522849861363463
-21.480684820686918	-0.48858193351453744	-0.48858193351453744
27.736220579189649	0.51251684125336794	0.51251684125336794
-9.2138808293399421	-0.20933723811203434	-0.20933723811203434
8.4699059708448772	0.8162397940168884	0.8162397940168884
-49.192965783588114	0.87840604115261944	0.87840604115261944
97.012326266928085	0.36817557447482896	0.36817557447482896
81.952608574635747	0.26788736604478353	0.26788736604478353
-70.875254770025492	-0.9821135959985493	-0.9821135959985493
50.699029339090032	0.4200921674188049	0.4200921674188049
34.955265420100801	-0.38734149597402484	-0.38734149597402484
94.633125862983292	0.37588002308729307	0.37588002308729307
-19.091158105721988	-0.23925858301063085	-0.23925858301063085
-83.676568480235517	-0.91130113051649708	-0.91130113051649708
12.694677268628524	0.12795490046501895	0.12795490046501895
52.282570266569707	0.90205398405688331	0.90205398405688331
-45.883470624455455	-0.94592006426190967	-0.94592006426190967
89.493995861596858	0.99914335901938911	0.99914335901938911
98.992526468467133	-0.99947652946498677	-0.99947652946498677
90.566370436004746	0.51397860898050607	0.51397860898050607
38.993828436556214	0.96213143840130488	0.96213143840130488
-13.67130681170724	-0.89343553336341963	-0.89343553336341963
80.66584583557804	-0.84977755030478275	-0.84977755030478275
-51.14524781191809	-0.77058935302181208	-0.77058935302181208
-7.4045817076953853	-0.9007079516032257	-0.9007079516032257
87.09136866900181	-0.7664049299467186	-0.7664049299467186
46.275906882165771	0.74994764001755299	0.74994764001755299
-94.216014349140778	0.03175991679731293	0.03175991679731293
3.1085957279415766	0.032990938148013203	0.032990938148013203
-23.730743169500869	0.98578736710346226	0.98578736710346226
90.402503813154738	0.64703033287698886	0.64703033287698886
-39.609697153310819	-0.9428250158378596	-0.9428250158378596
61.921768411633423	-0.78955569667541614	-0.78955569667541614
4.8762570071370561	-0.98660365257104543	-0.98660365257104543
82.884709805652847	0.93323008128787144	0.93323008128787144
30.526318324957742	-0.77682509114727005	-0.77682509114727005
-34.469605264616547	-0.087800722916473353	-0.087800722916473353
-79.182337744829411	0.59921594921263099	0.59921594921263099
0.42607919427022978	0.41330372922634573	0.41330372922634573
12.175260791091219	-0.38121466636733836	-0.38121466636733836
-61.755091512701398	0.88042681573644666	0.88042681573644666
-55.182832926349967	0.97906882346432378	0.97906882346432378
-53.882639384980934	0.45784017906357444	0.45784017906357444
50.880009439709085	0.57657210943396764	0.57657210943396764
-71.770762134457371	-0.46697687575141444	-0.46697687575141444
70.650861944222896	0.99938851530395867	0.99938851530395867
-82.408822169379235	-0.66493977092803569	-0.66493977092803569
97.939877427819141	-0.52311782907850346	-0.52311782907850346
-17.156138935239099	0.99249150204755987	0.99249150204755987
-53.405072542288259	-0.0020025673997486259	-0.0020025673997486259
-93.919794757741187	0.32213595447019056	0.32213595447019056
-34.820365345986431	0.25983000404172646	0.25983000404172646
-96.336644262034227	-0.86877736968447505	-0.86877736968447505
37.283132993615766	-0.40408549820289091	-0.40408549820289091
17.858353872037299	-0.83668492681854412	-0.83668492681854412
74.978390169964655	-0.40760843288405046	-0.40760843288405046
-85.664533263651563	0.74566454338968746	0.74566454338968746
54.699759310933246	-0.96157544976763476	-0.96157544976763476
-13.908266051106537	-0.97391637920475582	-0.97391637920475582
-92.41536293959345	0.96597215144869431	0.96597215144869431
-83.3717636948424	-0.99286140697489433	-0.99286140697489433
-57.435466662329986	-0.77505295734512236	-0.77505295734512236
-50.827281210785848	-0.53270934073773202	-0.53270934073773202
-54.003168646839974	0.56141402922670403	0.56141402922670403
-96.74995576371866	-0.59672731489598274	-0.59672731489598274
-66.695025575197462	0.66057158872977118	0.66057158872977118
13.137871382922839	0.54089493906870234	0.54089493906870234
17.590206386351952	-0.95189121704952995	-0.95189121704952995
11.218651266416458	-0.97522134265831839	-0.97522134265831839
43.478060498904739	-0.48313923617977261	-0.48313923617977261
-30.8280809691434	0.55456952687629213	0.55456952687629213
-61.117402834233374	0.98969950904689896	0.98969950904689896
36.980946714864018	-0.65800409563136297	-0.65800409563136297
23.862938810664346	-0.95504229719072575	-0.95504229719072575
12.052284904929394	-0.49173894285600178	-0.49173894285600178
31.119239303007532	-0.29235378356939234	-0.29235378356939234
-55.275806985227135	0.95594454034515397	0.95594454034515397
-34.064091650845441	-0.47364734775921596	-0.47364734775921596
-77.437940195214864	-0.89205680295612688	-0.89205680295612688
-97.856098530522345	0.44996510920189281	0.44996510920189281
-13.943414574756204	-0.98128865558264478	-0.98128865558264478
-6.2820911312333294	0.00109417572792868	0.00109417572792868
-9.2095923786132374	-0.21352873401155728	-0.21352873401155728
-72.42929137179496	0.17180373710816993	0.17180373710816993
96.445126536233204	0.81005489209086234	0.81005489209086234
-30.811797374066515	0.56804559446613467	0.56804559446613467
95.892241147708717	0.997287944941741	0.997287944941741
53.988840706566094	-0.54949993656345442	-0.54949993656345442
76.709851220584028	0.96660333158485545	0.96660333158485545
13.878918475576825	0.96683878095993525	0.96683878095993525
-57.873111126633368	-0.96980826698399047	-0.96980826698399047
25.937956197030672	0.72097962329511056	0.72097962329511056
-92.614929103525597	0.99807525729144952	0.99807525729144952
48.376462761015972	-0.94979278820443547	-0.94979278820443547
-55.536890836404517	0.84777558551685084	0.84777558551685084
-74.67039507884148	0.66524999790123018	0.66524999790123018
86.786051553666027	-0.92404992696321098	-0.92404992696321098
75.814472396827028	0.40433233126155027	0.40433233126155027
-36.535185579404626	0.91836395052949038	0.91836395052949038
-47.286313917219672	0.16171088702742015	0.16171088702742015
-78.001404905678086	-0.51277281671262964	-0.51277281671262964
64.573583275882243	0.98542634160120191	0.98542634160120191
92.8097057761087	-0.99120529110218647	-0.99120529110218647
40.31507400839152	0.50175848161765058	0.50175848161765058
-57.395952405001644	-0.74948554610153717	-0.74948554610153717
92.558480954172978	-0.99298681211307427	-0.99298681211307427
47.924839883177924	-0.71801769368330182	-0.71801769368330182
80.327689592885264	-0.97653118047765131	-0.97653118047765131
-40.656615195662916	-0.18305129831547903	-0.18305129831547903
-74.071390202123638	0.97038837218909479	0.97038837218909479
48.006176875545947	-0.77219407222863601	-0.77219407222863601
25.071270853196353	-0.061431670769328185	-0.061431670769328185
-10.886774145537913	0.99408710081577056	0.99408710081577056
-18.161331730992174	0.63516659331797054	0.63516659331797054
-16.583889321499271	0.76813677045431661	0.76813677045431661
42.277800827019917	-0.99107546172231775	-0.99107546172231775
-8.4297325557300269	-0.83878368847995965	-0.83878368847995965
25.75832584058287	0.58557127159016431	0.58557127159016431
-43.329054576413469	0.60776458016660684	0.60776458016660684
-3.7430954450179144	0.56588214262649605	0.56588214262649605
-83.184996345574291	-0.99774232689607645	-0.99774232689607645
91.54717409804627	-0.42683237751553899	-0.42683237751553899
36.787739703536005	-0.79034514101135378	-0.79034514101135378
20.562705188852036	0.98988491878754858	0.98988491878754858
-70.369987535382364	-0.95053357041316433	-0.95053357041316433
-55.856239947676734	0.63840774855420512	0.63840774855420512
15.371023205277126	0.33060076519555748	0.33060076519555748
-75.342233883800134	0.055960553593478617	0.055960553593478617
-90.32689005876874	-0.70277939878154083	-0.70277939878154083
-30.826934438292923	0.55552323335957876	0.55552323335957876
86.592221615829772	-0.98037853399302577	-0.98037853399302577
85.304722387625191	-0.46330477940125464	-0.46330477940125464
21.936452522831758	0.054668784394275645	0.054668784394275645
98.255735306271987	-0.76197868200040308	-0.76197868200040308
-0.94709127994465803	-0.81172011289655477	-0.81172011289655477
50.976787898062554	0.6528232117229682	0.6528232117229682
36.254819085001486	-0.99200908873101523	-0.99200908873101523
-18.597962486504002	0.24894754351593712	0.24894754351593712
-19.612527100489956	-0.69107201857600298	-0.69107201857600298
-24.237465164353225	0.7803817348926102	0.7803817348926102
-42.939114610689813	0.86401092307014538	0.86401092307014538
28.748008934838225	-0.45615977995665036	-0.45615977995665036
82.527981933845666	0.74901419627403931	0.74901419627403931
-71.320676257040674	-0.80516567459062538	-0.80516567459062538
-59.36171790390739	-0.32266384151800365	-0.32266384151800365
-28.975837148327713	0.64536672017089403	0.64536672017089403
-88.965076103416763	-0.84173120635002152	-0.84173120635002152
-37.742317270203671	-0.043191986387914487	-0.043191986387914487
-84.548542727698617	-0.2710261474602999	-0.2710261474602999
16.617680895939799	-0.78933040359672613	-0.78933040359672613
-20.769132187324573	-0.93979036983755848	-0.93979036983755848
66.023278642204758	-0.049812294203394461	-0.049812294203394461
72.527776974380942	-0.26783568668448232	-0.26783568668448232
-25.077456443981632	0.055256626902404501	0.055256626902404501
-74.743671635162286	0.60880393719276948	0.60880393719276948
-30.786848984029376	0.58839914392804926	0.58839914392804926
-74.147632328138101	0.94917092181964169	0.94917092181964169
-89.033671247315382	-0.87675695043285384	-0.87675695043285384
45.4334020651483	0.99284553034452927	0.99284553034452927
-25.638693746678356	-0.4846408401260161	-0.4846408401260161
-41.949002982962682	0.89494079179025343	0.89494079179025343
-86.62326018853723	0.97378885713503194	0.97378885713503194
74.076509565751394	-0.96913907937205868	-0.96913907937205868
-26.715694333326311	-0.999926107286642	-0.999926107286642
-70.595245900698345	-0.99589963942529502	-0.99589963942529502
-30.48437386112532	0.80254721598125611	0.80254721598125611
-6.4280198222292313	-0.14432867939708233	-0.14432867939708233
7.0385957399141716	0.68558751740989121	0.68558751740989121
-97.422403860010149	0.033025592332256382	0.033025592332256382
-70.962034577985037	-0.96209868328329451	-0.96209868328329451
-11.877921737339264	0.63534011953600722	0.63534011953600722
-55.49191241539156	0.87076467397882384	0.87076467397882384
-13.161176921147415	-0.56034833724287447	-0.56034833724287447
21.705288655253653	0.28198257936924198	0.28198257936924198
4.099337633044172	-0.81789618720330348	-0.81789618720330348
-21.485326483923302	-0.4845267499946676	-0.4845267499946676
35.890798853301078	-0.97192527487588476	-0.97192527487588476
77.842233931800735	0.64236672999774236	0.64236672999774236
71.246814971315416	0.84673400049658454	0.84673400049658454
-97.261276468188996	-0.127745769728728	-0.127745769728728
23.587277299882032	-0.99967915196554569	-0.99967915196554569
48.365284544274431	-0.94623608589422092	-0.94623608589422092
17.318293511516416	-0.99921863648834064	-0.99921863648834064
20.980029470025016	0.84742652225698578	0.84742652225698578
69.978478932482517	0.76008281904430142	0.76008281904430142
-17.296542910551992	0.99984188100654592	0.99984188100654592
-4.5000467859712501	0.97753997888143418	0.97753997888143418
-75.651079501146171	-0.250169981239382	-0.250169981239382
69.547993559844969	0.41955513642933173	0.41955513642933173
-55.968979333534392	0.54776329443344951	0.54776329443344951
8.8681006237193003	0.528368127765517	0.528368127765517
22.131943197139648	-0.140329917932317	-0.140329917932317
-86.186785160754454	0.97864925888648724	0.97864925888648724
-64.338482526133106	-0.99794201251256187	-0.99794201251256187
55.559084498242072	-0.83579724849707737	-0.83579724849707737
9.4666971109191422	-0.041906874400754093	-0.041906874400754093
99.956990166450396	-0.54297412177945747	-0.54297412177945747
-29.637690020916708	0.97856132791688799	0.97856132791688799
61.350740934297761	-0.99598106795297814	-0.99598106795297814
52.680306812758062	0.66445797543355734	0.66445797543355734
28.741158921489642	-0.45005331312262703	-0.45005331312262703
89.704810416997049	0.98568276235200258	0.98568276235200258
38.606954544436945	0.78817787069612655	0.78817787069612655
-30.880278582745774	0.51039834613306767	0.51039834613306767
79.267971802753294	-0.6654939995823107	-0.6654939995823107
-21.427208278533925	-0.53452050213441704	-0.53452050213441704
85.468694745157279	-0.60175214870264715	-0.60175214870264715
-27.739123904641289	-0.5100216653874039	-0.5100216653874039
25.079163557078715	-0.053552042269998788	-0.053552042269998788
12.10519594711937	-0.44500036394810855	-0.44500036394810855
-17.56338452321819	0.95976703930718843	0.95976703930718843
-52.964939839466105	-0.42787038308308395	-0.42787038308308395
-83.104499988749936	-0.98911138544046073	-0.98911138544046073
18.466377318857653	-0.37387044654410451	-0.37387044654410451
-3.0449517798103614	-0.096490515105271804	-0.096490515105271804
-19.006407764823251	-0.15620947605408952	-0.15620947605408952
-83.484820200927985	-0.973066932866407	-0.973066932866407
98.823794666086002	-0.9907154794313866	-0.9907154794313866
29.68573033176321	-0.98732271606228639	-0.98732271606228639
-65.981727822393708	0.008282002325880793	0.008282002325880793
26.074779668058483	0.80875866888883841	0.80875866888883841
-29.090316325938133	0.72839907432661721	0.72839907432661721
69.842978634796879	0.66533335283966011	0.66533335283966011
30.227389914924487	-0.92782409414044265	-0.92782409414044265
95.72998115662719	0.99607804896903596	0.99607804896903596
96.896271377908135	0.47335963243481066	0.47335963243481066
50.591912607462149	0.32066374155978822	0.32066374155978822
-51.754592905876216	-0.99666556336609358	-0.99666556336609358
73.760101309282447	-0.99773445745482914	-0.99773445745482914
-2.8581939763805622	-0.27962036339945534	-0.27962036339945534
-30.062835444218322	0.97639566505649067	0.97639566505649067
-89.712294767897149	-0.98439322754750813	-0.98439322754750813
-18.004220762616868	0.74819352562154007	0.74819352562154007
59.161725596610779	0.50426863274382117	0.50426863274382117
74.452302548091808	-0.81103613992123025	-0.81103613992123025
-10.544639665379975	0.9000401806956454	0.9000401806956454
-27.153434082273904	-0.9004921048249982	-0.9004921048249982
-60.166808261561506	0.458714384609548	0.458714384609548
-4.9900422007676752	0.96170133707364436	0.96170133707364436
15.663685061622118	0.044263739401665024	0.044263739401665024
-6.8669356426347576	-0.5511570909928768	-0.5511570909928768
-28.681747535315665	0.39623600476087228	0.39623600476087228
-60.76360177079367	0.87879986881644745	0.87879986881644745
-42.198301109622292	0.97735889721724911	0.97735889721724911
8.1962921687605217	0.94198161620661314	0.94198161620661314
-26.644581508334568	-0.99826259557943808	-0.99826259557943808
15.775767321009667	-0.067752111393749842	-0.067752111393749842
-96.539453248609789	-0.75122695240622572	-0.75122695240622572
-95.558569344761608	-0.9663882840228547	-0.9663882840228547
16.199709158791435	-0.4721656269810291	-0.4721656269810291
-17.320322637626958	0.99913638106806102	0.99913638106806102
49.095550445652322	-0.92072406989127742	-0.92072406989127742
21.249341625261593	0.67562118576837582	0.67562118576837582
-97.579043934412269	0.18853646642479679	0.18853646642479679
36.934205444093436	-0.6924694734082687	-0.6924694734082687
53.000677318322971	0.39530308965529015	0.39530308965529015
-62.26415783844903	0.5376902319106045	0.5376902319106045
63.694504831159804	0.75957000352561999	0.75957000352561999
-62.540420150768163	0.28732501886637418	0.28732501886637418
13.767233417016286	0.93235138224365111	0.93235138224365111
-67.378366753237472	0.98627420760167184	0.98627420760167184
-87.777208982127064	0.18629062391260887	0.18629062391260887
-51.224332664745155	-0.81853159786277552	-0.81853159786277552
-52.875022716824724	-0.50730309545617625	-0.50730309545617625
24.300069078889905	-0.73973210355496155	-0.73973210355496155
55.178400013568307	-0.97996142914468098	-0.97996142914468098
12.677914954009367	0.11131317512986864	0.11131317512986864
-28.499738813984195	0.22350106884120544	0.22350106884120544
-30.602644369370793	0.72654631775343226	0.72654631775343226
46.161385065083522	0.82062551485324209	0.82062551485324209
55.337075764360748	-0.93617682265026958	-0.93617682265026958
5.2328481750961942	-0.86759092346003863	-0.86759092346003863
75.286483421850988	-0.11150788004830642	-0.11150788004830642
-52.34349291398366	-0.87410111763964071	-0.87410111763964071
-32.155664213804997	-0.67409417181262699	-0.67409417181262699
76.000463033544833	0.56648926925614485	0.56648926925614485
6.389879536518734	0.10649191608029922	0.10649191608029922
15.191150804826663	0.49411141264343905	0.49411141264343905
-49.606535963127506	0.61228425057453462	0.61228425057453462
17.202603427840941	-0.99710152040191813	-0.99710152040191813
15.342332530316298	0.35753841044502155	0.35753841044502155
-56.427392267727321	0.12097843389249743	0.12097843389249743
-92.33370398891752	0.94165599686901769	0.94165599686901769
81.72051928703965	0.039100323851760453	0.039100323851760453
1.0889580008316671	0.88614452383606279	0.88614452383606279
-67.440323170079452	0.99460529044326929	0.99460529044326929
41.490388174162746	-0.60493455624178394	-0.60493455624178394
-11.915062729995768	0.60622707338707527	0.60622707338707527
-41.582861314041821	0.67587908386499862	0.67587908386499862
54.594316703063555	-0.92734024710671514	-0.92734024710671514
73.403199953774617	-0.9113570177548237	-0.9113570177548237
81.215776896591535	-0.4489876935257035	-0.4489876935257035
-72.616228499770614	0.35189747558137913	0.35189747558137913
63.828964363123589	0.83990670013911928	0.83990670013911928
70.281096010365275	0.91920532469897764	0.91920532469897764
96.429863085097992	0.81890997237019514	0.81890997237019514
76.201612841846725	0.71971321398152499	0.71971321398152499
-31.296199993737133	0.11944071151201166	0.11944071151201166
20.404252969061702	0.99987040940251237	0.99987040940251237
33.202727291635171	0.97676160908642562	0.97676160908642562
72.184933714314212	0.071635907294855625	0.071635907294855625
-4.6416506295946789	0.99749908598800296	0.99749908598800296
-89.507839008488247	-0.99962047815874289	-0.99962047815874289
-3.0470727224223424	-0.09437925357153587	-0.09437925357153587
-64.532657515193293	-0.99156084149331625	-0.99156084149331625
55.669165565671108	-0.77042160890358602	-0.77042160890358602
-84.200434990295705	-0.58312219093025852	-0.58312219093025852
68.745661682851932	-0.36103423850873395	-0.36103423850873395
55.538323230655777	-0.84701503843414505	-0.84701503843414505
52.740385491895069	0.61838784095650234	0.61838784095650234
65.59894391549085	0.36580891396197363	0.36580891396197363
7.3782876171612202	0.88897510690889148	0.88897510690889148
-37.417397966319008	0.27800237245731607	0.27800237245731607
-40.926316516269722	0.08550747687680417	0.08550747687680417
53.778411099780726	-0.36286068772594315	-0.36286068772594315
78.840356912058951	-0.29603659191465387	-0.29603659191465387
57.509703107323077	0.81978491886987626	0.81978491886987626
8.5824840101424797	0.74617228616259623	0.74617228616259623
18.863965672061894	0.014409251852693351	0.014409251852693351
49.760591815442581	-0.48371173009585416	-0.48371173009585416
5.8166969833712443	-0.44975260021869023	-0.44975260021869023
-5.6815034140243341	0.56602980044196305	0.56602980044196305
69.717974759463459	0.56706353504278928	0.56706353504278928
-94.207661346616561	0.040107500387707759	0.040107500387707759
-15.059742408019645	-0.60376910408769291	-0.60376910408769291
-33.398095634384035	-0.91657275922923398	-0.91657275922923398
-93.390387451524987	0.75613853281211707	0.75613853281211707
-97.973616357467307	0.55156901848208473	0.55156901848208473
-91.297771523389116	0.19041471097508955	0.19041471097508955
89.79329760509421	0.9669259362959739	0.9669259362959739
-25.713519698272393	-0.54867493137684831	-0.54867493137684831
-34.360932078530936	-0.19532332177295925	-0.19532332177295925
55.243258637949367	-0.96499101723648251	-0.96499101723648251
40.542878800861246	0.29344231761290274	0.29344231761290274
45.47645349574222	0.99706459385915946	0.99706459385915946
94.221378096272275	-0.026398444377686243	-0.026398444377686243
-83.595827166070478	-0.94154064588626263	-0.94154064588626263
85.178575128945567	-0.34812803145180093	-0.34812803145180093
-14.764585122923663	-0.80954587823123025	-0.80954587823123025
83.018728112970024	0.97286778524632711	0.97286778524632711
-46.381643520211966	-0.67594501891458825	-0.67594501891458825
80.935506535675415	-0.67863491999315051	-0.67863491999315051
40.11832871609144	0.66116893484677752	0.66116893484677752
-31.220149880860575	0.19452841206095606	0.19452841206095606
-34.071628868787371	-0.46699581898999248	-0.46699581898999248
71.80695579762903	0.43467307741732236	0.43467307741732236
-83.001353225159733	-0.96870125831988563	-0.96870125831988563
71.243187117105265	0.84865850241579943	0.84865850241579943
-68.371719999541028	0.67673471350386993	0.67673471350386993
68.95468934968298	-0.15966276814328811	-0.15966276814328811
9.6119055905579103	-0.18603744005206116	-0.18603744005206116
8.112505713655878	0.96676835584365262	0.96676835584365262
85.972989809424149	-0.912759104726379	-0.912759104726379
10.734118086844191	-0.96601459275731782	-0.96601459275731782
50.460966190591591	0.19424107755774453	0.19424107755774453
-72.466037842477434	0.20787970496007804	0.20787970496007804
62.984850278083314	0.1524010077089733	0.1524010077089733
-22.903986041915473	0.79124204230176065	0.79124204230176065
-14.317237004721378	-0.98383114692276696	-0.98383114692276696
9.1594178811099027	0.26225676134186393	0.26225676134186393
16.985920931795022	-0.95742829385079931	-0.95742829385079931
78.223042467464154	0.31150257424654665	0.31150257424654665
-43.754397689258596	0.22593179785371403	0.22593179785371403
47.868029834070313	-0.67733940645811286	-0.67733940645811286
-16.064604325553972	0.34912862840391817	0.34912862840391817
-4.8272281771553338	0.99341322310874647	0.99341322310874647
-5.7227419690911887	0.53156176616791373	0.53156176616791373
-67.971028408060704	0.91030072810020723	0.91030072810020723
75.883417529804888	0.46637983930969118	0.46637983930969118
-78.846164056138676	0.30157841727816742	0.30157841727816742
14.750610096302452	0.81767069160937667	0.81767069160937667
68.088458856578342	-0.85553305124207368	-0.85553305124207368
84.339235753459462	0.46511622156768617	0.46511622156768617
-88.720071929796617	-0.68563643429143839	-0.68563643429143839
3.4075326331399793	-0.2628163195243296	-0.2628163195243296
-36.318885982742934	0.98189633767001017	0.98189633767001017
60.055163995203969	-0.3568592218003151	-0.3568592218003151
73.89256737148736	-0.99787913950918061	-0.99787913950918061
-91.422909061383123	0.31145338437934283	0.31145338437934283
82.216604380929027	0.51000911551371542	0.51000911551371542
-15.103363077685231	-0.5684331864632397	-0.5684331864632397
-26.946985678190302	-0.97051257427963	-0.97051257427963
76.627796341927962	0.94234588131278063	0.94234588131278063
30.361326974394302	-0.86970265058963936	-0.86970265058963936
-27.682639774390594	-0.55776792704457367	-0.55776792704457367
-55.02120773778892	0.9990611295023234	0.9990611295023234
33.471519525110864	0.88476972849941593	0.88476972849941593
93.930379678864171	-0.31209742045993372	-0.31209742045993372
78.300694233580117	0.23684980331815145	0.23684980331815145
84.376540570060484	0.43177620393309535	0.43177620393309535
81.657918176529932	-0.023488656419852001	-0.023488656419852001
-37.54282145138388	0.15565489227989845	0.15565489227989845
-95.24653976713725	-0.84080044951145738	-0.84080044951145738
-83.958274153823027	-0.76091847646784405	-0.76091847646784405
48.083935972071515	-0.81921804582747249	-0.81921804582747249
-82.69164017767352	-0.84695477985620415	-0.84695477985620415
-82.15168212966185	-0.45312978817030897	-0.45312978817030897
83.938988782427884	0.77328946761524064	0.77328946761524064
94.39481821540187	0.14650934243070513	0.14650934243070513
57.681467865656799	0.90560333284044447	0.90560333284044447
40.774471994854167	0.066184088258331469	0.066184088258331469
-52.258706350053586	-0.91209638549526684	-0.91209638549526684
88.555042326303948	0.55673324991593898	0.55673324991593898
-60.358712516577818	0.61977196474729113	0.61977196474729113
-79.006950699790238	0.45032951564150714	0.45032951564150714
-1.909883934417465	-0.94305854416429513	-0.94305854416429513
-5.8812564996709398	0.39119416619226172	0.39119416619226172
-45.486641304066822	-0.99779286673718248	-0.99779286673718248
-55.554019442394299	0.83856742473938128	0.83856742473938128
89.562508065625707	0.99963234480017271	0.99963234480017271
-86.153636756339083	0.97129964043444506	0.97129964043444506
37.386458274279477	-0.30758464210062475	-0.30758464210062475
-68.125698083281293	0.83566382363984815	0.83566382363984815
32.47869789595407	0.87370697113759554	0.87370697113759554
-0.91099660556380968	-0.79011500994093697	-0.79011500994093697
76.077398116973171	0.62815086973664702	0.62815086973664702
75.647454945957946	0.24665904429875232	0.24665904429875232
-42.122909151446052	0.9586456396158255	0.9586456396158255
40.970825175994207	-0.12975380269734937	-0.12975380269734937
-68.39730228124165	0.65768096897533779	0.65768096897533779
36.677396939375996	-0.85300429073681794	-0.85300429073681794
18.12901129228041	-0.65979402955423838	-0.65979402955423838
78.752701816756343	-0.21128111383535719	-0.21128111383535719
-50.194115697976457	0.071306193852004623	0.071306193852004623
58.627336733288189	0.87378105982555565	0.87378105982555565
-78.946427857519794	0.39549939794854694	0.39549939794854694
34.390215047339666	0.16652474107408222	0.16652474107408222
-71.935240805189579	-0.31588590926879317	-0.31588590926879317
9.515405037475432	-0.090503070245026782	-0.090503070245026782
30.712102636278416	-0.64713764992222955	-0.64713764992222955
91.375593009519548	-0.26615896317048865	-0.26615896317048865
-3.4522853107227007	0.30571820385120219	0.30571820385120219
-58.664122315447891	-0.85530442367529258	-0.85530442367529258
-72.732333250811095	0.45796281194347621	0.45796281194347621
86.519992237885901	-0.99204806512890087	-0.99204806512890087
-11.834743208710236	0.66808145241525807	0.66808145241525807
-61.712013780882351	0.90003041242523518	0.90003041242523518
39.01684240064867	0.96814938608294165	0.96814938608294165
15.865631959445238	-0.15701624439122552	-0.15701624439122552
55.53446100639178	-0.84906175438068721	-0.84906175438068721
-33.644025849177694	-0.79164294077547626	-0.79164294077547626
57.52406480969222	0.82792463193239585	0.82792463193239585
-44.419240237109634	-0.42317173197848346	-0.42317173197848346
-73.960714346613457	0.99113043215377139	0.99113043215377139
19.00199296339548	0.15184736282275543	0.15184736282275543
84.884983275960508	-0.061941950623727558	-0.061941950623727558
57.514700254618418	0.8226363953704896	0.8226363953704896
-91.929208167407808	0.73320362553064911	0.73320362553064911
-39.848906374137414	-0.83701123813120981	-0.83701123813120981
-52.797694799934234	-0.57235942335341528	-0.57235942335341528
30.099579951685541	-0.96780194909259798	-0.96780194909259798
-14.322807889800188	-0.98281814845412796	-0.98281814845412796
72.712561498076752	-0.44029792435653758	-0.44029792435653758
75.941422862619334	0.51687731737984166	0.51687731737984166
74.759697088390453	-0.59601298387741031	-0.59601298387741031
89.061050309321757	0.88959422604722793	0.88959422604722793
-51.217484047898196	-0.81457816591652765	-0.81457816591652765
-85.895950281447497	0.87861239971704519	0.87861239971704519
8.1703753410351538	0.95036366222787594	0.95036366222787594
-27.181935315359993	-0.88773366506501339	-0.88773366506501339
59.628259979276777	0.061960724386344999	0.061960724386344999
92.774066711126693	-0.99529110405208643	-0.99529110405208643
62.675380201905796	-0.15583514374784571	-0.15583514374784571
15.703467505888113	0.0044957469162367689	0.0044957469162367689
-37.251420860061337	0.43288522878460117	0.43288522878460117
44.504308991574646	0.49862504558559761	0.49862504558559761
42.260405211077938	-0.9886067582563991	-0.9886067582563991
-42.425131492303422	0.99990710387178805	0.99990710387178805
81.286395595206614	-0.384820555199829	-0.384820555199829
36.699970857586436	-0.84100654688184051	-0.84100654688184051
-3.4629907999223377	0.31589342274285898	0.31589342274285898
-65.153073067821069	-0.73140001384618214	-0.73140001384618214
-22.634717212830935	0.60005402175919142	0.60005402175919142
35.625697140856147	-0.87632423897266998	-0.87632423897266998
-15.799378594516668	0.09128805707055089	0.09128805707055089
-79.62184890743697	0.88291399120134173	0.88291399120134173
-60.887756529091142	0.93112886158844865	0.93112886158844865
63.482850163622516	0.60597987341762538	0.60597987341762538
7.3417620788374336	0.8716588224650007	0.8716588224650007
76.584224769308605	0.9268753113658641	0.9268753113658641
5.5872587580094972	-0.64109680406599778	-0.64109680406599778
-10.737665195227891	0.96692539696204038	0.96692539696204038
-41.624618958292082	0.70605686768473019	0.70605686768473019
-31.142891078832548	0.26965568854231747	0.26965568854231747
-8.0800483004619679	-0.97455557248514324	-0.97455557248514324
31.681209455573992	0.26218230132152576	0.26218230132152576
20.664823099787071	0.97026553747503108	0.97026553747503108
-48.804722784028613	0.99395207354249748	0.99395207354249748
-27.666306465924194	-0.57124952236013038	-0.57124952236013038
-73.876922815661302	0.99877534994572537	0.99877534994572537
54.643316695269675	-0.9445566029328103	-0.9445566029328103
32.511360861065214	0.88912710609577317	0.88912710609577317
-35.708860389508374	0.91331098251266896	0.91331098251266896
33.083296419788752	0.99534039718778589	0.99534039718778589
-14.82288674681233	-0.77396344489668467	-0.77396344489668467
-62.44201032005882	0.38004297008024401	0.38004297008024401
-95.865351497763555	-0.99890622278976837	-0.99890622278976837
-32.666982513405983	-0.9493170635153112	-0.9493170635153112
-94.593361300648525	-0.33874403696032396	-0.33874403696032396
-30.978092873183257	0.42397846986682197	0.42397846986682197
-14.270540324021169	-0.9911189471094608	-0.9911189471094608
-55.845888319261086	0.64634103317431124	0.64634103317431124
-44.56171107128992	-0.54753360953401486	-0.54753360953401486
55.645043283421501	-0.78557477311116752	-0.78557477311116752
-39.199109936721385	-0.99749485175194363	-0.99749485175194363
84.419025798296246	0.39307725391405546	0.39307725391405546
62.614221809531927	-0.21591736789383065	-0.21591736789383065
36.912893375723826	-0.70768658570602938	-0.70768658570602938
-51.40743965835275	-0.90944907161849065	-0.90944907161849065
-39.97260298636175	-0.7631033637853718	-0.7631033637853718
99.959127998267491	-0.5411776393161768	-0.5411776393161768
-99.047224673545571	0.99621301162180165	0.99621301162180165
64.30249536329714	0.99498877560427212	0.99498877560427212
35.371228283196501	-0.72683960066629949	-0.72683960066629949
63.114325885770171	0.27873131252950062	0.27873131252950062
14.392969500785284	0.96746054209128185	0.96746054209128185
34.25068540523398	0.30204181884353198	0.30204181884353198
-77.334392001308288	-0.93399091555582225	-0.93399091555582225
-91.548556822250902	0.42808240911047057	0.42808240911047057
-68.446227793973151	0.62005325875457717	0.62005325875457717
14.587829770644007	0.90015859658814468	0.90015859658814468
-37.54225075210401	0.15621861021132541	0.15621861021132541
21.041302767506892	0.81332580402113053	0.81332580402113053
-34.473493948901165	-0.0839264024085314	-0.0839264024085314
-83.638617806582999	-0.92626703612048578	-0.92626703612048578
5.8026374822781861	-0.46226502413052956	-0.46226502413052956
-89.954959665568879	-0.9132645846682157	-0.9132645846682157
17.480993252176674	-0.97962037409726432	-0.97962037409726432
84.937527503598659	-0.11427566400627624	-0.11427566400627624
-0.53150102677093969	-0.50682786772575061	-0.50682786772575061
-49.634691440718115	0.58978373682763763	0.58978373682763763
69.73428257935052	0.5804198656103412	0.5804198656103412
55.799323721808634	-0.68115865683394694	-0.68115865683394694
-24.819734931118973	0.30792025172356313	0.30792025172356313
29.21831940383953	-0.80990229328269425	-0.80990229328269425
83.87481459762455	0.8123596058400574	0.8123596058400574
-19.777208149348098	-0.8002141548976851	-0.8002141548976851
9.2239000367487591	0.19952967811278011	0.19952967811278011
27.534992804530461	0.67380117193887357	0.67380117193887357
6.235002785346083	-0.048163880931722483	-0.048163880931722483
-31.59080925897517	-0.17399265069828487	-0.17399265069828487
82.39178393915563	0.65211806981226794	0.65211806981226794
30.164783575999081	-0.94934440023610689	-0.94934440023610689
13.007125333176234	0.42662217679851605	0.42662217679851605
-30.593701555541614	0.73266194747763891	0.73266194747763891
-30.020633569540465	0.98463877500940455	0.98463877500940455
-0.67953574371450998	-0.62843196324622586	-0.62843196324622586
86.755583088103691	-0.93526648303122928	-0.93526648303122928
-3.3687830494226034	0.22524101016092021	0.22524101016092021
60.801587353981006	-0.89628793422675246	-0.89628793422675246
47.742823240942755	-0.580166777651414	-0.580166777651414
-25.049264530154375	0.083379783067120086	0.083379783067120086
95.922170045965032	0.99463892707749058	0.99463892707749058
7.6910795965527257	0.98676077950411945	0.98676077950411945
-50.67282313492877	-0.39616900133149785	-0.39616900133149785
32.307252011465778	0.77790533493293368	0.77790533493293368
-84.371057757337979	-0.43671508095094091	-0.43671508095094091
99.890420601889048	-0.59763194400900788	-0.59763194400900788
59.82907168537821	-0.13836591406690854	-0.13836591406690854
-37.913270215976624	-0.21252510302670835	-0.21252510302670835
-71.269517215477208	-0.83443887943210915	-0.83443887943210915
7.8530422516222416	0.99999955878043056	0.99999955878043056
-94.320255027588814	-0.072411988113528239	-0.072411988113528239
94.692331381709124	0.43005326351928269	0.43005326351928269
97.644032602373983	-0.25191671863027093	-0.25191671863027093
-63.629395808097598	-0.71564193476826587	-0.71564193476826587
13.102823605595532	0.51109046358422094	0.51109046358422094
-36.353410406317387	0.97477293210993521	0.97477293210993521
-0.058224168217194006	-0.058191276616128093	-0.058191276616128093
-16.384620896595109	0.62619057981628179	0.62619057981628179
-10.853091930699705	0.98986654985859879	0.98986654985859879
82.493165552543502	0.72549720117537642	0.72549720117537642
79.508084700304181	-0.82390558212313403	-0.82390558212313403
93.347622341226497	-0.78342465834391772	-0.78342465834391772
-9.8504522083191546	0.41293495360780524	0.41293495360780524
-8.5038516416836956	-0.79616246138995905	-0.79616246138995905
97.777215527243925	-0.37819274959343752	-0.37819274959343752
93.933936658580507	-0.30871614429379474	-0.30871614429379474
82.919553275299307	0.94517964097992602	0.94517964097992602
2.9579179973023884	0.18264364397544167	0.18264364397544167
-76.618686713595125	-0.93925837305477089	-0.93925837305477089
47.859505714581303	-0.6710439299408637	-0.6710439299408637
34.923299438188053	-0.35767803460032854	-0.35767803460032854
86.306511063943475	-0.99619291579467562	-0.99619291579467562
-96.252551138336528	-0.90730142578088813	-0.90730142578088813
86.282573939960059	-0.99382098104242789	-0.99382098104242789
63.055495856733273	0.22178315180829716	0.22178315180829716
-16.230292046989035	0.49889974779075008	0.49889974779075008
-60.563793322253666	0.76660227265839997	0.76660227265839997
-3.8332907369502891	0.63784590389433893	0.63784590389433893
-49.20555529948053	0.87231986958905672	0.87231986958905672
58.800125977948227	0.77715635881924361	0.77715635881924361
-84.432011891513596	-0.38110366250094141	-0.38110366250094141
-38.467910952722519	-0.69527260487433218	-0.69527260487433218
-93.753039530658583	0.4748029111509901	0.4748029111509901
74.817876984301108	-0.54831390700069771	-0.54831390700069771
-40.670128981598538	-0.16974953990251035	-0.16974953990251035
-54.318088840995735	0.79012550637703172	0.79012550637703172
24.151844300439436	-0.83099664563978803	-0.83099664563978803
-16.375719132389307	0.61922542275325854	0.61922542275325854
-62.122304310374346	0.65149150253627863	0.65149150253627863
18.802167763031804	-0.047370424393465803	-0.047370424393465803
-53.178040567778083	-0.22703738463667639	-0.22703738463667639
-69.473068044856817	-0.35042952122282273	-0.35042952122282273
-13.200416005044502	-0.59240871525703687	-0.59240871525703687
14.087209334845312	0.9987523782989467	0.9987523782989467
74.202149532751775	-0.93060934625366254	-0.93060934625366254
-92.172129405205396	0.87524516110914496	0.87524516110914496
14.431099466269615	0.95711195461076237	0.95711195461076237
-89.798521002882978	-0.96558048582346478	-0.96558048582346478
-93.757489721973144	0.47088164408992539	0.47088164408992539
-66.007500703339417	0.034048395840112905	0.034048395840112905
-14.928172309974514	-0.70313079302936554	-0.70313079302936554
78.610431714856702	-0.07055670211396016	-0.07055670211396016
-79.794765116935636	0.95053345262028832	0.95053345262028832
-59.300694301027718	-0.37978707719704302	-0.37978707719704302
-16.68131378137879	0.82677512341120984	0.82677512341120984
-62.681502357768231	0.14978489916317128	0.14978489916317128
25.255705327602641	0.12265446006132638	0.12265446006132638
-43.57729558116683	0.39402020252492914	0.39402020252492914
65.942887615558391	0.030553354198617634	0.030553354198617634
80.766087735845446	-0.7927584457619179	-0.7927584457619179
-83.368808984343147	-0.99320949185954377	-0.99320949185954377
-58.302118890526003	-0.98336493875071973	-0.98336493875071973
-7.9230938673037627	-0.99761270007410452	-0.99761270007410452
-58.732461295827726	-0.81792733799232664	-0.81792733799232664
84.091078197003156	0.66830170617048035	0.66830170617048035
-15.904799567677259	0.19556770482905164	0.19556770482905164
-3.8406284951467882	0.64347995886666476	0.64347995886666476
10.729491473977177	-0.96480833624429718	-0.96480833624429718
-54.125236476363668	0.65800126212684273	0.65800126212684273
85.198358861265234	-0.36660489637719584	-0.36660489637719584
81.103778976735839	-0.54603999697609185	-0.54603999697609185
13.337565021273818	0.69699221933540811	0.69699221933540811
94.642206154098517	0.38427882986709211	0.38427882986709211
-57.797174887670963	-0.94851282455320673	-0.94851282455320673
-47.73235453163359	0.57160840262676127	0.57160840262676127
62.247381246073132	-0.55175896004929326	-0.55175896004929326
-4.7199805336477993	0.99997118429791854	0.99997118429791854
34.807736879207738	-0.24761487566456558	-0.24761487566456558
84.976515392182989	-0.15291149250038999	-0.15291149250038999
65.300653132275187	0.62317245777377261	0.62317245777377261
46.680986777342326	0.42856418462064017	0.42856418462064017
26.288399727154371	0.91506074079631372	0.91506074079631372
70.514844314965188	0.98541672692687077	0.98541672692687077
91.544862773406038	-0.42474103729454782	-0.42474103729454782
52.792418941538671	0.57667765655449166	0.57667765655449166
97.399959971696262	-0.010587512600742595	-0.010587512600742595
27.193829286986883	0.8821955246817168	0.8821955246817168
41.874769716368888	-0.85938475127890523	-0.85938475127890523
-18.317607535313172	0.50721346199797768	0.50721346199797768
38.159778923095331	0.44454574685969112	0.44454574685969112
-42.843647922752368	0.90806859217729385	0.90806859217729385
34.727143581309889	-0.16881214344304821	-0.16881214344304821
95.793364499874002	0.99968220861565515	0.99968220861565515
1.1287772989526701	0.90388983606774498	0.90388983606774498
15.476517819319241	0.22938466964242157	0.22938466964242157
79.516006949695281	-0.82836943362264981	-0.82836943362264981
32.3694609723795	0.81546634175490729	0.81546634175490729
94.216557031853796	-0.031217503203194746	-0.031217503203194746
89.680606398256231	0.98947470556996242	0.98947470556996242
83.785095161116345	0.86134255885205957	0.86134255885205957
48.641736976952501	-0.99859852104140323	-0.99859852104140323
93.644755700249021	-0.56713562655388428	-0.56713562655388428
24.192454776903432	-0.80772701312104322	-0.80772701312104322
-84.31976255811314	-0.48226558649945428	-0.48226558649945428
-23.561287461008078	0.99999978388572919	0.99999978388572919
90.604907398922933	0.48054806113924442	0.48054806113924442
-39.220591658143142	-0.9987841872820965	-0.9987841872820965
94.702483205723837	0.43919604816717217	0.43919604816717217
13.114296943723616	0.52091825132430469	0.52091825132430469
77.011432676093136	0.99910071781962251	0.99910071781962251
47.416126451020546	-0.28809476152304053	-0.28809476152304053
-23.504480728027644	0.9983493886455217	0.9983493886455217
98.810671830502059	-0.98884615633624107	-0.98884615633624107
26.583723808421638	0.9928309153801772	0.9928309153801772
66.603208347283186	-0.58895293330873089	-0.58895293330873089
-50.21113486964375	0.054320837691715154	0.054320837691715154
-26.830838683841378	-0.99190814798451665	-0.99190814798451665
-78.725064913158121	0.18419085966147858	0.18419085966147858
84.770041108643596	0.052935784301992153	0.052935784301992153
-8.824111299831614	-0.56519256689534214	-0.56519256689534214
-58.404608547924738	-0.95962102761940771	-0.95962102761940771
90.942440252915787	0.16301592536114529	0.16301592536114529
24.353155554940415	-0.70298480872375713	-0.70298480872375713
21.812365105411246	0.17783256559830155	0.17783256559830155
51.167242122659871	0.78441952175163365	0.78441952175163365
-54.893785717379039	0.99646687826277791	0.99646687826277791
-20.065973490694844	-0.93786224572607657	-0.93786224572607657
55.33030813763213	-0.93853438588751792	-0.93853438588751792
19.169657191601203	0.31466268813297815	0.31466268813297815
-92.563688199489093	0.99358897420814174	0.99358897420814174
-42.866873258152808	0.8980972948736583	0.8980972948736583
-50.974261393002749	-0.65090727659534053	-0.65090727659534053
88.756823480848794	0.71192050429541298	0.71192050429541298
32.205461035718855	0.71002555534558986	0.71002555534558986
-0.11775194362826369	-0.11748001689097534	-0.11748001689097534
-71.05807449421593	-0.93151506563689979	-0.93151506563689979
-58.238340487226786	-0.99294251825897983	-0.99294251825897983
50.652267653391817	0.3772130542427562	0.3772130542427562
5.8973985948565399	-0.37628814420042855	-0.37628814420042855
-34.42290825345269	-0.13420477682974871	-0.13420477682974871
25.133772616425688	0.001031387524483663	0.001031387524483663
-60.815856924223603	0.90252463294856566	0.90252463294856566
-63.65602947442666	-0.73398867545151147	-0.73398867545151147
-59.931167154496066	0.2385832759820346	0.2385832759820346
80.550499168310665	-0.90480000076739564	-0.90480000076739564
-5.8543916091752948	0.41577401218951504	0.41577401218951504
-58.094669249728916	-0.999692623660969	-0.999692623660969
-99.061527117152181	0.99486762053038214	0.99486762053038214
-78.288739170764003	-0.24844749792796972	-0.24844749792796972
-38.046656884624099	-0.34059065549822781	-0.34059065549822781
-29.665058299336636	0.98383081626959379	0.98383081626959379
5.0465151461289963	-0.94469723878956591	-0.94469723878956591
26.147507248278586	0.84935707577279063	0.84935707577279063
42.424065147733273	-0.99992106991615393	-0.99992106991615393
-41.343784442448538	0.48212616711069439	0.48212616711069439
-76.08308731962569	-0.63256740079646112	-0.63256740079646112
55.235639708392085	-0.96696130528379898	-0.96696130528379898
33.614652176896357	0.80924570881751523	0.80924570881751523
59.314060790451464	0.36738852803482791	0.36738852803482791
-1.3195456686420073	-0.9686022462525522	-0.9686022462525522
-26.934452039454868	-0.97345750612084236	-0.97345750612084236
41.254238971924565	-0.40184837227743608	-0.40184837227743608
7.302147883996895	0.85156461153664442	0.85156461153664442
-8.6941521347368536	-0.66733585392053196	-0.66733585392053196
60.665568130593982	-0.82787452734004108	-0.82787452734004108
24.819881100323869	-0.30778118127411147	-0.30778118127411147
-94.718020849517472	-0.45310135575830607	-0.45310135575830607
96.776971151695676	0.57483387154035936	0.57483387154035936
-71.863525307723521	-0.38305908999158278	-0.38305908999158278
24.016423773506375	-0.89848992249561377	-0.89848992249561377
90.270618158061893	0.74167815500093459	0.74167815500093459
82.151823794180189	0.45325606968653676	0.45325606968653676
-35.575273829828461	0.8509307301327913	0.8509307301327913
57.636455808771871	0.88560174905304712	0.88560174905304712
62.790806814906375	-0.041034732104248295	-0.041034732104248295
-7.4245998348859672	-0.90922328587771251	-0.90922328587771251
8.2836302878456394	0.90911215951130331	0.90911215951130331
-25.87011898454162	-0.6723491507135595	-0.6723491507135595
81.539849460242436	-0.14108721893835813	-0.14108721893835813
-7.5889176613155058	-0.96507574387422634	-0.96507574387422634
72.280360180518926	-0.023726921144746175	-0.023726921144746175
-60.533887377369702	0.74705907725327059	0.74705907725327059
14.764337422702141	0.80969126744870379	0.80969126744870379
21.334339291660527	0.6105930940091	0.6105930940091
-35.958940761796754	0.9856903547592103	0.9856903547592103
-39.054035517946915	-0.97678984419220094	-0.97678984419220094
-97.865665889467095	0.45848847831424966	0.45848847831424966
-54.283118968392429	0.76821219323413115	0.76821219323413115
-19.078578954968108	-0.22702617536949804	-0.22702617536949804
87.939553760078354	-0.02503792366178946	-0.02503792366178946
45.794733313340572	0.97094687563978488	0.97094687563978488
23.87638980787186	-0.95096820970132623	-0.95096820970132623
-47.197808301898213	0.073851202012353942	0.073851202012353942
-43.65798427331341	0.31865755786587852	0.31865755786587852
15.615654854212764	0.092177378654502512	0.092177378654502512
-34.26873426865825	-0.28478767212553391	-0.28478767212553391
-7.7264467514144286	-0.99187844401480663	-0.99187844401480663
-4.66912757186671	0.99906437120314107	0.99906437120314107
-41.226199029103583	0.37601742269185334	0.37601742269185334
46.531239173012409	0.558561582867666	0.558561582867666
27.534381349250964	0.67425285802368051	0.67425285802368051
72.816892031345589	-0.53140731237668926	-0.53140731237668926
6.8998637835154142	0.57832864381656113	0.57832864381656113
33.364413302949401	0.92951882102087224	0.92951882102087224
-96.930503078215025	-0.44293455199720644	-0.44293455199720644
16.420665194508885	-0.65388042729866191	-0.65388042729866191
78.071311557340294	0.45155269103039924	0.45155269103039924
19.939471615391426	0.88658792093919192	0.88658792093919192
84.033541710358151	0.70997304772425929	0.70997304772425929
-85.226130851743733	0.39229861953065859	0.39229861953065859
75.206406288516888	-0.19064327427743899	-0.19064327427743899
64.854962250682405	0.89943868393129678	0.89943868393129678
58.404403271130775	0.95967875095746957	0.95967875095746957
3.8485981784775589	-0.64955995619581408	-0.64955995619581408
-62.730517265863973	0.10116245964754687	0.10116245964754687
86.054101271919677	-0.94285576819978067	-0.94285576819978067
-67.569257124963798	0.99968713938181342	0.99968713938181342
-57.421293112375963	-0.76601919496368309	-0.76601919496368309
42.899296856489968	-0.88336795873219109	-0.88336795873219109
-84.537637968717249	-0.2815064407237271	-0.2815064407237271
-39.676014836570772	-0.91866578699671619	-0.91866578699671619
8.2523371095775389	0.92170015619251577	0.92170015619251577
-19.20939590611107	-0.35212447083523479	-0.35212447083523479
-47.624387731827923	0.47986245206684003	0.47986245206684003
66.226540455748705	-0.25040129242185249	-0.25040129242185249
61.639482497711072	-0.92924740514563464	-0.92924740514563464
-30.535731569691364	0.77086308719118268	0.77086308719118268
94.548790736625392	0.29648602379308964	0.29648602379308964
21.54038756833998	0.43565065445165102	0.43565065445165102
-31.704954633483212	-0.28502077066054227	-0.28502077066054227
47.706736070846318	-0.55040250977993255	-0.55040250977993255
44.572197910375365	0.55627855771851653	0.55627855771851653
-34.551301692633203	-0.0062174567960274138	-0.0062174567960274138
-94.687154563079091	-0.42537387174490293	-0.42537387174490293
-0.8436449699930364	-0.74707104996875662	-0.74707104996875662
-41.694154843761112	0.75355309959865135	0.75355309959865135
71.684939491337332	0.5410553862365689	0.5410553862365689
-38.257048239597836	-0.52943666954952417	-0.52943666954952417
62.106075353175186	-0.66371736399521419	-0.66371736399521419
33.268334313638519	0.96060885711059429	0.96060885711059429
-79.567011387191272	0.85585157613971286	0.85585157613971286
-23.470179216799693	0.9957924833645847	0.9957924833645847
96.003250433042581	0.982996073420212	0.982996073420212
74.52363545816408	-0.76727949260853645	-0.76727949260853645
-51.697472109429697	-0.9903818114419457	-0.9903818114419457
-14.910130519419766	-0.71584446873843299	-0.71584446873843299
82.874578368376064	0.92954223209964981	0.92954223209964981
-36.268491000040001	0.99019149341606127	0.99019149341606127
88.504384534886555	0.51395606254313231	0.51395606254313231
-76.214172386986235	-0.72837595492830898	-0.72837595492830898
-7.3403943767054471	-0.87098767861107851	-0.87098767861107851
-26.155833779549056	-0.85372248045456223	-0.85372248045456223
-38.888876668010482	-0.92828153644180267	-0.92828153644180267
19.74827395653962	0.78252938395026339	0.78252938395026339
-67.546835191837602	0.99999663781524362	0.99999663781524362
-44.997499863309464	-0.84958748976086695	-0.84958748976086695
96.625957607550873	0.69139248793048436	0.69139248793048436
0.26650590211703218	0.26336230546927464	0.26336230546927464
65.49645578267851	0.45910718207639234	0.45910718207639234
-93.247730173788597	0.84149769303269761	0.84149769303269761
82.849157846942404	0.91986997689685945	0.91986997689685945
12.052058389966518	-0.4919361664844753	-0.4919361664844753
-55.054858328145343	0.99703797278277029	0.99703797278277029
88.20869852654539	0.24168720382797426	0.24168720382797426
81.289320110223002	-0.38211961117006787	-0.38211961117006787
-89.753935423901495	-0.97621398442136176	-0.97621398442136176
-69.478527249971378	-0.35553730595652983	-0.35553730595652983
-54.605044980999814	0.93130153244947766	0.93130153244947766
-32.426302534480413	-0.84703176363021992	-0.84703176363021992
30.045114710053895	-0.9800696569092463	-0.9800696569092463
-53.076116409211231	-0.32494985185253367	-0.32494985185253367
81.848731889099582	0.16654323281012862	0.16654323281012862
-28.916154386421951	0.59865466955989521	0.59865466955989521
72.587591345385391	-0.32495137542977987	-0.32495137542977987
-99.81960045167628	0.65286792079146749	0.65286792079146749
-30.08923828048259	0.97035328198221971	0.97035328198221971
-98.436702748299538	0.86609186404174687	0.86609186404174687
-84.095310182212359	-0.66514759814307634	-0.66514759814307634
61.034382297011149	-0.97441916069205203	-0.97441916069205203
79.873448035818967	-0.97200804422826825	-0.97200804422826825
-46.773288699521501	-0.34346240647328474	-0.34346240647328474
0.78336819026473847	0.70566991748551633	0.70566991748551633
-35.197828155837584	0.59744323345280015	0.59744323345280015
-80.917493865650201	0.69175398342843042	0.69175398342843042
83.223126307518413	0.99957723530447151	0.99957723530447151
-88.528517491713501	-0.53450604533713209	-0.53450604533713209
-76.710867707900036	-0.96686333468580643	-0.96686333468580643
-3.0417728266026671	-0.099654142129105991	-0.099654142129105991
68.367549778558015	-0.67979904924482348	-0.67979904924482348
78.584419105086823	-0.044587977973115756	-0.044587977973115756
-3.6428470600532421	0.48052600635682419	0.48052600635682419
48.567794238118978	-0.99196002050930954	-0.99196002050930954
57.745836851557954	0.9310095493282764	0.9310095493282764
79.456100374528916	-0.79334492560271674	-0.79334492560271674
-38.017651802617912	-0.31318030370886241	-0.31318030370886241
-17.02556200006012	0.96811637210145485	0.96811637210145485
-28.919126048855858	0.60103234586764986	0.60103234586764986
16.588771396273799	-0.77125352705600991	-0.77125352705600991
-75.997300548189202	-0.56388033427302842	-0.56388033427302842
59.721347671076472	-0.031082245902563872	-0.031082245902563872
77.266028714561173	0.95621620281705433	0.95621620281705433
89.445101482241171	0.9959267034398932	0.9959267034398932
50.290209666993746	0.024724689787636759	0.024724689787636759
-56.389759935700532	0.15823989071574365	0.15823989071574365
98.268165295614494	-0.76996929813553261	-0.76996929813553261
-8.8271389638817936	-0.5626922814972074	-0.5626922814972074
-49.538307901372733	0.66476152745577533	0.66476152745577533
-1.9200536500215293	-0.93962711599688076	-0.93962711599688076
87.512291222510953	-0.43703817862777239	-0.43703817862777239
-98.579785161874142	0.92852234668817546	0.92852234668817546
10.922993697024296	-0.99736718503600097	-0.99736718503600097
-47.626807812403904	0.48198428729659032	0.48198428729659032
-16.342745215885301	0.59300195271057266	0.59300195271057266
-97.808550815779824	0.40701026276655838	0.40701026276655838
-60.003032355479974	0.30769727000339564	0.30769727000339564
1.4142523495406749	0.98777199386393644	0.98777199386393644
-95.223679426095416	-0.8282065023561237	-0.8282065023561237
-34.348487228074092	-0.20751303065611409	-0.20751303065611409
-85.896035328191942	0.87865300938781354	0.87865300938781354
-93.22652078949632	0.85276616922373683	0.85276616922373683
-2.8883068153807159	-0.25058630740611387	-0.25058630740611387
-32.164372420566693	-0.68050080842008709	-0.68050080842008709
88.672065428331109	0.64991388851196763	0.64991388851196763
79.030314715733596	-0.47106556321707949	-0.47106556321707949
45.512464381921461	0.99917475184517501	0.99917475184517501
5.0237295790410883	-0.95192375304098931	-0.95192375304098931
50.197863844667268	-0.067567096045948793	-0.067567096045948793
66.889756281418386	-0.79336107072776185	-0.79336107072776185
62.119492607025308	-0.65362203990993206	-0.65362203990993206
68.380734848534843	-0.67007033050091014	-0.67007033050091014
67.501803234226173	-0.99909960851524016	-0.99909960851524016
30.638877399690756	-0.70117855129103757	-0.70117855129103757
-23.059369475650428	0.87634492770505579	0.87634492770505579
64.79329728592046	0.92466254649851098	0.92466254649851098
-98.453666618234536	0.87444682335503887	0.87444682335503887
-34.629327149390022	0.071746264252220443	0.071746264252220443
67.120309695463874	-0.91147842515435595	-0.91147842515435595
32.588936962259623	0.92192094665276236	0.92192094665276236
-92.976698002046888	0.95542075591520204	0.95542075591520204
12.897380917449482	0.3249986523581565	0.3249986523581565
27.286571554955813	0.83479609826712919	0.83479609826712919
-10.836072658551387	0.98730656034362041	0.98730656034362041
-18.744701572402917	0.10466231901653315	0.10466231901653315
-47.172959030395546	0.049049537528542041	0.049049537528542041
43.231022139455177	-0.68257111692821637	-0.68257111692821637
12.68854980917591	0.121875444759853	0.121875444759853
39.108946616450567	0.98707363404477544	0.98707363404477544
-99.464255172182121	0.87561602668000138	0.87561602668000138
40.702692310340581	0.13757447534831199	0.13757447534831199
32.827335560310331	0.98732471195338589	0.98732471195338589
89.424742470610113	0.99388473563658419	0.99388473563658419
-73.962713769138091	0.99086274258188944	0.99086274258188944
94.060977620430833	-0.18571747252174364	-0.18571747252174364
-7.3125777852008156	-0.85698606723722082	-0.85698606723722082
2.6999471389893301	0.42742766980384228	0.42742766980384228
1.6354766359921911	0.99790895795050849	0.99790895795050849
44.224913153650107	0.24024283361148321	0.24024283361148321
-27.931155991908554	-0.33648137415929918	-0.33648137415929918
94.077601057459248	-0.16935832276057874	-0.16935832276057874
36.460127544995743	-0.94545361543795303	-0.94545361543795303
-44.160844970104563	-0.17760066687292303	-0.17760066687292303
63.036914023585211	0.20362683504548873	0.20362683504548873
6.7483384683581562	0.44855969494988984	0.44855969494988984
-17.073063581116685	0.97891906186792566	0.97891906186792566
31.539455554031093	0.12321509424995625	0.12321509424995625
21.434817490186717	0.52807412273172905	0.52807412273172905
22.365723922594	-0.36587735365293733	-0.36587735365293733
-12.268131974287371	0.29383705771233792	0.29383705771233792
-37.522895061780673	0.17530620524450569	0.17530620524450569
-91.865334417735198	0.68830324576450297	0.68830324576450297
-38.60266124014511	-0.78552831133638068	-0.78552831133638068
-71.586097731595913	-0.62140391156365571	-0.62140391156365571
-19.061768345951393	-0.2106232073660729	-0.2106232073660729
-10.336271118267078	0.79041927831019698	0.79041927831019698
-34.101024126723829	-0.44080477877527002	-0.44080477877527002
79.476064600874082	-0.80533969153365259	-0.80533969153365259
75.881761293928861	0.46491411962711632	0.46491411962711632
39.738045998539292	0.89241009372847546	0.89241009372847546
-45.721423491256338	-0.98586592457307654	-0.98586592457307654
-2.1270864592550822	-0.84921990649735424	-0.84921990649735424
-63.551229440939885	-0.65891569452903154	-0.65891569452903154
3.2709640466053997	-0.12901081431664302	-0.12901081431664302
46.19798604453311	0.7991643505939271	0.7991643505939271
-90.877789617722129	-0.22641677171216829	-0.22641677171216829
-42.96592204533124	0.85020528115964855	0.85020528115964855
-80.102879963333862	0.99997010279953991	0.99997010279953991
46.043158125082499	0.88230243172957468	0.88230243172957468
26.328519889992009	0.93050115137198275	0.93050115137198275
78.525369585314451	0.014446251908368958	0.014446251908368958
12.918744474860233	0.3451267789891358	0.3451267789891358
-71.54122268915421	-0.65592569937808998	-0.65592569937808998
27.313658217863605	0.81957888834467274	0.81957888834467274
-91.088881781804318	-0.017304308585545304	-0.017304308585545304
-27.091776411588555	-0.92557719166720698	-0.92557719166720698
-68.039537258052846	0.87982843936216215	0.87982843936216215
50.665646731186399	0.38956964319676862	0.38956964319676862
-10.665563203093399	0.9460387516247577	0.9460387516247577
0.81761874376245203	0.72951921482012183	0.72951921482012183
-87.840318753746331	0.12395589992450246	0.12395589992450246
-73.29228775222515	0.86019744344478799	0.86019744344478799
-78.524500694712742	-0.015315046276565403	-0.015315046276565403
93.355187994388729	-0.77870032869928107	-0.77870032869928107
37.070590610112987	-0.58794922977810671	-0.58794922977810671
-45.514712813004934	-0.99926355272384082	-0.99926355272384082
19.6304048011704	0.70388264575983439	0.70388264575983439
35.442976123764396	-0.77420427800785674	-0.77420427800785674
0.29533509613513331	0.29106045449411705	0.29106045449411705
-17.267617468366907	0.99993792715208363	0.99993792715208363
-77.484247229572091	-0.87018078772886376	-0.87018078772886376
5.0776495390819463	-0.93403072321334923	-0.93403072321334923
-6.2585672597579958	0.024615560876144197	0.024615560876144197
-34.287095319135076	-0.26713992662501912	-0.26713992662501912
-64.448452362293409	-0.99895122762989474	-0.99895122762989474
-78.364413742910415	-0.17450457126012509	-0.17450457126012509
88.165987301178205	0.20003437099322033	0.20003437099322033
-92.375177466776606	0.95480127719419761	0.95480127719419761
-17.224221003269875	0.99851313962514154	0.99851313962514154
6.515191238881556	0.22993017185077178	0.22993017185077178
-41.623425455381323	0.70521117979580172	0.70521117979580172
73.214654157326009	-0.8180561908653684	-0.8180561908653684
-18.177216551464994	0.62281793509297023	0.62281793509297023
48.560358861537708	-0.99099165003368095	-0.99099165003368095
5.7188612312954206	-0.53484481594304822	-0.53484481594304822
26.556787397149975	0.9892515059124366	0.9892515059124366
-97.735991435348481	0.33971999821875554	0.33971999821875554
88.45570124077031	0.4716022893993157	0.4716022893993157
-17.521950244077573	0.97057460618802649	0.97057460618802649
28.228789295636176	0.045528842711090978	0.045528842711090978
-54.650026829788047	0.94673858520737142	0.94673858520737142
-36.73682191200237	0.82050274056051398	0.82050274056051398
18.388272742433173	-0.44509753700129973	-0.44509753700129973
-74.998462279513063	0.38919857219106185	0.38919857219106185
70.476491316173195	0.97816758082037047	0.97816758082037047
39.929902102987427	0.78999595119225197	0.78999595119225197
24.609457498813626	-0.49972713761707416	-0.49972713761707416
-35.735082974774983	0.9236752548317414	0.9236752548317414
93.831477510665707	-0.40438115849471035	-0.40438115849471035
81.895724241530246	0.21267839198658775	0.21267839198658775
-65.066286164905563	-0.78775724945801995	-0.78775724945801995
-19.869546006888314	-0.85210283291701983	-0.85210283291701983
-45.43817341019961	-0.99340395320463437	-0.99340395320463437
98.46710427930924	-0.88088657528657521	-0.88088657528657521
93.412435321314945	-0.74152754512277719	-0.74152754512277719
-87.51485634753513	0.43472955969901816	0.43472955969901816
-25.3882569249716	-0.25274439540685523	-0.25274439540685523
-41.942680932089949	0.89210212225998087	0.89210212225998087
14.648396551991993	0.87214357999360825	0.87214357999360825
-43.513927327104753	0.45143227027408167	0.45143227027408167
-44.091509120340497	-0.10899499969158175	-0.10899499969158175
-44.476002844589615	-0.47389230520768882	-0.47389230520768882
93.029465419693622	-0.9385187000285683	-0.9385187000285683
-98.158878320152994	0.69578054811317647	0.69578054811317647
-56.96382445500123	-0.40333331536403927	-0.40333331536403927
-69.26739316139809	-0.15176605675911184	-0.15176605675911184
77.705544911820823	0.7408073137066632	0.7408073137066632
-93.772305810694291	0.45775974005388981	0.45775974005388981
-26.092244484566976	-0.81890657454423532	-0.81890657454423532
29.613405080440174	-0.97327165579133168	-0.97327165579133168
-56.911150402256496	-0.35459663795137147	-0.35459663795137147
-72.885207935828959	0.58799426045133807	0.58799426045133807
-16.918238196342244	0.93571302124937827	0.93571302124937827
19.691003543326218	0.74560857312217532	0.74560857312217532
75.89333252732834	0.47512742528390195	0.47512742528390195
89.367278968784376	0.98590248355124144	0.98590248355124144
-32.408629359558375	-0.8375059350423858	-0.8375059350423858
-39.277286547784854	-0.99997277989318056	-0.99997277989318056
79.197217426186938	-0.61106166216136093	-0.61106166216136093
-46.569704081030572	-0.52625107104870794	-0.52625107104870794
-11.34972805303515	0.93794029602295381	0.93794029602295381
30.198233364045223	-0.93830412665495855	-0.93830412665495855
85.016726323563688	-0.19251522471487498	-0.19251522471487498
-24.960062585649638	0.17182176876221103	0.17182176876221103
-26.292832431054165	-0.9168395256566606	-0.9168395256566606
-32.463707696197091	-0.86631706083521187	-0.86631706083521187
-9.1714282322990215	-0.25064815869005308	-0.25064815869005308
35.367689273103593	-0.724404436279941	-0.724404436279941
30.345919936396911	-0.87720367283591916	-0.87720367283591916
-15.740967032526058	0.032997773353351384	0.032997773353351384
94.265595849498823	0.017815299285942346	0.017815299285942346
-50.937831514285534	-0.6228255136750307	-0.6228255136750307
93.202750132997437	-0.86493933098405185	-0.86493933098405185
-15.643106482556036	-0.06481132599643516	-0.06481132599643516
58.570537776944548	0.89997956722297423	0.89997956722297423
-66.134839949326718	0.1606944672359181	0.1606944672359181
-88.388260924901871	-0.41110565874440713	-0.41110565874440713
-3.1081458229981251	-0.033440594831996517	-0.033440594831996517
-36.164226332897108	0.9993552759151445	0.9993552759151445
-50.70249996050979	-0.42323915558568642	-0.42323915558568642
74.963099986397197	-0.42152257774685481	-0.42152257774685481
88.068222751780979	0.10344307566310833	0.10344307566310833
-24.923004121887757	0.20820277499848144	0.20820277499848144
-36.508322720280148	0.92866196344226859	0.92866196344226859
56.676992451375099	0.12797278470639381	0.12797278470639381
-75.210033587897357	0.18708125544410262	0.18708125544410262
23.659363470509305	-0.99525856286307524	-0.99525856286307524
-99.862776773072667	0.61956479480601179	0.61956479480601179
-14.396197954114015	-0.96663863212948542	-0.96663863212948542
-53.398555933519987	-0.0085190744583540437	-0.0085190744583540437
22.444742236721481	-0.43819862065724879	-0.43819862065724879
-58.370479641959747	-0.96866067088685404	-0.96866067088685404
68.863600246947328	-0.24879712691698683	-0.24879712691698683
99.5545830176479	-0.82847657419050702	-0.82847657419050702
99.608253398145735	-0.79724138475388073	-0.79724138475388073
-96.283274313472361	-0.89395677868797419	-0.89395677868797419
25.331856428457826	0.19780208997853294	0.19780208997853294
-75.022929542077179	0.3665462165434038	0.3665462165434038
-48.00918385697107	0.77410117442466964	0.77410117442466964
-42.496461352094691	0.99639302475374691	0.99639302475374691
-25.897577952040962	-0.69241920441821225	-0.69241920441821225
24.42328129944309	-0.65142410693120478	-0.65142410693120478
-59.133482355322428	-0.52845364286726182	-0.52845364286726182
-65.244384182150739	-0.66617002749091081	-0.66617002749091081
94.981173635079728	0.66939493150419327	0.66939493150419327
49.936914755053209	-0.32268768228113887	-0.32268768228113887
30.630416642603507	-0.70718578174058866	-0.70718578174058866
-93.080677135673724	0.91961625874064357	0.91961625874064357
-85.234069787422257	0.39958871429893039	0.39958871429893039
-19.936177251879741	-0.88505927154614206	-0.88505927154614206
68.5144397301396	-0.56513645839217319	-0.56513645839217319
-51.528669634866802	-0.9530601969781326	-0.9530601969781326
-81.114007315448418	0.5374426996721039	0.5374426996721039
54.531857806764663	-0.90217387630208135	-0.90217387630208135
-21.292782695221632	-0.6429669836649986	-0.6429669836649986
-37.50300155274072	0.19485566305375207	0.19485566305375207
85.687669829361965	-0.76087999155382469	-0.76087999155382469
-0.032857661966303908	-0.032851749954699055	-0.032851749954699055
80.658358893673267	-0.85370037416154121	-0.85370037416154121
31.053616885785516	-0.35443488595712724	-0.35443488595712724
-35.26311209178624	0.64848527684608714	0.64848527684608714
-26.004574123571558	-0.76550955174086377	-0.76550955174086377
-79.823136659820619	0.95896256397635748	0.95896256397635748
-35.697376336648063	0.90857383228415622	0.90857383228415622
-90.436707113948842	-0.62057819048991281	-0.62057819048991281
-61.710981608469943	0.90047978161225839	0.90047978161225839
78.138248725005582	0.3908617320259038	0.3908617320259038
42.052177293314486	-0.93613491241975622	-0.93613491241975622
89.721423622239683	0.98274571039235714	0.98274571039235714
-93.973390803177253	0.27095865633925736	0.27095865633925736
-38.12131816960661	-0.40977403131414064	-0.40977403131414064
14.076238536857048	0.99814443891018934	0.99814443891018934
-39.828324956699667	-0.8480950297984805	-0.8480950297984805
-15.706277093398626	-0.0016861737513229503	-0.0016861737513229503
-57.232395249837857	-0.63168703985853658	-0.63168703985853658
-35.673260004564284	0.8982366314863709	0.8982366314863709
-37.523766621619757	0.17444807594318429	0.17444807594318429
-88.078266550046209	-0.11342760724674703	-0.11342760724674703
59.631117969816671	0.05910797605503227	0.05910797605503227
-42.759461389925114	0.94007007609023252	0.94007007609023252
57.559198563789295	0.84711403653933814	0.84711403653933814
78.528938508270699	0.010877616951479671	0.010877616951479671
-12.693409306575788	-0.12669725855496086	-0.12669725855496086
39.343252884355394	0.99731148198132868	0.99731148198132868
64.33408319718049	0.99765025880307157	0.99765025880307157
-21.938807817231151	-0.052316862773783716	-0.052316862773783716
-93.294541971761276	0.81529451634755612	0.81529451634755612
11.127172753570363	-0.99135341126638377	-0.99135341126638377
-66.08630897037223	0.11262378677255856	0.11262378677255856
-16.50545700395449	0.71560770880272306	0.71560770880272306
64.2236460740219	0.98402163847947366	0.98402163847947366
-87.777451211536516	0.18605262934261202	0.18605262934261202
99.878370504825966	-0.60724973448193664	-0.60724973448193664
-35.618300810134315	0.872737328344384	0.872737328344384
-79.836327007469833	0.96261892914867242	0.96261892914867242
87.371569895469378	-0.55887157574098267	-0.55887157574098267
74.686481986915879	-0.65315361998224375	-0.65315361998224375
-38.322633378363435	-0.58389765355101519	-0.58389765355101519
-11.73910345660839	0.73608428882408827	0.73608428882408827
-88.798832465951932	-0.74078497029964918	-0.74078497029964918
-11.641641288834521	0.79845783268292037	0.79845783268292037
47.943785590199241	-0.73107472899620463	-0.73107472899620463
-99.250923398026387	0.95802776297507009	0.95802776297507009
63.416564927932683	0.55195913038864552	0.55195913038864552
98.453615988613393	-0.8744222607226223	-0.8744222607226223
-56.602484916481458	-0.053791177317847577	-0.053791177317847577
-15.981768318157634	0.27039669356913604	0.27039669356913604
-39.99769799152655	-0.74664648192557093	-0.74664648192557093
-10.646319690157952	0.93962804876927042	0.93962804876927042
7.1997772080335807	0.79353230836728361	0.79353230836728361
30.916917534805549	-0.47855561996955798	-0.47855561996955798
-34.47851222519067	-0.078924795046013019	-0.078924795046013019
-74.439275777733144	0.81858771948491649	0.81858771948491649
27.39380572853436	0.77107528516718171	0.77107528516718171
-12.844774643868575	-0.27482148114020277	-0.27482148114020277
45.776312480082112	0.97518991261502375	0.97518991261502375
57.216695639436011	0.6194389860013485	0.6194389860013485
-82.663974374589031	-0.83192361129908576	-0.83192361129908576
-43.43876236737767	0.51716458732037529	0.51716458732037529
-15.906656763454492	0.1973887002108298	0.1973887002108298
79.712463993077677	-0.92178035567618188	-0.92178035567618188
12.178373911883099	-0.37833478544701094	-0.37833478544701094
64.10437941472594	0.95584631395677466	0.95584631395677466
-52.85233323041524	-0.52672390686963033	-0.52672390686963033
-15.515795835710861	-0.19098687734023093	-0.19098687734023093
-34.113643386986638	-0.42944289585150047	-0.42944289585150047
-9.8969121703082408	0.45478804606555362	0.45478804606555362
24.253303907118735	-0.77038024572061159	-0.77038024572061159
5.2143476507933997	-0.87664184250130395	-0.87664184250130395
55.713126612163308	-0.74165961261627811	-0.74165961261627811
-48.754363292169288	0.99821984660455998	0.99821984660455998
-27.865664661219938	-0.39738849033105833	-0.39738849033105833
14.892240032583757	0.72822145250884784	0.72822145250884784
-2.5038315922536611	-0.59539810283445493	-0.59539810283445493
60.902810957321321	-0.93651334716218448	-0.93651334716218448
42.369667097239272	-0.99912509728071963	-0.99912509728071963
-13.95596401528141	-0.98362762170830897	-0.98362762170830897
67.377346955430312	-0.98610531016717229	-0.98610531016717229
3.7039089782512349	-0.53314728907218523	-0.53314728907218523
-57.773361143681754	-0.94070186701875413	-0.94070186701875413
-45.32629527923303	-0.97439134190591581	-0.97439134190591581
-52.772311244852581	-0.59298739316006277	-0.59298739316006277
-79.067238765376857	0.50330771492506277	0.50330771492506277
37.366560232275106	-0.32645590276298597	-0.32645590276298597
-88.089478640572494	-0.12455997502721991	-0.12455997502721991
57.497644938887532	0.81282011897681483	0.81282011897681483
-86.842355560762499	0.90107356534253003	0.90107356534253003
74.731023062470939	-0.61878934491586413	-0.61878934491586413
5.6622884629155692	-0.58176484899303715	-0.58176484899303715
48.10774411912675	-0.83263813686799026	-0.83263813686799026
-72.945172380551327	0.63541152589885252	0.63541152589885252
-16.18190470146935	0.4563968156508445	0.4563968156508445
84.846559640455723	-0.023555814559589619	-0.023555814559589619
-37.202233005979636	0.47668412971778951	0.47668412971778951
-31.115070649473083	0.29633775785330574	0.29633775785330574
-74.435973826632875	0.82047983329536178	0.82047983329536178
-81.869514534341036	-0.18699819042952889	-0.18699819042952889
74.235498762562145	-0.91788787340532163	-0.91788787340532163
-54.462745079793685	0.87023047961843514	0.87023047961843514
53.840980840294492	-0.42041778791531187	-0.42041778791531187
-10.960566393686193	0.99938728626302298	0.99938728626302298
-47.867568316142972	0.67699980913306046	0.67699980913306046
57.496741460163463	0.8122934976077899	0.8122934976077899
-35.250931502791843	0.63916520427407786	0.63916520427407786
-28.992095716205398	0.65770035572153907	0.65770035572153907
40.31073955391355	0.50550309325427378	0.50550309325427378
6.1961272785600983	-0.086948100029927505	-0.086948100029927505
3.706395577713991	-0.53524935757665892	-0.53524935757665892
-80.601805062664837	0.88177105900355657	0.88177105900355657
-80.209936215349558	0.99507147005629981	0.99507147005629981
-11.400314675185939	0.91920465833901377	0.91920465833901377
-51.29905370854631	-0.85913206573297218	-0.85913206573297218
41.63039341982261	-0.71013428807116996	-0.71013428807116996
48.380570458011505	-0.95106998628548667	-0.95106998628548667
87.841108244826842	-0.12317245906481726	-0.12317245906481726
-98.289470171971431	0.78338776813226507	0.78338776813226507
-94.446575876123347	-0.19748945006616925	-0.19748945006616925
54.019219631471628	-0.57462389338622843	-0.57462389338622843
77.494548419430203	0.86505897663058084	0.86505897663058084
88.025183713088751	0.060552347979565976	0.060552347979565976
96.246018229418354	0.91002900791786268	0.91002900791786268
46.664148350856209	0.44371642043647963	0.44371642043647963
-28.263967813402616	-0.01036588325820095	-0.01036588325820095
26.307497179473842	0.92259571969840837	0.92259571969840837
-59.668754108893772	-0.021504651496137582	-0.021504651496137582
-93.113712083054793	0.90614015224513289	0.90614015224513289
0.30351002813011974	0.29887163727982313	0.29887163727982313
15.218753580489036	0.46992842254604866	0.46992842254604866
-44.264014924476939	-0.27800611628011257	-0.27800611628011257
85.03104058027705	-0.20654151642291993	-0.20654151642291993
9.5143593601422651	-0.089461634897020248	-0.089461634897020248
-79.422486771130053	0.7724375971429438	0.7724375971429438
88.713710082468367	0.68099152113910222	0.68099152113910222
-51.999601051537034	-0.9866925384444748	-0.9866925384444748
40.249620630239605	0.55726132464484357	0.55726132464484357
24.328758472840022	-0.72012520683864956	-0.72012520683864956
-84.892465186487897	0.069407690653734741	0.069407690653734741
0.64131685065279953	0.59825116358256825	0.59825116358256825
-80.356657617070766	0.96988333600145926	0.96988333600145926
-61.759524318443603	0.87831621560342854	0.87831621560342854
0.45068552496596226	0.43558271082725192	0.43558271082725192
21.513633179515608	0.45957392099203598	0.45957392099203598
89.891790004521312	0.93715916086575479	0.93715916086575479
8.0322868672553511	0.98414569309122957	0.98414569309122957
87.251934586149531	-0.65384848905770843	-0.65384848905770843
-25.71925888811225	-0.55346403688591828	-0.55346403688591828
26.006776788685215	0.76692494233755404	0.76692494233755404
-82.436736085918938	-0.68552684421498289	-0.68552684421498289
-64.75191151634678	-0.93962547529782459	-0.93962547529782459
47.935088684705846	-0.72511328013120091	-0.72511328013120091
-44.098925332390863	-0.11636396322323911	-0.11636396322323911
-99.999347889486089	0.50692786060735184	0.50692786060735184
-92.944113307569367	0.96453243825869484	0.96453243825869484
13.171434301094138	0.5688144575785149	0.5688144575785149
88.28152421956662	0.31165085316604646	0.31165085316604646
55.02737719619671	-0.99877484019503127	-0.99877484019503127
3.4900215234918903	-0.34142150810741356	-0.34142150810741356
-79.768418719495486	0.94202074416675197	0.94202074416675197
-13.29769298596716	-0.66785444912290193	-0.66785444912290193
61.237957626018073	-0.99973322721323754	-0.99973322721323754
64.147500953534092	0.967625840443051	0.967625840443051
-92.245502761920108	0.90834756856826004	0.90834756856826004
37.495187702365172	-0.20251371044284922	-0.20251371044284922
-43.965573669730809	0.016722701014516176	0.016722701014516176
-32.360116417565223	-0.81002214683397111	-0.81002214683397111
48.877015283683846	-0.98342403723745286	-0.98342403723745286
-79.788113984387991	0.94844645381719139	0.94844645381719139
-18.568476592145672	0.27739278277516094	0.27739278277516094
7.8157472884648769	0.99926915645112857	0.99926915645112857
-83.068878231955765	-0.98324260137895747	-0.98324260137895747
-18.085940158210178	0.69153777148018547	0.69153777148018547
-38.0445040020006	-0.33856570236896466	-0.33856570236896466
21.667634006547118	0.31790076393343941	0.31790076393343941
-62.656562915883271	0.17439385448801686	0.17439385448801686
-13.235469708714888	-0.62027958576346121	-0.62027958576346121
36.296159339536729	-0.98594726263450416	-0.98594726263450416
-99.32046833550416	0.93579118834048958	0.93579118834048958
-6.673172836234869	-0.38017688060384325	-0.38017688060384325
84.336282859809671	0.4677282379602628	0.4677282379602628
18.390533055698739	-0.44307233166153359	-0.44307233166153359
81.019338756760703	-0.61475100774395919	-0.61475100774395919
51.257579336062207	0.83717467583745253	0.83717467583745253
-91.014816302108215	-0.091243568944977912	-0.091243568944977912
67.856520992539174	-0.95163588704508928	-0.95163588704508928
36.892563438982364	-0.72190299472948416	-0.72190299472948416
-64.83807157810439	-0.90669205064809899	-0.90669205064809899
-65.502779609327717	-0.4534800728134471	-0.4534800728134471
31.854365875993835	0.42452693727363061	0.42452693727363061
69.866242705350658	0.6825194576884932	0.6825194576884932
16.373456687580983	-0.61744733778736571	-0.61744733778736571
-67.067664770525965	0.88857026418086105	0.88857026418086105
-88.902612945326595	-0.8063879364642117	-0.8063879364642117
73.441127692685598	-0.92630954837323132	-0.92630954837323132
-40.671807401049357	-0.16809524063253553	-0.16809524063253553
-17.041737770039575	0.97204158624375148	0.97204158624375148
39.055536554585899	0.97711026557261205	0.97711026557261205
-50.713380106368845	-0.43307151833119156	-0.43307151833119156
69.107567025678321	-0.007471283787439097	-0.007471283787439097
-0.027012569440415746	-0.027009284476572238	-0.027009284476572238
-96.932880016395373	-0.44080224943985408	-0.44080224943985408
-51.866251944469582	-0.99955083846104975	-0.99955083846104975
50.045771843316942	-0.21794720300467155	-0.21794720300467155
19.442985526573779	0.55920754365396941	0.55920754365396941
66.994882950599219	-0.85285933636749933	-0.85285933636749933
39.714911617817421	0.90260918119566835	0.90260918119566835
-97.700260153452788	0.30590408560464616	0.30590408560464616
30.729412766250988	-0.63384457823166829	-0.63384457823166829
41.0997681789365	-0.25617559126287992	-0.25617559126287992
-90.91921618321382	-0.18588331720539258	-0.18588331720539258
-64.671963724024039	-0.96395356075559502	-0.96395356075559502
38.048298297083392	0.34213347115755766	0.34213347115755766
88.313226707809577	0.34161280792437104	0.34161280792437104
96.007653009091626	0.98217811953186462	0.98217811953186462
77.735680551595266	0.72023137895014899	0.72023137895014899
-21.800603690261084	-0.18939394616147137	-0.18939394616147137
-44.740312137055859	-0.68748127973501871	-0.68748127973501871
91.62806171952144	-0.4985062210740015	-0.4985062210740015
49.711801796528619	-0.52582153504016205	-0.52582153504016205
-12.445719073926099	0.12035903680250665	0.12035903680250665
-35.869411621433969	0.96667118486245618	0.96667118486245618
65.578242386661998	0.38499586179502981	0.38499586179502981
-46.474685914795778	-0.60455244299340016	-0.60455244299340016
-24.096949171308296	0.86026645255930745	0.86026645255930745
73.569080867043823	-0.96681374151153299	-0.96681374151153299
31.896159273408244	0.46198560002306804	0.46198560002306804
-36.473655671074212	0.94096035894476593	0.94096035894476593
-81.402791641963191	0.27502658284685377	0.27502658284685377
-61.388846830412476	0.99184595260897424	0.99184595260897424
-11.461345437079032	0.89347549885012778	0.89347549885012778
96.817008570650643	0.54162053285936329	0.54162053285936329
10.073761123137558	-0.6043766050422188	-0.6043766050422188
-77.102220302982261	-0.99114194985560478	-0.99114194985560478
90.631290118294146	0.45724670158200048	0.45724670158200048
33.465174311343077	0.8877089477473542	0.8877089477473542
-27.203254019202944	-0.87771846116115315	-0.87771846116115315
-14.097623113380394	-0.99921824472062826	-0.99921824472062826
84.555983227980533	0.26385669430226683	0.26385669430226683
-20.052713235901678	-0.93317851583474121	-0.93317851583474121
-29.065691868191394	0.71130842913623771	0.71130842913623771
98.111862400323361	-0.66125472648049177	-0.66125472648049177
-15.628354302692685	-0.07952490376953894	-0.07952490376953894
-14.483785056291126	-0.94052697967550425	-0.94052697967550425
67.948954372898726	-0.91921571016605474	-0.91921571016605474
38.512784021930401	0.72681424678051076	0.72681424678051076
89.509145317060103	0.99965561161400907	0.99965561161400907
-28.254678992331364	-0.019653624505731486	-0.019653624505731486
-41.558957632833007	0.65807036433387267	0.65807036433387267
-92.620730565033696	0.99841823315260192	0.99841823315260192
-96.628420001391646	-0.68961136491091846	-0.68961136491091846
36.452361319480048	-0.94795497837712828	-0.94795497837712828
-1.1373478807013839	-0.90752279142871684	-0.90752279142871684
-6.7622037223127904	-0.4609082924240292	-0.4609082924240292
0.8364095536900038	0.74224183597421189	0.74224183597421189
-66.254486021558392	0.27735528113978758	0.27735528113978758
41.265337339249129	-0.41198625933052124	-0.41198625933052124
30.234942205304691	-0.92498052037736855	-0.92498052037736855
-83.052338183808203	-0.98009296512885613	-0.98009296512885613
47.295802712583907	-0.17106737209126177	-0.17106737209126177
-4.4150664793424426	0.95612431882360005	0.95612431882360005
86.122439462601903	-0.9634076495105085	-0.9634076495105085
18.187937455278089	-0.61439462417902013	-0.61439462417902013
-73.943280220878634	0.99329656000703825	0.99329656000703825
50.561812721869558	0.29201239236038579	0.29201239236038579
73.576146286972062	-0.96859468435294538	-0.96859468435294538
-36.420367052281108	0.9576552181128748	0.9576552181128748
53.94312384938803	-0.5107429556012133	-0.5107429556012133
99.36106436202661	-0.92071179370887823	-0.92071179370887823
33.012403692529659	0.99967026561183381	0.99967026561183381
-82.206527127209739	-0.50131522524664651	-0.50131522524664651
35.174830297720916	-0.57884463161190858	-0.57884463161190858
66.197518889782515	-0.22220279255005163	-0.22220279255005163
42.839110122394459	-0.90995976462438244	-0.90995976462438244
95.770227974748082	0.99883146504439291	0.99883146504439291
11.093276752853967	-0.99523090967017891	-0.99523090967017891
-38.980611764692355	-0.95844483281319992	-0.95844483281319992
87.775274591884653	-0.18819080231953925	-0.18819080231953925
-82.226994076340333	-0.51891832218853673	-0.51891832218853673
52.711253433037143	0.64101631610191456	0.64101631610191456
-3.5134354298097463	0.36333288766323613	0.36333288766323613
13.153530855053177	0.55399911124713752	0.55399911124713752
-27.993232389248647	-0.27741407659580181	-0.27741407659580181
44.732422709713205	0.68173062510642501	0.68173062510642501
-24.128192665876725	0.84391987056528051	0.84391987056528051
-18.053685319030777	0.71447300399564961	0.71447300399564961
76.660426318373226	0.95276163364667099	0.95276163364667099
61.885374579449916	-0.81136206398710498	-0.81136206398710498
-2.7882920714683053	-0.34599641087191013	-0.34599641087191013
48.814860973773051	-0.9927876898216611	-0.9927876898216611
9.6276119669748113	-0.20144604402553593	-0.20144604402553593
67.006946576128769	-0.85909603593914552	-0.85909603593914552
-42.895726386799247	0.88503573262573887	0.88503573262573887
72.05240530889435	0.20280903521581378	0.20280903521581378
-57.590073290617532	-0.86311488090190136	-0.86311488090190136
-22.295323046169315	0.29950564469207225	0.29950564469207225
-44.410936637769474	-0.41563375774479189	-0.41563375774479189
-41.197753144193285	0.34951054164108264	0.34951054164108264
-11.167646728093104	0.98523203025624639	0.98523203025624639
74.851866091033656	-0.51957852904711377	-0.51957852904711377
49.833404265894899	-0.41875890579505481	-0.41875890579505481
-65.472521106809978	-0.48023676269189297	-0.48023676269189297
-92.251100245760682	0.91067428407117001	0.91067428407117001
3.4092704267166312	-0.26449262481928709	-0.26449262481928709
-63.466985294122495	-0.59328395762312902	-0.59328395762312902
-41.532416688247189	0.63785676947367709	0.63785676947367709
70.725846029004657	0.99919965378832054	0.99919965378832054
-82.409237173661211	-0.66524967910386668	-0.66524967910386668
85.135173221457052	-0.30712597885726689	-0.30712597885726689
64.517073856803165	0.99346066129454191	0.99346066129454191
-67.197855334593299	0.94060556463937184	0.94060556463937184
14.772330824207785	0.80497447392028099	0.80497447392028099
27.81774644947032	0.44088768855016269	0.44088768855016269
-80.140208916973876	0.99956206294866323	0.99956206294866323
-54.467918814383225	0.87276763482581565	0.87276763482581565
-49.007613453726073	0.95143648559735428	0.95143648559735428
-32.077692172707941	-0.61451073492478414	-0.61451073492478414
54.643396033304697	-0.94458265049524703	-0.94458265049524703
74.505325041964511	-0.77889292195643289	-0.77889292195643289
-4.3944712713154104	0.94988837879432686	0.94988837879432686
26.261109723166911	0.90371488815582424	0.90371488815582424
69.876139398169897	0.68971908573981333	0.68971908573981333
58.646797605454537	0.86415199913139751	0.86415199913139751
-6.0319198438879482	0.2486298839337634	0.2486298839337634
51.007167042951068	0.67553096772016885	0.67553096772016885
-77.800986802283433	-0.67342310016028928	-0.67342310016028928
-15.326270892767724	-0.37249158646090302	-0.37249158646090302
26.598081522245849	0.99444466378401886	0.99444466378401886
-77.595636120137584	-0.81001648097105838	-0.81001648097105838
5.5498532119548685	-0.66934892040041627	-0.66934892040041627
-41.991478642859306	0.91307989571500991	0.91307989571500991
-24.65044248264465	0.46381692976791339	0.46381692976791339
-50.715592403916617	-0.43506453247131155	-0.43506453247131155
49.440142630645965	-0.73477833166447926	-0.73477833166447926
-89.90386083086301	-0.93287945244094894	-0.93287945244094894
-55.889637699158449	0.61235032293832869	0.61235032293832869
-57.988245575528033	-0.99140319636608021	-0.99140319636608021
30.864205008245108	-0.524154098212402	-0.524154098212402
10.006430985022831	-0.54940588047502181	-0.54940588047502181
46.492615728164537	0.59017376769266572	0.59017376769266572
-34.272779859679119	-0.28090728655927943	-0.28090728655927943
-77.04255734664747	-0.99729734854195529	-0.99729734854195529
93.29329927960282	-0.8160134631869369	-0.8160134631869369
-52.700252663219501	-0.64942074990729148	-0.64942074990729148
-11.832779712333831	0.66954117802723168	0.66954117802723168
62.287479385614489	-0.51788241082096398	-0.51788241082096398
-67.507394460151005	0.9993212042886519	0.9993212042886519
-88.504163780817535	-0.51376668353634847	-0.51376668353634847
17.799392702660001	-0.86750442702794428	-0.86750442702794428
-8.1987732580995782	-0.94114590420352873	-0.94114590420352873
-96.755095101826811	-0.5925954209769202	-0.5925954209769202
-7.1681866258985565	-0.77391582226028788	-0.77391582226028788
79.594904835305954	-0.86994387275808716	-0.86994387275808716
19.220265099985596	0.36227652743408351	0.36227652743408351
-51.975336843577416	-0.9903469982402674	-0.9903469982402674
-74.794317425559001	0.56786213328893786	0.56786213328893786
-28.482115828948267	0.20629006408219405	0.20629006408219405
-79.496392819655469	0.81722331428395067	0.81722331428395067
-80.373984646398938	0.96551761529235769	0.96551761529235769
-96.344367140599061	-0.86492710802296746	-0.86492710802296746
93.988744467506592	-0.25614800151830669	-0.25614800151830669
76.236952315768292	0.74379392591440685	0.74379392591440685
6.7075199759848374	0.41171454803937602	0.41171454803937602
42.338967038125332	-0.997370578110923	-0.997370578110923
14.959971497875159	0.6801679870080618	0.6801679870080618
6.3718587942883005	0.088557326369240602	0.088557326369240602
57.588131923396134	0.86213284976676685	0.86213284976676685
60.901926692907296	-0.9362029297232547	-0.9362029297232547
22.820633624847005	-0.73758374582263564	-0.73758374582263564
-29.552066575993166	0.95736332721635731	0.95736332721635731
13.338897084747984	0.69794679501361578	0.69794679501361578
-25.818259150676752	-0.63307401527285134	-0.63307401527285134
-37.591884922572305	0.10702156300023752	0.10702156300023752
66.965455748989342	-0.83712716857537672	-0.83712716857537672
-84.170794231024345	-0.60694221790287972	-0.60694221790287972
-92.20603071610023	0.89113648023186687	0.89113648023186687
76.489837632675147	0.88737218602090284	0.88737218602090284
-31.701378465118381	-0.28159112171130968	-0.28159112171130968
-86.027325942770958	0.93359730888138714	0.93359730888138714
-48.600978145540942	0.99561261870871232	0.99561261870871232
10.132285154290514	-0.64994129830774339	-0.64994129830774339
98.41098502558566	-0.85295097933661002	-0.85295097933661002
-42.359834160386235	0.99866557485069751	0.99866557485069751
-75.889810194584058	-0.47202512381664169	-0.47202512381664169
60.685040675068734	-0.83863929514658209	-0.83863929514658209
12.663719326691464	0.097195026584091057	0.097195026584091057
-73.717396885964973	0.99395275217764745	0.99395275217764745
12.215165588404233	-0.34402952672305337	-0.34402952672305337
58.161995472641308	0.99909567713818026	0.99909567713818026
28.502981343073913	-0.2266603934096961	-0.2266603934096961
50.338315977742781	0.072769143791067525	0.072769143791067525
37.06640359723886	-0.5913309318361526	-0.5913309318361526
7.201776163271731	0.79474714262831336	0.79474714262831336
78.794583987245488	-0.25202056284205304	-0.25202056284205304
43.669623944336905	-0.30760332717000899	-0.30760332717000899
87.466072887288192	-0.47812743304343608	-0.47812743304343608
-5.4064209312520148	0.76867326638568279	0.76867326638568279
-85.349229858754882	0.50227542746793741	0.50227542746793741
-43.886753408025669	0.095398445024759179	0.095398445024759179
-25.879584071732182	-0.67932531007476138	-0.67932531007476138
-99.110165658545597	0.98877151571572353	0.98877151571572353
-34.713653274000777	0.15550048834893182	0.15550048834893182
54.884285842464976	-0.99562406337054987	-0.99562406337054987
40.898837831237813	-0.058100596651480881	-0.058100596651480881
23.739418214409284	-0.98429290359356569	-0.98429290359356569
-39.188607271008159	-0.99669690193480853	-0.99669690193480853
84.710423427792477	0.11234056976644938	0.11234056976644938
-57.009186849324209	-0.44441317428292954	-0.44441317428292954
-72.023142420450512	-0.23137287373748142	-0.23137287373748142
65.272759559572592	0.64474234410139997	0.64474234410139997
16.571882634615065	-0.76039387724561602	-0.76039387724561602
-99.389503741666644	0.90924270382080985	0.90924270382080985
37.58819614998913	-0.11068841341483072	-0.11068841341483072
-72.419358517583646	0.16201025830329424	0.16201025830329424
52.790072438150446	0.5785930942169748	0.5785930942169748
38.852937769974574	0.91432009915316814	0.91432009915316814
3.0071679671634115	0.13402020977910384	0.13402020977910384
-50.997921987377651	-0.66868552409457649	-0.66868552409457649
37.313966661990719	-0.37569368639279571	-0.37569368639279571
26.104698936938831	0.82599082343387231	0.82599082343387231
55.657788356646847	-0.77762495693025169	-0.77762495693025169
71.359509364509051	0.78153446742064037	0.78153446742064037
-60.912458377019654	0.93985240650341606	0.93985240650341606
-47.310035014036089	0.18507208126802108	0.18507208126802108
18.443809504932602	-0.39470468383772361	-0.39470468383772361
-85.712023320189175	0.77645560513530232	0.77645560513530232
-68.183902277450045	0.80229862350081793	0.80229862350081793
81.506305086639713	-0.17421045633357232	-0.17421045633357232
-33.113149202698239	-0.99201882944371222	-0.99201882944371222
37.059662846778792	-0.59675339299760333	-0.59675339299760333
-48.124376788600166	0.84173400400344367	0.84173400400344367
62.692168429076645	-0.1392308358866654	-0.1392308358866654
98.23493520400163	-0.74834463632977199	-0.74834463632977199
-6.2038639788513308	0.079238174536527872	0.079238174536527872
-8.0615593324634887	-0.97853299764211377	-0.97853299764211377
63.742461498663829	0.78987701294047219	0.78987701294047219
-68.329140922660798	0.70745974644090137	0.70745974644090137
11.730831481594819	-0.7416582578552452	-0.7416582578552452
-44.653143138565277	-0.62164886870384162	-0.62164886870384162
-78.224422101994747	-0.31019128696673876	-0.31019128696673876
91.151140775646837	-0.044938682280344429	-0.044938682280344429
-29.692564626229981	0.98838442829302364	0.98838442829302364
2.5612126325729463	0.54834177059929323	0.54834177059929323
-96.474787744692193	-0.79230916060669232	-0.79230916060669232
26.342531962457727	0.93554210601748611	0.93554210601748611
71.03560199561457	0.93945248321344488	0.93945248321344488
-39.768876328316395	-0.87807678581662174	-0.87807678581662174
-41.154494898632578	0.30866616342623127	0.30866616342623127
29.830984969538008	-0.99989995776694318	-0.99989995776694318
76.701657427815547	0.96447102503397875	0.96447102503397875
85.858022623454417	-0.85987306534639973	-0.85987306534639973
16.339855816855845	-0.59067293352520889	-0.59067293352520889
-95.061240258965853	-0.72666894617039168	-0.72666894617039168
-43.258022344759183	0.66259246067150912	0.66259246067150912
-59.869454936621089	0.17823704745723198	0.17823704745723198
-8.9250823848220762	-0.47915835915312111	-0.47915835915312111
-80.056698669928153	0.99854699249288914	0.99854699249288914
88.351127048023869	0.37697924302766067	0.37697924302766067
-56.875201437611302	-0.32076179608359129	-0.32076179608359129
73.368763646616543	-0.89664493952275248	-0.89664493952275248
64.454797509758833	0.99864059535933081	0.99864059535933081
16.980460263490798	-0.95583768931569468	-0.95583768931569468
83.169210419736771	0.99655789974464304	0.99655789974464304
55.533004616159587	-0.84983025529987255	-0.84983025529987255
-31.351103618775525	0.064777528895572062	0.064777528895572062
40.374905879570377	0.44913647955404151	0.44913647955404151
-25.468393193196974	-0.32938482193248597	-0.32938482193248597
18.53644840712451	-0.30801654905565495	-0.30801654905565495
-32.538398920146207	-0.90117486448319895	-0.90117486448319895
-78.705225913489869	0.16465632826244131	0.16465632826244131
-81.295092094459903	0.37677931055627895	0.37677931055627895
-50.161739063228886	0.10355740129483182	0.10355740129483182
23.253541410411472	-0.95281938470886518	-0.95281938470886518
16.237575052308046	-0.50519834791857554	-0.50519834791857554
93.135777007778188	-0.89658736814347184	-0.89658736814347184
39.029202322236358	0.97116995105859061	0.97116995105859061
-86.52456322142514	0.99146240116291695	0.99146240116291695
90.041464088201479	0.87465462191958998	0.87465462191958998
38.766511095259375	0.87594885699941272	0.87594885699941272
-26.100650567228456	-0.82370206150776937	-0.82370206150776937
-6.2982708272297003	-0.015084947880661932	-0.015084947880661932
56.566345142658406	0.01767645739010212	0.01767645739010212
-72.415633909466578	0.15833374044806714	0.15833374044806714
-63.212880571271967	-0.37187447587102629	-0.37187447587102629
-80.086313379515602	0.99970478685133701	0.99970478685133701
-31.074610568860223	0.33472743708591157	0.33472743708591157
-70.455888345916321	-0.97367862235226177	-0.97367862235226177
29.55298093324501	-0.95762707252324053	-0.95762707252324053
-10.196967402642159	0.69770539253685526	0.69770539253685526
-9.9408114046733829	0.49343398456943383	0.49343398456943383
-35.468529345572293	0.79012331577691497	0.79012331577691497
-24.570319726397528	0.53323626878306007	0.53323626878306007
-13.841656003947307	-0.95665346763069647	-0.95665346763069647
-43.354628234820758	0.58725957850411925	0.58725957850411925
27.290834847826261	0.83244132362811096	0.83244132362811096
8.3411300461640536	0.88367130047151554	0.88367130047151554
15.657765067648839	0.050177120889069955	0.050177120889069955
-52.832672516615382	-0.54333335549630668	-0.54333335549630668
99.091301434620021	-0.99141440189997732	-0.99141440189997732
25.489380084820667	0.34912656543035997	0.34912656543035997
-95.437586785536965	-0.92829728573287607	-0.92829728573287607
78.738280281449249	-0.19716365761233132	-0.19716365761233132
-66.77074830528521	0.71547417272976443	0.71547417272976443
49.699635041366889	-0.53613134163310905	-0.53613134163310905
-59.623990580723337	-0.066221342020697738	-0.066221342020697738
-66.494137302405321	0.49748018277417644	0.49748018277417644
-73.928256279284511	0.99492106954156478	0.99492106954156478
84.330251380615437	0.4730507555486213	0.4730507555486213
29.28335656519522	-0.84631164369092149	-0.84631164369092149
53.438544805942229	-0.031464500881093642	-0.031464500881093642
94.5551900417708	0.3025914858013794	0.3025914858013794
-90.277180061943554	-0.73726078291484254	-0.73726078291484254
-27.532732771026375	-0.6754694171758997	-0.6754694171758997
-8.2289736721793787	-0.93051053806965067	-0.93051053806965067
16.341983644385522	-0.59238856265279383	-0.59238856265279383
-45.360735645113692	-0.98155620833356716	-0.98155620833356716
-53.840105040620308	0.41962298690574995	0.41962298690574995
21.885396367928948	0.10555520357322307	0.10555520357322307
-72.388707104890116	0.13169241598045722	0.13169241598045722
79.725480788002756	-0.92674889642441227	-0.92674889642441227
-97.374463001046891	-0.01490870788943348	-0.01490870788943348
-74.201112669335828	0.93098835246461031	0.93098835246461031
-52.756343284998657	-0.60576883846851359	-0.60576883846851359
-84.021242826743617	-0.71858036253649604	-0.71858036253649604
92.804487079301225	-0.99188239711206694	-0.99188239711206694
-51.575183651433996	-0.96610786134343984	-0.96610786134343984
63.926503686117059	0.88876815970603895	0.88876815970603895
-9.3816802868581703	-0.043084333478734908	-0.043084333478734908
-26.656966653000865	-0.99891577150149791	-0.99891577150149791
64.31859519064335	0.99646952439748593	0.99646952439748593
63.196509871409916	0.35662868182594426	0.35662868182594426
84.684756937021547	0.1378047842354648	0.1378047842354648
-26.668704537818641	-0.99939339177798892	-0.99939339177798892
50.979655525891332	0.65499278218670265	0.65499278218670265
18.731464476357502	-0.11781716070254712	-0.11781716070254712
-46.623311625005137	-0.47993285811135261	-0.47993285811135261
-47.733094134914253	0.57221511036774231	0.57221511036774231
28.849860311987584	-0.54427649104201503	-0.54427649104201503
91.206270708322364	-0.099916752092704703	-0.099916752092704703
1.287320607374312	0.96008910048047502	0.96008910048047502
-79.477918918446605	0.80643757102850377	0.80643757102850377
-79.842954995602653	0.96439302472481603	0.96439302472481603
45.306421795900775	0.9697304927924969	0.9697304927924969
64.043769630837886	0.93629086531344863	0.93629086531344863
-33.699157585283231	-0.7567725954152229	-0.7567725954152229
0.90227739577733246	0.78474052894667234	0.78474052894667234
63.447451108252721	0.57744687938060646	0.57744687938060646
23.307921365937418	-0.96790914288893759	-0.96790914288893759
29.500902722665842	-0.94133643329442196	-0.94133643329442196
-26.647912138508929	-0.99845330536679366	-0.99845330536679366
-75.025430107341592	0.36421854745975341	0.36421854745975341
-43.443688885370278	0.51294179082797309	0.51294179082797309
-27.732468564370222	-0.51573499566922798	-0.51573499566922798
-39.406068733720822	-0.99074446326370036	-0.99074446326370036
34.783190801942197	-0.22376099562783844	-0.22376099562783844
-20.763422014723403	-0.94172649766468752	-0.94172649766468752
-80.793633979482379	0.77566939217128905	0.77566939217128905
98.335473871622128	-0.81114170228121396	-0.81114170228121396
-88.921321288941954	-0.8173100462673395	-0.8173100462673395
57.656999202520126	0.89495549381504147	0.89495549381504147
53.172721983553942	0.23221384403044343	0.23221384403044343
26.170154211069104	0.86109174207659311	0.86109174207659311
77.258469668061167	0.95840110273406343	0.95840110273406343
-67.843715832395787	0.95549186542817022	0.95549186542817022
-36.97134949174049	0.66520052835881927	0.66520052835881927
-7.5952079299511297	-0.96670450827254462	-0.96670450827254462
84.151090024374128	0.62248322266143907	0.62248322266143907
27.243175826942647	0.85789460292257791	0.85789460292257791
21.255092815918758	0.67136997641501162	0.67136997641501162
-30.222526467508231	0.92962726761446235	0.92962726761446235
9.9772832462270173	-0.52482140367319174	-0.52482140367319174
67.625978202566131	-0.99666146015704649	-0.99666146015704649
-61.545655250051276	0.95977445860326993	0.95977445860326993
-67.285152974888319	0.96662375766897313	0.96662375766897313
-85.958807218999226	0.90687393831769758	0.90687393831769758
-70.145195173464685	-0.85737969940797931	-0.85737969940797931
52.224517297325036	0.92557732150599958	0.92557732150599958
-90.194802428838003	-0.79035272921176758	-0.79035272921176758
9.1469724643069981	0.27424594525487012	0.27424594525487012
82.489766696770175	0.72315383722052218	0.72315383722052218
97.294998487847977	0.094233747234075557	0.094233747234075557
22.025146623460529	-0.03399149917181836	-0.03399149917181836
-46.984822213833276	-0.13861976683590285	-0.13861976683590285
96.430090477945981	0.81877944544229631	0.81877944544229631
3.3852397985090192	-0.2412436480144757	-0.2412436480144757
-63.679096526050266	-0.74945827939433951	-0.74945827939433951
40.394735638454819	0.43133217988752043	0.43133217988752043
82.968036115526871	0.9598949057577072	0.9598949057577072
11.64216320637837	-0.79814350310634752	-0.79814350310634752
67.714165247660333	-0.9855977579717482	-0.9855977579717482
-33.146308282035861	-0.98729324877960956	-0.98729324877960956
-0.8902716222982292	-0.77724268120025175	-0.77724268120025175
-35.766118108782067	0.93512047472378257	0.93512047472378257
-66.983125287987178	0.84666137307862099	0.84666137307862099
74.535727599409967	-0.75946874087195171	-0.75946874087195171
-30.879777701555682	0.51082900890691818	0.51082900890691818
-48.911637039438375	0.97655831388875369	0.97655831388875369
-65.21882891598537	-0.68500955154270693	-0.68500955154270693
-82.160010286641011	-0.46053807850252598	-0.46053807850252598
-11.320930782769352	0.94753683414821921	0.94753683414821921
-61.368578178834781	0.99422513738150775	0.99422513738150775
4.5735455096548776	-0.99037671963664242	-0.99037671963664242
95.989264432926205	0.98546805153736339	0.98546805153736339
66.026941208569411	-0.053469971568857792	-0.053469971568857792
6.182280237657352	-0.10073392357905944	-0.10073392357905944
-17.513541722748101	0.97256504821643863	0.97256504821643863
76.703049889071707	0.96483796234251806	0.96483796234251806
-74.841692964787029	0.52824364311746796	0.52824364311746796
22.467750231497291	-0.45876220131549011	-0.45876220131549011
95.576956214751334	0.97095168923629116	0.97095168923629116
87.342111459165977	-0.58305409865076996	-0.58305409865076996
-35.90454951073221	0.97506867683159304	0.97506867683159304
-99.164409096511179	0.9792153096713625	0.9792153096713625
49.76962410973448	-0.4757867953059754	-0.4757867953059754
21.083546315185771	0.78802986884199333	0.78802986884199333
-97.065386112497151	-0.31834784507476582	-0.31834784507476582
-33.351267780237535	-0.9342861057918791	-0.9342861057918791
-12.92554768047934	-0.35150393287418658	-0.35150393287418658
73.78269760424584	-0.99899979128443972	-0.99899979128443972
-71.213039411248843	-0.86421681241030357	-0.86421681241030357
65.675291515987567	0.2937563531392246	0.2937563531392246
26.523308465480895	0.98380265308055115	0.98380265308055115
-8.1542866406453669	-0.95524630905555896	-0.95524630905555896
27.537619560182065	0.67185790649517285	0.67185790649517285
4.1568336261688614	-0.84960766903918039	-0.84960766903918039
-92.242421369807118	0.90705457049197225	0.90705457049197225
-93.656282273410753	0.55760459473050061	0.55760459473050061
86.509741753272863	-0.99328604633375761	-0.99328604633375761
44.082710370194036	0.10024456367023558	0.10024456367023558
59.858270319892682	-0.16722060475685846	-0.16722060475685846
87.200957914471957	-0.69155266795033443	-0.69155266795033443
-72.361442225779015	0.10461940001721361	0.10461940001721361
46.409447139648279	0.65519647439723405	0.65519647439723405
95.598623142889181	0.97590775051458767	0.97590775051458767
96.093645951765865	0.96240618229199781	0.96240618229199781
57.998852668123277	0.99273525545203611	0.99273525545203611
15.660063557016969	0.047881396324944279	0.047881396324944279
-38.549997953159753	-0.75186492783411762	-0.75186492783411762
-34.5014125085968	-0.056077248596055576	-0.056077248596055576
78.750276128597704	-0.20890956550779652	-0.20890956550779652
4.6167276019462662	-0.99542793854923273	-0.99542793854923273
64.611314123885194	0.97830839397866709	0.97830839397866709
72.204538604482281	0.052068871427699739	0.052068871427699739
92.446996279079542	-0.97366935821615608	-0.97366935821615608
-8.0789407105626907	-0.97480323652621537	-0.97480323652621537
-95.620494600471645	-0.98044595374544419	-0.98044595374544419
12.949958220874407	0.37424975852169945	0.37424975852169945
-38.319404194961237	-0.58127307460341038	-0.58127307460341038
91.276271235000053	-0.16926541443331092	-0.16926541443331092
66.357116388700888	-0.3743267781224307	-0.3743267781224307
-46.645642948261248	-0.4602234365011168	-0.4602234365011168
-10.981537666931303	0.99990148825807268	0.99990148825807268
5.594722588557957	-0.6353508084089351	-0.6353508084089351
-24.133046901660606	0.84130578970310466	0.84130578970310466
69.165616142587908	0.050556202455169348	0.050556202455169348
-19.866707484550844	-0.8506137922049043	-0.8506137922049043
4.7827550132192727	-0.99752533204922278	-0.99752533204922278
57.720694254302629	0.92153934495496692	0.92153934495496692
-12.861690643272951	-0.29104603958015285	-0.29104603958015285
81.423509772234269	-0.25504981442755503	-0.25504981442755503
-2.5736633268473241	-0.53788759125855401	-0.53788759125855401
-9.7185913847994243	0.28960432728459323	0.28960432728459323
-35.161334224341701	0.56778704085733556	0.56778704085733556
-77.950339690502815	-0.55592607330585619	-0.55592607330585619
26.350235531133052	0.93823533682768445	0.93823533682768445
29.733041096845852	-0.99372458992441626	-0.99372458992441626
62.337504555106136	-0.47445826557452681	-0.47445826557452681
-48.688980568782611	0.99998372332609076	0.99998372332609076
-5.0139434932314373	0.95487594506294926	0.95487594506294926
-27.801002208266723	-0.45585418127739252	-0.45585418127739252
-38.157676313218559	-0.44266133985986045	-0.44266133985986045
-26.696482781452772	-0.99997511518468751	-0.99997511518468751
42.944633019504863	-0.8612194112265702	-0.8612194112265702
15.97573122871961	-0.26457959959860605	-0.26457959959860605
-74.79185139063631	0.56989025630249712	0.56989025630249712
25.379606160152463	0.24436514153097938	0.24436514153097938
-82.316090321480075	-0.59292093055048789	-0.59292093055048789
-38.900159728269379	-0.93241828350386202	-0.93241828350386202
28.585592576442224	-0.30625709115119953	-0.30625709115119953
-37.621907340768921	0.077127828471052332	0.077127828471052332
-76.988054020002224	-0.99981885875672249	-0.99981885875672249
-60.158953751605601	0.45172091658246022	0.45172091658246022
-8.4272908770481223	-0.84011059493969109	-0.84011059493969109
-98.948807918260869	0.99993546828471647	0.99993546828471647
59.05533688463845	0.59311595166124598	0.59311595166124598
-82.405282156209168	-0.66229158489277196	-0.66229158489277196
-50.351332678450355	-0.085744803454173291	-0.085744803454173291
-37.824112927948342	-0.12467580979145397	-0.12467580979145397
-35.628968795723566	0.87789557345121283	0.87789557345121283
-69.932716459638982	-0.72955979762149836	-0.72955979762149836
-1.9308107186691217	-0.93589175369455269	-0.93589175369455269
36.303217295651677	-0.98474363516606067	-0.98474363516606067
-76.487837718385293	-0.88644834396742589	-0.88644834396742589
-84.806286320690106	-0.016714547862223782	-0.016714547862223782
-56.84066781260114	-0.28786818562760791	-0.28786818562760791
-9.6946534826380315	0.2666114662224377	0.2666114662224377
41.859452673881435	-0.85145219304511321	-0.85145219304511321
18.336970939335686	-0.49043164235875364	-0.49043164235875364
-82.000063866923966	-0.31328943478753951	-0.31328943478753951
33.436651476760431	0.90047815047854651	0.90047815047854651
-19.160063897107946	-0.30554235925131779	-0.30554235925131779
6.5409808057033842	0.25494952080111954	0.25494952080111954
-22.41142214668325	0.40801023295875227	0.40801023295875227
-56.224497822568928	0.31852207092426954	0.31852207092426954
80.053369021895918	-0.99836202992702439	-0.99836202992702439
68.96303388931932	-0.15141981232482218	-0.15141981232482218
2.3216744261824118	0.73109004028560154	0.73109004028560154
38.669687794945673	0.82521116182571885	0.82521116182571885
-24.269537854419255	0.75992867240018602	0.75992867240018602
30.313369489565275	-0.8923643115244605	-0.8923643115244605
25.621651103478271	0.46966375540281585	0.46966375540281585
-15.235554121238707	-0.45503288783717916	-0.45503288783717916
75.622489359925936	0.2223904851619051	0.2223904851619051
84.003357586390337	0.73090295396436922	0.73090295396436922
47.165708415109208	-0.041806423622964953	-0.041806423622964953
10.537898526000134	-0.89708191757576772	-0.89708191757576772
-93.449472946241642	0.71617530266430451	0.71617530266430451
-16.55246681383737	0.74764150788937134	0.74764150788937134
48.72921323448108	-0.99940399876255925	-0.99940399876255925
-63.543593538934559	-0.65315268700394657	-0.65315268700394657
3.2685265520054685	-0.12659330854649586	-0.12659330854649586
-97.612160858748197	0.22095015620042938	0.22095015620042938
59.890662013419757	-0.19906290481066841	-0.19906290481066841
-57.245168481731476	-0.64153734931167294	-0.64153734931167294
5.4706089235252193	-0.72606118107902418	-0.72606118107902418
60.574833911293894	-0.7736448143977569	-0.7736448143977569
-58.257731358499868	-0.99045630054520495	-0.99045630054520495
33.24213063333795	0.96756035696839338	0.96756035696839338
-14.59371413605858	-0.89758001946335642	-0.89758001946335642
67.145069742744198	-0.92138299635694354	-0.92138299635694354
-9.288206246108814	-0.13614755827725486	-0.13614755827725486
99.275583381869524	-0.95066778717500611	-0.95066778717500611
38.046255445965329	0.34021319074851925	0.34021319074851925
9.2027473253766487	0.22021086368664583	0.22021086368664583
-4.0165456839982738	0.76751339402878982	0.76751339402878982
-63.012887537749194	-0.18004723025635347	-0.18004723025635347
90.613374072869675	0.47310592057307832	0.47310592057307832
-45.895731729783527	-0.94187156235496083	-0.94187156235496083
-41.294327842851274	0.43822530329511722	0.43822530329511722
-52.54911862132036	-0.75650771879107614	-0.75650771879107614
-31.760616291468509	-0.3379046975596498	-0.3379046975596498
43.167283568737474	-0.727734913667483	-0.727734913667483
-39.536312161731189	-0.96472383133021622	-0.96472383133021622
86.267891364319325	-0.99208422819583797	-0.99208422819583797
31.990707306114473	0.54365080166956403	0.54365080166956403
-39.884072362492041	-0.81725538774745254	-0.81725538774745254
94.87174876898456	0.58426099004269194	0.58426099004269194
-58.30899238388043	-0.98209321202508071	-0.98209321202508071
83.986467334035751	0.74232543534371642	0.74232543534371642
-73.438446384641125	0.92529600117827637	0.92529600117827637
33.826688609620135	0.66748833176466471	0.66748833176466471
-29.209765509524772	0.80485531134934218	0.80485531134934218
-40.074972429162457	-0.69306491352549959	-0.69306491352549959
-59.418625961108972	-0.26830632188924131	-0.26830632188924131
3.3670199538716048	-0.2235228715477324	-0.2235228715477324
-78.698318615443583	0.15783943418434948	0.15783943418434948
-16.668211336323367	0.81933381526449856	0.81933381526449856
-77.032652506492198	-0.99797613592243972	-0.99797613592243972
30.216112179138918	-0.93197180063905161	-0.93197180063905161
-61.344560871577954	0.99651555586316676	0.99651555586316676
-78.919227360722488	0.37037344111999404	0.37037344111999404
60.766988186593949	-0.88041079228708807	-0.88041079228708807
-69.067719860466923	0.047300862458694498	0.047300862458694498
20.288207514499362	0.99128158266259925	0.99128158266259925
-20.609072936846275	-0.98224504081264741	-0.98224504081264741
10.86143536420181	-0.99101685640932569	-0.99101685640932569
-63.198731709639148	-0.35870354380585762	-0.35870354380585762
2.1893801803633721	0.81470047115212285	0.81470047115212285
36.948239759301231	-0.68227659473090285	-0.68227659473090285
14.893150809502487	0.72759695697856297	0.72759695697856297
-5.2722306982650906	0.84733917767713551	0.84733917767713551
-7.8071307131433372	-0.99890269634659712	-0.99890269634659712
-5.9858960057951549	0.29292949481037228	0.29292949481037228
-9.3490324011331722	-0.075673150111145865	-0.075673150111145865
75.573167659438212	0.17405296632541695	0.17405296632541695
42.895179085498626	-0.88529038145715122	-0.88529038145715122
36.235490087606706	-0.99426230090660672	-0.99426230090660672
16.039559594926132	-0.32555280779516338	-0.32555280779516338
-12.116092416164562	0.43521602003430337	0.43521602003430337
88.31296836166868	0.34136999228873144	0.34136999228873144
28.595110938190459	-0.31530407453708287	-0.31530407453708287
-27.300931305513984	-0.82680440962894941	-0.82680440962894941
20.502074238268818	0.99666261618950791	0.99666261618950791
2.0213476080087815	0.90020717720930399	0.90020717720930399
53.461773847750038	-0.054671464806393996	-0.054671464806393996
-28.382447666263701	0.10790329072428503	0.10790329072428503
-21.992398661972857	0.0012500865187153149	0.0012500865187153149
-57.617940009344743	-0.87685085907200933	-0.87685085907200933
0.87856777874530678	0.76982554730786867	0.76982554730786867
65.657260623142491	0.31094304432176173	0.31094304432176173
20.0061340296662	0.91543124717224766	0.91543124717224766
-61.120220071482258	0.99009889761076109	0.99009889761076109
79.08097228087081	-0.51512710867702405	-0.51512710867702405
-46.368831004945697	-0.68533148903931762	-0.68533148903931762
-44.048925681759279	-0.06657924442389633	-0.06657924442389633
74.742787894881189	-0.60950478884134196	-0.60950478884134196
-92.304740197495136	0.93151386724652652	0.93151386724652652
-69.083525724837898	0.031507438803457341	0.031507438803457341
-23.834367822097107	0.96312179909185336	0.96312179909185336
42.191407964743973	-0.97587718060009865	-0.97587718060009865
39.498917294151056	0.97389181437181094	0.97389181437181094
8.7121238724964201	0.65384423220287691	0.65384423220287691
66.329668492016822	-0.34873662793716897	-0.34873662793716897
8.6903205958649892	0.67018451352771413	0.67018451352771413
-52.613871815011038	-0.71260424895513574	-0.71260424895513574
-11.532785059251566	0.85913938577238858	0.85913938577238858
75.50501426084287	0.10658771307332492	0.10658771307332492
-28.889898574608708	0.57741965594814548	0.57741965594814548
-42.992934408197399	0.83567615189967137	0.83567615189967137
-63.487448017201039	-0.60963095571347747	-0.60963095571347747
-58.980075144580738	-0.65197426428728644	-0.65197426428728644
43.19861806720715	-0.70589016358025947	-0.70589016358025947
-99.322585077543167	0.93504282498642255	0.93504282498642255
17.66345764208377	-0.92691179150121172	-0.92691179150121172
-86.385146606859792	0.99996257715914483	0.99996257715914483
96.872413445479111	0.49423864616710134	0.49423864616710134
-36.284652915724138	0.98780417938022613	0.98780417938022613
-78.982294492723554	0.42818026790228386	0.42818026790228386
-67.684412902946619	0.99019214071252259	0.99019214071252259
-25.139403342609029	-0.0066620646091799995	-0.0066620646091799995
38.877521332971668	0.92399897838271783	0.92399897838271783
-50.042240151809168	0.22139262825538425	0.22139262825538425
-10.442145439016087	0.85072729866377306	0.85072729866377306
4.8677625194236498	-0.98795379485233514	-0.98795379485233514
-41.852399935012052	0.84773236413357422	0.84773236413357422
12.795711141283817	0.22733536723559569	0.22733536723559569
-39.1693318809765	-0.99494646716689483	-0.99494646716689483
-92.759970309543164	0.99655855227898504	0.99655855227898504
40.000510301702548	0.74477272384911741	0.74477272384911741
83.11828987415609	0.99104671886219908	0.99104671886219908
-40.455678083331904	-0.37558361645434929	-0.37558361645434929
0.64506103425776473	0.60124720985537972	0.60124720985537972
18.537853536796518	-0.30667943175203521	-0.30667943175203521
-46.74589118641542	-0.36906111457343488	-0.36906111457343488
21.927291382361361	0.063813802765223068	0.063813802765223068
-96.355612357724652	-0.85922859407821106	-0.85922859407821106
-80.85531869445056	0.73528717540499011	0.73528717540499011
64.57260468653746	0.98559233041459271	0.98559233041459271
-91.753966437437882	0.60341719785245318	0.60341719785245318
-54.718667646812754	0.96659436163896273	0.96659436163896273
-82.483688163265299	-0.7189421393134463	-0.7189421393134463
69.171264373351164	0.05619637393365317	0.05619637393365317
-84.013469623203065	-0.72396442616103895	-0.72396442616103895
62.130427900347115	-0.6453070638772509	-0.6453070638772509
-17.719744353183629	0.9043317771136451	0.9043317771136451
-13.402238960881206	-0.74187904698237772	-0.74187904698237772
-31.218292651898011	0.19634982562251066	0.19634982562251066
-14.673006330087517	-0.85984037133735325	-0.85984037133735325
-14.991702538099531	-0.65656886400113601	-0.65656886400113601
-89.871299327499003	-0.94411116714987653	-0.94411116714987653
52.615384202332365	0.71154239450309853	0.71154239450309853
-2.525316301419096	-0.5780005426100181	-0.5780005426100181
34.928681612542732	-0.36269894620993509	-0.36269894620993509
-57.428133498057356	-0.77039836036569787	-0.77039836036569787
-51.256334299405893	-0.83649307227058367	-0.83649307227058367
-55.62479818501842	0.79793992698293226	0.79793992698293226
-46.561431968360843	-0.53326700506662206	-0.53326700506662206
78.191681681924422	0.34114496037144493	0.34114496037144493
-58.317774866314522	-0.98040077660059632	-0.98040077660059632
29.376701803216008	-0.89227894027666033	-0.89227894027666033
-84.674134900854028	-0.14831750804485352	-0.14831750804485352
-34.093210425863816	-0.44780485238501883	-0.44780485238501883
-99.070954478643486	0.99386951728916317	0.99386951728916317
31.31879848221422	-0.096975410311444021	-0.096975410311444021
-38.424956281762199	-0.66376726802240082	-0.66376726802240082
1.9638334341066042	0.92375012293010172	0.92375012293010172
-61.372500230537213	0.99379659909389806	0.99379659909389806
57.779393568941174	0.94273114485055765	0.94273114485055765
79.71312225965238	-0.92203537412078407	-0.92203537412078407
-37.500708761162535	0.19710399209960452	0.19710399209960452
28.677143323219269	-0.39200446851244775	-0.39200446851244775
54.518722993341697	-0.89643021905627263	-0.89643021905627263
36.562205595203039	-0.90733721589314209	-0.90733721589314209
64.802753128224197	0.92102059482582388	0.92102059482582388
-50.289057387918298	-0.023572746806901666	-0.023572746806901666
80.224573199032221	-0.99351352306905805	-0.99351352306905805
91.562549558753858	-0.44068588010798171	-0.44068588010798171
85.525787561366315	-0.64634596938877598	-0.64634596938877598
-81.811711661456769	-0.12993425085371221	-0.12993425085371221
-24.551082785053751	0.54941040868634106	0.54941040868634106
33.174758256840846	0.98237337306030714	0.98237337306030714
7.1728964133639863	0.77688988186034902	0.77688988186034902
31.514171504921762	0.09808700066170345	0.09808700066170345
-15.738377112801942	0.030409156258818543	0.030409156258818543
78.747008606887761	-0.20571303223754056	-0.20571303223754056
-79.834603624710368	0.96215070550272841	0.96215070550272841
38.05097896776752	0.34465113472443398	0.34465113472443398
-53.127559079530734	-0.2758904956545204	-0.2758904956545204
-55.674874685518773	0.76676931089314726	0.76676931089314726
-75.181002042935631	0.21551739298792486	0.21551739298792486
92.913430247178383	-0.97217640741974931	-0.97217640741974931
40.270436044475588	0.53985803944853394	0.53985803944853394
93.042057931516609	-0.93409711207657176	-0.93409711207657176
31.648744618791198	0.2307204872633693	0.2307204872633693
68.343070830460817	-0.69754641433227094	-0.69754641433227094
74.971098238227569	-0.41425621433712345	-0.41425621433712345
39.765850106200531	0.87952086995956291	0.87952086995956291
11.096624587056397	-0.99489876150156709	-0.99489876150156709
-19.115226899165719	-0.26255676461976191	-0.26255676461976191
45.314616069707171	0.97169877306474195	0.97169877306474195
-78.172020835438772	-0.35955924332175276	-0.35955924332175276
-98.322091955601636	0.80324289987993025	0.80324289987993025
17.464851484406395	-0.98273481541216123	-0.98273481541216123
77.997404300362092	0.51620332116152634	0.51620332116152634
-65.73109024773602	-0.23998992978197398	-0.23998992978197398
-35.770829311710827	0.93677941105954732	0.93677941105954732
-4.1839833965547086	0.86361200400911153	0.86361200400911153
67.666065955672764	-0.99258864111195511	-0.99258864111195511
-99.189670343594329	0.97377986268913463	0.97377986268913463
-92.589972730657522	0.99621696970221063	0.99621696970221063
35.560512213763985	-0.84308435128395687	-0.84308435128395687
-52.497293012755449	-0.78936998468777275	-0.78936998468777275
-36.376091174848881	0.9694603351937976	0.9694603351937976
-0.29130642831034947	-0.28720385765076623	-0.28720385765076623
-31.183967038262196	0.22988498163861931	0.22988498163861931
-11.120213226733838	0.99224261771723599	0.99224261771723599
-76.026222876444621	-0.5875268704926444	-0.5875268704926444
-48.222465687607333	0.89056048294524115	0.89056048294524115
26.942727186695066	0.97153028268975039	0.97153028268975039
4.406776642779036	-0.95366289294936246	-0.95366289294936246
-52.39432019005843	-0.84829386346697133	-0.84829386346697133
-41.714468999317077	0.76675096670800058	0.76675096670800058
94.564647523460962	0.31159193725074913	0.31159193725074913
-34.663652651171589	0.10593432047754933	0.10593432047754933
-7.1816533403979435	-0.78237370497395953	-0.78237370497395953
76.191881145937771	0.71292280141664865	0.71292280141664865
-86.048380473696909	0.94093417347261255	0.94093417347261255
-56.173273085643821	0.3666397523411844	0.3666397523411844
30.673061938956437	-0.67640055693675405	-0.67640055693675405
38.943542093571267	0.94721364214946235	0.94721364214946235
87.887523988018273	-0.076994037687319772	-0.076994037687319772
91.536627537186149	-0.41727123688769602	-0.41727123688769602
19.74296929224586	0.77921563306336517	0.77921563306336517
6.8274330766493421	0.51777469103617979	0.51777469103617979
-95.25340789623742	-0.84449861816208716	-0.84449861816208716
-62.326474889581903	0.48413838113891056	0.48413838113891056
94.706473803813793	0.44277765997690055	0.44277765997690055
29.837285831617692	-0.99996923302870278	-0.99996923302870278
-0.90070979409881602	-0.78376792735463774	-0.78376792735463774
97.156096795995325	0.23116550536467578	0.23116550536467578
71.235042144056848	0.85293851614356131	0.85293851614356131
-16.442611829983392	0.67032640674083943	0.67032640674083943
-51.854973966113214	-0.99982525017702706	-0.99982525017702706
-87.903913017583079	0.060644049500501729	0.060644049500501729
-18.925161979568955	-0.075534047765505555	-0.075534047765505555
-24.174845238525279	0.81798306429473311	0.81798306429473311
75.015934762555531	-0.37304513829977609	-0.37304513829977609
-64.401585979093227	-0.99999943456953944	-0.99999943456953944
-52.347680846584929	-0.87205919511918362	-0.87205919511918362
-61.084964577847202	0.98453579644848099	0.98453579644848099
-11.198897100098662	0.97940102762015002	0.97940102762015002
74.861515463421114	-0.51130982527957158	-0.51130982527957158
-89.127406383109488	-0.91792245808264106	-0.91792245808264106
-85.613225883821741	0.71051108264700513	0.71051108264700513
-5.5961406708232317	0.63425509329560814	0.63425509329560814
86.238767391127169	-0.98800680896858761	-0.98800680896858761
69.013970397802638	-0.10089600522602751	-0.10089600522602751
6.1203891135659632	-0.16207805881186824	-0.16207805881186824
-84.196593080143231	-0.58623898783957218	-0.58623898783957218
-26.311362621788618	-0.92407998833868132	-0.92407998833868132
8.9675275883568588	0.44148262117998949	0.44148262117998949
-96.283091519866048	-0.8940386832893964	-0.8940386832893964
22.886338187820471	-0.78032767345084286	-0.78032767345084286
51.162548487220249	0.78149975560332907	0.78149975560332907
-85.9165842895504	0.88827814062660548	0.88827814062660548
-14.654788099312015	-0.86899872238040443	-0.86899872238040443
-43.230644331980749	0.68284717715481391	0.68284717715481391
51.282945813670636	0.85077768892619399	0.85077768892619399
62.158320942886718	-0.6237506667592464	-0.6237506667592464
23.981648087815287	-0.91320992914481469	-0.91320992914481469
71.406397097844319	0.75143477755485188	0.75143477755485188
-84.838135630526679	0.015133405900684365	0.015133405900684365
24.941123600850474	-0.19044716460544769	-0.19044716460544769
7.1445463708009811	0.7587298695748973	0.7587298695748973
-54.900108782993364	0.99697800805737646	0.99697800805737646
-30.607859743991952	0.7229528778125478	0.7229528778125478
-27.537125801287658	-0.67222354194982714	-0.67222354194982714
1.666878800107213	0.99538762918935975	0.99538762918935975
-27.336803568073947	-0.80609904800795762	-0.80609904800795762
-48.821013764625143	0.99203127043542161	0.99203127043542161
3.7663526598020809	-0.58490262998165632	-0.58490262998165632
88.894111897280482	0.80133145057503352	0.80133145057503352
76.828733616448403	0.99017599094311537	0.99017599094311537
67.207551209816359	-0.94385306304744421	-0.94385306304744421
19.220309939889304	0.3623183210285722	0.3623183210285722
-20.793972874613928	-0.93101196322778756	-0.93101196322778756
38.295855059606112	0.5619515442810239	0.5619515442810239
-77.774822167575849	-0.69253279445716254	-0.69253279445716254
25.261005318998969	0.12791268623691826	0.12791268623691826
11.553193278786765	-0.84851746718874133	-0.84851746718874133
30.901464832100771	-0.49206630243182453	-0.49206630243182453
62.595684857318133	-0.23397893170403991	-0.23397893170403991
0.87280363740187283	0.766133790525655	0.766133790525655
-53.558603552467467	0.15094923602267626	0.15094923602267626
59.951848131664178	-0.25861457759294526	-0.25861457759294526
-14.714854152588941	-0.8377278751651005	-0.8377278751651005
77.324327984165791	0.93753939652750418	0.93753939652750418
-87.045713528355563	0.79492307107828974	0.79492307107828974
-76.964698701376307	-0.99999066314767127	-0.99999066314767127
11.845054045499495	-0.66037390422373832	-0.66037390422373832
39.974208644192942	0.76206468168798436	0.76206468168798436
3.5749068262870054	-0.41988097698649279	-0.41988097698649279
-75.398882502113764	-0.00065881591106800314	-0.00065881591106800314
-96.221620174937655	-0.91987124484772742	-0.91987124484772742
-6.0487288492203533	0.23231434871335577	0.23231434871335577
35.279287416096196	-0.66071300334926075	-0.66071300334926075
-79.4394433648676	0.78309501024685335	0.78309501024685335
18.541268763383272	-0.30342699295806674	-0.30342699295806674
39.409729000002699	0.99024098224029533	0.99024098224029533
82.81806362486509	0.90723140675836433	0.90723140675836433
27.696960661725555	0.54582484577310675	0.54582484577310675
94.095237034519272	-0.15195166954891243	-0.15195166954891243
-57.578072248003096	-0.85699225401549761	-0.85699225401549761
-90.686807963722458	-0.40719333745457104	-0.40719333745457104
58.488628426228985	0.93262920945770456	0.93262920945770456
80.331473418618344	-0.97570924623378918	-0.97570924623378918
58.112380735194336	0.99997491313724518	0.99997491313724518
27.88616517484644	0.37849399950404883	0.37849399950404883
24.457394888785004	-0.62516766923707145	-0.62516766923707145
-83.069211820717598	-0.98330336053833589	-0.98330336053833589
73.43225747963163	-0.92293117993435292	-0.92293117993435292
89.059957717517136	0.88909465200575566	0.88909465200575566
83.729701884276921	0.88814817663392731	0.88814817663392731
-82.96757995085791	-0.95976691553232452	-0.95976691553232452
-66.475235386490112	0.48099534537009375	0.48099534537009375
-30.224775085045337	0.92879629979753731	0.92879629979753731
-75.195258766001018	0.2015742724608755	0.2015742724608755
69.715618502183673	0.56512117469974543	0.56512117469974543
-92.46968868261159	0.97859130260727067	0.97859130260727067
-35.789774285957037	0.94324014311761961	0.94324014311761961
-31.291129404660083	0.12447344490850874	0.12447344490850874
43.076600344046994	-0.78685537114584525	-0.78685537114584525
83.014468058903475	0.9718733467248214	0.9718733467248214
60.639911130978277	-0.81321228070074825	-0.81321228070074825
-43.848331363645663	0.13356543578785249	0.13356543578785249
-89.827751594698498	-0.95756608155704925	-0.95756608155704925
-84.125423394434421	-0.6423635452629527	-0.6423635452629527
-28.366322399015402	0.091858838843293225	0.091858838843293225
3.2718131095196554	-0.12985273516705639	-0.12985273516705639
37.946436508234314	0.24481091179884104	0.24481091179884104
-40.072392000421921	-0.69492277107078837	-0.69492277107078837
71.506982375702847	0.68138164409425828	0.68138164409425828
94.286698056049289	0.03890862448993318	0.03890862448993318
82.009002528547768	0.32176547472770844	0.32176547472770844
93.153064679946453	-0.88879763637834153	-0.88879763637834153
-46.528955816613617	-0.56045408490386106	-0.56045408490386106
78.717025380506016	-0.17628301207587332	-0.17628301207587332
-52.551374785718188	-0.75503029748542838	-0.75503029748542838
-15.731750701173112	0.023785189966230212	0.023785189966230212
-40.122818034956921	-0.65779423020992933	-0.65779423020992933
-55.183867639456572	0.97885770479679546	0.97885770479679546
-29.193032271657259	0.79481240434044453	0.79481240434044453
44.929119852711437	0.81156322184583551	0.81156322184583551
20.969370600331459	0.8530372060908904	0.8530372060908904
-13.926403572243373	-0.97787149796794648	-0.97787149796794648
-6.0972141553625363	0.18490102696055696	0.18490102696055696
-63.967622881598615	-0.9068588674442013	-0.9068588674442013
21.029273816354419	0.82026533968292248	0.82026533968292248
35.682772352779409	-0.90237672325030827	-0.90237672325030827
72.720446765775705	-0.447363964043416	-0.447363964043416
-99.768093857360867	0.69099964874765352	0.69099964874765352
23.122232674294452	-0.90487419936546598	-0.90487419936546598
57.386048043269795	0.74289200013902901	0.74289200013902901
22.839767932620902	-0.75036848860886129	-0.75036848860886129
61.59715667404592	-0.94404811565206159	-0.94404811565206159
-91.000970008749022	-0.10502291690285306	-0.10502291690285306
-77.091096627037416	-0.99255789931992633	-0.99255789931992633
-0.14720816218604682	-0.14667706518811041	-0.14667706518811041
-91.662423466881535	0.52799380985094591	0.52799380985094591
-9.6175578041643917	0.19158797974172259	0.19158797974172259
35.071316577335836	-0.49148786851423637	-0.49148786851423637
-29.959051621277112	0.99351797083768678	0.99351797083768678
71.015252719286678	0.94623077196421712	0.94623077196421712
15.343140412219356	0.35678381420510102	0.35678381420510102
28.920318125450166	-0.60198465565163373	-0.60198465565163373
87.682262720453934	-0.27859567305964655	-0.27859567305964655
36.376961185806721	-0.96924659973529781	-0.96924659973529781
22.818487769130741	-0.73613304752430064	-0.73613304752430064
74.080556865315771	-0.96813342614351194	-0.96813342614351194
-84.261175597563735	-0.53273244110655105	-0.53273244110655105
45.468641682062866	0.99643606611322244	0.99643606611322244
-90.544716191332554	-0.53243173423104562	-0.53243173423104562
73.731772097003756	-0.99542852271151838	-0.99542852271151838
-23.029944833665994	0.86179424426869122	0.86179424426869122
-55.366133241825239	0.92556850428026105	0.92556850428026105
-81.399952363049877	0.2777552573440753	0.2777552573440753
-41.360878417443026	0.49703106211296078	0.49703106211296078
-44.367756675500239	-0.37598498435544181	-0.37598498435544181
68.487269563604059	-0.58734043444691308	-0.58734043444691308
-39.739744787624907	-0.89164226987451611	-0.89164226987451611
-49.884241945940303	0.37207220287530995	0.37207220287530995
-81.823684731710202	-0.14179622389610852	-0.14179622389610852
-79.617995472672249	0.88109811897025869	0.88109811897025869
-94.669549017109276	-0.40937544207467075	-0.40937544207467075
45.037740828560345	0.87011897651484649	0.87011897651484649
-72.251898778348789	-0.004732236553944019	-0.004732236553944019
79.033264273557592	-0.47366530998491935	-0.47366530998491935
56.074674794888978	-0.45644267074263328	-0.45644267074263328
74.334347579561012	-0.87424384468575056	-0.87424384468575056
-54.37940460463701	0.82620033565647466	0.82620033565647466
-87.714385187500682	0.24760656604012449	0.24760656604012449
56.51975353872939	-0.028910197183405678	-0.028910197183405678
-7.2111646020995295	-0.80041025893450157	-0.80041025893450157
27.26266822768298	0.84771656575175369	0.84771656575175369
34.266295888200915	0.28712423181959379	0.28712423181959379
-58.516385654587388	-0.92225542753458689	-0.92225542753458689
-0.0037007111341864629	-0.0037007026871569313	-0.0037007026871569313
-17.87377846213839	0.82813792335238234	0.82813792335238234
-61.163241860932096	0.99521993725561442	0.99521993725561442
-43.420727657697377	0.53251530373069855	0.53251530373069855
79.638883489624504	-0.89078383515789417	-0.89078383515789417
21.809770278626473	0.18038543126552037	0.18038543126552037
-37.530658683673494	0.16765760474413005	0.16765760474413005
9.097011250355294	0.32192943554220216	0.32192943554220216
-56.030893710094119	0.49494719028176182	0.49494719028176182
-33.893761969013852	-0.6160806923863611	-0.6160806923863611
68.547544158512977	-0.53752073855013727	-0.53752073855013727
-37.59286007419567	0.10605196123456363	0.10605196123456363
71.852126084811431	0.39356370840076033	0.39356370840076033
-74.648255727583617	0.68161531531680053	0.68161531531680053
-84.958984771731082	0.13556442548700598	0.13556442548700598
-72.908523517258459	0.60669189750328723	0.60669189750328723
-5.565681926825917	0.65750564596035554	0.65750564596035554
63.89123651492369	0.87205389911275999	0.87205389911275999
-60.263116117855695	0.5420340614323087	0.5420340614323087
-1.9181691724167962	-0.94027031554196761	-0.94027031554196761
-35.447700840205314	0.77718606785196953	0.77718606785196953
28.792376030419859	-0.49518012519339144	-0.49518012519339144
43.513460106382581	-0.45184912455391812	-0.45184912455391812
-65.865804851235367	-0.10743313000401815	-0.10743313000401815
-83.685014534740191	-0.90779108503212447	-0.90779108503212447
33.121200601634342	0.99097148734219886	0.99097148734219886
-13.865810617951496	-0.96340823595795366	-0.96340823595795366
-62.002410636057768	0.73755496982114221	0.73755496982114221
38.26866458644048	0.53925544897406019	0.53925544897406019
-89.293531282752753	-0.97089432498624073	-0.97089432498624073
-48.253778676274997	0.90436477012599481	0.90436477012599481
-94.646500591381141	-0.38823997207223532	-0.38823997207223532
-21.825415926696508	-0.16497498470404601	-0.16497498470404601
31.606344276469741	0.18926910149664927	0.18926910149664927
6.85268084087663	0.53920726941512054	0.53920726941512054
-35.848899960683383	0.96121678867662319	0.96121678867662319
86.03593953022596	-0.9366490921434093	-0.9366490921434093
44.628959594666895	0.6025260660702364	0.6025260660702364
69.662246366693864	0.52030493582812964	0.52030493582812964
90.471407855553508	0.5929996583797783	0.5929996583797783
-71.362716765926109	-0.77952947479518553	-0.77952947479518553
40.055940977261457	0.70665787774482369	0.70665787774482369
-25.191761759283608	-0.058986270953624589	-0.058986270953624589
-63.536623802599237	-0.64785919843677919	-0.64785919843677919
63.0550976173555	0.2213948126024731	0.2213948126024731
91.34916171272323	-0.2405910664414542	-0.2405910664414542
-13.129115084133005	-0.53350946056842385	-0.53350946056842385
-9.9116735001584999	0.46788445709776594	0.46788445709776594
-37.0398529231338	0.61253123617786931	0.61253123617786931
81.708204125263023	0.026791925652740921	0.026791925652740921
30.229230601519021	-0.92713591344918833	-0.92713591344918833
-39.800523571133219	-0.86249580129825631	-0.86249580129825631
8.9820775087104892	0.42838114751986467	0.42838114751986467
-16.402507671727633	0.64003545071720058	0.64003545071720058
4.0721889830212916	-0.80197630432989075	-0.80197630432989075
86.522590266408571	-0.99171773065383606	-0.99171773065383606
-86.925023897855453	0.86218667679341709	0.86218667679341709
-45.00450350316941	-0.853260676976063	-0.853260676976063
17.240320909485504	-0.99926132469592288	-0.99926132469592288
36.622308678430699	-0.88044654358077346	-0.88044654358077346
-66.625840416459098	0.60709104344649267	0.60709104344649267
-47.110305585335574	-0.01358380073029165	-0.01358380073029165
85.040310761335292	-0.21560280778194854	-0.21560280778194854
7.3267990025512404	0.86422791808892618	0.86422791808892618
9.9132833027372698	-0.46930657707843154	-0.46930657707843154
-31.111188823498054	0.30004298265475554	0.30004298265475554
88.001524189033631	0.036921494825574282	0.036921494825574282
-4.7991241477592013	0.99624086291930325	0.99624086291930325
-43.816629067812904	0.16491130307159127	0.16491130307159127
94.988076464449279	0.67450710129484359	0.67450710129484359
-40.274428765358131	-0.53649284814787535	-0.53649284814787535
-6.9359579792959352	-0.60739135601089789	-0.60739135601089789
-30.449285957121234	0.82298198296153391	0.82298198296153391
-48.657090247836585	0.99929335803754504	0.99929335803754504
-47.754684143229241	0.58978642007882653	0.58978642007882653
17.117308723228007	-0.98699509413835795	-0.98699509413835795
-23.253334485969305	0.95275655491237998	0.95275655491237998
30.385817281332152	-0.85735523038125394	-0.85735523038125394
52.47587261774251	0.80233825249197932	0.80233825249197932
47.255070978398464	-0.13080525959147543	-0.13080525959147543
32.356458840748303	0.80787193300653592	0.80787193300653592
-16.736367968353889	0.85647660833754458	0.85647660833754458
83.509298640326875	0.96713314552122687	0.96713314552122687
21.936805282809544	0.054316548559404959	0.054316548559404959
-12.369208336768239	0.1958873777287744	0.1958873777287744
-66.022679473533117	0.049213860435882564	0.049213860435882564
-15.336242224032176	-0.36321947192854481	-0.36321947192854481
93.444904321762351	-0.71935635385313501	-0.71935635385313501
-6.6101858283230825	-0.3212039409571078	-0.3212039409571078
63.43912569512932	0.57062984333341527	0.57062984333341527
-31.588256452807755	-0.17147821839980634	-0.17147821839980634
32.147766144337737	0.66823933495400312	0.66823933495400312
-30.366469464366048	0.86715295227473599	0.86715295227473599
31.652978206749651	0.23483777338058096	0.23483777338058096
20.139139979502559	0.96071971487238339	0.96071971487238339
44.616465857876904	0.5925080595093335	0.5925080595093335
70.733251259405705	0.99887604582929668	0.99887604582929668
-43.081485268036104	0.783831325487651	0.783831325487651
-53.068361886344299	-0.33227370294885794	-0.33227370294885794
12.121474212551561	-0.43036436915774762	-0.43036436915774762
75.467413822595233	0.069134944284672539	0.069134944284672539
-76.038978294608313	-0.59780053951252254	-0.59780053951252254
-80.635027592878387	0.86561704002893736	0.86561704002893736
95.858086708712307	0.99921955089805836	0.99921955089805836
73.154328173433981	-0.78189335364807588	-0.78189335364807588
73.612963047932197	-0.97709054180294774	-0.97709054180294774
63.793614876099184	0.82020072639147013	0.82020072639147013
-35.699998837771943	0.90966618911418806	0.90966618911418806
-85.665461069685904	0.746282439499523	0.746282439499523
-9.963517995704251	0.51305490086600458	0.51305490086600458
8.9521684707458462	0.45521127934230321	0.45521127934230321
-33.196841671200573	-0.97800614101190242	-0.97800614101190242
-7.2487834670723288	-0.82238937166452419	-0.82238937166452419
54.070716150005836	-0.61598917403513687	-0.61598917403513687
67.077146033820497	-0.89287970046075371	-0.89287970046075371
-18.689629658787439	0.15924541075749352	0.15924541075749352
-16.836610012093473	0.90383398154613437	0.90383398154613437
-76.764826107342643	-0.97922476075676723	-0.97922476075676723
-48.381309209050016	0.95129798273734756	0.95129798273734756
-8.8110462274974282	-0.57592217195707129	-0.57592217195707129
4.1963361111948245	-0.86977366525210231	-0.86977366525210231
-89.064051583109361	-0.89096105431457329	-0.89096105431457329
62.368743403848356	-0.44673238171047708	-0.44673238171047708
82.818238303085934	0.90730486814467315	0.90730486814467315
-95.076214659745247	-0.73687432248512175	-0.73687432248512175
-2.0252014598563619	-0.89852229083204138	-0.89852229083204138
-20.601574525711868	-0.98362413413252914	-0.98362413413252914
-38.83650308758525	-0.9075410034971354	-0.9075410034971354
-46.291923918344523	-0.73925667278465379	-0.73925667278465379
-26.464049822862137	-0.97145961469276676	-0.97145961469276676
-57.511662306699321	-0.82090532250970472	-0.82090532250970472
55.646886658205318	-0.78443282005237502	-0.78443282005237502
57.489891443167124	0.80827920656646524	0.80827920656646524
-42.787611210797429	0.93010034397905716	0.93010034397905716
10.027107741411868	-0.56656379019021663	-0.56656379019021663
-25.707294009552257	-0.54345943342964309	-0.54345943342964309
-96.163858971247407	-0.94097969282176908	-0.94097969282176908
-49.13345582910511	0.9052750123312554	0.9052750123312554
88.69991864208535	0.67082772691373282	0.67082772691373282
-15.45619298715998	-0.24911881773618758	-0.24911881773618758
-85.961827423229522	0.90814252045471533	0.90814252045471533
51.605243167617687	0.97342977560718824	0.97342977560718824
1.9216084827040874	0.93909391659362196	0.93909391659362196
-52.925083972061508	-0.46354438913446133	-0.46354438913446133
49.631464710682849	-0.59238644404055496	-0.59238644404055496
16.54209123160706	-0.74071093861204995	-0.74071093861204995
-16.666584775446466	0.81840019721973334	0.81840019721973334
96.938017333250002	0.43618517549835123	0.43618517549835123
-1.0553004683534652	-0.87004838775361226	-0.87004838775361226
11.715368164185364	-0.75194162776559492	-0.75194162776559492
-77.586173871649024	-0.81552886618031517	-0.81552886618031517
-23.51924746689626	0.99908860299545588	0.99908860299545588
87.802134616513626	-0.16174598937863766	-0.16174598937863766
92.067564395922176	-0.81998078131877328	-0.81998078131877328
-75.216137138477436	0.18108201898986534	0.18108201898986534
42.654581903241962	-0.97060098477730417	-0.97060098477730417
-9.0649752547014515	-0.35208957965581211	-0.35208957965581211
77.305906487622281	0.94378841481157494	0.94378841481157494
-4.8964924042717115	0.98310077761016235	0.98310077761016235
-5.2642399407499454	0.85155558887054161	0.85155558887054161
-53.361526928050587	-0.045532435285452512	-0.045532435285452512
11.328434460161517	-0.94511165621355253	-0.94511165621355253
79.479129674682781	-0.80715292322072452	-0.80715292322072452
3.4869612264045458	-0.33854350909708075	-0.33854350909708075
-14.581799185161699	-0.90276890782095764	-0.90276890782095764
-57.388816608555679	-0.74474245951828943	-0.74474245951828943
67.378183338786386	-0.98624390641067317	-0.98624390641067317
61.001482391272248	-0.96649931596681127	-0.96649931596681127
60.840317326361202	-0.91278718504915268	-0.91278718504915268
30.281723933606031	-0.90619727879560141	-0.90619727879560141
54.906258414953044	-0.99743688315482115	-0.99743688315482115
-28.155498851172879	-0.1185555351672672	-0.1185555351672672
16.834146024663241	-0.90277693980341345	-0.90277693980341345
-33.145258285479329	-0.98745955831294741	-0.98745955831294741
-60.821736465609206	0.90504097402321526	0.90504097402321526
-59.751577159378208	0.061278325865605617	0.061278325865605617
71.412080535162545	0.74767268768491235	0.74767268768491235
57.039821210395502	0.47164329798807103	0.47164329798807103
58.588586571540304	0.89196536158688811	0.89196536158688811
10.762251792499811	-0.97290356806840572	-0.97290356806840572
86.388474531980251	-0.99998583051748791	-0.99998583051748791
-98.282020610620691	0.77873592340809483	0.77873592340809483
48.085247195829197	-0.81996930480727903	-0.81996930480727903
-30.596642292486777	0.73065733815868772	0.73065733815868772
89.654037358609543	0.99296972950445395	0.99296972950445395
-4.5432762761480063	0.98573449369906962	0.98573449369906962
-59.596702282669114	-0.093421707587623054	-0.093421707587623054
-9.4267754276987858	0.001997465601132791	0.001997465601132791
-32.825403271083559	-0.98701618892781273	-0.98701618892781273
-35.226408320998175	0.62011488126833114	0.62011488126833114
14.936071397397171	0.69749218607754504	0.69749218607754504
-46.633067727948607	-0.47135107364024798	-0.47135107364024798
-53.031629968318327	-0.36668670146632543	-0.36668670146632543
79.09982713557406	-0.53119534471142016	-0.53119534471142016
-75.214247058645981	0.18294052746158601	0.18294052746158601
-41.377100181722817	0.5110412065395169	0.5110412065395169
52.702314022250391	0.64785185349494268	0.64785185349494268
-53.918111626535982	0.48908159769882548	0.48908159769882548
14.932818161674405	0.6998197349544083	0.6998197349544083
-5.8235940503184196	0.44358181457990409	0.44358181457990409
78.326045776100216	0.21214613706721347	0.21214613706721347
-29.415627198445378	0.90917281775575376	0.90917281775575376
-69.138971860896021	-0.02393119709016954	-0.02393119709016954
93.391625559630285	-0.75532772118801228	-0.75532772118801228
51.004107880989267	0.6732721934397542	0.6732721934397542
-19.654140325829147	-0.72054252670097207	-0.72054252670097207
74.924928795755761	-0.45582144152377657	-0.45582144152377657
39.784156565412701	0.87066266783411272	0.87066266783411272
72.648992086169784	-0.38237111327012924	-0.38237111327012924
-53.465016867548172	0.057909341164004063	0.057909341164004063
-38.350988082905744	-0.60667898377789709	-0.60667898377789709
22.592362421445074	-0.56564388776654873	-0.56564388776654873
39.528493032276089	0.966752814714264	0.966752814714264
87.943425203736524	-0.021167515726233526	-0.021167515726233526
-92.829727524428733	0.98835726067047103	0.98835726067047103
28.690045394350477	-0.40384094455553765	-0.40384094455553765
87.678474948631759	-0.28223147401048876	-0.28223147401048876
-57.848226943645159	-0.96344017270678539	-0.96344017270678539
-0.69201760064700579	-0.63809195204565883	-0.63809195204565883
19.697192091283114	0.74971821950338313	0.74971821950338313
-50.40150358019114	-0.13560207256012305	-0.13560207256012305
1.1628981455503009	0.91795660100636434	0.91795660100636434
38.300458123723388	0.56575309472494517	0.56575309472494517
-37.700896286347309	-0.0017844423227747258	-0.0017844423227747258
-32.623972567525101	-0.93492442716051771	-0.93492442716051771
10.260547824222655	-0.74181300716558873	-0.74181300716558873
-73.696039524551097	0.99138102808065531	0.99138102808065531
-97.397786457675622	0.0084140971066872447	0.0084140971066872447
-68.049072160464448	0.87525665667194208	0.87525665667194208
51.466510628654873	0.93241115906940475	0.93241115906940475
-38.328579791105035	-0.58871476194559291	-0.58871476194559291
67.096002098967944	-0.9012112669620993	-0.9012112669620993
67.085926733476356	-0.89679913667797984	-0.89679913667797984
-95.874401671425218	-0.99844214819957	-0.99844214819957
-51.688154356689445	-0.98904962068201685	-0.98904962068201685
45.268584057751241	0.95979946759031565	0.95979946759031565
-72.141487405483332	-0.11488936560369174	-0.11488936560369174
-70.943219158428889	-0.9670590781443843	-0.9670590781443843
-80.246460460308441	0.9907868702839534	0.9907868702839534
-41.518091651474997	0.62675920281910991	0.62675920281910991
-47.226024457949201	0.10195717729918496	0.10195717729918496
44.505810846218509	0.49992631706355667	0.49992631706355667
28.227827659725847	0.046489460229310352	0.046489460229310352
-19.12933348267309	-0.27614186564742593	-0.27614186564742593
-15.386283114911009	-0.31616097664008036	-0.31616097664008036
87.094613303005417	-0.76431668357671467	-0.76431668357671467
-91.958189850982222	0.75260077552286131	0.75260077552286131
-33.314074860323487	-0.94689709244951992	-0.94689709244951992
56.791761587323293	0.2407066315030032	0.2407066315030032
-93.18117351351269	0.87556595893366984	0.87556595893366984
-14.402131969588623	-0.96510165966828143	-0.96510165966828143
-62.776457391395041	0.055367352798512327	0.055367352798512327
70.881193839865034	0.98097801811552077	0.98097801811552077
17.314478903388149	-0.99936213331884138	-0.99936213331884138
25.530433634274601	0.38729187213851857	0.38729187213851857
-14.502920863442739	-0.93385438368372786	-0.93385438368372786
57.958244501868506	0.98703224640487663	0.98703224640487663
91.561608115826544	-0.43984058798129194	-0.43984058798129194
46.067823619560869	0.87042560482641684	0.87042560482641684
45.029247497570424	0.86590177538275581	0.86590177538275581
7.1709545915604735	0.77566577606320741	0.77566577606320741
98.297172828004506	-0.78815193833791541	-0.78815193833791541
-69.729221961051763	-0.57629150159538811	-0.57629150159538811
-47.908537925310611	0.70657622260274333	0.70657622260274333
-3.129593128461778	-0.0119992371642779	-0.0119992371642779
93.463161503995082	-0.70655498060498301	-0.70655498060498301
48.252372173979154	-0.90376363643843782	-0.90376363643843782
41.56399692947096	-0.66185636344483356	-0.66185636344483356
78.662047589053799	-0.12192711104164987	-0.12192711104164987
90.13159392632528	0.82747343981966326	0.82747343981966326
21.261651508785093	0.66649477739281027	0.66649477739281027
-15.216684492367278	-0.47175380877871903	-0.47175380877871903
96.849094674898765	0.51437406009397946	0.51437406009397946
-78.024947092590367	-0.49242105157628013	-0.49242105157628013
-9.1130177969351678	-0.30673442612304119	-0.30673442612304119
-95.988310801171266	-0.98562958814531998	-0.98562958814531998
-12.423202607922221	0.14267941980166401	0.14267941980166401
-34.705880678388496	0.14781782021310441	0.14781782021310441
39.410506397287691	0.9901323405135386	0.9901323405135386
78.795717639193811	-0.25311746045690031	-0.25311746045690031
32.129171449627364	0.6542911538388364	0.6542911538388364
32.584862730557063	0.92033503137060335	0.92033503137060335
-57.871985042093506	-0.96953303541915303	-0.96953303541915303
95.361673964136145	0.89742355966538057	0.89742355966538057
-24.115365197654015	0.85073179405627575	0.85073179405627575
25.527558484087919	0.38463950971769389	0.38463950971769389
46.532954978864581	0.55713756380398782	0.55713756380398782
43.152575069501125	-0.73774378165275112	-0.73774378165275112
59.561603668981036	0.12830210978717996	0.12830210978717996
75.385243380113934	-0.012979941539127441	-0.012979941539127441
59.229950757805028	0.44422555765182997	0.44422555765182997
-3.677374373596848	0.51051337278075404	0.51051337278075404
-99.562523601171094	0.82400358703096654	0.82400358703096654
-91.476998003236929	0.36237147623188237	0.36237147623188237
-12.712540977384961	-0.14565041161296485	-0.14565041161296485
-56.686995031889367	-0.13788655348989098	-0.13788655348989098
34.390845670940365	0.16590288962529037	0.16590288962529037
71.309821297141042	0.81155564560077742	0.81155564560077742
-82.129852627600485	-0.43356358285868546	-0.43356358285868546
80.069920221312856	-0.99917217669118752	-0.99917217669118752
84.886742733612323	-0.063697932900904683	-0.063697932900904683
97.876061129336307	-0.46770179311986115	-0.46770179311986115
57.196903376447949	0.60378086363740113	0.60378086363740113
74.292840483745067	-0.89363623494290856	-0.89363623494290856
85.765580915968343	-0.80907663452321854	-0.80907663452321854
32.118900173654765	0.64648919923968973	0.64648919923968973
-60.013422460065733	0.31756650514403995	0.31756650514403995
34.586766475687853	-0.029243116672079926	-0.029243116672079926
-95.45501589126907	-0.93463678410266826	-0.93463678410266826
-6.5185688676834701	-0.23321598646629224	-0.23321598646629224
13.091015974692596	0.50090609496748961	0.50090609496748961
-16.035137762845565	0.32136869098738702	0.32136869098738702
-38.385714829967114	-0.63391358171662904	-0.63391358171662904
13.774195854538362	0.93484605721420033	0.93484605721420033
27.833316573611967	0.42685965623613731	0.42685965623613731
-11.847394851328559	0.6586142990170617	0.6586142990170617
44.113584754780106	0.13091077438423313	0.13091077438423313
-9.5315656057409797	0.10658480004633922	0.10658480004633922
-16.883863132216916	0.92303640148326016	0.92303640148326016
-7.2595570342533904	-0.8284708786214936	-0.8284708786214936
22.401830716266488	-0.3992348410378545	-0.3992348410378545
-71.736628065942398	-0.49688271233375542	-0.49688271233375542
-38.743025603822275	-0.86437884221645622	-0.86437884221645622
62.643719301922062	-0.18702592127247641	-0.18702592127247641
61.402857234864598	-0.98996314536220098	-0.98996314536220098
-0.52936372703010193	-0.50498425809379566	-0.50498425809379566
-51.672882261702291	-0.98668046203616622	-0.98668046203616622
54.104250175494627	-0.64205448972944223	-0.64205448972944223
-16.935478932980402	0.941655535831181	0.941655535831181
42.153941091600245	-0.96701444561101291	-0.96701444561101291
24.981382179857818	-0.15078178225960018	-0.15078178225960018
53.085076415519922	0.31646316360525839	0.31646316360525839
-97.593534122567576	0.20274649958381719	0.20274649958381719
-45.309873509131116	-0.97056754583720517	-0.97056754583720517
-14.194937342437811	-0.99833175441477051	-0.99833175441477051
61.306034270628203	-0.99898868160102872	-0.99898868160102872
19.85048249780445	0.84197125480944757	0.84197125480944757
90.415178707971222	0.63731446436308925	0.63731446436308925
86.935402205207737	-0.85688278488888903	-0.85688278488888903
27.640008318502638	0.59263440999811101	0.59263440999811101
1.8439376587434708	0.96292825053467213	0.96292825053467213
9.4176310209422383	0.0071468789845060554	0.0071468789845060554
-92.013006231591305	0.78754759435952981	0.78754759435952981
-97.61197429181135	0.22076819640228507	0.22076819640228507
-8.644143886801686	-0.70373004956127039	-0.70373004956127039
49.203088915359245	-0.87352311824597839	-0.87352311824597839
-59.717234037360264	0.026970348379607358	0.026970348379607358
-47.185002246724203	0.06107441022758351	0.06107441022758351
-12.935227345174368	-0.36054929474547193	-0.36054929474547193
73.001627795104895	-0.67796943063422443	-0.67796943063422443
-13.472589073085445	-0.78717719537170183	-0.78717719537170183
-76.004973434615238	-0.5702003766370185	-0.5702003766370185
17.452280044817201	-0.98498306267668301	-0.98498306267668301
85.517565105804124	-0.64005009149983705	-0.64005009149983705
61.849831221236485	-0.83162188858634467	-0.83162188858634467
42.05396564254923	-0.93676227211173202	-0.93676227211173202
8.7764498545136007	0.60385459301642375	0.60385459301642375
-28.168085726068	-0.10604836896533225	-0.10604836896533225
0.06413168962373561	0.064087737740790532	0.064087737740790532
77.48419622764132	0.87020591691009685	0.87020591691009685
-93.944094833136745	0.29903839206402166	0.29903839206402166
67.967375508920099	-0.91180676006184835	-0.91180676006184835
37.578642794754387	-0.12017786932896071	-0.12017786932896071
91.516607653081792	-0.39899512449124896	-0.39899512449124896
56.818147198878421	0.26622969446309835	0.26622969446309835
-45.412573518902789	-0.9901433057806297	-0.9901433057806297
98.002744450788015	-0.57562820608053111	-0.57562820608053111
-22.59493621265986	0.56776448783991706	0.56776448783991706
37.025178539302402	-0.62406418421130561	-0.62406418421130561
-41.603594779978813	0.69101354608665755	0.69101354608665755
-70.884907429234687	-0.98025037787258107	-0.98025037787258107
-8.572070258181796	-0.75306468696646145	-0.75306468696646145
-88.844933520611235	-0.77095496902321181	-0.77095496902321181
87.221471394817513	-0.67659078754129742	-0.67659078754129742
99.945446275752317	-0.55263170374719117	-0.55263170374719117
81.813291632915053	0.13150066545137679	0.13150066545137679
-73.565410909852147	0.96586962383012109	0.96586962383012109
-28.125793881694918	-0.14799436854801296	-0.14799436854801296
-12.529776361311022	0.036586086127591393	0.036586086127591393
-13.201161391314571	-0.5930090618226227	-0.5930090618226227
-69.298130794553742	-0.18207116610655036	-0.18207116610655036
-87.623351156931193	0.33465881356532401	0.33465881356532401
70.943440726560368	0.96700265378807082	0.96700265378807082
83.887259228980497	0.80503971778541916	0.80503971778541916
-18.895258660850857	-0.045686830780776767	-0.045686830780776767
-85.297333301920929	0.45674399073295008	0.45674399073295008
86.554314148768896	-0.98714491577930252	-0.98714491577930252
40.87731044374118	-0.036597772321715502	-0.036597772321715502
28.804740979572387	-0.50588454570256458	-0.50588454570256458
74.013717959460536	-0.98269803066840689	-0.98269803066840689
75.758053003417615	0.35211448671272338	0.35211448671272338
-15.875954700414155	0.16720239556270655	0.16720239556270655
-29.153484211312005	0.77019723190282408	0.77019723190282408
64.694017071629702	0.95785189027432138	0.95785189027432138
23.74775647472714	-0.98278664093700752	-0.98278664093700752
-32.242091009219081	-0.73533744552870273	-0.73533744552870273
-13.935658420600106	-0.97976576604963161	-0.97976576604963161
-28.49907699680486	0.2228559442982988	0.2228559442982988
5.1236566622010713	-0.91661477624065546	-0.91661477624065546
-71.624858457609491	-0.59057612096437073	-0.59057612096437073
72.237389998478818	0.019239846880823995	0.019239846880823995
41.595857130865454	-0.68539981981739362	-0.68539981981739362
30.298184547407828	-0.89911437240186143	-0.89911437240186143
-4.3156581235222973	0.922329134214952	0.922329134214952
48.712416741773836	-0.99984281683237286	-0.99984281683237286
-45.135664618236994	-0.9141343307441977	-0.9141343307441977
-45.710714235644403	-0.98760354525047311	-0.98760354525047311
15.301138885039549	0.39569489842548783	0.39569489842548783
-10.05159060428737	0.58656629795745496	0.58656629795745496
19.22150669285476	0.36343350018922088	0.36343350018922088
-81.117488422583278	0.53450383062532414	0.53450383062532414
-78.81463176304743	0.27136929106704166	0.27136929106704166
-79.954587769183931	0.98785278813557076	0.98785278813557076
3.9205446323166768	-0.70253398060267125	-0.70253398060267125
37.394679768361414	-0.29975141300890484	-0.29975141300890484
-84.731954961883133	-0.090920948601939819	-0.090920948601939819
-76.812979371968083	-0.98785034156971163	-0.98785034156971163
-86.665895152736766	0.96320939379517012	0.96320939379517012
92.812467963430322	-0.99083598124459904	-0.99083598124459904
-70.101394025060458	-0.83402081122902216	-0.83402081122902216
37.837883364535372	0.13832655055037341	0.13832655055037341
-61.461637334825703	0.97995106727313197	0.97995106727313197
-67.077252785289659	0.8929277650559414	0.8929277650559414
88.898588732071318	0.80400154634988796	0.80400154634988796
50.520344081528719	0.25211150493266904	0.25211150493266904
-14.224569488474842	-0.99618282830255156	-0.99618282830255156
91.49893507578247	-0.38272873893846809	-0.38272873893846809
35.768618809534786	-0.93600362302908513	-0.93600362302908513
8.7037049736323979	0.66019097011835204	0.66019097011835204
72.526949508128524	-0.26703836063589281	-0.26703836063589281
53.198641241484182	0.20692792081666	0.20692792081666
16.233795952124524	-0.50193337238220204	-0.50193337238220204
86.00100013923867	-0.92384173695291905	-0.92384173695291905
-79.062867866251707	0.49952599353789578	0.49952599353789578
47.125046649501371	-0.001156845396439706	-0.001156845396439706
-54.573624696117612	0.9193989342893808	0.9193989342893808
86.908482639903809	-0.87044799191974842	-0.87044799191974842
87.095646848670384	-0.76364980277369532	-0.76364980277369532
76.848675167574754	0.99276729462207491	0.99276729462207491
24.567765836937738	-0.5353950320274955	-0.5353950320274955
52.688050224277816	0.65865126287217235	0.65865126287217235
11.989048316311283	-0.54578217710923582	-0.54578217710923582
-48.323061460469106	0.93173860959466581	0.93173860959466581
-64.520441244293636	-0.99307055822462231	-0.99307055822462231
-45.281100151338428	-0.96323729938895464	-0.96323729938895464
48.866679722718999	-0.98524552798425546	-0.98524552798425546
-98.556982640048687	0.91981565499872564	0.91981565499872564
0.74514925333350845	0.67808151722372056	0.67808151722372056
8.1577418714620507	0.95421851165714433	0.95421851165714433
29.531327815481347	-0.95116673516238825	-0.95116673516238825
-82.11752456272886	-0.42242181539899215	-0.42242181539899215
47.196789253897776	-0.072834898585470861	-0.072834898585470861
43.171863649764418	-0.72458600421618102	-0.72458600421618102
-8.0335391415412261	-0.98392281569903006	-0.98392281569903006
-23.112740927420745	0.90079306068460163	0.90079306068460163
-40.560560085212337	-0.27649443309613647	-0.27649443309613647
-23.481167082295258	0.99673924555715443	0.99673924555715443
-87.919936028359913	0.044643429513045646	0.044643429513045646
46.8064495559249	0.31213572536414813	0.31213572536414813
-73.297857636769265	0.86302451021486226	0.86302451021486226
-82.986187838738147	-0.96482551355590807	-0.96482551355590807
86.168898548823847	-0.9748165410844063	-0.9748165410844063
-65.525379264681419	-0.43322367226470726	-0.43322367226470726
81.453810116525915	-0.22563897563039281	-0.22563897563039281
7.3794546682838984	0.8895089588969145	0.8895089588969145
93.183391284664168	-0.87449240444819754	-0.87449240444819754
-60.644668222314081	0.81597153979312542	0.81597153979312542
9.3219156507502703	0.10268101419102908	0.10268101419102908
-84.731298039998819	-0.091575129924646101	-0.091575129924646101
15.670079162593424	0.037875044093464497	0.037875044093464497
80.00213117627402	-0.99412165134361286	-0.99412165134361286
-59.166803713474657	-0.49987695797452164	-0.49987695797452164
66.361599918147505	-0.37848056460364138	-0.37848056460364138
-69.929567275277378	-0.72740240271972056	-0.72740240271972056
-7.1585940526653502	-0.76780544268304662	-0.76780544268304662
93.896499176670886	-0.34410032799933349	-0.34410032799933349
-21.261836701476582	-0.66635670301669647	-0.66635670301669647
-28.439387256107793	0.16430497965217089	0.16430497965217089
23.775110419575725	-0.97736613215717383	-0.97736613215717383
90.958699135091791	0.14695369162731728	0.14695369162731728
49.216234902125905	-0.86704858538105556	-0.86704858538105556
41.435705879301764	-0.56050989952485453	-0.56050989952485453
50.414951573823316	0.14891318907697274	0.14891318907697274
-73.749647795991393	0.99697669438660153	0.99697669438660153
21.802375718542663	0.18765369304970483	0.18765369304970483
-4.1026433505563631	0.81979371172075177	0.81979371172075177
-37.2105746417799	0.46933470975295671	0.46933470975295671
-60.86079529002204	0.92095914715829374	0.92095914715829374
92.198273176481592	-0.88758983162826699	-0.88758983162826699
0.36075292075254595	0.35297878949899653	0.35297878949899653
-94.396617532586362	-0.14828900557358651	-0.14828900557358651
35.099169645242569	-0.51555090098541978	-0.51555090098541978
-42.226420204643802	0.98292141788381948	0.98292141788381948
82.732792918428714	0.86811099576802464	0.86811099576802464
-99.658160994415425	0.7661339724404248	0.7661339724404248
62.715017772465046	-0.11656967090110935	-0.11656967090110935
75.444143882958912	0.045904060124033023	0.045904060124033023
-4.7249150276688709	0.9999215500954699	0.9999215500954699
82.981926226873554	0.96369641588619792	0.96369641588619792
16.398946289926329	-0.63729502632939339	-0.63729502632939339
96.100000099794698	0.96066088768835944	0.96066088768835944
49.749608887297882	-0.49329492274087222	-0.49329492274087222
-62.216749571248535	0.57704305569375003	0.57704305569375003
69.528869926252099	0.40212038523817106	0.40212038523817106
-33.597732863224223	-0.81906900344285472	-0.81906900344285472
81.519197227113807	-0.1615013311066347	-0.1615013311066347
90.621900385912255	0.46557708560704403	0.46557708560704403
34.13507781094691	0.40998843139718855	0.40998843139718855
-17.989205490356795	0.75807115079142817	0.75807115079142817
-60.41934729217779	0.66618891893821952	0.66618891893821952
16.699044758559964	-0.83661889250029642	-0.83661889250029642
10.437939787839042	-0.84850926049305575	-0.84850926049305575
-45.247868795248991	-0.95377945808024756	-0.95377945808024756
-92.80785498089962	0.99144851492235586	0.99144851492235586
36.661560781544466	-0.86116194017481951	-0.86116194017481951
-76.372396705315609	-0.8272375299606386	-0.8272375299606386
-88.537443905242952	-0.54202893951575515	-0.54202893951575515
48.35610984560924	-0.94322850046761142	-0.94322850046761142
38.370577664575364	0.62213426213817413	0.62213426213817413
99.302616812758515	-0.94193538967253332	-0.94193538967253332
-88.928692568262278	-0.82153512070457224	-0.82153512070457224
-65.875567716326344	-0.09772180363956276	-0.09772180363956276
-77.084329503167368	-0.99335922376148278	-0.99335922376148278
59.506936870843276	0.18229842974014193	0.18229842974014193
51.366115191235224	0.89149418724084861	0.89149418724084861
86.117480899983491	-0.96206671564162816	-0.96206671564162816
14.865869345389356	0.74603910197064538	0.74603910197064538
27.544751803917961	0.66655815228972226	0.66655815228972226
-99.982785547630542	0.5211342294406045	0.5211342294406045
-82.950354134666895	-0.95478778981265122	-0.95478778981265122
40.268693376226594	0.54132412055382684	0.54132412055382684
25.168857002489119	0.036107923019870473	0.036107923019870473
15.580693553707221	0.1269264154903815	0.1269264154903815
-27.083446733497638	-0.92869831949101556	-0.92869831949101556
-75.603690565141434	-0.20402424070186873	-0.20402424070186873
21.09515649150606	0.78082926408932918	0.78082926408932918
-60.346802127048996	0.61038116790383501	0.61038116790383501
60.612899403172577	-0.79719759808711099	-0.79719759808711099
-74.525181439616418	0.76628711830049601	0.76628711830049601
43.418124899971502	-0.53471652469292752	-0.53471652469292752
-62.719946914309581	0.11167273711081739	0.11167273711081739
56.369605515182769	-0.17810689486363174	-0.17810689486363174
-75.35208033508593	0.046126978007060823	0.046126978007060823
-43.601893264693658	0.371295513389448	0.371295513389448
-49.307259964863945	0.81817083867198537	0.81817083867198537
93.250900659636329	-0.83978057761785307	-0.83978057761785307
40.31239573110139	0.50407340989110849	0.50407340989110849
-23.283749299023739	0.96155252884587861	0.96155252884587861
-48.934726536934484	0.97132836937719946	0.97132836937719946
-17.096902989082082	0.98350961001289483	0.98350961001289483
95.948980599874716	0.99150935407970586	0.99150935407970586
-55.891619080984746	0.61078266815013738	0.61078266815013738
60.542130331708051	-0.75251320236234431	-0.75251320236234431
-42.908700912087383	0.87892146925177528	0.87892146925177528
-29.71352368100159	0.9913523533344436	0.9913523533344436
99.970844950030823	-0.53128783492434073	-0.53128783492434073
93.074133266343921	-0.9221670997493322	-0.9221670997493322
-61.997965758971887	0.7405492421918175	0.7405492421918175
34.675272912314341	-0.11748178376863151	-0.11748178376863151
-9.9437035024551648	0.49594741567604628	0.49594741567604628
85.98505931916435	-0.91762287717748459	-0.91762287717748459
23.445707770967132	-0.99325206747829342	-0.99325206747829342
-70.459011480688844	-0.97438571399870455	-0.97438571399870455
-87.2664391895552	0.64280554273436252	0.64280554273436252
-4.1316684268913662	0.83606755224269602	0.83606755224269602
-56.735053252617995	-0.18530820292430719	-0.18530820292430719
3.1300127609135586	0.011579633879113576	0.011579633879113576
23.618931378553214	-0.99837671010921714	-0.99837671010921714
40.884383521333945	-0.043665137101220448	-0.043665137101220448
-10.485417743719665	0.87266807580925709	0.87266807580925709
60.030004226748389	-0.33324555550740126	-0.33324555550740126
16.58451087958403	-0.7685345968635463	-0.7685345968635463
-89.018522365758059	-0.8693710200774124	-0.8693710200774124
59.204497363296809	0.46688327922062889	0.46688327922062889
-58.794183021333964	-0.78088256022911973	-0.78088256022911973
-15.019122236745687	-0.63564290485501163	-0.63564290485501163
-64.890963052703469	-0.88312524169270989	-0.88312524169270989
-16.097525244836191	0.37978324711840272	0.37978324711840272
-50.588159752935397	-0.31710681390018242	-0.31710681390018242
-55.852871381328676	0.64099690152393352	0.64099690152393352
-88.867744614188595	-0.78528128572009437	-0.78528128572009437
24.949301749294861	-0.18241241793058771	-0.18241241793058771
40.718406758535878	0.12199310352524526	0.12199310352524526
-44.396896139675526	-0.40282292664918551	-0.40282292664918551
-48.449477925451149	0.97008680245971901	0.97008680245971901
35.486185349735678	-0.80082181329719826	-0.80082181329719826
-70.134394178540276	-0.85177069258919258	-0.85177069258919258
-8.4084314328765828	-0.85019023639604907	-0.85019023639604907
21.910123095824545	0.080936851290572334	0.080936851290572334
77.991671790654834	0.52110451271112213	0.52110451271112213
0.53346292532565087	0.50851814055144384	0.50851814055144384
-20.332474669078934	-0.99614124974788187	-0.99614124974788187
-21.075331115268952	-0.79306080132627277	-0.79306080132627277
62.847264730658111	0.015411048775270096	0.015411048775270096
-47.987313992614965	0.76007218470614046	0.76007218470614046
65.285730690617925	0.63477325172503052	0.63477325172503052
54.043404399609244	-0.59424716258040045	-0.59424716258040045
-24.430125592775227	0.64621602994947491	0.64621602994947491
-18.079108088897058	0.69645667264190925	0.69645667264190925
-94.061155562529535	0.18554262310940253	0.18554262310940253
23.782350273226413	-0.97580890512376572	-0.97580890512376572
-74.077278981515519	0.96894912031095459	0.96894912031095459
-10.795457543903282	0.98004337777758599	0.98004337777758599
12.333866744367	-0.23041474041987389	-0.23041474041987389
-18.692676753760992	0.15623646505217595	0.15623646505217595
91.339529741089734	-0.23123100309242367	-0.23123100309242367
-4.2435835251171738	0.89210864488741615	0.89210864488741615
97.921463961321223	-0.50733696756407709	-0.50733696756407709
94.427462139659838	0.17871722548636493	0.17871722548636493
30.563572653177374	-0.75283184529593561	-0.75283184529593561
40.68767475346678	0.15243316446925581	0.15243316446925581
34.345148945297296	0.21077748419960113	0.21077748419960113
35.642627488247228	-0.88435397531735449	-0.88435397531735449
-73.509865627036987	0.94999959312769666	0.94999959312769666
-2.700970021608498	-0.42650270978815491	-0.42650270978815491
12.96399541084898	0.38722953859048764	0.38722953859048764
81.864111838061575	0.18168809298710503	0.18168809298710503
44.358870802124926	0.36773637002400678	0.36773637002400678
-71.395712874984909	-0.75844128378252662	-0.75844128378252662
24.5035337252625	-0.58850421399497999	-0.58850421399497999
-62.565287494919637	0.26341987306130721	0.26341987306130721
56.790841995748963	0.23981397618514672	0.23981397618514672
16.311157416101068	-0.56727583273827864	-0.56727583273827864
-28.540228974445853	0.26277300982435109	0.26277300982435109
58.945561717712451	0.67775029806332066	0.67775029806332066
-10.459126993848827	0.85952983881551825	0.85952983881551825
0.65449466466802164	0.60875841042984191	0.60875841042984191
-17.461913091848459	0.9832742325480297	0.9832742325480297
-43.322253708229773	0.61315117025899568	0.61315117025899568
51.867594655293061	0.99950969818104884	0.99950969818104884
-22.909148117902305	0.79438811160418399	0.79438811160418399
-66.592923972022987	0.5806104376483997	0.5806104376483997
-88.465026399753597	-0.47980469659318348	-0.47980469659318348
28.080061971749501	0.19305219321666253	0.19305219321666253
66.668064162851351	-0.6400923324044715	-0.6400923324044715
-67.431206545483192	0.99361828639925898	0.99361828639925898
73.574101179219042	-0.96808415332800457	-0.96808415332800457
33.119608141294492	0.99118373632546919	0.99118373632546919
56.473259463911177	-0.075336853913238647	-0.075336853913238647
6.7222799314006636	0.42512015036368217	0.42512015036368217
-82.316090434164806	-0.59292102129106772	-0.59292102129106772
-92.162325108552807	0.87046103348152548	0.87046103348152548
82.461450833079567	0.7033091630259406	0.7033091630259406
20.625317133157139	0.97906813221262856	0.97906813221262856
-99.57589449809872	0.81635441176754142	0.81635441176754142
89.627937476136708	0.99572059609025387	0.99572059609025387
-60.96048262303546	0.95516666704592434	0.95516666704592434
-1.9032086778584016	-0.94525788602651517	-0.94525788602651517
55.772091826008705	-0.70084108966907932	-0.70084108966907932
69.332940428350867	0.2161817596619986	0.2161817596619986
-20.360673032128744	-0.99821972405790449	-0.99821972405790449
-19.370742496466164	-0.49790952028857316	-0.49790952028857316
-62.027835498930607	0.72014936396442153	0.72014936396442153
7.361178113153926	0.88100998341600334	0.88100998341600334
-65.696367771309269	-0.2735462246244183	-0.2735462246244183
63.305704560459134	0.4563167829984664	0.4563167829984664
-7.3245500626694167	-0.86309429076537048	-0.86309429076537048
-14.829123316575931	-0.76999923415821225	-0.76999923415821225
-34.07632319778007	-0.46283968359741484	-0.46283968359741484
11.859186527631564	-0.64969570825875667	-0.64969570825875667
-91.314072814325826	0.20639174146062686	0.20639174146062686
-17.21913623545511	0.99822305401924216	0.99822305401924216
73.60788142143349	-0.97599643852078122	-0.97599643852078122
78.010642600135697	0.5048202654132673	0.5048202654132673
37.592171964925711	-0.10673616481223193	-0.10673616481223193
67.570615743283838	-0.99965223436748629	-0.99965223436748629
0.54498912101963981	0.5184087875608373	0.5184087875608373
80.052124027161568	-0.99829002708874859	-0.99829002708874859
-87.433666484584265	0.50633364964223426	0.50633364964223426
42.832677378679961	-0.912608555748052	-0.912608555748052
-73.883327656853666	0.99843798518791582	0.99843798518791582
90.346875354866398	0.68842230424913931	0.68842230424913931
-1.2846298095377335	-0.95933302477714166	-0.95933302477714166
-87.528479104076155	0.42242147735171764	0.42242147735171764
97.498853087086133	-0.10926224970596934	-0.10926224970596934
-26.119097747673464	-0.83402129281993664	-0.83402129281993664
38.047221800912268	0.34112174201657436	0.34112174201657436
-22.052125161464275	0.060938806737643583	0.060938806737643583
33.657859530736374	0.78311530475156832	0.78311530475156832
21.187827291138817	0.71966609093681166	0.71966609093681166
-42.434747182166589	0.99972981557097462	0.99972981557097462
-40.747167342535796	-0.093400817921087564	-0.093400817921087564
98.969658016415281	-0.99995497571278891	-0.99995497571278891
54.014129434602808	-0.57045056036382658	-0.57045056036382658
-74.093402055059912	0.96483676065015411	0.96483676065015411
-59.16318099259297	-0.50301129652003229	-0.50301129652003229
-94.987846975363794	-0.67433765900418019	-0.67433765900418019
83.57453447418618	0.94850016998387898	0.94850016998387898
-69.828139815743	-0.65418264369352819	-0.65418264369352819
39.290781857966408	0.99978215248272706	0.99978215248272706
35.643077501435869	-0.88456395953945677	-0.88456395953945677
13.490433904375323	0.79805666844482082	0.79805666844482082
-71.817614722952484	-0.42504926361612549	-0.42504926361612549
63.245099993507182	0.40158504109595905	0.40158504109595905
-65.850192702856731	-0.12294119704615368	-0.12294119704615368
-7.1023363603343768	-0.73056639678249047	-0.73056639678249047
-5.6139336239213407	0.62039926634695297	0.62039926634695297
95.1757255371393	0.80039025746863435	0.80039025746863435
-41.454236018193669	0.57575848640691385	0.57575848640691385
-36.693947696041562	0.84424995263396219	0.84424995263396219
57.979272661451915	0.9901892653366039	0.9901892653366039
-78.965465148237641	0.41291178458545325	0.41291178458545325
11.864377310698629	-0.6457409691381697	-0.6457409691381697
89.525994829783713	0.99995585981916069	0.99995585981916069
68.604886259935427	-0.48831000229082527	-0.48831000229082527
93.173770108798749	-0.87911850571865979	-0.87911850571865979
-90.136762803750983	-0.82456004905377589	-0.82456004905377589
-87.84195647964637	0.12233063910486081	0.12233063910486081
57.541933750070655	0.83781352971946399	0.83781352971946399
44.72998874124508	0.67994790820330042	0.67994790820330042
49.664656098989951	-0.56532430358598273	-0.56532430358598273
-33.166602081169273	-0.98386530907646608	-0.98386530907646608
26.11679245534016	0.83274717365597761	0.83274717365597761
-5.7456275861801913	0.51203969649484959	0.51203969649484959
-26.673941947859774	-0.99956208196957752	-0.99956208196957752
-57.202058507280299	-0.60788223691170273	-0.60788223691170273
-49.406113012303798	0.75743101464262086	0.75743101464262086
50.047826707539969	-0.2159412778387727	-0.2159412778387727
-37.265713414021043	0.4199574448133267	0.4199574448133267
19.611802086604428	0.69054780717487041	0.69054780717487041
8.636225219553566	0.70933388251949314	0.70933388251949314
-2.1889112826339243	-0.81497228693660428	-0.81497228693660428
-6.0615905640288616	0.2197856506929779	0.2197856506929779
-7.0826450427913983	-0.71697958040080467	-0.71697958040080467
-5.2839252371002772	0.84107096865093711	0.84107096865093711
19.719349495070546	0.7641958114749442	0.7641958114749442
-8.5929090913674884	-0.73919133635779233	-0.73919133635779233
83.619291275974064	0.93337714895320223	0.93337714895320223
21.508623510316653	0.46401742068905266	0.46401742068905266
-96.432769438403923	-0.81723849601029219	-0.81723849601029219
34.449926185955178	0.10738553632336652	0.10738553632336652
56.392138153703826	-0.15589119131866069	-0.15589119131866069
46.8863878448538	0.2352754452013433	0.2352754452013433
-65.13645026345317	-0.74263434448230092	-0.74263434448230092
63.481695512979627	0.60506096820382316	0.60506096820382316
-64.548560265376494	-0.98937388204981991	-0.98937388204981991
-70.579608997654375	-0.9943633527401966	-0.9943633527401966
6.972070533949946	0.63567702247055979	0.63567702247055979
78.993922523483207	-0.43865925805372863	-0.43865925805372863
-69.118309311750608	-0.003270926942540464	-0.003270926942540464
96.547412029258425	0.74595007049106188	0.74595007049106188
-64.332117074909618	-0.99751362668381094	-0.99751362668381094
92.632531903890083	-0.99901220020859904	-0.99901220020859904
62.694402033998841	-0.13701864091019414	-0.13701864091019414
-15.126804663515941	-0.54899269808548035	-0.54899269808548035
79.648231303742392	-0.89499275631303854	-0.89499275631303854
40.038516448664154	0.71887880021746764	0.71887880021746764
62.225081996148731	-0.57021789691187197	-0.57021789691187197
92.134270811404519	-0.85631094959068699	-0.85631094959068699
-6.7679974468686055	-0.46604215591199838	-0.46604215591199838
-59.994471494002099	0.29954056888811453	0.29954056888811453
-66.112994535968511	0.13909632547768652	0.13909632547768652
68.672744663417319	-0.42801358575130233	-0.42801358575130233
4.3482292977236909	-0.93442338200277031	-0.93442338200277031
94.688542211903325	0.42662930857029679	0.42662930857029679
30.310893401030228	-0.8934790726694124	-0.8934790726694124
-33.312789820198148	-0.94730949817192578	-0.94730949817192578
-2.6370554791467811	-0.48340233540724392	-0.48340233540724392
-38.467647446382948	-0.69508318657538237	-0.69508318657538237
85.476441615478706	-0.60792132287074019	-0.60792132287074019
-82.002352954379504	-0.31546246159092056	-0.31546246159092056
-64.409854756874438	-0.99997404151830982	-0.99997404151830982
0.88098167988945875	0.77136398588458455	0.77136398588458455
1.8880738561602612	0.9500882974570769	0.9500882974570769
39.69039466825069	0.91289045746574571	0.91289045746574571
85.559945353266727	-0.6720277891334544	-0.6720277891334544
-36.511686850613742	0.92740886348524754	0.92740886348524754
55.423808214771441	-0.90220702639143113	-0.90220702639143113
-97.201075990303792	-0.18718555257298125	-0.18718555257298125
-11.507224710864989	0.87193762027555699	0.87193762027555699
-37.861695855670121	-0.16186867961416981	-0.16186867961416981
96.727779763903328	0.61437413455408063	0.61437413455408063
-5.4551884238505721	0.7365780366625575	0.7365780366625575
-55.65257601505153	0.78089152595799416	0.78089152595799416
-36.595337322282347	0.89291311547765051	0.89291311547765051
-20.214830849120375	-0.97895471168493364	-0.97895471168493364
69.629293937196849	0.4918868303540434	0.4918868303540434
-73.207267757686822	0.81378571211320994	0.81378571211320994
-19.648989668888007	-0.71696146389237458	-0.71696146389237458
-57.832550493061653	-0.95912187347888445	-0.95912187347888445
5.8424905029229564	-0.42656798751045599	-0.42656798751045599
24.418300325021306	-0.65519514441029536	-0.65519514441029536
86.933108915868615	-0.85806274715682251	-0.85806274715682251
41.46673556129204	-0.58593311717004248	-0.58593311717004248
-45.113937374425284	-0.90511079020783602	-0.90511079020783602
16.426455424758601	-0.65825031766645481	-0.65825031766645481
-73.618738794736004	0.97830345529354568	0.97830345529354568
75.920587853205035	0.49893041684054623	0.49893041684054623
-21.473794726007029	-0.49458202043420652	-0.49458202043420652
-14.479211606230763	-0.94207082592718139	-0.94207082592718139
-72.350385399940109	0.093617079430971986	0.093617079430971986
-97.947809816948066	0.52986176113622874	0.52986176113622874
28.805087741802595	-0.5061836327968926	-0.5061836327968926
44.03094360437504	0.04862726959822164	0.04862726959822164
-80.491595544226143	0.92829961761486335	0.92829961761486335
97.390586555844635	-0.0012142942626295443	-0.0012142942626295443
-67.147507367187728	0.92232765499873948	0.92232765499873948
-16.763350718397078	0.8700912637062288	0.8700912637062288
88.023552015156156	0.058923564289435001	0.058923564289435001
-75.062114244661842	0.32981673530860894	0.32981673530860894
-29.773774287359103	0.99745524624432691	0.99745524624432691
-72.483742178370889	0.22516379590830005	0.22516379590830005
-97.786273894403593	0.38656269281370786	0.38656269281370786
-35.840773615769066	0.95894387884797727	0.95894387884797727
70.0438680817864	0.80091974866701809	0.80091974866701809
-34.863300533579277	0.30103836614978735	0.30103836614978735
-32.142851989533838	-0.6645754134619285	-0.6645754134619285
-58.528296841133312	-0.91758547478359398	-0.91758547478359398
-56.918101489943169	-0.36108742065124677	-0.36108742065124677
69.710109058976087	0.56056728663506383	0.56056728663506383
-68.849912425053674	0.26203082325705157	0.26203082325705157
-60.369160020848412	0.62793700453141321	0.62793700453141321
21.810158396068346	0.18000366692457501	0.18000366692457501
90.612491216679672	0.47388353730202826	0.47388353730202826
61.038479222099085	-0.97533171635586136	-0.97533171635586136
17.008176275129387	-0.96361514272870386	-0.96361514272870386
-93.066780810656894	0.92498601773925226	0.92498601773925226
96.44612751855729	0.80946755632575984	0.80946755632575984
-71.618504773909365	-0.59569147390992694	-0.59569147390992694
25.717135643448358	0.55169439734745529	0.55169439734745529
1.0978772064237177	0.89024246184984479	0.89024246184984479
-33.326705362803153	-0.94276050137130918	-0.94276050137130918
-34.133827815069154	-0.41112822044227859	-0.41112822044227859
80.231793917639209	-0.99266653305052155	-0.99266653305052155
83.925078021556146	0.78203452679554497	0.78203452679554497
-7.9393275795542735	-0.99636024490164377	-0.99636024490164377
-15.184891159054956	-0.4995438239313913	-0.4995438239313913
-36.489390025905962	0.93551776141748322	0.93551776141748322
-23.74367181704288	0.98353305703802496	0.98353305703802496
-56.599113635017929	-0.050424477467734839	-0.050424477467734839
-45.780987496070615	-0.97414435179889791	-0.97414435179889791
90.839476104836251	0.26356001183769084	0.26356001183769084
70.317885425027981	0.93306695638936332	0.93306695638936332
-63.31748593794557	-0.46676814687730039	-0.46676814687730039
-76.372301905925156	-0.82718426298276171	-0.82718426298276171
-0.46165038172803463	-0.44542633035958978	-0.44542633035958978
-22.619789749013989	0.5880462454997385	0.5880462454997385
-27.619101184238303	-0.60934376755740927	-0.60934376755740927
-36.539340863121517	0.91671162797272754	0.91671162797272754
88.556411441204233	0.55787003964892723	0.55787003964892723
-90.501025075142024	-0.56889521459196146	-0.56889521459196146
-59.526372795624333	-0.16315496009177236	-0.16315496009177236
17.056561260693996	-0.97541535001042323	-0.97541535001042323
-76.008411197529185	-0.57302114335456611	-0.57302114335456611
-53.3166494605995	-0.090302468749253004	-0.090302468749253004
-56.085748379519536	0.44656213371566789	0.44656213371566789
-71.272323042457302	-0.83288930419436025	-0.83288930419436025
48.182011353166502	-0.87143562170397504	-0.87143562170397504
-59.132253116291594	-0.52949682077170801	-0.52949682077170801
18.027608738417129	-0.73247285243014437	-0.73247285243014437
-48.121396329680465	0.84012114047705599	0.84012114047705599
18.121748114492291	-0.66523446784775531	-0.66523446784775531
-93.153706070695634	0.88850350429030678	0.88850350429030678
-84.969737481044461	0.14620982927489304	0.14620982927489304
77.987550545020582	0.52461753115024723	0.52461753115024723
31.96991691616077	0.52608495552489443	0.52608495552489443
-15.736532282048344	0.028565127974194072	0.028565127974194072
-1.7348554553686455	-0.98657245904048385	-0.98657245904048385
-37.741917138214987	-0.042792224359144836	-0.042792224359144836
29.240555382990408	-0.82274384606503037	-0.82274384606503037
10.411361825738027	-0.83414670539426039	-0.83414670539426039
47.370651893571562	-0.24426541635201054	-0.24426541635201054
90.473323526237891	0.59145606800252415	0.59145606800252415
-48.952271068874317	0.9670080246983328	0.9670080246983328
63.608690933399828	0.70102789986749103	0.70102789986749103
51.802866224140104	0.99944185234326355	0.99944185234326355
-69.18624091829173	-0.071142390774010661	-0.071142390774010661
0.54787375536132288	0.52087337308996307	0.52087337308996307
50.045864553915095	-0.21785672018075747	-0.21785672018075747
59.387594859212385	0.29806565955118614	0.29806565955118614
-18.55456610399078	0.29073010751666339	0.29073010751666339
-83.103047592681435	-0.9888965948298748	-0.9888965948298748
59.22734164436406	0.44656158679380975	0.44656158679380975
-0.13706163721784037	-0.13663290259608016	-0.13663290259608016
88.548930645111085	0.55164596323546533	0.55164596323546533
-20.486915442979836	-0.99778548838587722	-0.99778548838587722
-35.116988341746534	0.53073635963615884	0.53073635963615884
-15.669236479645804	-0.038717108854359625	-0.038717108854359625
-73.328587832973227	0.87813833153277143	0.87813833153277143
47.296745471933235	-0.17199615837989354	-0.17199615837989354
64.482102637637155	0.9968452515390186	0.9968452515390186
43.091679350260222	-0.77746044995500541	-0.77746044995500541
-0.4694860723463421	-0.45242802399227905	-0.45242802399227905
65.714893782740603	0.25568089473341349	0.25568089473341349
57.970051664584673	0.98885871308596596	0.98885871308596596
-48.962346904485564	0.9643922040843913	0.9643922040843913
-12.036445660104604	0.50546858978158993	0.50546858978158993
-16.784859382242701	0.88049061142716567	0.88049061142716567
-30.344725603074394	0.87777646851550273	0.87777646851550273
-47.604442581169174	0.46226941564353868	0.46226941564353868
-78.747357922476326	0.20605486423190927	0.20605486423190927
-90.927490498197002	-0.17774693804892244	-0.17774693804892244
10.818823295470636	-0.98442016751609351	-0.98442016751609351
-73.944187948711757	0.9931912230208394	0.9931912230208394
63.024142466927373	0.1911065937918898	0.1911065937918898
-28.455831321945666	0.18050261869670486	0.18050261869670486
46.294557090892425	0.73748087100126436	0.73748087100126436
-96.236827303688969	-0.91380056645598151	-0.91380056645598151
-48.907132359995366	0.97751804822104149	0.97751804822104149
-79.069264663599483	0.50505727422148394	0.50505727422148394
32.591944911726642	0.92308198789441376	0.92308198789441376
-54.314258661804622	0.78777202691445669	0.78777202691445669
-53.295209852384446	-0.11163209399391855	-0.11163209399391855
-20.985444156199776	-0.84453938793114258	-0.84453938793114258
-46.491595560173991	-0.59099701781752456	-0.59099701781752456
78.293567753563821	0.24376743546280255	0.24376743546280255
53.595011489571874	-0.18683200927587895	-0.18683200927587895
64.568854511120122	0.98621969656647424	0.98621969656647424
33.128943240010585	0.98990371718184433	0.98990371718184433
-84.655329838007489	-0.16688726295003053	-0.16688726295003053
-85.742368440546841	0.79521785137679413	0.79521785137679413
-36.12737249855833	0.99999955535881879	0.99999955535881879
-84.018944964849439	-0.72017649812895179	-0.72017649812895179
-18.915066727379894	-0.065463957482268839	-0.065463957482268839
-8.7397222468179763	-0.632716156479597	-0.632716156479597
-35.864286740171593	0.96534641820512423	0.96534641820512423
-79.402851688246159	0.75981944381738431	0.75981944381738431
12.433819031349074	-0.13216377035957935	-0.13216377035957935
96.498800121170603	0.7774317321901727	0.7774317321901727
-13.030238007715695	-0.44741016580092158	-0.44741016580092158
80.836670130786189	-0.74779776157822708	-0.74779776157822708
36.203541450583543	-0.99717186346991671	-0.99717186346991671
95.639107944843886	0.98393879913947124	0.98393879913947124
-39.815353894608464	-0.85489613407733012	-0.85489613407733012
57.822196196933021	0.95614031500468777	0.95614031500468777
4.1233714386042237	-0.83148687945024591	-0.83148687945024591
-32.38476353461752	-0.8242277115495128	-0.8242277115495128
10.866650208534949	-0.99170079586152682	-0.99170079586152682
33.668643807198436	0.77636340835709472	0.77636340835709472
-38.400337337202004	-0.64515451285520398	-0.64515451285520398
21.867808725790837	0.12302736471950911	0.12302736471950911
15.871162452447706	-0.16247570815568266	-0.16247570815568266
-79.185701648024519	0.60190565246073946	0.60190565246073946
-96.56594712766092	-0.73347823522402977	-0.73347823522402977
64.674838818602268	0.96318459974138892	0.96318459974138892
0.65214509021230072	0.60689268363539528	0.60689268363539528
-35.671199409616179	0.89732906857659067	0.89732906857659067
64.707443794726828	0.95390867384346623	0.95390867384346623
48.072537451968998	-0.81262812100113158	-0.81262812100113158
43.790978221658236	-0.1901539238040337	-0.1901539238040337
99.369051492733348	-0.91756553511041383	-0.91756553511041383
-40.807343413529964	-0.033354895212803097	-0.033354895212803097
-4.3928914415136404	0.94939335571957251	0.94939335571957251
15.632641240355767	0.075250825697082524	0.075250825697082524
-90.492090058450898	-0.57622065545240397	-0.57622065545240397
-7.1236599942907759	-0.74495987206516923	-0.74495987206516923
-59.632659388682598	-0.057569182603257461	-0.057569182603257461
-96.490958917417657	-0.78233964276835122	-0.78233964276835122
43.765842752703577	-0.21476811423352893	-0.21476811423352893
-56.580203070036049	-0.031530078831622489	-0.031530078831622489
24.999699315847749	-0.13264978308745129	-0.13264978308745129
78.388495990466112	0.15074352501445673	0.15074352501445673
-42.835781845302023	0.91133494709412588	0.91133494709412588
76.017107635885509	0.58012646959552427	0.58012646959552427
-83.700415602437559	-0.90122412534298002	-0.90122412534298002
57.133059177237072	0.55169189344677283	0.55169189344677283
80.760752729716046	-0.79599902641041698	-0.79599902641041698
-90.301907800564706	-0.72033082898286516	-0.72033082898286516
-34.303151379529481	-0.25163361116908589	-0.25163361116908589
-68.716471114404328	0.3880983063564164	0.3880983063564164
-55.512924772147713	0.86024143602285597	0.86024143602285597
-83.528512888483505	-0.96206930880212549	-0.96206930880212549
72.816581293609914	-0.53114405567971323	-0.53114405567971323
-66.04388971690841	0.070385744616743309	0.070385744616743309
63.445073211560327	0.5755038665994483	0.5755038665994483
-33.711635044115084	-0.7485576546912649	-0.7485576546912649
-0.61988202116482682	-0.58093913606152248	-0.58093913606152248
52.516777902831905	0.77725877961570822	0.77725877961570822
-41.219837127144807	0.37011483458518579	0.37011483458518579
-29.701678220776202	0.98972839615481301	0.98972839615481301
61.6658550915771	-0.91918183371009587	-0.91918183371009587
79.011578048051206	-0.45445626503320169	-0.45445626503320169
17.278186914939937	-0.99999983601892561	-0.99999983601892561
54.821962304726242	-0.98787077042898574	-0.98787077042898574
24.930010798738849	-0.20134459007196617	-0.20134459007196617
-26.702642455978477	-0.99999959939843819	-0.99999959939843819
43.942009394088245	-0.040276858521652831	-0.040276858521652831
13.949602992566071	0.98246139086476314	0.98246139086476314
10.61458127744244	-0.92829584999280557	-0.92829584999280557
-35.791161381439522	0.94369990588492114	0.94369990588492114
-9.789944773409232	0.35710511316042026	0.35710511316042026
55.083743902149394	-0.99440074374311127	-0.99440074374311127
-76.638210924634876	-0.94577985447819335	-0.94577985447819335
83.309687794743382	0.99834833742137286	0.99834833742137286
-14.657239482479696	-0.86778313305046684	-0.86778313305046684
-49.962389042285473	0.29847404037066411	0.29847404037066411
8.0924370920008926	0.97170395777328478	0.97170395777328478
62.371174728827953	-0.44455583568830565	-0.44455583568830565
-30.369671409736412	0.86555380674997739	0.86555380674997739
-37.563614987114349	0.13508262960953837	0.13508262960953837
53.961159537376943	-0.5261649330024627	-0.5261649330024627
18.856028624805759	0.0064726580704865385	0.0064726580704865385
48.366698367289359	-0.94669247903783216	-0.94669247903783216
-6.564242790817616	-0.27737179425562158	-0.27737179425562158
-96.951405710503593	-0.4240988191584148	-0.4240988191584148
-52.790419097146142	-0.57831031871219729	-0.57831031871219729
2.2425313596248486	0.78274305556283474	0.78274305556283474
32.312971518845956	0.78148662419279635	0.78148662419279635
-95.210772673266106	-0.82090447932621957	-0.82090447932621957
-11.084073714952481	0.99608648094847507	0.99608648094847507
80.157689156345327	-0.99889210668551742	-0.99889210668551742
-64.331378957277963	-0.9974613369603027	-0.9974613369603027
-22.801835256162661	0.72476046906802516	0.72476046906802516
41.115205568162565	-0.2710667218132099	-0.2710667218132099
-71.160848787275015	-0.88928628152152178	-0.88928628152152178
49.837971477851767	-0.41460707915466571	-0.41460707915466571
0.9920425425636239	0.83714495627443875	0.83714495627443875
58.154849844015502	0.99937398958205881	0.99937398958205881
-60.254764672973579	0.53499704946346893	0.53499704946346893
-88.425910569362955	-0.44512716803014674	-0.44512716803014674
-95.082509371114512	-0.74111510790102597	-0.74111510790102597
-96.918007871459238	-0.45410231016444325	-0.45410231016444325
-87.740158031990319	0.22255680458913268	0.22255680458913268
31.01552140348943	-0.38979146199926329	-0.38979146199926329
-10.290907640914895	0.76182753368961642	0.76182753368961642
-53.749551594713346	0.33582078367136425	0.33582078367136425
-7.7940322313405517	-0.99820357267824633	-0.99820357267824633
1.1746644520346621	0.92256041853561044	0.92256041853561044
73.200679421887514	-0.80993916771591634	-0.80993916771591634
-85.897579932945376	0.87938944928814622	0.87938944928814622
42.794255464120681	-0.92763936089022181	-0.92763936089022181
-83.979973396878194	-0.7466609469176565	-0.7466609469176565
-16.699473847702734	0.83685386423654118	0.83685386423654118
-5.0637080476107883	0.93891959049364315	0.93891959049364315
-75.315211717734783	0.082916662199375837	0.082916662199375837
74.720063806118077	-0.62736113318412356	-0.62736113318412356
6.6322164300216713	0.34198750989059146	0.34198750989059146
77.280614295185075	0.95184601023705495	0.95184601023705495
-54.857984378358992	0.99282214988296968	0.99282214988296968
93.150810755657119	-0.88982835106703739	-0.88982835106703739
-66.570918582261157	0.5625549313603192	0.5625549313603192
-27.463363577054039	-0.72495585726198197	-0.72495585726198197
-96.499389484095147	-0.77706090716684972	-0.77706090716684972
-57.347190073641045	-0.7163257908587074	-0.7163257908587074
-18.629001397379213	0.21877074821354786	0.21877074821354786
-65.841311084623143	-0.13175047409783941	-0.13175047409783941
68.099757432729092	-0.84962875108070035	-0.84962875108070035
-79.047855481922738	0.4864649815735449	0.4864649815735449
-86.144548811914916	0.96909790891949255	0.96909790891949255
-43.533138131929981	0.43420812087530397	0.43420812087530397
35.474840182327796	-0.79397577039420697	-0.79397577039420697
-98.010208974000918	0.58171593952498568	0.58171593952498568
-46.211993262532737	-0.79066631329213788	-0.79066631329213788
-50.832753137513173	-0.53733222457279972	-0.53733222457279972
22.857341522169222	-0.76186851518841303	-0.76186851518841303
-97.723118714068804	0.32758504895997986	0.32758504895997986
-21.717715809108768	-0.27003825861068731	-0.27003825861068731
-10.308471663546243	0.7730870627391363	0.7730870627391363
3.2227437771798151	-0.081062082727565848	-0.081062082727565848
-65.325660180924928	-0.60342203113945814	-0.60342203113945814
-76.375452329171111	-0.82895047486076734	-0.82895047486076734
-28.122826929111383	-0.15092799396631215	-0.15092799396631215
-84.985322756620207	0.16160923820884851	0.16160923820884851
-53.324901238507884	-0.082081423271060314	-0.082081423271060314
78.840014120600188	-0.29570914814810911	-0.29570914814810911
-44.814137838539814	-0.73917235620774058	-0.73917235620774058
85.132943865357987	-0.30500360860879083	-0.30500360860879083
8.3357235136853234	0.8861892137740468	0.8861892137740468
-50.563905652874055	-0.2940134609729198	-0.2940134609729198
44.584778266781171	0.56668848717463582	0.56668848717463582
-60.06145182095559	0.36272595241942107	0.36272595241942107
-62.404156342948532	0.41477610392892378	0.41477610392892378
39.253487618544767	0.99986518577630279	0.99986518577630279
-97.357085599548171	-0.032281052604916351	-0.032281052604916351
-22.777731125678244	0.7079437732225814	0.7079437732225814
-62.958231514210816	-0.12604230185319815	-0.12604230185319815
72.451145486909269	-0.1932901687062098	-0.1932901687062098
79.569856529744101	-0.8573196790652311	-0.8573196790652311
-49.252289402460811	0.8485257852793362	0.8485257852793362
36.05187455162482	-0.99707981181871908	-0.99707981181871908
77.860207784763048	0.62848859888445885	0.62848859888445885
-35.471493860162667	0.79193693421469469	0.79193693421469469
-22.007950162287926	0.016800796674530084	0.016800796674530084
22.938207228005368	-0.81170105673570425	-0.81170105673570425
-32.005618106745828	-0.55610471012483731	-0.55610471012483731
72.211777568716286	0.044838425746984052	0.044838425746984052
54.214919651875675	-0.72279930729421371	-0.72279930729421371
-64.344719219675397	-0.99832251638720237	-0.99832251638720237
-61.763707443186028	0.87630866793961237	0.87630866793961237
-9.667064364330173	0.23992287378482868	0.23992287378482868
-17.750306208887935	0.8908667818176641	0.8908667818176641
12.733021288166512	0.1658803614222206	0.1658803614222206
-1.5785916164104634	-0.99996961688376163	-0.99996961688376163
69.90676986793892	0.71157090736621398	0.71157090736621398
-43.364252025866513	0.57944302018291005	0.57944302018291005
40.581153750664953	0.25664637140262758	0.25664637140262758
92.164496169190812	-0.87152765827392542	-0.87152765827392542
-2.2920210679238835	-0.75099758996442012	-0.75099758996442012
78.637376644536545	-0.097405615050979596	-0.097405615050979596
54.369820840526586	-0.82076320911383405	-0.82076320911383405
-59.123467612163303	-0.5369291382924587	-0.5369291382924587
-15.945438209811044	0.23524918638951833	0.23524918638951833
-24.69143391401056	0.42712189590480693	0.42712189590480693
-74.011759574399392	0.98305886818608168	0.98305886818608168
-52.458493941592344	-0.81258937658412544	-0.81258937658412544
54.593009043865806	-0.92685010310561633	-0.92685010310561633
-71.33929995787021	-0.79398189961155718	-0.79398189961155718
87.077294669178059	-0.7753692718809041	-0.7753692718809041
51.636961966512473	0.9802020764800754	0.9802020764800754
-14.598773893825012	-0.89533793729977551	-0.89533793729977551
6.8103589139809202	0.50309269319098815	0.50309269319098815
95.42642238931586	0.92408816281320272	0.92408816281320272
40.216764153869718	0.58423760169576744	0.58423760169576744
-91.657036357900694	0.52341117785343239	0.52341117785343239
-33.4183307828919	-0.90829427995696776	-0.90829427995696776
75.322423109877093	-0.075728008887815598	-0.075728008887815598
55.380296388831738	-0.92011396642934118	-0.92011396642934118
-95.271744501122242	-0.85417640901115333	-0.85417640901115333
90.412689086574261	0.63923099907731529	0.63923099907731529
-44.472175720429739	-0.47051874317498354	-0.47051874317498354
10.016308183599548	-0.55763189543190284	-0.55763189543190284
22.758001271757905	-0.6938723118998904	-0.6938723118998904
-57.829085823437843	-0.95813564039065979	-0.95813564039065979
12.341409834436362	-0.22306813046003957	-0.22306813046003957
-11.016359045654696	0.9997840046916715	0.9997840046916715
-1.326093978778232	-0.97020947936722912	-0.97020947936722912
-56.798176251776837	-0.24692769649360724	-0.24692769649360724
89.665186684095318	0.9915883110973327	0.9915883110973327
96.162561859900052	0.94141792532794799	0.94141792532794799
-94.068006576674719	0.17880626681605591	0.17880626681605591
-46.051408691477505	-0.87838904522991157	-0.87838904522991157
54.7713998660995	-0.97876036086209239	-0.97876036086209239
16.906166451902266	-0.93138649152366748	-0.93138649152366748
82.28175553708806	0.56492845438646211	0.56492845438646211
-37.203402839015901	0.4756554332119946	0.4756554332119946
73.730644050230723	-0.99532015026469456	-0.99532015026469456
-31.880575928220239	-0.44810939318731213	-0.44810939318731213
53.269250821333969	0.1373883629158171	0.1373883629158171
-18.636047545808935	0.21188990979730335	0.21188990979730335
56.091718902574598	-0.44121206496648169	-0.44121206496648169
90.411467740289226	0.64016975542073307	0.64016975542073307
-71.379293878909792	-0.76903951275179494	-0.76903951275179494
97.520579248618333	-0.13083085054974203	-0.13083085054974203
-70.423846222217861	-0.96587686743764489	-0.96587686743764489
43.073844663393942	-0.78855301510865816	-0.78855301510865816
-80.42578849144769	0.95074189076514604	0.95074189076514604
-83.005445676997951	-0.96970901068293092	-0.96970901068293092
40.737460238706433	0.10306093578512887	0.10306093578512887
29.704890266796383	-0.99018248541164189	-0.99018248541164189
42.848546214557445	-0.90600619681664563	-0.90600619681664563
3.8667587661775968	-0.66325976868965208	-0.66325976868965208
83.867125969469271	0.81681922636903692	0.81681922636903692
-5.8054715759415672	0.45975006165906396	0.45975006165906396
70.070193669085029	0.81640342752991413	0.81640342752991413
-3.6373691722037762	0.47571482006763011	0.47571482006763011
28.61292353286683	-0.33215714739865831	-0.33215714739865831
-16.612738950744657	0.78628657766565069	0.78628657766565069
7.8231593390890168	0.99952503067306997	0.99952503067306997
2.4012554113599549	0.67453691606267141	0.67453691606267141
66.851131609057859	-0.76926237464466285	-0.76926237464466285
75.613714621967262	0.21382703527084737	0.21382703527084737
71.043412039287176	0.93674751928662014	0.93674751928662014
30.02271791728262	-0.98427270137833189	-0.98427270137833189
37.646788997607842	-0.052298974868105176	-0.052298974868105176
83.362836406152923	0.99388662047873766	0.99388662047873766
-14.794301697183272	-0.79174571569021335	-0.79174571569021335
21.857743882423136	0.13300934828949013	0.13300934828949013
65.637696766293601	0.32947640228596803	0.32947640228596803
48.342531191637732	-0.93863160844872118	-0.93863160844872118
-27.461888900656533	-0.72597081883806336	-0.72597081883806336
60.130423451376544	-0.42608696393679485	-0.42608696393679485
-37.228766640076273	0.45319403043773404	0.45319403043773404
23.012467401693343	-0.85279750963176537	-0.85279750963176537
54.305396150694378	-0.78228214757613679	-0.78228214757613679
86.457342668058459	-0.99798171518856982	-0.99798171518856982
60.257093052362421	-0.53696273795238303	-0.53696273795238303
19.937136978052777	0.88550559562165454	0.88550559562165454
-89.259122682871464	-0.96208011765496382	-0.96208011765496382
-81.313538795878301	0.35962894015980379	0.35962894015980379
16.050778293458421	-0.33613964573193278	-0.33613964573193278
0.16497203197496901	0.16422474275299126	0.16422474275299126
11.651379328808915	-0.79255727285543776	-0.79255727285543776
61.859812623570036	-0.82603745978753451	-0.82603745978753451
56.85670200747893	0.30318599173319799	0.30318599173319799
16.222992047112612	-0.49255989512881143	-0.49255989512881143
10.171283251898799	-0.67907756322814838	-0.67907756322814838
-31.109737658698847	0.3014269696139309	0.3014269696139309
20.593725660638313	0.98500843824600859	0.98500843824600859
26.760889848241717	0.99835580801825941	0.99835580801825941
94.493231269363179	0.24299447387686657	0.24299447387686657
37.153395457331015	-0.51903055842639012	-0.51903055842639012
-57.87119922643798	-0.96934024222188409	-0.96934024222188409
77.670071849757846	0.76416415243807245	0.76416415243807245
39.943778724019609	0.78141224071164705	0.78141224071164705
-90.783752825121766	-0.31687618787612237	-0.31687618787612237
-19.516960982656812	-0.61894992923402503	-0.61894992923402503
30.911769756989997	-0.48306930283652788	-0.48306930283652788
-13.445929070854447	-0.7704574738269796	-0.7704574738269796
-71.762227244758819	-0.47450691879775958	-0.47450691879775958
63.902105937830243	0.87732188333855088	0.87732188333855088
-62.372164135254614	0.44366935630259852	0.44366935630259852
-21.33947047535176	-0.60652146104573612	-0.60652146104573612
-97.35909940351047	-0.030268234078839641	-0.030268234078839641
-8.0740921879530703	-0.97587331721377923	-0.97587331721377923
42.27811474604988	-0.99111725893034641	-0.99111725893034641
50.609456599970855	0.3372310901818566	0.3372310901818566
33.486084302407932	0.87788852505689352	0.87788852505689352
-28.622188533305703	0.34088173759181789	0.34088173759181789
91.206243696205235	-0.099889875113153809	-0.099889875113153809
-90.551027478702011	-0.5270788317163756	-0.5270788317163756
-23.56127177419279	0.99999977344953761	0.99999977344953761
-85.817803424478768	0.83865101699741418	0.83865101699741418
-96.78925081731083	-0.56474270126687065	-0.56474270126687065
-24.003873454557294	0.90392853452414224	0.90392853452414224
76.654199315965343	0.95085191465742203	0.95085191465742203
-74.75514237245558	0.59966411106642692	0.59966411106642692
-1.3819718440009581	-0.98222556346007073	-0.98222556346007073
15.61406186444907	0.093763468801650471	0.093763468801650471
77.701646365328656	0.74342039970291451	0.74342039970291451
-97.927919311882491	0.5128892420903054	0.5128892420903054
-32.767824918554879	-0.97613735789041145	-0.97613735789041145
91.902990326441198	-0.71512531762967979	-0.71512531762967979
31.884390585611044	0.45151634713775662	0.45151634713775662
33.29488688162877	0.95289204637584402	0.95289204637584402
-45.037878180789988	-0.87018666121686261	-0.87018666121686261
45.401835805825584	0.98858235195849342	0.98858235195849342
-40.038742842268668	-0.71872140757971692	-0.71872140757971692
26.328463709016432	0.93048057143201712	0.93048057143201712
18.992079505632816	0.14204156099130269	0.14204156099130269
43.977034974110012	-0.0052621518617475107	-0.0052621518617475107
1.0881760247000898	0.88578187817859688	0.88578187817859688
57.568017712892612	0.85176762699814146	0.85176762699814146
39.309990596415872	0.99919680708403924	0.99919680708403924
68.348889498889434	-0.69336532315738719	-0.69336532315738719
38.33956247991506	0.59755683460859532	0.59755683460859532
-43.162635957513032	0.73091464627189684	0.73091464627189684
-3.5582188481974413	0.40467755383591575	0.40467755383591575
30.700559976708547	-0.65589415901112447	-0.65589415901112447
-6.5170968449958337	-0.23178430270739628	-0.23178430270739628
-94.19150405918721	0.05624584968685839	0.05624584968685839
-27.401930341689379	-0.76587659456564594	-0.76587659456564594
56.385997367001437	-0.16195392481324561	-0.16195392481324561
32.217318763645039	0.71832536977365991	0.71832536977365991
9.381634948391266	0.043129629801809621	0.043129629801809621
-58.399942631152776	-0.96092308111418245	-0.96092308111418245
0.01915898626350554	0.019157814180532376	0.019157814180532376
-22.885771140664701	0.77997293324382844	0.77997293324382844
-6.8650280695356685	-0.54956440732082246	-0.54956440732082246
44.06690173083436	0.084503684345608884	0.084503684345608884
-2.9271886654428272	-0.21276510093045897	-0.21276510093045897
80.300996254997301	-0.98193171878072172	-0.98193171878072172
71.378686797805642	0.76942741800997339	0.76942741800997339
96.553699134471145	0.74174813144688945	0.74174813144688945
-71.988083121112297	-0.26533167529032819	-0.26533167529032819
32.965740104808475	0.99977987001245927	0.99977987001245927
-66.623938916860141	0.60557895386042826	0.60557895386042826
-60.640286455321899	0.81343064986362734	0.81343064986362734
-45.197474989136921	-0.93743132905507387	-0.93743132905507387
13.850975044996375	0.95932586059535407	0.95932586059535407
19.131500456418919	0.27822393072792878	0.27822393072792878
29.227741544490982	-0.81539295766795461	-0.81539295766795461
3.729584711136738	-0.55469142139146066	-0.55469142139146066
84.29788475649903	0.50131414933307172	0.50131414933307172
5.4626339777754822	-0.73152184719847857	-0.73152184719847857
96.6969644976827	0.63839231340421321	0.63839231340421321
67.43212327893562	-0.99372127177098213	-0.99372127177098213
-84.635558994842839	-0.18634695365636977	-0.18634695365636977
48.244673481821877	-0.90044160047993316	-0.90044160047993316
73.750881245130557	-0.99707177639738431	-0.99707177639738431
-92.946634362920008	0.96386390509125475	0.96386390509125475
15.137457374486189	0.54005789186191555	0.54005789186191555
39.707460584160316	0.90579147549237315	0.90579147549237315
57.512131469099785	0.82117315405844771	0.82117315405844771
-60.812675440403133	0.90114999909122784	0.90114999909122784
-7.7796871682593718	-0.99724143539562904	-0.99724143539562904
-14.552215938956877	-0.91509656397543804	-0.91509656397543804
83.442201551822137	0.98200494678866646	0.98200494678866646
79.559425115422471	-0.85190320325463897	-0.85190320325463897
-98.76292811556209	0.98061107902674705	0.98061107902674705
35.148459041370103	-0.55714173823638102	-0.55714173823638102
90.066492221883237	0.86224965432896805	0.86224965432896805
80.727302635129121	-0.81579723923521053	-0.81579723923521053
-11.202040943273929	0.97876136867061314	0.97876136867061314
-74.586134109125453	0.72572635217048365	0.72572635217048365
21.026846640232023	0.82165122610126395	0.82165122610126395
12.210684812201109	-0.34823332343076518	-0.34823332343076518
-95.053735807630119	-0.72149306628259025	-0.72149306628259025
-21.319748399358417	-0.62208286606364194	-0.62208286606364194
80.756698253084579	-0.79844664326675541	-0.79844664326675541
-36.0872423575845	0.99915661639326669	0.99915661639326669
-90.124900781494603	-0.83121311051603386	-0.83121311051603386
16.743135847670658	-0.85995045009100524	-0.85995045009100524
-86.674289838138989	0.9609193925511863	0.9609193925511863
-20.492816578597271	-0.99737560912832246	-0.99737560912832246
46.666949723513738	0.44120418421902685	0.44120418421902685
-41.975824482383238	0.90658481773745303	0.90658481773745303
56.467992439785633	-0.080587840638409333	-0.080587840638409333
-71.731375991413287	-0.50143368158534518	-0.50143368158534518
71.993991080902958	0.25963087591697626	0.25963087591697626
-71.326102521223376	-0.80193579095332379	-0.80193579095332379
-29.681234793798126	0.98659918415231762	0.98659918415231762
8.2097148409407055	0.93739138112917353	0.93739138112917353
41.916433299543826	-0.87993663183167925	-0.87993663183167925
97.299614263226488	0.089637524072074856	0.089637524072074856
-76.292757354117498	-0.77991729688245115	-0.77991729688245115
81.093534681333892	-0.55459344664138832	-0.55459344664138832
-42.864267211213672	0.8992403750474165	0.8992403750474165
-52.409068884027022	-0.84039207289397266	-0.84039207289397266
21.099355219077751	0.77819925720812699	0.77819925720812699
-19.796004967482389	-0.81134485091973485	-0.81134485091973485
-76.743614780555902	-0.97470361710909303	-0.97470361710909303
-61.956088075355758	0.76803363791209145	0.76803363791209145
-43.983283174465015	-0.00098602404813370086	-0.00098602404813370086
-55.596368558113227	0.81475076315424777	0.81475076315424777
-3.8612699090905522	0.65914199647003135	0.65914199647003135
-36.378103519952163	0.96896484866910904	0.96896484866910904
-84.258979244995103	-0.53458989210851238	-0.53458989210851238
-65.064993965356308	-0.78855256812979879	-0.78855256812979879
-89.722480696320574	-0.98254964303773851	-0.98254964303773851
-66.33081249950024	0.34980858706823542	0.34980858706823542
71.816963202647258	0.42563891013891886	0.42563891013891886
-87.214564603989103	0.68166048833963322	0.68166048833963322
-57.39064399190007	-0.7459607232678106	-0.7459607232678106
-15.375586037624103	-0.32629107120483797	-0.32629107120483797
-4.8909105983319137	0.98410729164914812	0.98410729164914812
84.516158467115702	0.30205077556273374	0.30205077556273374
7.3302804280808402	0.86597418409370197	0.86597418409370197
41.612251975250359	-0.69724535605585458	-0.69724535605585458
10.949475138984297	-0.99893762241109996	-0.99893762241109996
41.383226737071425	-0.51629770146270537	-0.51629770146270537
-15.414346738772181	-0.28941586446165352	-0.28941586446165352
-13.576749766757544	-0.84703344001248437	-0.84703344001248437
97.43357633559441	-0.044189679922321194	-0.044189679922321194
-8.7662574644497653	-0.61194738495069734	-0.61194738495069734
76.111605007366478	0.65439430491964834	0.65439430491964834
43.708995778020295	-0.26991174382956701	-0.26991174382956701
59.875760811926511	-0.18443836560538085	-0.18443836560538085
-35.712781134751964	0.91490073259077909	0.91490073259077909
56.711807854843869	0.16241739881340861	0.16241739881340861
-22.307842323410199	0.31142643579255408	0.31142643579255408
72.797429228831817	-0.5148204476652336	-0.5148204476652336
69.48184413239963	0.35863550878030631	0.35863550878030631
35.281940966524019	-0.6627025322764204	-0.6627025322764204
65.608441390549757	0.35695334374677357	0.35695334374677357
99.297667873337303	-0.94358567295485807	-0.94358567295485807
68.113910737211683	-0.8420797171268567	-0.8420797171268567
36.119478907597454	-0.999960957427529	-0.999960957427529
-85.231497268871266	0.39722918100997162	0.39722918100997162
17.502919645367371	-0.97498116123078182	-0.97498116123078182
-99.15621206870243	0.98084494385374998	0.98084494385374998
40.402130579920623	0.42464878118867466	0.42464878118867466
67.422128355353209	-0.9925533829377069	-0.9925533829377069
-41.261569726500177	0.40855033212286612	0.40855033212286612
-94.040913520985697	0.2053938170952665	0.2053938170952665
-18.878444907967065	-0.028884968265385343	-0.028884968265385343
-21.594850839784755	-0.38600566970485067	-0.38600566970485067
64.476529156512754	0.99727213179847496	0.99727213179847496
90.231662434029829	0.76723863434537665	0.76723863434537665
-99.138244892307014	0.98418627060098529	0.98418627060098529
33.4300686442254	0.90332150147730605	0.90332150147730605
18.218451679718854	-0.59003665634046021	-0.59003665634046021
79.434185966460177	-0.77981461582954092	-0.77981461582954092
28.900639953563569	-0.58615594922306891	-0.58615594922306891
-58.582664750650544	-0.89462698366586613	-0.89462698366586613
60.025734327411328	-0.32921669767730172	-0.32921669767730172
-89.570629464342488	-0.99937917642988838	-0.99937917642988838
21.388967648446197	0.56644112558873305	0.56644112558873305
-39.924605635773389	-0.79323218324909095	-0.79323218324909095
46.903846505506408	0.21827187761633854	0.21827187761633854
-51.52538804013065	-0.95206146293816218	-0.95206146293816218
-93.51060453086879	0.67219910698583341	0.67219910698583341
-75.458780462559247	-0.060519771663614649	-0.060519771663614649
-28.444615463800943	0.16945986478620337	0.16945986478620337
-5.9558835893561053	0.3214891626650152	0.3214891626650152
-69.088466895780883	0.026568356533478811	0.026568356533478811
97.080575465841122	0.30391256381149062	0.30391256381149062
-68.437168141875077	0.62713555367479301	0.62713555367479301
2.6673179918699219	0.45669328887583793	0.45669328887583793
99.421706515358409	-0.89536867820952171	-0.89536867820952171
-11.367771683633677	0.93153048302321373	0.93153048302321373
-35.612242188566796	0.8697635697924363	0.8697635697924363
18.045218575775948	-0.72037119167378572	-0.72037119167378572
-96.354473888943062	-0.85981046847708087	-0.85981046847708087
79.545462435839994	-0.84450815500009691	-0.84450815500009691
78.419420225674344	0.12010546335679491	0.12010546335679491
39.618647422910982	0.93980427354335305	0.93980427354335305
-54.570756030790164	0.91826683126485875	0.91826683126485875
-0.58481201868383437	-0.55204265027941446	-0.55204265027941446
-31.412874520926579	0.0030520102332067043	0.0030520102332067043
-54.244505281275366	0.74292539721167039	0.74292539721167039
-29.399637752381082	0.90239857408033908	0.90239857408033908
-34.254838032258377	-0.29808054873855006	-0.29808054873855006
-52.725206578488873	-0.63024484541034176	-0.63024484541034176
73.128033707139224	-0.76523266662442679	-0.76523266662442679
-44.82842685037928	-0.74872045203774706	-0.74872045203774706
9.9107336229622405	-0.46705359683006353	-0.46705359683006353
72.223784076745432	0.032841049585122378	0.032841049585122378
-46.884153421424024	-0.23744655640711981	-0.23744655640711981
-37.796848656215573	-0.097581282540741707	-0.097581282540741707
68.457949686660356	-0.61081434646852706	-0.61081434646852706
-39.468725482430081	-0.98030085607539386	-0.98030085607539386
-19.743617434506078	-0.77962169637100764	-0.77962169637100764
95.263835135453235	0.85003699592963322	0.85003699592963322
-61.656957595468285	0.9226495352528914	0.9226495352528914
-14.819422794264057	-0.77615227677155529	-0.77615227677155529
-38.363077633132349	-0.61624496570778975	-0.61624496570778975
87.768199020333782	-0.19513518227468549	-0.19513518227468549
-55.14455323298413	0.9861407216910818	0.9861407216910818
71.370387398577634	0.77470196879686637	0.77470196879686637
-13.176716441162085	-0.57315088209197729	-0.57315088209197729
91.607271794003623	-0.48037729288325015	-0.48037729288325015
-3.4170557808310633	0.27199263314526362	0.27199263314526362
11.614010998165298	-0.81478578789156964	-0.81478578789156964
-6.544666311164363	-0.25851149684072416	-0.25851149684072416
-26.966774034663629	-0.96555288237576697	-0.96555288237576697
88.537101256355697	0.54174095934449817	0.54174095934449817
-83.819562678269477	-0.8433240880138605	-0.8433240880138605
-5.0482026813232608	0.94414247722869638	0.94414247722869638
44.095882649076145	0.11334141597332065	0.11334141597332065
-59.193578527365311	-0.47651099001206637	-0.47651099001206637
81.741279147647759	0.059834393939578429	0.059834393939578429
41.702274436078596	-0.75886591583839758	-0.75886591583839758
-50.867798732919965	-0.56655266164584239	-0.56655266164584239
92.481054773578478	-0.98086733303601836	-0.98086733303601836
-40.225026832984753	-0.57751188746710824	-0.57751188746710824
88.173417171461921	0.20730848708379143	0.20730848708379143
49.838058055706881	-0.41452829170658057	-0.41452829170658057
-71.082731940272495	-0.92226483226658873	-0.92226483226658873
52.888129234434473	0.49596507344129687	0.49596507344129687
-85.6634870603325	0.74496702763449163	0.74496702763449163
-4.9682852048092485	0.96743683860026985	0.96743683860026985
-26.669497163587906	-0.99942068180235644	-0.99942068180235644
-1.6635148134818252	-0.99570471954583162	-0.99570471954583162
-4.8175145691914025	0.99447939229842286	0.99447939229842286
-23.352147531096378	0.97807313470267276	0.97807313470267276
63.445858109583384	0.57614557812368983	0.57614557812368983
-25.504257623828991	-0.36302879229257085	-0.36302879229257085
-8.0327518619014597	-0.98406311434959914	-0.98406311434959914
83.389875580791085	0.99053840771291268	0.99053840771291268
14.805988542577751	0.78455289049811461	0.78455289049811461
32.251961335470185	0.74199064908859147	0.74199064908859147
-37.632831434323798	0.066231890083598324	0.066231890083598324
5.7470446262050814	-0.51082199958368635	-0.51082199958368635
30.93060538209923	-0.46649245212200197	-0.46649245212200197
-44.999641117802959	-0.85071494103199641	-0.85071494103199641
60.359832374263362	-0.62065042004153326	-0.62065042004153326
-63.864009384111348	-0.85840710546056775	-0.85840710546056775
37.158213655485071	-0.51490616745780038	-0.51490616745780038
90.066680216907855	0.86215442271500997	0.86215442271500997
35.491222829180458	-0.80382859960549469	-0.80382859960549469
61.821001187847287	-0.84728462089906453	-0.84728462089906453
8.8631065023178763	0.53260160697061476	0.53260160697061476
47.092136499955615	0.031747968164117381	0.031747968164117381
47.378909242410202	-0.25226421857095038	-0.25226421857095038
-33.03193813181305	-0.99897796385963511	-0.99897796385963511
23.282140596716431	-0.96110950126935413	-0.96110950126935413
19.596490852276816	0.67939288459742964	0.67939288459742964
-40.41790851272313	-0.41031183791198311	-0.41031183791198311
7.5919911007432717	0.96587633656535632	0.96587633656535632
74.373739478811331	-0.85444632839728585	-0.85444632839728585
32.934140107776841	0.99861784545199161	0.99861784545199161
58.096817704735628	0.99974358154442422	0.99974358154442422
6.0979509045159688	-0.1841769313478103	-0.1841769313478103
-42.293425357010314	0.99303718727436208	0.99303718727436208
0.56970525524369009	0.53938387939967658	0.53938387939967658
-71.25996318767622	-0.83966594551932183	-0.83966594551932183
62.974182896725438	0.14184976374503303	0.14184976374503303
93.133131991441019	-0.89775562065307268	-0.89775562065307268
8.7437647212345695	0.62958056852696498	0.62958056852696498
46.119926887189195	0.84360554469201599	0.84360554469201599
42.437226957089194	-0.99966910127490805	-0.99966910127490805
65.967572258571892	0.0058734330437277618	0.0058734330437277618
-64.511415179703221	-0.99409083132992515	-0.99409083132992515
-70.225682302604682	-0.89598482802271173	-0.89598482802271173
-93.002649641642947	0.94743774119462321	0.94743774119462321
31.28445932008259	-0.13108883785694178	-0.13108883785694178
-50.85083677319399	-0.55249474499166673	-0.55249474499166673
-81.294590171394418	0.37724419594568487	0.37724419594568487
-19.18632942877494	-0.33044357047064349	-0.33044357047064349
21.13848734430546	0.75303411021920086	0.75303411021920086
42.384625226562633	-0.99963887288320485	-0.99963887288320485
99.141989951063152	-0.98351598324726863	-0.98351598324726863
-74.676791372762068	0.66046081664719458	0.66046081664719458
23.509778259244939	-0.99863962924253102	-0.99863962924253102
-51.685526464881043	-0.98865837293338621	-0.98865837293338621
44.073349298812786	0.090926389485719961	0.090926389485719961
8.8832258735321261	0.51546661054605536	0.51546661054605536
-69.453958134476878	-0.33246849222021729	-0.33246849222021729
32.565908162875246	0.91275643495744307	0.91275643495744307
71.754221207440622	0.48153896499087762	0.48153896499087762
44.334673053544606	0.34512869625803955	0.34512869625803955
0.074118782261606952	0.074050937818293139	0.074050937818293139
-11.615021752062233	0.81419937496362627	0.81419937496362627
-25.985297575250556	-0.75296509415636137	-0.75296509415636137
7.7698150454213533	0.99646008316128043	0.99646008316128043
90.162634314521171	0.80964830409059241	0.80964830409059241
-87.854195349721621	0.11017483166348244	0.11017483166348244
-65.347260982988956	-0.58605764448006636	-0.58605764448006636
55.635699021110327	-0.79132231160304911	-0.79132231160304911
2.3967153907526608	0.67788158274572174	0.67788158274572174
-30.277748632555387	0.90787109063943827	0.90787109063943827
-82.795461255924351	-0.89749321192922649	-0.89749321192922649
-19.59914519550307	-0.68133817886848969	-0.68133817886848969
47.613898899358787	-0.47063391342069616	-0.47063391342069616
76.365577183160553	0.82338675944380679	0.82338675944380679
38.352482587234448	0.60786635743165995	0.60786635743165995
-88.82962681580922	-0.76111635395374733	-0.76111635395374733
-77.412717837803484	-0.90317043153069898	-0.90317043153069898
-86.228994747582405	0.9864506568147936	0.9864506568147936
-51.393906380079372	-0.90373861750598794	-0.90373861750598794
-43.331223484115057	0.60604078497555924	0.60604078497555924
16.650106863850198	-0.80882051126455479	-0.80882051126455479
39.4804932292638	0.97790878592168151	0.97790878592168151
-30.71438997019122	0.64539215654142223	0.64539215654142223
59.072377709132269	0.5793106419866576	0.5793106419866576
-51.281190866758543	-0.84985410946185391	-0.84985410946185391
-98.985319642424898	0.99968372890527235	0.99968372890527235
24.71334391183089	-0.40721007575351997	-0.40721007575351997
2.9387993528354741	0.20140617288505477	0.20140617288505477
40.022365844487553	0.73001141452361984	0.73001141452361984
-15.797234976835412	0.089153181901012554	0.089153181901012554
21.368828577843885	0.58292179097551589	0.58292179097551589
5.4573258980208976	-0.7351306689831022	-0.7351306689831022
40.310332174638432	0.50585454823700182	0.50585454823700182
-23.323296916610261	0.97165846442070569	0.97165846442070569
22.500245199039213	-0.48738863127196363	-0.48738863127196363
14.001751473907404	0.99084532781897372	0.99084532781897372
-58.014989982323002	-0.99454754236448772	-0.99454754236448772
12.94940177344013	0.37373369135222256	0.37373369135222256
77.240028538899082	0.96350140069864088	0.96350140069864088
88.651035266248812	0.6337882656059004	0.6337882656059004
-55.217753217769932	0.97136606928098979	0.97136606928098979
-11.478473006106881	0.88565263027962537	0.88565263027962537
73.99952473204209	-0.98522776095332942	-0.98522776095332942
-57.312699433651062	-0.6918381371143224	-0.6918381371143224
-2.4608592529698399	-0.62936312717485832	-0.62936312717485832
-99.926264585346132	0.56851557113205764	0.56851557113205764
-80.544962855256216	0.9071436880487983	0.9071436880487983
1.1950760954779156	0.93024357964655924	0.93024357964655924
-78.580142488096826	0.040315219522069221	0.040315219522069221
-46.350486418371183	-0.69857452898159544	-0.69857452898159544
16.054941427629487	-0.34005761184920608	-0.34005761184920608
81.691683279467355	0.010274105373108227	0.010274105373108227
27.269147602911431	0.84426181425798141	0.84426181425798141
-65.727306528294264	-0.24366134477724399	-0.24366134477724399
-69.45307227484254	-0.33163289493288522	-0.33163289493288522
7.5580980247123222	0.95654486841105013	0.95654486841105013
-46.078359526500577	-0.86519056355618906	-0.86519056355618906
56.114262759675199	-0.42087074361056603	-0.42087074361056603
-60.011570623849764	0.31580998386370568	0.31580998386370568
11.775581897780867	-0.71090818588298688	-0.71090818588298688
-11.547206402467651	0.85167030134534838	0.85167030134534838
-0.90440501326824574	-0.78605750104903149	-0.78605750104903149
45.298907064993415	0.96786819922826728	0.96786819922826728
-77.524724883640616	-0.84952880227922201	-0.84952880227922201
-35.897063103327184	0.97338010945961995	0.97338010945961995
-17.432394367083646	0.98822137393970177	0.98822137393970177
46.909716860598962	0.21253934050220735	0.21253934050220735
69.214731967604649	0.09952853137478615	0.09952853137478615
36.313973070963101	-0.98281508323479361	-0.98281508323479361
-44.608824325787779	-0.58633507319059508	-0.58633507319059508
-97.093144001805797	-0.29191483181968841	-0.29191483181968841
-14.257597030765865	-0.99275705705527661	-0.99275705705527661
-0.65597476577768532	-0.60993198978548857	-0.60993198978548857
0.3019156510982981	0.29734975469874519	0.29734975469874519
41.939073088186859	-0.8904661738593993	-0.8904661738593993
38.443001805904913	0.67715541803404489	0.67715541803404489
29.364686746670174	-0.88679005385163101	-0.88679005385163101
-36.45821983550632	0.94607334388643249	0.94607334388643249
35.495646094155546	-0.80645195520166058	-0.80645195520166058
90.585494383800125	0.49748104442349578	0.49748104442349578
18.89359667225996	0.044026515285238342	0.044026515285238342
4.0545068999900309	-0.79128899094036653	-0.79128899094036653
63.528988843400668	0.64202436500623783	0.64202436500623783
-92.197879587454253	0.88740846213551905	0.88740846213551905
78.468262642866677	0.07149265416876964	0.07149265416876964
-43.534508306266837	0.43297344339316257	0.43297344339316257
75.663175466679064	0.26186273159039897	0.26186273159039897
-75.660798117981102	-0.25956760233425691	-0.25956760233425691
-34.622762622359204	0.065197155708374907	0.065197155708374907
-34.148261374139352	-0.39792854526394256	-0.39792854526394256
-50.51741226712921	-0.24927331399006131	-0.24927331399006131
75.000993735021126	-0.38686546757372509	-0.38686546757372509
62.629863845651442	-0.20061851050003396	-0.20061851050003396
6.89775750528392	0.57660905227126469	0.57660905227126469
-31.206982403652972	0.20742711253024126	0.20742711253024126
-37.991387252932853	-0.28813188052441835	-0.28813188052441835
-44.954106381875825	-0.82590712050961235	-0.82590712050961235
-15.573680715551731	-0.13387935664478232	-0.13387935664478232
32.795268548304136	0.98172853652149938	0.98172853652149938
32.805622253577695	0.98364605536275318	0.98364605536275318
-37.793287805451229	-0.094036814569326402	-0.094036814569326402
-71.78537118503337	-0.4540091657752246	-0.4540091657752246
-24.757576273745897	0.36642601596132329	0.36642601596132329
-95.808327417999649	-0.99994748441454107	-0.99994748441454107
-83.229255810618668	-0.99973667156439472	-0.99973667156439472
-16.252004398519929	0.51759789688839608	0.51759789688839608
36.817890646059453	-0.77151639107301306	-0.77151639107301306
-36.245140240128791	0.99318374960014921	0.99318374960014921
47.216307525235436	-0.092286220389843548	-0.092286220389843548
28.984749964859731	-0.65214925573256499	-0.65214925573256499
83.900408452953315	0.79716995238170218	0.79716995238170218
20.15254048362047	0.96435225959527826	0.96435225959527826
97.486481186322095	-0.096956371806053168	-0.096956371806053168
29.849639491241675	-0.99998983320452439	-0.99998983320452439
24.924991248415878	-0.20625878520681562	-0.20625878520681562
28.30421626631184	-0.029877936922225165	-0.029877936922225165
-6.1963929570072906	0.086683424683309987	0.086683424683309987
85.769268754598727	-0.81123848223498352	-0.81123848223498352
-92.064773034163807	0.8183798383754779	0.8183798383754779
-22.385345534194315	0.38406686078803021	0.38406686078803021
94.427476244316892	0.17873110304742493	0.17873110304742493
-44.773950231838398	-0.71151581503166117	-0.71151581503166117
73.144484430038688	-0.77571886078325569	-0.77571886078325569
52.591847814554001	0.72788147526613589	0.72788147526613589
-34.360637728492719	-0.19561199384139102	-0.19561199384139102
-97.098188781858241	-0.28708608649555284	-0.28708608649555284
-8.2357677191927507	-0.92800065909485452	-0.92800065909485452
37.918746626352714	0.21787319446451417	0.21787319446451417
26.457531422505994	0.96989279005259754	0.96989279005259754
-93.263782572176552	0.83271716934113227	0.83271716934113227
-0.066010023931113437	-0.065962096538624296	-0.065962096538624296
29.770097413588871	-0.9971863602176706	-0.9971863602176706
61.869776701779983	-0.82038064125314136	-0.82038064125314136
-84.21114817994382	-0.57438566577052286	-0.57438566577052286
-61.825970933555219	0.84463454211893774	0.84463454211893774
-13.265489810729903	-0.6435437616535532	-0.6435437616535532
74.181240797170091	-0.93805826623742961	-0.93805826623742961
-17.990833068797556	0.75700868633743845	0.75700868633743845
-41.315392712324382	0.45706115740774833	0.45706115740774833
-76.607669283195023	-0.9354201427757336	-0.9354201427757336
-64.211580048107649	-0.98180171733917532	-0.98180171733917532
-17.623801714708591	0.94106120693962336	0.94106120693962336
52.488670397125958	0.79463415159354145	0.79463415159354145
-90.625499901711677	-0.46238847848787007	-0.46238847848787007
-50.951792421473897	-0.6336869294924723	-0.6336869294924723
-47.142955745025802	0.019064786089492101	0.019064786089492101
48.937556489728564	-0.97065168248997291	-0.97065168248997291
75.026729917795791	-0.36300770909224267	-0.36300770909224267
-16.023695276975943	0.31051237969203416	0.31051237969203416
-19.378144603836247	-0.50431514325158056	-0.50431514325158056
-16.399702157469449	0.63787733079910147	0.63787733079910147
60.675483350609937	-0.83339532082143286	-0.83339532082143286
-13.433460604649113	-0.76244925193382951	-0.76244925193382951
95.846725128158425	0.99960383760807581	0.99960383760807581
63.996963275528572	0.91883183548801484	0.91883183548801484
24.463197484499034	-0.62062829924776119	-0.62062829924776119
81.430245920957219	-0.24853070693799931	-0.24853070693799931
-19.825084267747755	-0.82799826364079454	-0.82799826364079454
-42.028129195382313	0.92740875360871455	0.92740875360871455
7.9018304439707663	0.99885546408470671	0.99885546408470671
73.070147236605152	-0.72670710912306735	-0.72670710912306735
37.755295425976186	0.056154029427445178	0.056154029427445178
-5.5871483314514734	0.64118154812587691	0.64118154812587691
-34.078158754916885	-0.4612117898477251	-0.4612117898477251
-26.017837559573948	-0.77397598885868579	-0.77397598885868579
18.824798592834171	-0.024754799716472126	-0.024754799716472126
4.6842373281585452	-0.9996037684078134	-0.9996037684078134
-68.593146390445028	0.49852115147767945	0.49852115147767945
80.697767645211115	-0.83252017306597592	-0.83252017306597592
9.5024953559309324	-0.077639183358154784	-0.077639183358154784
76.861675416923646	0.99424409907560973	0.99424409907560973
79.908752971700096	-0.97969541896249279	-0.97969541896249279
-81.492548207043342	0.18774005998054802	0.18774005998054802
19.736532774329035	0.77516539422387931	0.77516539422387931
-12.499131765033482	0.067188195600089942	0.067188195600089942
-24.505292685904806	0.58708119494055488	0.58708119494055488
-22.036458772963528	0.04529469568107411	0.04529469568107411
10.351857413220216	-0.79987052204862996	-0.79987052204862996
-94.251582499091185	-0.0038028822311696043	-0.0038028822311696043
67.359716215966387	-0.98302336091427811	-0.98302336091427811
75.599636597335831	0.20005387905653421	0.20005387905653421
8.5265381579068702	0.78223154061749645	0.78223154061749645
89.488904496663622	0.99891971438769056	0.99891971438769056
-59.234889168366834	-0.4397957627757339	-0.4397957627757339
-26.889990014719302	-0.98266803906860078	-0.98266803906860078
3.2282917156431807	-0.086590487332433352	-0.086590487332433352
-10.647353332283615	0.93998125650223496	0.93998125650223496
60.121170039148609	-0.41769744413556781	-0.41769744413556781
51.405540634668057	0.90865778907026717	0.90865778907026717
-5.6032385737406827	0.62875160450171241	0.62875160450171241
41.101648325365261	-0.25799254384621889	-0.25799254384621889
-40.728013573910069	-0.11245255923728995	-0.11245255923728995
-14.566639806673294	-0.90918537035119806	-0.90918537035119806
-0.08857634503883105	-0.088460565544919476	-0.088460565544919476
-47.849752794979885	0.66378114401110277	0.66378114401110277
24.649390660765505	-0.46474851470878914	-0.46474851470878914
-77.955946284763584	-0.55125698119481781	-0.55125698119481781
-16.140506511525302	0.4191811730633449	0.4191811730633449
75.483624473984491	0.085297016828064023	0.085297016828064023
98.200682025235096	-0.72518963305346495	-0.72518963305346495
-98.63186503164043	0.94659070265690148	0.94659070265690148
51.751863344939778	0.99643913211028512	0.99643913211028512
-9.6479694810626455	0.2213431028862147	0.2213431028862147
-50.488374094886773	-0.22105064838996399	-0.22105064838996399
14.525108540852429	0.9256896798284403	0.9256896798284403
54.961675803011445	-0.99986885357321609	-0.99986885357321609
-18.20544340996986	0.60048901004601618	0.60048901004601618
-40.074091150670768	-0.6936999360998668	-0.6936999360998668
-54.279895386561584	0.76614448343361718	0.76614448343361718
28.464068141218263	-0.18859792943541939	-0.18859792943541939
-62.297412513122396	0.50935968984702051	0.50935968984702051
49.886644125708244	-0.3698414191399727	-0.3698414191399727
45.178281932666778	0.93057663150281966	0.93057663150281966
77.703514464137271	0.74216967312980497	0.74216967312980497
95.06984129596168	0.73255080230112546	0.73255080230112546
69.36765072466892	0.24993424638270961	0.24993424638270961
-21.631636989781114	-0.35181708555398367	-0.35181708555398367
-44.96112967690631	-0.82984649567914426	-0.82984649567914426
-29.811252234732493	0.99942619630978513	0.99942619630978513
5.3439848042732052	-0.80708630854970487	-0.80708630854970487
19.065405834969013	0.21417769650323693	0.21417769650323693
70.773941185332149	0.99612113432644167	0.99612113432644167
-64.242457588937071	-0.98719670644526569	-0.98719670644526569
-29.683578025220044	0.98697880307167951	0.98697880307167951
-67.607210518643541	0.99801814108929521	0.99801814108929521
36.121328246842126	-0.99997558913219864	-0.99997558913219864
-85.730947381084221	0.78824127779345254	0.78824127779345254
15.380622476259177	0.32152616198163719	0.32152616198163719
80.842685788162868	-0.74379030015792857	-0.74379030015792857
-81.953207088551594	-0.26846395640324933	-0.26846395640324933
33.498870079713186	0.87169427404640698	0.87169427404640698
95.852271941508207	0.99943234326929564	0.99943234326929564
-2.0746006822414955	-0.87575231045957758	-0.87575231045957758
54.358712291483755	-0.81436673442745511	-0.81436673442745511
-82.19600980258781	-0.49218739700005959	-0.49218739700005959
34.25034197043189	0.30236919559301734	0.30236919559301734
11.76593387922567	-0.71766029877418858	-0.71766029877418858
-67.226120839854985	0.94982474618605806	0.94982474618605806
80.815910743823139	-0.7614183537668372	-0.7614183537668372
-55.945043439950496	0.56763004258164573	0.56763004258164573
-75.38363691300097	0.014586255878678026	0.014586255878678026
58.667197171629113	0.85370722053477788	0.85370722053477788
66.651932930726588	-0.62761599709990501	-0.62761599709990501
-69.71297678478436	-0.5629397675779213	-0.5629397675779213
57.362704211751861	0.727064390424072	0.727064390424072
-47.904946753695477	0.7040304261850634	0.7040304261850634
-99.825580541998804	0.64832652447879224	0.64832652447879224
-19.726895418381844	-0.76904101051812801	-0.76904101051812801
99.482442065751229	-0.86668729200351935	-0.86668729200351935
85.748688248628127	-0.79903379557917731	-0.79903379557917731
60.063939694261705	-0.36504326629996026	-0.36504326629996026
-68.497084174788384	0.57936891666272228	0.57936891666272228
48.9052628259914	-0.97791053424044494	-0.97791053424044494
-59.102172809138345	-0.5547709230890977	-0.5547709230890977
93.85639668350322	-0.38146713027723739	-0.38146713027723739
37.661890817128352	-0.03721243217998154	-0.03721243217998154
-78.041628630485249	-0.47783431741208054	-0.47783431741208054
-70.930220564378999	-0.9702861058888862	-0.9702861058888862
69.500992959520033	0.37644366925648021	0.37644366925648021
-61.784311763059272	0.86619723138226712	0.86619723138226712
71.890682644159654	0.3578350459612567	0.3578350459612567
1.057443064308174	0.87110261753854035	0.87110261753854035
-30.485532603438216	0.80185538489002484	0.80185538489002484
24.650648251853681	-0.4636346226150363	-0.4636346226150363
-95.533435231504711	-0.95962208346579647	-0.95962208346579647
37.105853151418671	-0.55906584356433775	-0.55906584356433775
-31.584571847679797	-0.16784703416364422	-0.16784703416364422
9.9396747581691898	-0.49244502994146117	-0.49244502994146117
-63.424212842444554	-0.55832030146597644	-0.55832030146597644
-67.196287217361117	0.94007203045807486	0.94007203045807486
-2.8006718409281746	-0.3343550510697878	-0.3343550510697878
-60.912690189750151	0.93993156403190259	0.93993156403190259
-49.187842828589091	0.88084284119633005	0.88084284119633005
47.260155736845434	-0.13584461751947755	-0.13584461751947755
-86.176194391929499	0.97641761607233513	0.97641761607233513
-62.600769368123736	0.22903255530640643	0.22903255530640643
-68.630709648723865	0.46561439892529904	0.46561439892529904
40.658234938169215	0.18145868458324468	0.18145868458324468
-94.391673424264013	-0.14339776649352698	-0.14339776649352698
43.03337677278779	-0.81278703268993613	-0.81278703268993613
-26.618050278478918	-0.99634818752199472	-0.99634818752199472
-33.741967704445983	-0.72810373407628981	-0.72810373407628981
59.713513312638355	-0.023250799026837628	-0.023250799026837628
-10.264170495539588	0.74423752214505312	0.74423752214505312
26.900316831973782	0.98070135258491509	0.98070135258491509
3.9257466292241077	-0.70622646050744242	-0.70622646050744242
-72.781578396570566	0.50116745679311536	0.50116745679311536
89.106716263782175	0.90951756998516886	0.90951756998516886
-49.030500335988904	0.94414231100703327	0.94414231100703327
67.483099783117439	-0.99813139370531034	-0.99813139370531034
-46.03244620744038	-0.88729363257924054	-0.88729363257924054
-25.21300940882351	-0.080182013478636946	-0.080182013478636946
-56.342176144034802	0.20502732041676588	0.20502732041676588
-28.859153428913658	0.55204892716437315	0.55204892716437315
-40.814143920528814	-0.026557453326031273	-0.026557453326031273
-52.913032912329982	-0.47418859832945659	-0.47418859832945659
-99.057664974326144	0.99525099094964309	0.99525099094964309
13.811161819439292	0.94732930358312251	0.94732930358312251
45.03242419294304	0.86748643135617653	0.86748643135617653
-7.8182458586113057	-0.99936154512860242	-0.99936154512860242
-77.339385880275799	-0.9321949799377458	-0.9321949799377458
91.033248695342706	0.072873604165548542	0.072873604165548542
-25.957950583629554	-0.73468982538140537	-0.73468982538140537
94.542779910561649	0.29074013990823855	0.29074013990823855
99.611732104180049	-0.79513660719865631	-0.79513660719865631
-54.586864500118452	0.92452576497910777	0.92452576497910777
-55.901359888372212	0.60304105916692807	0.60304105916692807
37.024211241435722	-0.62481971265164382	-0.62481971265164382
9.6040834765161804	-0.17834626635476755	-0.17834626635476755
25.682224952203498	0.52224702090223873	0.52224702090223873
83.583817160781507	0.9455188091053236	0.9455188091053236
-73.191196682258465	0.80434107700650603	0.80434107700650603
-26.735623353493281	-0.9994852949436025	-0.9994852949436025
-74.139392317402269	0.95173230434246459	0.95173230434246459
23.647574687354506	-0.99633600958320856	-0.99633600958320856
12.465818970143843	-0.10038228972077404	-0.10038228972077404
-5.1873824286559227	0.88929571796154239	0.88929571796154239
-67.685694661489151	0.99001224994240733	0.99001224994240733
69.591266883199182	0.45843060165607552	0.45843060165607552
-80.786442001476644	0.78018843353139322	0.78018843353139322
99.750540228319096	-0.70358127119092029	-0.70358127119092029
-74.686593450764747	0.65306921266430895	0.65306921266430895
-24.644545795209567	0.46903289443754448	0.46903289443754448
61.284571690505885	-0.99972353640857581	-0.99972353640857581
69.540621014251826	0.4128515150333551	0.4128515150333551
43.228764298820352	-0.68421944894221243	-0.68421944894221243
47.335944329977025	-0.21046884854028589	-0.21046884854028589
-42.76725203708223	0.93738510966014188	0.93738510966014188
-81.701540141169772	-0.020129788127426568	-0.020129788127426568
53.122755340284982	0.28050459636380221	0.28050459636380221
-67.222002560383103	0.94852856907868532	0.94852856907868532
-90.006305084936002	-0.89115377015599273	-0.89115377015599273
62.42171310609956	-0.39873768953410776	-0.39873768953410776
-81.184335711359566	0.47685505226765224	0.47685505226765224
-19.771620505369029	-0.79685069001936371	-0.79685069001936371
25.883543189556008	0.68222532658365809	0.68222532658365809
59.86110962084723	-0.17001924915103697	-0.17001924915103697
-78.900235417392935	0.35266641576907426	0.35266641576907426
-66.548688006718834	0.54403809534985725	0.54403809534985725
0.29249811760188038	0.2883451362522983	0.2883451362522983
-47.85074643018158	0.66452398266933088	0.66452398266933088
3.287407910773112	-0.14529908340083317	-0.14529908340083317
-42.524532265652802	0.99361874484689272	0.99361874484689272
-55.870643111907377	0.62725582207992436	0.62725582207992436
-90.70820986325225	-0.38755432408746998	-0.38755432408746998
83.860221086180331	0.82078310661014442	0.82078310661014442
63.010397052698494	0.17759688895587947	0.17759688895587947
21.703830040749821	0.28338170214057784	0.28338170214057784
78.228209036160536	0.30658893089675526	0.30658893089675526
-11.877318813607047	0.63580560129072317	0.63580560129072317
61.485306398897592	-0.97496123962877568	-0.97496123962877568
-63.598331543386465	-0.69360278459563429	-0.69360278459563429
-70.033637739195981	-0.79475230410097197	-0.79475230410097197
-46.345815578557456	-0.70190905664021042	-0.70190905664021042
71.32144560985401	0.8047091717022431	0.8047091717022431
-85.403559984657264	0.54849088000640311	0.54849088000640311
68.197231888158285	-0.79427083501438089	-0.79427083501438089
-53.64964444836599	0.24019753401347321	0.24019753401347321
-61.744142939157506	0.88556556071835812	0.88556556071835812
10.847242443035739	-0.9890189881113377	-0.9890189881113377
58.626574759544724	0.87415136882193301	0.87415136882193301
-81.076620933481422	0.56858774227088593	0.56858774227088593
78.696189030492633	-0.15573618770460262	-0.15573618770460262
-69.995267317854257	-0.77088472736790525	-0.77088472736790525
65.211892748204093	0.69004626769425415	0.69004626769425415
55.572039009610251	-0.82861479515829684	-0.82861479515829684
62.328558592956398	-0.48231410881233644	-0.48231410881233644
-99.341175909533519	0.9282905283364038	0.9282905283364038
-94.66217676245661	-0.40263818363963982	-0.40263818363963982
-10.567483283575868	0.90975989763483567	0.90975989763483567
-50.158404543377422	0.10687341115550007	0.10687341115550007
82.146176882430041	0.44821532363587308	0.44821532363587308
-71.947149041815848	-0.30456527793790694	-0.30456527793790694
-98.268780309934982	0.77036158140600663	0.77036158140600663
88.936443864201408	0.82592985930802876	0.82592985930802876
-62.60492204944471	0.2249882942057867	0.2249882942057867
-61.691667370855328	0.90871102814054583	0.90871102814054583
50.648033184661273	0.37328803037037162	0.37328803037037162
-95.772751298733553	-0.99895023509811198	-0.99895023509811198
11.218779788684728	-0.97519290144257731	-0.97519290144257731
-15.82104791224414	0.11284377471068792	0.11284377471068792
-0.1540459997200827	-0.15343746590526189	-0.15343746590526189
95.811731883602818	0.99997657957515573	0.99997657957515573
-51.595631818264138	-0.97118398606907119	-0.97118398606907119
30.373356590142038	-0.8637023364878571	-0.8637023364878571
77.49170893305751	0.86647997300311541	0.86647997300311541
80.249790465989378	-0.99033039392557531	-0.99033039392557531
84.137927179264381	0.6327306789364352	0.6327306789364352
-72.438526882580305	0.18089447065008823	0.18089447065008823
-10.536843278885442	0.8966151421950781	0.8966151421950781
-82.402986477838851	-0.66056981294236272	-0.66056981294236272
23.720568427325304	-0.98744564552991188	-0.98744564552991188
-50.930403919391836	-0.61699732791930206	-0.61699732791930206
-60.185712274676519	0.47542922231813112	0.47542922231813112
-1.7314986292724086	-0.98711515034916752	-0.98711515034916752
77.054327940789335	0.99636348490405613	0.99636348490405613
97.251729818516367	0.13720823812745422	0.13720823812745422
-24.469893688278447	0.61536389803657987	0.61536389803657987
47.324341733614006	-0.19911223175209444	-0.19911223175209444
6.7177327391088966	0.42099993779906114	0.42099993779906114
-58.325956539811123	-0.97875608076910292	-0.97875608076910292
-72.726299253611131	0.45259045686407345	0.45259045686407345
-80.122840875232285	0.99992523638770381	0.99992523638770381
32.155557159223065	0.67401509257400338	0.67401509257400338
6.6594511899568261	0.36745014887576966	0.36745014887576966
-98.39089788325191	0.84229430228441193	0.84229430228441193
62.61166200553771	-0.21841608017034175	-0.21841608017034175
-39.9148554492591	-0.79913146138280489	-0.79913146138280489
-11.130445337517529	0.99091867839298564	0.99091867839298564
-49.935594987478595	0.32393656815885358	0.32393656815885358
-9.5621483286534072	0.13693873139222557	0.13693873139222557
-1.9204412691344714	-0.93949440212664848	-0.93949440212664848
-50.779618923706956	-0.4917831383697932	-0.4917831383697932
-21.656269638051484	-0.32865483439239362	-0.32865483439239362
-34.609557251719465	0.052014579247034121	0.052014579247034121
36.256321092914163	-0.99181846682737396	-0.99181846682737396
-82.605832700892023	-0.79827379787456942	-0.79827379787456942
48.744068432707536	-0.99878094188567412	-0.99878094188567412
-98.780012099173319	0.98381566459973313	0.98381566459973313
-46.811943070834772	-0.30691199642073275	-0.30691199642073275
-43.845727879789479	0.13614513684284096	0.13614513684284096
35.596049113888085	-0.8616591135828594	-0.8616591135828594
19.084772483497318	0.23305358966119455	0.23305358966119455
3.133597664632461	0.0079949037845240285	0.0079949037845240285
1.6854423859888925	0.99343533562542896	0.99343533562542896
46.968944039915215	0.15432651320323101	0.15432651320323101
-32.169667615582455	-0.6843712900085327	-0.6843712900085327
0.73141999606147579	0.66792710703041158	0.66792710703041158
33.112483366334629	0.9921025647231092	0.9921025647231092
-63.566249186102397	-0.6701390524120131	-0.6701390524120131
-91.411453600604403	0.30054750448259065	0.30054750448259065
73.61573377359818	-0.97767646756479154	-0.97767646756479154
-29.087879963398464	0.72672763276185115	0.72672763276185115
25.242095962549854	0.10913691178459607	0.10913691178459607
12.979618491913541	0.40158591647761943	0.40158591647761943
86.61103414308019	-0.97649687096062465	-0.97649687096062465
17.50137804787191	-0.97532268042503201	-0.97532268042503201
37.314428356792803	-0.37526577352522245	-0.37526577352522245
25.783801487039739	0.60603011989041333	0.60603011989041333
-19.749271844918439	-0.78315029316385987	-0.78315029316385987
-23.350808556882129	0.97779340094578648	0.97779340094578648
76.039715693194609	0.59839150873177505	0.59839150873177505
-91.178204886758976	0.071955694304363105	0.071955694304363105
6.565428010282389	0.27851031377567959	0.27851031377567959
79.38971549625137	-0.75121384631430954	-0.75121384631430954
-50.974505730830103	-0.65109274799459649	-0.65109274799459649
59.155096282578029	0.50998223329212578	0.50998223329212578
-71.682453544154896	-0.5431443614077921	-0.5431443614077921
-97.548636030306469	0.15859133619432222	0.15859133619432222
-77.462012070456453	-0.8809207714907179	-0.8809207714907179
-11.960703585025911	0.56931058271488744	0.56931058271488744
95.05654048540103	0.72343224566577669	0.72343224566577669
4.0520456954647983	-0.78978171118395146	-0.78978171118395146
39.461247266524907	0.98175045442382725	0.98175045442382725
-87.689141659374258	0.27198254236200003	0.27198254236200003
-60.130898123767793	0.42651634358645191	0.42651634358645191
7.6948388970185135	0.98736349821306324	0.98736349821306324
-8.8622586934415892	-0.53331897214164292	-0.53331897214164292
24.980140336949972	-0.15200931068443926	-0.15200931068443926
66.96904031355183	-0.83908257285954968	-0.83908257285954968
-47.267021756128656	0.14264373442544734	0.14264373442544734
-70.245173133844389	-0.90446967565359682	-0.90446967565359682
-53.678669067343442	0.2682673059049121	0.2682673059049121
-55.298315568669985	0.94909561575413448	0.94909561575413448
-1.646862695587231	-0.9971083484531067	-0.9971083484531067
98.434557927005102	-0.86501770902788588	-0.86501770902788588
-92.604854478604096	0.99739984552225824	0.99739984552225824
-49.407342837821012	0.75662747027573485	0.75662747027573485
12.396598951227844	-0.16895729931907408	-0.16895729931907408
-22.595813313237187	0.56848629069058065	0.56848629069058065
89.846090020137893	0.95211998116328944	0.95211998116328944
75.303815071220839	-0.094268433634259602	-0.094268433634259602
59.848750229111459	-0.15782712562751688	-0.15782712562751688
80.268769942450291	-0.98751918657685533	-0.98751918657685533
71.648499419626148	0.57133504133775681	0.57133504133775681
-46.441024183394688	-0.63101866750137903	-0.63101866750137903
-69.594099958900628	-0.46094659849305064	-0.46094659849305064
-55.749998394927388	0.71642839704067041	0.71642839704067041
-55.240271844065852	0.9657700968209364	0.9657700968209364
-43.461965999618812	0.49716748946963502	0.49716748946963502
16.263700425155989	-0.52756966721067156	-0.52756966721067156
-23.761244041598829	0.98020557657462837	0.98020557657462837
-93.169847099454003	0.88098145509646564	0.88098145509646564
-35.235194678651993	0.62698385064207474	0.62698385064207474
39.443069404882465	0.98504501796474575	0.98504501796474575
-21.846648895954317	-0.14399734123451682	-0.14399734123451682
-58.540480149556039	-0.91267416072943996	-0.91267416072943996
-45.192198439935481	-0.93558115033661493	-0.93558115033661493
89.341610276868693	0.98128326708380431	0.98128326708380431
-29.949869225425445	0.99451988183986861	0.99451988183986861
93.33516906062485	-0.79110325982242802	-0.79110325982242802
13.696848256730476	0.90461587700616941	0.90461587700616941
81.408568153262166	-0.26946827567894899	-0.26946827567894899
50.522703846277466	0.25439434095233909	0.25439434095233909
29.082661952813652	-0.72313336982356258	-0.72313336982356258
73.650105329704246	-0.98431960027563425	-0.98431960027563425
-35.925118523066388	0.9794264259092309	0.9794264259092309
-38.446016105283888	-0.67937038048533283	-0.67937038048533283
-84.761506029615461	-0.0614568648623358	-0.0614568648623358
99.105583186191268	-0.98944591454156883	-0.98944591454156883
-95.907570549219926	-0.99604259221187397	-0.99604259221187397
85.611543959612192	-0.70932653169679805	-0.70932653169679805
97.1268656242232	0.25950213064178845	0.25950213064178845
48.169860149960584	-0.86541114926595997	-0.86541114926595997
-62.167945702291917	0.61619895528654645	0.61619895528654645
41.475180798989101	-0.59275581885463724	-0.59275581885463724
-70.501562165951157	-0.98306980431287638	-0.98306980431287638
-32.178307677914603	-0.69064542792462713	-0.69064542792462713
30.623372451701329	-0.71214863372182857	-0.71214863372182857
73.754750454124974	-0.99736019596855197	-0.99736019596855197
-54.808442175925684	0.98568116519434223	0.98568116519434223
-90.714820285125271	-0.38145210419504161	-0.38145210419504161
-7.2854969024480454	-0.84271769576177125	-0.84271769576177125
36.241256150254799	-0.99362898309191883	-0.99362898309191883
37.191952363932614	-0.48569623179942478	-0.48569623179942478
23.434792608220405	-0.99192703268134175	-0.99192703268134175
-87.121065809518214	0.7469936161637879	0.7469936161637879
73.337945061557662	-0.88257638441628705	-0.88257638441628705
59.996882618860639	-0.30184011056552279	-0.30184011056552279
30.422056619294523	-0.8381430970409488	-0.8381430970409488
7.9497194457414935	0.99542063507060441	0.99542063507060441
58.17316569210729	0.99855841553550961	0.99855841553550961
39.0198360351811	0.96889457278160329	0.96889457278160329
52.53340588855886	0.76668979862292708	0.76668979862292708
58.223445429396492	0.99459880983313786	0.99459880983313786
-4.9564306720776301	0.97036932321292657	0.97036932321292657
-15.015516169877998	-0.63842258909053684	-0.63842258909053684
-2.2039921955351218	-0.8061405557797684	-0.8061405557797684
-4.8335582376648603	0.99266798285052871	0.99266798285052871
-55.07727113892301	0.99506391588522836	0.99506391588522836
-27.048127813302727	-0.94121394705880368	-0.94121394705880368
-64.838782736340875	-0.90639185966884905	-0.90639185966884905
42.465175082479163	-0.99855988274857765	-0.99855988274857765
29.259608602247852	-0.83342394150127852	-0.83342394150127852
-10.924629999116846	0.99748450929193366	0.99748450929193366
54.113792830844204	-0.64934110811657719	-0.64934110811657719
9.4273750882823464	-0.0025971245933326019	-0.0025971245933326019
-45.503201186996201	-0.99875563785502242	-0.99875563785502242
0.03800052880392002	0.03799138374910125	0.03799138374910125
22.998586682027764	-0.84546649679321784	-0.84546649679321784
45.347079284736566	0.97885402478145389	0.97885402478145389
33.980855003624697	0.54523060892603681	0.54523060892603681
7.7358669579944177	0.99303256757789593	0.99303256757789593
-84.691939104748982	-0.13068764557487456	-0.13068764557487456
3.1403740051625419	0.0012186481256147058	0.0012186481256147058
39.609366988021151	0.9429350046254833	0.9429350046254833
63.189532984272688	0.35010192456797423	0.35010192456797423
47.441676929545139	-0.31246525348100024	-0.31246525348100024
-93.664751098430798	0.55055465460309849	0.55055465460309849
21.265237380598762	0.66381719585529098	0.66381719585529098
79.971104507771486	-0.99028450949677715	-0.99028450949677715
8.8702605366873826	0.52653309737689669	0.52653309737689669
-26.768091378216781	-0.99791712545012634	-0.99791712545012634
-84.67867260121831	-0.14382848400018758	-0.14382848400018758
36.969271530698791	-0.66675063137382717	-0.66675063137382717
82.820683856409659	0.90833044405749874	0.90833044405749874
-41.595584815135453	0.68520150309584149	0.68520150309584149
70.644213830173555	0.99913397638563695	0.99913397638563695
18.806093557811707	-0.043448681784679345	-0.043448681784679345
-44.509822974470161	-0.50339705969818782	-0.50339705969818782
-91.425926981181789	0.31431977448325332	0.31431977448325332
7.2294134892418214	0.81121572121469565	0.81121572121469565
-4.6598205222467044	0.99861859676752451	0.99861859676752451
-23.716703406752757	0.98804878401193197	0.98804878401193197
21.355114255391584	0.59400989845691676	0.59400989845691676
-40.507492261149658	-0.32708026217521985	-0.32708026217521985
1.3150757983147798	0.96748129451675013	0.96748129451675013
-51.311029699287147	-0.86519907016702924	-0.86519907016702924
34.517048449923038	0.040459692761774579	0.040459692761774579
-4.2932415408780997	0.91343624887963026	0.91343624887963026
45.931158843878762	0.92938049226861608	0.92938049226861608
93.117351819993758	-0.90459462643643129	-0.90459462643643129
21.107571986717417	0.77301277180429662	0.77301277180429662
-17.134507065611587	0.98961363331940844	0.98961363331940844
-77.882895967297031	-0.61068106654664001	-0.61068106654664001
35.363968442215366	-0.72183437900315406	-0.72183437900315406
-56.442423142009957	0.10604485525711056	0.10604485525711056
-17.784785581464803	0.87467763387840403	0.87467763387840403
77.425361354746514	0.89767075111127526	0.89767075111127526
-38.899486144831684	-0.93217465181701775	-0.93217465181701775
82.840215386886001	0.91632580156451304	0.91632580156451304
-48.883022282276514	0.98231710825024188	0.98231710825024188
76.764498580973651	0.97915829313332481	0.97915829313332481
72.246784856748775	0.009846016724080477	0.009846016724080477
45.312928616962068	0.97129877397591269	0.97129877397591269
-40.352894885454702	-0.46869210873161882	-0.46869210873161882
-46.793161285809667	-0.32473215125409205	-0.32473215125409205
44.275016866584082	0.28855731583221278	0.28855731583221278
-11.911455743470924	0.60909172965652292	0.60909172965652292
-49.333958557499017	0.80253004891031277	0.80253004891031277
68.839721021691815	-0.27185235592289547	-0.27185235592289547
3.1799907122259867	-0.038388623579034255	-0.038388623579034255
93.359345420146866	-0.77608525414034779	-0.77608525414034779
46.022155049152843	0.89199289667989012	0.89199289667989012
-62.577059958049638	0.25204520700335314	0.25204520700335314
62.014480705983487	-0.72935067993932379	-0.72935067993932379
66.894412408646957	-0.79618688441444962	-0.79618688441444962
3.8295207068982648	-0.63493783642135893	-0.63493783642135893
-21.779529922024793	-0.21004271884414091	-0.21004271884414091
-21.010779797784139	-0.83070273131042704	-0.83070273131042704
84.115339925132702	0.65005872962439237	0.65005872962439237
-74.762282951693052	0.59393461045785367	0.59393461045785367
15.428177624005585	0.27614963416267685	0.27614963416267685
-16.149635185392668	0.42745153913338052	0.42745153913338052
-27.567829116169534	-0.64917914269875732	-0.64917914269875732
26.137807025781456	0.84419723791833101	0.84419723791833101
-4.8874798663943011	0.98471071084403661	0.98471071084403661
67.341562171052544	-0.9795306489874348	-0.9795306489874348
21.9373209226315	0.053801662744008799	0.053801662744008799
-74.430911121453789	0.82336353046498645	0.82336353046498645
-65.610759377618606	-0.35478710350724257	-0.35478710350724257
83.095560469314819	0.98775626210745759	0.98775626210745759
36.408301958864399	-0.96105918489155395	-0.96105918489155395
20.464143683100929	0.999041308341301	0.999041308341301
-81.738770573390099	-0.057330128609462176	-0.057330128609462176
49.186166648085305	-0.88163512202126915	-0.88163512202126915
46.596648155800665	0.50315149547872984	0.50315149547872984
85.266817620282893	-0.42938886374234031	-0.42938886374234031
-70.107071954270012	-0.8371400513140973	-0.8371400513140973
-13.029678479977292	-0.44690969397642544	-0.44690969397642544
89.747558930380762	0.9775766117132233	0.9775766117132233
-47.106707060297268	-0.017181898037460053	-0.017181898037460053
90.021059963094586	0.88436270102158132	0.88436270102158132
55.083176407970882	-0.99446055344376527	-0.99446055344376527
-72.950532317973128	0.63954118136303306	0.63954118136303306
33.960640020942577	0.56206399453774025	0.56206399453774025
28.338695692729942	-0.064317383773222256	-0.064317383773222256
-87.068140609352653	0.78111756764907458	0.78111756764907458
-3.8187621224849835	0.62658956427702595	0.62658956427702595
-7.1661256814995653	-0.77260900723658021	-0.77260900723658021
-76.03932803515093	-0.59808087066139781	-0.59808087066139781
-6.8738746364613803	-0.55693368242457841	-0.55693368242457841
-22.417461048854804	0.41351614067152082	0.41351614067152082
67.230656212204622	-0.9512335581121959	-0.9512335581121959
10.712979826658568	-0.96033521064934324	-0.96033521064934324
98.970761651081091	-0.99994389403276585	-0.99994389403276585
22.552214078853822	-0.53208864969977065	-0.53208864969977065
93.605893627700311	-0.59870711492979145	-0.59870711492979145
79.859924741572542	-0.96874199709910025	-0.96874199709910025
-18.793275422569721	0.056250792311786722	0.056250792311786722
7.1855904859291684	0.78481972554533508	0.78481972554533508
34.269851422159547	0.28371660176585883	0.28371660176585883
8.9048922973119886	0.49678091115152034	0.49678091115152034
-46.767988067098706	-0.34843573409905976	-0.34843573409905976
4.7197931011408514	-0.99997258962313651	-0.99997258962313651
-68.481490205495092	0.59200806517752391	0.59200806517752391
93.954174117406012	-0.28940529798131198	-0.28940529798131198
-73.163868913528887	0.78780549134823852	0.78780549134823852
93.908169559678555	-0.33311943774172037	-0.33311943774172037
-61.922897345328195	0.78886239088494536	0.78886239088494536
-99.870989046564787	0.61309778794617298	0.61309778794617298
-21.59314969872554	-0.38757440693766992	-0.38757440693766992
74.741257051082755	-0.61071770018540328	-0.61071770018540328
-19.636713609443447	-0.70834985768027747	-0.70834985768027747
-45.963106450268732	-0.9171156514942248	-0.9171156514942248
41.522923585476633	-0.63051697732147161	-0.63051697732147161
3.7444872520145935	-0.56702911974643988	-0.56702911974643988
25.789847675018549	0.61082840351345469	0.61082840351345469
-79.829228183139293	0.96067190755230891	0.96067190755230891
77.071195223161794	0.99478465283208961	0.99478465283208961
23.891488072238914	-0.94619027728129923	-0.94619027728129923
38.11715599668139	0.40597381257495851	0.40597381257495851
-96.784848648842129	-0.56837018196865341	-0.56837018196865341
97.206909073813108	0.18145241932012207	0.18145241932012207
81.408289441812002	-0.26973666691865467	-0.26973666691865467
-1.9638451263979988	-0.92374564476956811	-0.92374564476956811
-93.360402902025299	0.77541794264373587	0.77541794264373587
-30.0208376097806	0.98460312831439356	0.98460312831439356
-68.434526039086165	0.62919132299505798	0.62919132299505798
-6.0069179534592081	0.2727664517070526	0.2727664517070526
59.587794532655295	0.10228667703146724	0.10228667703146724
63.960585982962215	0.90387084762192182	0.90387084762192182
-33.148745830084636	-0.9869029679962209	-0.9869029679962209
-25.617518397001078	-0.46601121423762132	-0.46601121423762132
-34.628330600750388	0.070752248340626614	0.070752248340626614
-67.647788268519122	0.99464387872113724	0.99464387872113724
-26.943388365283255	-0.97137342695151674	-0.97137342695151674
-89.088907917754071	-0.90197142945589603	-0.90197142945589603
-92.086801142165911	0.83083933042589719	0.83083933042589719
62.257726628768893	-0.54310150098875098	-0.54310150098875098
-39.678546124127436	-0.91766289608107587	-0.91766289608107587
-52.973103179445793	-0.42047785438046997	-0.42047785438046997
-87.895341479043594	0.069197479193833011	0.069197479193833011
-42.247689708151761	0.98661293525702887	0.98661293525702887
-93.632692598073064	0.57702958724916475	0.57702958724916475
51.745924776835921	0.9959208529345176	0.9959208529345176
-55.732248236763589	0.72869847435535839	0.72869847435535839
-53.602301212138443	0.19398834597666192	0.19398834597666192
88.089917199220764	0.12499510622353745	0.12499510622353745
29.622605622958645	-0.97534340047639745	-0.97534340047639745
37.619009273383767	-0.080016935194366937	-0.080016935194366937
-10.230060103458712	0.72102617057367901	0.72102617057367901
36.521646511442526	-0.92363752525580145	-0.92363752525580145
-38.521302017951577	-0.73263825867550314	-0.73263825867550314
-39.936859027756896	-0.78571149377596616	-0.78571149377596616
75.755618373739338	0.34983473686202654	0.34983473686202654
64.544119654378278	0.99000976196359747	0.99000976196359747
-11.761409222080914	0.72080388301618847	0.72080388301618847
-26.730361355295756	-0.99964026345308032	-0.99964026345308032
-1.6392635819478301	-0.99765703297372144	-0.99765703297372144
-38.646451242012738	-0.81186500096773329	-0.81186500096773329
49.845385658405746	-0.40784883727365312	-0.40784883727365312
38.237877711413006	0.51307707494389621	0.51307707494389621
-44.790251145137972	-0.72287494204880975	-0.72287494204880975
18.736366989891735	-0.11294739533856805	-0.11294739533856805
-23.735486000864228	0.98497949741917767	0.98497949741917767
91.35040267831684	-0.24179539505557041	-0.24179539505557041
-46.855541229398497	-0.26513947781236874	-0.26513947781236874
55.368449132541031	-0.92468927269414514	-0.92468927269414514
-70.536757314104705	-0.9889085299589977	-0.9889085299589977
85.802571097509571	-0.8302574677920036	-0.8302574677920036
-9.091548234395745	-0.32709679092395394	-0.32709679092395394
65.350015865355147	0.58382322662437447	0.58382322662437447
35.117484631603304	-0.5311569182595034	-0.5311569182595034
-63.93296045951017	-0.89170912028379357	-0.89170912028379357
87.880894742524106	-0.083601864389360986	-0.083601864389360986
-69.662303220706406	-0.52035348720789143	-0.52035348720789143
31.386649795907573	-0.029272557853080215	-0.029272557853080215
-61.218569445842434	0.99909755047363924	0.99909755047363924
-58.774311019125264	-0.79314116420815306	-0.79314116420815306
-88.148379237370108	-0.18275206842344638	-0.18275206842344638
28.052133630497735	0.22037631324166329	0.22037631324166329
-41.530010265924552	0.63600160617958035	0.63600160617958035
-37.092901862132621	0.56975687153221988	0.56975687153221988
-97.803272089470653	0.402182901401268	0.402182901401268
21.337596288238345	0.60801049948808639	0.60801049948808639
-5.2057753631193862	0.88073408316390789	0.88073408316390789
-46.8992218334228	-0.22278268936570259	-0.22278268936570259
52.918365639482403	0.46948682092048993	0.46948682092048993
-81.209059946545793	0.45497936955997964	0.45497936955997964
33.998113782602189	0.53068233199732517	0.53068233199732517
98.671253634928405	-0.95855358292991388	-0.95855358292991388
91.832505800771742	-0.66412202163124534	-0.66412202163124534
-25.4582099271244	-0.31975291315311749	-0.31975291315311749
-3.6227348002189501	0.46279195238716891	0.46279195238716891
77.854785096234394	0.63269720677716845	0.63269720677716845
-55.592186497862471	0.8171684372248087	0.8171684372248087
-5.0184851417074015	0.95351720981279353	0.95351720981279353
-94.483268957673985	-0.23331885748840084	-0.23331885748840084
39.74421754333315	0.88960835958635776	0.88960835958635776
-91.625709768529077	0.49646597049395447	0.49646597049395447
58.188025717023635	0.99765057229192311	0.99765057229192311
94.5584150842692	0.30566376048235794	0.30566376048235794
59.551005313229382	0.13880546903082355	0.13880546903082355
32.974230937016046	0.99992197691106433	0.99992197691106433
-82.622286577584603	-0.80807537804819318	-0.80807537804819318
93.033482798881408	-0.9371242168371946	-0.9371242168371946
-43.064491357676474	0.7942704107909051	0.7942704107909051
79.910637881850761	-0.98007158703864083	-0.98007158703864083
-16.246827219279595	0.51316126128292483	0.51316126128292483
-13.204853393665161	-0.59597779818737839	-0.59597779818737839
-78.563704216996371	0.023885605457086775	0.023885605457086775
-95.615546353245023	-0.97946019618396285	-0.97946019618396285
28.552271215151706	-0.27437272459108986	-0.27437272459108986
-80.896641789741295	0.7066604845067691	0.7066604845067691
24.29664367099835	-0.74203272133163878	-0.74203272133163878
32.142643594259368	0.66441968166547127	0.66441968166547127
-77.379824298082497	-0.91679993066391574	-0.91679993066391574
34.327966194092511	0.22754226741114111	0.22754226741114111
-58.435226493027152	-0.95055989803047258	-0.95055989803047258
67.693950940321741	-0.98881453925069662	-0.98881453925069662
79.720762640494712	-0.92496606781574076	-0.92496606781574076
-96.252772626648508	-0.90720827193909803	-0.90720827193909803
-12.657893212900618	-0.091394880607731641	-0.091394880607731641
-59.094228569382601	-0.56136298001112339	-0.56136298001112339
-83.563624916474566	-0.95189955030909457	-0.95189955030909457
-98.210320586282037	0.73179246828814581	0.73179246828814581
-92.623926822711624	0.99859283626450068	0.99859283626450068
5.5717944532047454	-0.65288791083316133	-0.65288791083316133
23.143255985777884	-0.91362276353279392	-0.91362276353279392
-96.381166086064255	-0.84587641771731903	-0.84587641771731903
-85.750760174127066	0.80027789964851193	0.80027789964851193
-95.76697384053746	-0.99866890735605962	-0.99866890735605962
-42.65570390395176	0.97033031476204967	0.97033031476204967
-40.74152016962865	-0.099021785532086473	-0.099021785532086473
-87.336738905164609	0.58741050488385882	0.58741050488385882
5.332822780640754	-0.81362632689010983	-0.81362632689010983
51.125685727411678	0.75797516818566946	0.75797516818566946
23.042678681882521	-0.86818354670089737	-0.86818354670089737
78.787318037291072	-0.24498255340457992	-0.24498255340457992
53.353504701178963	0.0535447908967151	0.0535447908967151
-28.729341603060945	0.43946924904410867	0.43946924904410867
75.756746070899055	0.35089095378527335	0.35089095378527335
6.7768364763978894	0.47384429062505867	0.47384429062505867
-38.705043118473384	-0.84466084634798677	-0.84466084634798677
51.944552993244002	0.99414407208841293	0.99414407208841293
-80.111586477054857	0.99999952584657781	0.99999952584657781
-83.493462659251307	-0.97103833432440878	-0.97103833432440878
67.089272161093106	-0.89827425950377748	-0.89827425950377748
4.6639096333965142	-0.99882510659232682	-0.99882510659232682
-33.112936988344018	-0.99204556517491527	-0.99204556517491527
-77.215210633981343	-0.96984784475647512	-0.96984784475647512
-28.770014524055782	0.47563048463052904	0.47563048463052904
57.929659326381483	0.98204108826241199	0.98204108826241199
-73.094790165465994	0.74341314858892193	0.74341314858892193
-13.831801522774413	-0.9537371562407887	-0.9537371562407887
-33.105559092924651	-0.99294728096003082	-0.99294728096003082
66.423433413273898	-0.43495444767290448	-0.43495444767290448
-91.239758253494827	0.13317447279157271	0.13317447279157271
86.619591758907802	-0.97461670145542978	-0.97461670145542978
30.597549791899525	-0.73003744727427389	-0.73003744727427389
-79.56496415370998	0.85479091020126952	0.85479091020126952
-88.569084205096743	-0.56834244773104836	-0.56834244773104836
-55.350730428588292	0.93128968149411773	0.93128968149411773
-92.698818231074	0.99976162694631299	0.99976162694631299
-77.475176682669542	-0.87461428369337346	-0.87461428369337346
-40.222878388258579	-0.57926450546880981	-0.57926450546880981
36.92756206313706	-0.69724700574192411	-0.69724700574192411
-9.6484247766615283	0.22178708237438891	0.22178708237438891
10.567223835129553	-0.90965216092933732	-0.90965216092933732
-78.333254875796939	-0.20509567954807378	-0.20509567954807378
-85.749145543836349	0.79930867728276167	0.79930867728276167
-30.457082440132666	0.81852808700117241	0.81852808700117241
34.274824894847512	0.27894400888458765	0.27894400888458765
-8.4139569989777243	-0.84726819652658647	-0.84726819652658647
5.5329284633246232	-0.68182666732754948	-0.68182666732754948
-18.176704645560747	0.62321835165896411	0.62321835165896411
38.515841369748159	0.7289107372783199	0.7289107372783199
26.658932645850882	0.99900536594357081	0.99900536594357081
-17.468879465831975	0.98198158934083646	0.98198158934083646
54.8051748408528	-0.98512496744855993	-0.98512496744855993
-41.160652018675826	0.31451674621480358	0.31451674621480358
35.620592954386211	-0.87385403680641216	-0.87385403680641216
28.016425507273738	0.25505866561122714	0.25505866561122714
-59.424656260151224	-0.26249228872278352	-0.26249228872278352
39.108419480153088	0.98698901414203377	0.98698901414203377
-14.455924260474049	-0.94962559083848408	-0.94962559083848408
96.20159688477392	0.92753986742418937	0.92753986742418937
-62.611310145011558	0.21875943175510063	0.21875943175510063
-64.65691493895477	-0.96784829874916833	-0.96784829874916833
-32.806712853723667	-0.98384190083736145	-0.98384190083736145
-99.334921979766818	0.93059791946669013	0.93059791946669013
0.016246359482366302	0.016245644803081723	0.016245644803081723
-72.005546316914433	-0.24845480796778663	-0.24845480796778663
79.63418876190147	-0.88864061398472138	-0.88864061398472138
-54.583399159113348	0.9231995073057051	0.9231995073057051
26.00979259416772	0.76885680517238375	0.76885680517238375
-23.690289908792039	0.99177507928765429	0.99177507928765429
48.88169564802584	-0.98256462249583776	-0.98256462249583776
-42.262743572374781	0.98895602842364871	0.98895602842364871
15.472154314167767	0.23362962839335766	0.23362962839335766
15.20527723298126	0.48178102374324566	0.48178102374324566
-76.40566993799176	-0.84547084639366099	-0.84547084639366099
-37.761239473490207	-0.062087670981014947	-0.062087670981014947
25.349948841199605	0.21550369195088753	0.21550369195088753
-28.394767388779897	0.12014258499566943	0.12014258499566943
-72.90194256400396	0.60144735403638094	0.60144735403638094
56.476264461245108	-0.072340060721297131	-0.072340060721297131
-79.020672249101125	0.4625381935569059	0.4625381935569059
-83.020694210500736	-0.97332078444534409	-0.97332078444534409
-57.879163551226682	-0.97126649179414348	-0.97126649179414348
44.614441582260696	0.59087616204616411	0.59087616204616411
-10.009807721454038	0.55222419392816691	0.55222419392816691
98.152048856815867	-0.69085906785049878	-0.69085906785049878
86.038309624528637	-0.93747663154526872	-0.93747663154526872
27.438599536314442	0.7417891884482587	0.7417891884482587
-12.583884544619934	-0.01751303491055712	-0.01751303491055712
-40.582417879759994	-0.25542437909959687	-0.25542437909959687
47.447850914781355	-0.31832410974301628	-0.31832410974301628
-54.803480191578288	0.98483234542072096	0.98483234542072096
69.151001362877395	0.03595523236500419	0.03595523236500419
86.541869826462658	-0.98905737848049358	-0.98905737848049358
-38.887825988489091	-0.92789029933603917	-0.92789029933603917
-32.79253140834598	-0.98120401794406353	-0.98120401794406353
3.9615465136673294	-0.73111435131503411	-0.73111435131503411
-84.881234836695612	0.058200282880302975	0.058200282880302975
-92.497210337549276	0.98388431728213832	0.98388431728213832
95.206931097241494	0.81870463575995112	0.81870463575995112
-86.105097319599707	0.95861461735251019	0.95861461735251019
-19.477703908349682	-0.58764727082612955	-0.58764727082612955
-27.019053726060193	-0.95063633412244319	-0.95063633412244319
41.59727718603213	-0.68643316561615841	-0.68643316561615841
12.042468634221109	-0.50026255984670798	-0.50026255984670798
-59.418007552143635	-0.26890200471174519	-0.26890200471174519
82.8039072915075	0.90118609671953231	0.90118609671953231
-36.947635971539668	0.68271789603588884	0.68271789603588884
70.18575567564659	0.87754467009017822	0.87754467009017822
20.410176437729262	0.99994822688602047	0.99994822688602047
13.875205848359329	0.96588396132794496	0.96588396132794496
60.104891660822318	-0.40285244707981105	-0.40285244707981105
-87.377827929894096	0.55367116464977684	0.55367116464977684
-33.478500393827701	-0.8814949129649966	-0.8814949129649966
-87.572533845794212	0.38209333997299372	0.38209333997299372
71.278162564966806	0.82964329874310616	0.82964329874310616
56.889201791119547	0.33399050054171547	0.33399050054171547
29.140815044011987	-0.76205516931855399	-0.76205516931855399
94.79940862211771	0.52407530953534587	0.52407530953534587
71.771924395969307	0.46594880813640371	0.46594880813640371
83.709008134542387	0.8974672998779174	0.8974672998779174
3.2216998038985736	-0.08002150112083356	-0.08002150112083356
70.216677702110388	0.89194975283785294	0.89194975283785294
-33.133268466619441	-0.98928139598369869	-0.98928139598369869
21.596782475609984	0.3842230235672196	0.3842230235672196
18.855525460203708	0.0059695032105369248	0.0059695032105369248
-65.485172047623848	-0.4691019968156705	-0.4691019968156705
-90.819291731801854	-0.28297571743311484	-0.28297571743311484
97.240775260877029	0.14805074043078828	0.14805074043078828
-69.46733561027402	-0.34505485717236667	-0.34505485717236667
25.405835012144394	0.26971185384955854	0.26971185384955854
89.259024272815111	0.96205326997854401	0.96205326997854401
-60.944824942846239	0.95041402507477868	0.95041402507477868
7.0051428683531611	0.66085511334125902	0.66085511334125902
16.509409463654052	-0.71836291463051305	-0.71836291463051305
60.575647060951212	-0.77415978606801927	-0.77415978606801927
48.411389458270804	-0.96013916353587725	-0.96013916353587725
-81.217021271678391	0.44787544983857874	0.44787544983857874
-47.403666360481502	0.27614090020563609	0.27614090020563609
-8.11668419661234	-0.96569167350674012	-0.96569167350674012
-72.260690773498624	0.0040597297816207627	0.0040597297816207627
-90.524769943240017	-0.54920866286350456	-0.54920866286350456
-39.861141016913713	-0.83025413975472251	-0.83025413975472251
-92.544348456229912	0.99121688901448624	0.99121688901448624
-96.720510124944639	-0.62009370303296751	-0.62009370303296751
-64.419639463038493	-0.99985567232691075	-0.99985567232691075
-6.5803388171912758	-0.29279965735563473	-0.29279965735563473
-62.331871825123486	0.47940908092660262	0.47940908092660262
-14.099538739000465	-0.99929214272743061	-0.99929214272743061
77.366505059742821	0.92203744903028273	0.92203744903028273
83.524791322334437	0.96307790648876779	0.96307790648876779
41.613863100797488	-0.6983993578717449	-0.6983993578717449
-15.636471040137081	-0.071431342259051095	-0.071431342259051095
67.029779231995406	-0.87055717649758568	-0.87055717649758568
-60.822503727758765	0.90536704290085612	0.90536704290085612
-3.2160218577964059	0.074360503914716228	0.074360503914716228
-2.9430094137795351	-0.19728061256334309	-0.19728061256334309
-79.261919242751162	0.66096418736897111	0.66096418736897111
-55.02478526695235	0.9988997481363795	0.9988997481363795
-58.55811676597127	-0.90532472093216265	-0.90532472093216265
63.602262133325667	0.69642885001332022	0.69642885001332022
11.8976259719675	-0.62000152149026966	-0.62000152149026966
-99.946164705480925	0.55203280346630756	0.55203280346630756
71.587392694308306	0.62038879999213836	0.62038879999213836
-31.612703556325329	-0.1955095698558835	-0.1955095698558835
-71.727754061737016	-0.50456406511081531	-0.50456406511081531
62.038216987684791	-0.71290781172380235	-0.71290781172380235
65.285200948254129	0.63518249375036073	0.63518249375036073
24.871623850391899	-0.25816021439698911	-0.25816021439698911
16.162087775132107	-0.43867572440727021	-0.43867572440727021
17.240782402729721	-0.99927895311146153	-0.99927895311146153
9.0918738439562503	0.32678907553734698	0.32678907553734698
52.49922373905062	0.78818320697584232	0.78818320697584232
-5.0770875326340672	0.93423132028268852	0.93423132028268852
